algorithm,grid_size,n_robots,n_targets,n_failures,sample_idx,time_fraction,coverage_cells_mean,coverage_cells_std,coverage_cells_count,coverage_fraction_mean,coverage_fraction_std,coverage_fraction_count,targets_found_mean,targets_found_std,targets_found_count,target_fraction_mean,target_fraction_std,target_fraction_count,active_robots_mean,active_robots_std,active_robots_count,avg_visits_per_covered_cell_mean,avg_visits_per_covered_cell_std,avg_visits_per_covered_cell_count,pct_revisited_cells_mean,pct_revisited_cells_std,pct_revisited_cells_count,coverage_cells_sem,coverage_fraction_sem,targets_found_sem,target_fraction_sem,active_robots_sem,avg_visits_per_covered_cell_sem,pct_revisited_cells_sem
centralized,50,5,15,0,0,0,0,0,10,0,0,10,0,0,10,0,0,10,5,0,10,0,0,10,0,0,10,0,0,0,0,0,0,0
centralized,50,5,15,0,1,0.005,347,22.81812145,10,0.1388,0.009127249,10,1.7,1.159501809,10,0.113333333,0.077300121,10,5,0,10,3.523774737,0.169607225,10,12.932,0.835873462,10,7.215723572,0.002886289,0.366666667,0.024444444,0,0.053634514,0.264326398
centralized,50,5,15,0,2,0.01,593.4,43.04829329,10,0.23736,0.017219317,10,3,1.763834207,10,0.2,0.117588947,10,5,0,10,4.022044617,0.224314478,10,22.984,1.631599079,10,13.61306562,0.005445226,0.557773351,0.03718489,0,0.070934466,0.515956932
centralized,50,5,15,0,3,0.015,780.1,66.70573855,10,0.31204,0.026682295,10,3.9,1.91195072,10,0.26,0.127463381,10,5,0,10,4.568402762,0.327677263,10,30.524,2.680527311,10,21.09420668,0.008437683,0.604611905,0.04030746,0,0.103620649,0.847657163
centralized,50,5,15,0,4,0.02,969.3,72.39099085,10,0.38772,0.028956396,10,5.1,2.330951165,10,0.34,0.155396744,10,5,0,10,4.934991088,0.335842575,10,38.112,2.889847362,10,22.89204131,0.009156817,0.73711148,0.049140765,0,0.106202747,0.913849976
centralized,50,5,15,0,5,0.025,1159,72.00154319,10,0.4636,0.028800617,10,6.3,1.946506843,10,0.42,0.129767123,10,5,0,10,5.187915584,0.305597409,10,45.736,2.8933149,10,22.76888715,0.009107555,0.61553951,0.041035967,0,0.096638386,0.914946507
centralized,50,5,15,0,6,0.03,1351.3,69.25484339,10,0.54052,0.027701937,10,7.6,1.429840706,10,0.506666667,0.095322714,10,5,0,10,5.362636106,0.261596459,10,53.48,2.736940709,10,21.90030441,0.008760122,0.452155332,0.030143689,0,0.082724064,0.865496646
centralized,50,5,15,0,7,0.035,1544.6,76.36345839,10,0.61784,0.030545383,10,8.6,1.837873167,10,0.573333333,0.122524878,10,5,0,10,5.492496731,0.255668256,10,61.264,3.033982348,10,24.14824585,0.009659298,0.581186526,0.038745768,0,0.080849401,0.95942946
centralized,50,5,15,0,8,0.04,1735.7,83.56108876,10,0.69428,0.033424436,10,9.1,1.969207398,10,0.606666667,0.131280493,10,5,0,10,5.600936186,0.258347486,10,68.948,3.314992207,10,26.42433643,0.010569735,0.622718056,0.041514537,0,0.081696648,1.04829258
centralized,50,5,15,0,9,0.045,1922,74.55795658,10,0.7688,0.029823183,10,10.1,1.523883927,10,0.673333333,0.101592262,10,5,0,10,5.697873983,0.214788421,10,76.472,2.971676669,10,23.57729605,0.009430918,0.48189441,0.032126294,0,0.067922062,0.939726674
centralized,50,5,15,0,10,0.05,2115.8,70.05363025,10,0.84632,0.028021452,10,11.9,1.969207398,10,0.793333333,0.131280493,10,5,0,10,5.760273676,0.181594335,10,84.26,2.811674076,10,22.152903,0.008861161,0.622718056,0.041514537,0,0.057425171,0.889129412
centralized,50,5,15,0,11,0.055,2273.2,43.93884639,10,0.90928,0.017575539,10,12.9,1.852925615,10,0.86,0.123528374,10,5,0,10,5.892021938,0.105961589,10,90.724,1.795743115,10,13.89468324,0.005557873,0.585946528,0.039063102,0,0.033507997,0.567863833
centralized,50,5,15,0,12,0.06,2377,36.78465864,10,0.9508,0.014713863,10,13.7,1.251665557,10,0.913333333,0.08344437,10,5,0,10,6.127779948,0.102089275,10,94.908,1.486777275,10,11.63233042,0.004652932,0.395811403,0.026387427,0,0.032283463,0.470160256
centralized,50,5,15,0,13,0.065,2458.6,32.37008221,10,0.98344,0.012948033,10,14.4,0.966091783,10,0.96,0.064406119,10,5,0,10,6.385172074,0.112553616,10,98.252,1.337333998,10,10.23631878,0.004094528,0.305505046,0.020367003,0,0.035592579,0.422902143
centralized,50,5,15,0,14,0.07,2493.1,13.32874921,10,0.99724,0.0053315,10,14.8,0.632455532,10,0.986666667,0.042163702,10,5,0,10,6.646608944,0.179766887,10,99.668,0.536341516,10,4.214920587,0.001685968,0.2,0.013333333,0,0.056847281,0.16960608
centralized,50,5,15,0,15,0.075,2500,0,10,1,0,10,15,0,10,1,0,10,5,0,10,6.67836,0.21665099,10,99.948,0.019321836,10,0,0,0,0,0,0.068511059,0.006110101
centralized,50,5,15,0,16,0.08,2500,0,10,1,0,10,15,0,10,1,0,10,5,0,10,6.67836,0.21665099,10,99.948,0.019321836,10,0,0,0,0,0,0.068511059,0.006110101
centralized,50,5,15,0,17,0.085,2500,0,10,1,0,10,15,0,10,1,0,10,5,0,10,6.67836,0.21665099,10,99.948,0.019321836,10,0,0,0,0,0,0.068511059,0.006110101
centralized,50,5,15,0,18,0.09,2500,0,10,1,0,10,15,0,10,1,0,10,5,0,10,6.67836,0.21665099,10,99.948,0.019321836,10,0,0,0,0,0,0.068511059,0.006110101
centralized,50,5,15,0,19,0.095,2500,0,10,1,0,10,15,0,10,1,0,10,5,0,10,6.67836,0.21665099,10,99.948,0.019321836,10,0,0,0,0,0,0.068511059,0.006110101
centralized,50,5,15,0,20,0.1,2500,0,10,1,0,10,15,0,10,1,0,10,5,0,10,6.67836,0.21665099,10,99.948,0.019321836,10,0,0,0,0,0,0.068511059,0.006110101
centralized,50,5,15,0,21,0.105,2500,0,10,1,0,10,15,0,10,1,0,10,5,0,10,6.67836,0.21665099,10,99.948,0.019321836,10,0,0,0,0,0,0.068511059,0.006110101
centralized,50,5,15,0,22,0.11,2500,0,10,1,0,10,15,0,10,1,0,10,5,0,10,6.67836,0.21665099,10,99.948,0.019321836,10,0,0,0,0,0,0.068511059,0.006110101
centralized,50,5,15,0,23,0.115,2500,0,10,1,0,10,15,0,10,1,0,10,5,0,10,6.67836,0.21665099,10,99.948,0.019321836,10,0,0,0,0,0,0.068511059,0.006110101
centralized,50,5,15,0,24,0.12,2500,0,10,1,0,10,15,0,10,1,0,10,5,0,10,6.67836,0.21665099,10,99.948,0.019321836,10,0,0,0,0,0,0.068511059,0.006110101
centralized,50,5,15,0,25,0.125,2500,0,10,1,0,10,15,0,10,1,0,10,5,0,10,6.67836,0.21665099,10,99.948,0.019321836,10,0,0,0,0,0,0.068511059,0.006110101
centralized,50,5,15,0,26,0.13,2500,0,10,1,0,10,15,0,10,1,0,10,5,0,10,6.67836,0.21665099,10,99.948,0.019321836,10,0,0,0,0,0,0.068511059,0.006110101
centralized,50,5,15,0,27,0.135,2500,0,10,1,0,10,15,0,10,1,0,10,5,0,10,6.67836,0.21665099,10,99.948,0.019321836,10,0,0,0,0,0,0.068511059,0.006110101
centralized,50,5,15,0,28,0.14,2500,0,10,1,0,10,15,0,10,1,0,10,5,0,10,6.67836,0.21665099,10,99.948,0.019321836,10,0,0,0,0,0,0.068511059,0.006110101
centralized,50,5,15,0,29,0.145,2500,0,10,1,0,10,15,0,10,1,0,10,5,0,10,6.67836,0.21665099,10,99.948,0.019321836,10,0,0,0,0,0,0.068511059,0.006110101
centralized,50,5,15,0,30,0.15,2500,0,10,1,0,10,15,0,10,1,0,10,5,0,10,6.67836,0.21665099,10,99.948,0.019321836,10,0,0,0,0,0,0.068511059,0.006110101
centralized,50,5,15,0,31,0.155,2500,0,10,1,0,10,15,0,10,1,0,10,5,0,10,6.67836,0.21665099,10,99.948,0.019321836,10,0,0,0,0,0,0.068511059,0.006110101
centralized,50,5,15,0,32,0.16,2500,0,10,1,0,10,15,0,10,1,0,10,5,0,10,6.67836,0.21665099,10,99.948,0.019321836,10,0,0,0,0,0,0.068511059,0.006110101
centralized,50,5,15,0,33,0.165,2500,0,10,1,0,10,15,0,10,1,0,10,5,0,10,6.67836,0.21665099,10,99.948,0.019321836,10,0,0,0,0,0,0.068511059,0.006110101
centralized,50,5,15,0,34,0.17,2500,0,10,1,0,10,15,0,10,1,0,10,5,0,10,6.67836,0.21665099,10,99.948,0.019321836,10,0,0,0,0,0,0.068511059,0.006110101
centralized,50,5,15,0,35,0.175,2500,0,10,1,0,10,15,0,10,1,0,10,5,0,10,6.67836,0.21665099,10,99.948,0.019321836,10,0,0,0,0,0,0.068511059,0.006110101
centralized,50,5,15,0,36,0.18,2500,0,10,1,0,10,15,0,10,1,0,10,5,0,10,6.67836,0.21665099,10,99.948,0.019321836,10,0,0,0,0,0,0.068511059,0.006110101
centralized,50,5,15,0,37,0.185,2500,0,10,1,0,10,15,0,10,1,0,10,5,0,10,6.67836,0.21665099,10,99.948,0.019321836,10,0,0,0,0,0,0.068511059,0.006110101
centralized,50,5,15,0,38,0.19,2500,0,10,1,0,10,15,0,10,1,0,10,5,0,10,6.67836,0.21665099,10,99.948,0.019321836,10,0,0,0,0,0,0.068511059,0.006110101
centralized,50,5,15,0,39,0.195,2500,0,10,1,0,10,15,0,10,1,0,10,5,0,10,6.67836,0.21665099,10,99.948,0.019321836,10,0,0,0,0,0,0.068511059,0.006110101
centralized,50,5,15,0,40,0.2,2500,0,10,1,0,10,15,0,10,1,0,10,5,0,10,6.67836,0.21665099,10,99.948,0.019321836,10,0,0,0,0,0,0.068511059,0.006110101
centralized,50,5,15,0,41,0.205,2500,0,10,1,0,10,15,0,10,1,0,10,5,0,10,6.67836,0.21665099,10,99.948,0.019321836,10,0,0,0,0,0,0.068511059,0.006110101
centralized,50,5,15,0,42,0.21,2500,0,10,1,0,10,15,0,10,1,0,10,5,0,10,6.67836,0.21665099,10,99.948,0.019321836,10,0,0,0,0,0,0.068511059,0.006110101
centralized,50,5,15,0,43,0.215,2500,0,10,1,0,10,15,0,10,1,0,10,5,0,10,6.67836,0.21665099,10,99.948,0.019321836,10,0,0,0,0,0,0.068511059,0.006110101
centralized,50,5,15,0,44,0.22,2500,0,10,1,0,10,15,0,10,1,0,10,5,0,10,6.67836,0.21665099,10,99.948,0.019321836,10,0,0,0,0,0,0.068511059,0.006110101
centralized,50,5,15,0,45,0.225,2500,0,10,1,0,10,15,0,10,1,0,10,5,0,10,6.67836,0.21665099,10,99.948,0.019321836,10,0,0,0,0,0,0.068511059,0.006110101
centralized,50,5,15,0,46,0.23,2500,0,10,1,0,10,15,0,10,1,0,10,5,0,10,6.67836,0.21665099,10,99.948,0.019321836,10,0,0,0,0,0,0.068511059,0.006110101
centralized,50,5,15,0,47,0.235,2500,0,10,1,0,10,15,0,10,1,0,10,5,0,10,6.67836,0.21665099,10,99.948,0.019321836,10,0,0,0,0,0,0.068511059,0.006110101
centralized,50,5,15,0,48,0.24,2500,0,10,1,0,10,15,0,10,1,0,10,5,0,10,6.67836,0.21665099,10,99.948,0.019321836,10,0,0,0,0,0,0.068511059,0.006110101
centralized,50,5,15,0,49,0.245,2500,0,10,1,0,10,15,0,10,1,0,10,5,0,10,6.67836,0.21665099,10,99.948,0.019321836,10,0,0,0,0,0,0.068511059,0.006110101
centralized,50,5,15,0,50,0.25,2500,0,10,1,0,10,15,0,10,1,0,10,5,0,10,6.67836,0.21665099,10,99.948,0.019321836,10,0,0,0,0,0,0.068511059,0.006110101
centralized,50,5,15,0,51,0.255,2500,0,10,1,0,10,15,0,10,1,0,10,5,0,10,6.67836,0.21665099,10,99.948,0.019321836,10,0,0,0,0,0,0.068511059,0.006110101
centralized,50,5,15,0,52,0.26,2500,0,10,1,0,10,15,0,10,1,0,10,5,0,10,6.67836,0.21665099,10,99.948,0.019321836,10,0,0,0,0,0,0.068511059,0.006110101
centralized,50,5,15,0,53,0.265,2500,0,10,1,0,10,15,0,10,1,0,10,5,0,10,6.67836,0.21665099,10,99.948,0.019321836,10,0,0,0,0,0,0.068511059,0.006110101
centralized,50,5,15,0,54,0.27,2500,0,10,1,0,10,15,0,10,1,0,10,5,0,10,6.67836,0.21665099,10,99.948,0.019321836,10,0,0,0,0,0,0.068511059,0.006110101
centralized,50,5,15,0,55,0.275,2500,0,10,1,0,10,15,0,10,1,0,10,5,0,10,6.67836,0.21665099,10,99.948,0.019321836,10,0,0,0,0,0,0.068511059,0.006110101
centralized,50,5,15,0,56,0.28,2500,0,10,1,0,10,15,0,10,1,0,10,5,0,10,6.67836,0.21665099,10,99.948,0.019321836,10,0,0,0,0,0,0.068511059,0.006110101
centralized,50,5,15,0,57,0.285,2500,0,10,1,0,10,15,0,10,1,0,10,5,0,10,6.67836,0.21665099,10,99.948,0.019321836,10,0,0,0,0,0,0.068511059,0.006110101
centralized,50,5,15,0,58,0.29,2500,0,10,1,0,10,15,0,10,1,0,10,5,0,10,6.67836,0.21665099,10,99.948,0.019321836,10,0,0,0,0,0,0.068511059,0.006110101
centralized,50,5,15,0,59,0.295,2500,0,10,1,0,10,15,0,10,1,0,10,5,0,10,6.67836,0.21665099,10,99.948,0.019321836,10,0,0,0,0,0,0.068511059,0.006110101
centralized,50,5,15,0,60,0.3,2500,0,10,1,0,10,15,0,10,1,0,10,5,0,10,6.67836,0.21665099,10,99.948,0.019321836,10,0,0,0,0,0,0.068511059,0.006110101
centralized,50,5,15,0,61,0.305,2500,0,10,1,0,10,15,0,10,1,0,10,5,0,10,6.67836,0.21665099,10,99.948,0.019321836,10,0,0,0,0,0,0.068511059,0.006110101
centralized,50,5,15,0,62,0.31,2500,0,10,1,0,10,15,0,10,1,0,10,5,0,10,6.67836,0.21665099,10,99.948,0.019321836,10,0,0,0,0,0,0.068511059,0.006110101
centralized,50,5,15,0,63,0.315,2500,0,10,1,0,10,15,0,10,1,0,10,5,0,10,6.67836,0.21665099,10,99.948,0.019321836,10,0,0,0,0,0,0.068511059,0.006110101
centralized,50,5,15,0,64,0.32,2500,0,10,1,0,10,15,0,10,1,0,10,5,0,10,6.67836,0.21665099,10,99.948,0.019321836,10,0,0,0,0,0,0.068511059,0.006110101
centralized,50,5,15,0,65,0.325,2500,0,10,1,0,10,15,0,10,1,0,10,5,0,10,6.67836,0.21665099,10,99.948,0.019321836,10,0,0,0,0,0,0.068511059,0.006110101
centralized,50,5,15,0,66,0.33,2500,0,10,1,0,10,15,0,10,1,0,10,5,0,10,6.67836,0.21665099,10,99.948,0.019321836,10,0,0,0,0,0,0.068511059,0.006110101
centralized,50,5,15,0,67,0.335,2500,0,10,1,0,10,15,0,10,1,0,10,5,0,10,6.67836,0.21665099,10,99.948,0.019321836,10,0,0,0,0,0,0.068511059,0.006110101
centralized,50,5,15,0,68,0.34,2500,0,10,1,0,10,15,0,10,1,0,10,5,0,10,6.67836,0.21665099,10,99.948,0.019321836,10,0,0,0,0,0,0.068511059,0.006110101
centralized,50,5,15,0,69,0.345,2500,0,10,1,0,10,15,0,10,1,0,10,5,0,10,6.67836,0.21665099,10,99.948,0.019321836,10,0,0,0,0,0,0.068511059,0.006110101
centralized,50,5,15,0,70,0.35,2500,0,10,1,0,10,15,0,10,1,0,10,5,0,10,6.67836,0.21665099,10,99.948,0.019321836,10,0,0,0,0,0,0.068511059,0.006110101
centralized,50,5,15,0,71,0.355,2500,0,10,1,0,10,15,0,10,1,0,10,5,0,10,6.67836,0.21665099,10,99.948,0.019321836,10,0,0,0,0,0,0.068511059,0.006110101
centralized,50,5,15,0,72,0.36,2500,0,10,1,0,10,15,0,10,1,0,10,5,0,10,6.67836,0.21665099,10,99.948,0.019321836,10,0,0,0,0,0,0.068511059,0.006110101
centralized,50,5,15,0,73,0.365,2500,0,10,1,0,10,15,0,10,1,0,10,5,0,10,6.67836,0.21665099,10,99.948,0.019321836,10,0,0,0,0,0,0.068511059,0.006110101
centralized,50,5,15,0,74,0.37,2500,0,10,1,0,10,15,0,10,1,0,10,5,0,10,6.67836,0.21665099,10,99.948,0.019321836,10,0,0,0,0,0,0.068511059,0.006110101
centralized,50,5,15,0,75,0.375,2500,0,10,1,0,10,15,0,10,1,0,10,5,0,10,6.67836,0.21665099,10,99.948,0.019321836,10,0,0,0,0,0,0.068511059,0.006110101
centralized,50,5,15,0,76,0.38,2500,0,10,1,0,10,15,0,10,1,0,10,5,0,10,6.67836,0.21665099,10,99.948,0.019321836,10,0,0,0,0,0,0.068511059,0.006110101
centralized,50,5,15,0,77,0.385,2500,0,10,1,0,10,15,0,10,1,0,10,5,0,10,6.67836,0.21665099,10,99.948,0.019321836,10,0,0,0,0,0,0.068511059,0.006110101
centralized,50,5,15,0,78,0.39,2500,0,10,1,0,10,15,0,10,1,0,10,5,0,10,6.67836,0.21665099,10,99.948,0.019321836,10,0,0,0,0,0,0.068511059,0.006110101
centralized,50,5,15,0,79,0.395,2500,0,10,1,0,10,15,0,10,1,0,10,5,0,10,6.67836,0.21665099,10,99.948,0.019321836,10,0,0,0,0,0,0.068511059,0.006110101
centralized,50,5,15,0,80,0.4,2500,0,10,1,0,10,15,0,10,1,0,10,5,0,10,6.67836,0.21665099,10,99.948,0.019321836,10,0,0,0,0,0,0.068511059,0.006110101
centralized,50,5,15,0,81,0.405,2500,0,10,1,0,10,15,0,10,1,0,10,5,0,10,6.67836,0.21665099,10,99.948,0.019321836,10,0,0,0,0,0,0.068511059,0.006110101
centralized,50,5,15,0,82,0.41,2500,0,10,1,0,10,15,0,10,1,0,10,5,0,10,6.67836,0.21665099,10,99.948,0.019321836,10,0,0,0,0,0,0.068511059,0.006110101
centralized,50,5,15,0,83,0.415,2500,0,10,1,0,10,15,0,10,1,0,10,5,0,10,6.67836,0.21665099,10,99.948,0.019321836,10,0,0,0,0,0,0.068511059,0.006110101
centralized,50,5,15,0,84,0.42,2500,0,10,1,0,10,15,0,10,1,0,10,5,0,10,6.67836,0.21665099,10,99.948,0.019321836,10,0,0,0,0,0,0.068511059,0.006110101
centralized,50,5,15,0,85,0.425,2500,0,10,1,0,10,15,0,10,1,0,10,5,0,10,6.67836,0.21665099,10,99.948,0.019321836,10,0,0,0,0,0,0.068511059,0.006110101
centralized,50,5,15,0,86,0.43,2500,0,10,1,0,10,15,0,10,1,0,10,5,0,10,6.67836,0.21665099,10,99.948,0.019321836,10,0,0,0,0,0,0.068511059,0.006110101
centralized,50,5,15,0,87,0.435,2500,0,10,1,0,10,15,0,10,1,0,10,5,0,10,6.67836,0.21665099,10,99.948,0.019321836,10,0,0,0,0,0,0.068511059,0.006110101
centralized,50,5,15,0,88,0.44,2500,0,10,1,0,10,15,0,10,1,0,10,5,0,10,6.67836,0.21665099,10,99.948,0.019321836,10,0,0,0,0,0,0.068511059,0.006110101
centralized,50,5,15,0,89,0.445,2500,0,10,1,0,10,15,0,10,1,0,10,5,0,10,6.67836,0.21665099,10,99.948,0.019321836,10,0,0,0,0,0,0.068511059,0.006110101
centralized,50,5,15,0,90,0.45,2500,0,10,1,0,10,15,0,10,1,0,10,5,0,10,6.67836,0.21665099,10,99.948,0.019321836,10,0,0,0,0,0,0.068511059,0.006110101
centralized,50,5,15,0,91,0.455,2500,0,10,1,0,10,15,0,10,1,0,10,5,0,10,6.67836,0.21665099,10,99.948,0.019321836,10,0,0,0,0,0,0.068511059,0.006110101
centralized,50,5,15,0,92,0.46,2500,0,10,1,0,10,15,0,10,1,0,10,5,0,10,6.67836,0.21665099,10,99.948,0.019321836,10,0,0,0,0,0,0.068511059,0.006110101
centralized,50,5,15,0,93,0.465,2500,0,10,1,0,10,15,0,10,1,0,10,5,0,10,6.67836,0.21665099,10,99.948,0.019321836,10,0,0,0,0,0,0.068511059,0.006110101
centralized,50,5,15,0,94,0.47,2500,0,10,1,0,10,15,0,10,1,0,10,5,0,10,6.67836,0.21665099,10,99.948,0.019321836,10,0,0,0,0,0,0.068511059,0.006110101
centralized,50,5,15,0,95,0.475,2500,0,10,1,0,10,15,0,10,1,0,10,5,0,10,6.67836,0.21665099,10,99.948,0.019321836,10,0,0,0,0,0,0.068511059,0.006110101
centralized,50,5,15,0,96,0.48,2500,0,10,1,0,10,15,0,10,1,0,10,5,0,10,6.67836,0.21665099,10,99.948,0.019321836,10,0,0,0,0,0,0.068511059,0.006110101
centralized,50,5,15,0,97,0.485,2500,0,10,1,0,10,15,0,10,1,0,10,5,0,10,6.67836,0.21665099,10,99.948,0.019321836,10,0,0,0,0,0,0.068511059,0.006110101
centralized,50,5,15,0,98,0.49,2500,0,10,1,0,10,15,0,10,1,0,10,5,0,10,6.67836,0.21665099,10,99.948,0.019321836,10,0,0,0,0,0,0.068511059,0.006110101
centralized,50,5,15,0,99,0.495,2500,0,10,1,0,10,15,0,10,1,0,10,5,0,10,6.67836,0.21665099,10,99.948,0.019321836,10,0,0,0,0,0,0.068511059,0.006110101
centralized,50,5,15,0,100,0.5,2500,0,10,1,0,10,15,0,10,1,0,10,5,0,10,6.67836,0.21665099,10,99.948,0.019321836,10,0,0,0,0,0,0.068511059,0.006110101
centralized,50,5,15,0,101,0.505,2500,0,10,1,0,10,15,0,10,1,0,10,5,0,10,6.67836,0.21665099,10,99.948,0.019321836,10,0,0,0,0,0,0.068511059,0.006110101
centralized,50,5,15,0,102,0.51,2500,0,10,1,0,10,15,0,10,1,0,10,5,0,10,6.67836,0.21665099,10,99.948,0.019321836,10,0,0,0,0,0,0.068511059,0.006110101
centralized,50,5,15,0,103,0.515,2500,0,10,1,0,10,15,0,10,1,0,10,5,0,10,6.67836,0.21665099,10,99.948,0.019321836,10,0,0,0,0,0,0.068511059,0.006110101
centralized,50,5,15,0,104,0.52,2500,0,10,1,0,10,15,0,10,1,0,10,5,0,10,6.67836,0.21665099,10,99.948,0.019321836,10,0,0,0,0,0,0.068511059,0.006110101
centralized,50,5,15,0,105,0.525,2500,0,10,1,0,10,15,0,10,1,0,10,5,0,10,6.67836,0.21665099,10,99.948,0.019321836,10,0,0,0,0,0,0.068511059,0.006110101
centralized,50,5,15,0,106,0.53,2500,0,10,1,0,10,15,0,10,1,0,10,5,0,10,6.67836,0.21665099,10,99.948,0.019321836,10,0,0,0,0,0,0.068511059,0.006110101
centralized,50,5,15,0,107,0.535,2500,0,10,1,0,10,15,0,10,1,0,10,5,0,10,6.67836,0.21665099,10,99.948,0.019321836,10,0,0,0,0,0,0.068511059,0.006110101
centralized,50,5,15,0,108,0.54,2500,0,10,1,0,10,15,0,10,1,0,10,5,0,10,6.67836,0.21665099,10,99.948,0.019321836,10,0,0,0,0,0,0.068511059,0.006110101
centralized,50,5,15,0,109,0.545,2500,0,10,1,0,10,15,0,10,1,0,10,5,0,10,6.67836,0.21665099,10,99.948,0.019321836,10,0,0,0,0,0,0.068511059,0.006110101
centralized,50,5,15,0,110,0.55,2500,0,10,1,0,10,15,0,10,1,0,10,5,0,10,6.67836,0.21665099,10,99.948,0.019321836,10,0,0,0,0,0,0.068511059,0.006110101
centralized,50,5,15,0,111,0.555,2500,0,10,1,0,10,15,0,10,1,0,10,5,0,10,6.67836,0.21665099,10,99.948,0.019321836,10,0,0,0,0,0,0.068511059,0.006110101
centralized,50,5,15,0,112,0.56,2500,0,10,1,0,10,15,0,10,1,0,10,5,0,10,6.67836,0.21665099,10,99.948,0.019321836,10,0,0,0,0,0,0.068511059,0.006110101
centralized,50,5,15,0,113,0.565,2500,0,10,1,0,10,15,0,10,1,0,10,5,0,10,6.67836,0.21665099,10,99.948,0.019321836,10,0,0,0,0,0,0.068511059,0.006110101
centralized,50,5,15,0,114,0.57,2500,0,10,1,0,10,15,0,10,1,0,10,5,0,10,6.67836,0.21665099,10,99.948,0.019321836,10,0,0,0,0,0,0.068511059,0.006110101
centralized,50,5,15,0,115,0.575,2500,0,10,1,0,10,15,0,10,1,0,10,5,0,10,6.67836,0.21665099,10,99.948,0.019321836,10,0,0,0,0,0,0.068511059,0.006110101
centralized,50,5,15,0,116,0.58,2500,0,10,1,0,10,15,0,10,1,0,10,5,0,10,6.67836,0.21665099,10,99.948,0.019321836,10,0,0,0,0,0,0.068511059,0.006110101
centralized,50,5,15,0,117,0.585,2500,0,10,1,0,10,15,0,10,1,0,10,5,0,10,6.67836,0.21665099,10,99.948,0.019321836,10,0,0,0,0,0,0.068511059,0.006110101
centralized,50,5,15,0,118,0.59,2500,0,10,1,0,10,15,0,10,1,0,10,5,0,10,6.67836,0.21665099,10,99.948,0.019321836,10,0,0,0,0,0,0.068511059,0.006110101
centralized,50,5,15,0,119,0.595,2500,0,10,1,0,10,15,0,10,1,0,10,5,0,10,6.67836,0.21665099,10,99.948,0.019321836,10,0,0,0,0,0,0.068511059,0.006110101
centralized,50,5,15,0,120,0.6,2500,0,10,1,0,10,15,0,10,1,0,10,5,0,10,6.67836,0.21665099,10,99.948,0.019321836,10,0,0,0,0,0,0.068511059,0.006110101
centralized,50,5,15,0,121,0.605,2500,0,10,1,0,10,15,0,10,1,0,10,5,0,10,6.67836,0.21665099,10,99.948,0.019321836,10,0,0,0,0,0,0.068511059,0.006110101
centralized,50,5,15,0,122,0.61,2500,0,10,1,0,10,15,0,10,1,0,10,5,0,10,6.67836,0.21665099,10,99.948,0.019321836,10,0,0,0,0,0,0.068511059,0.006110101
centralized,50,5,15,0,123,0.615,2500,0,10,1,0,10,15,0,10,1,0,10,5,0,10,6.67836,0.21665099,10,99.948,0.019321836,10,0,0,0,0,0,0.068511059,0.006110101
centralized,50,5,15,0,124,0.62,2500,0,10,1,0,10,15,0,10,1,0,10,5,0,10,6.67836,0.21665099,10,99.948,0.019321836,10,0,0,0,0,0,0.068511059,0.006110101
centralized,50,5,15,0,125,0.625,2500,0,10,1,0,10,15,0,10,1,0,10,5,0,10,6.67836,0.21665099,10,99.948,0.019321836,10,0,0,0,0,0,0.068511059,0.006110101
centralized,50,5,15,0,126,0.63,2500,0,10,1,0,10,15,0,10,1,0,10,5,0,10,6.67836,0.21665099,10,99.948,0.019321836,10,0,0,0,0,0,0.068511059,0.006110101
centralized,50,5,15,0,127,0.635,2500,0,10,1,0,10,15,0,10,1,0,10,5,0,10,6.67836,0.21665099,10,99.948,0.019321836,10,0,0,0,0,0,0.068511059,0.006110101
centralized,50,5,15,0,128,0.64,2500,0,10,1,0,10,15,0,10,1,0,10,5,0,10,6.67836,0.21665099,10,99.948,0.019321836,10,0,0,0,0,0,0.068511059,0.006110101
centralized,50,5,15,0,129,0.645,2500,0,10,1,0,10,15,0,10,1,0,10,5,0,10,6.67836,0.21665099,10,99.948,0.019321836,10,0,0,0,0,0,0.068511059,0.006110101
centralized,50,5,15,0,130,0.65,2500,0,10,1,0,10,15,0,10,1,0,10,5,0,10,6.67836,0.21665099,10,99.948,0.019321836,10,0,0,0,0,0,0.068511059,0.006110101
centralized,50,5,15,0,131,0.655,2500,0,10,1,0,10,15,0,10,1,0,10,5,0,10,6.67836,0.21665099,10,99.948,0.019321836,10,0,0,0,0,0,0.068511059,0.006110101
centralized,50,5,15,0,132,0.66,2500,0,10,1,0,10,15,0,10,1,0,10,5,0,10,6.67836,0.21665099,10,99.948,0.019321836,10,0,0,0,0,0,0.068511059,0.006110101
centralized,50,5,15,0,133,0.665,2500,0,10,1,0,10,15,0,10,1,0,10,5,0,10,6.67836,0.21665099,10,99.948,0.019321836,10,0,0,0,0,0,0.068511059,0.006110101
centralized,50,5,15,0,134,0.67,2500,0,10,1,0,10,15,0,10,1,0,10,5,0,10,6.67836,0.21665099,10,99.948,0.019321836,10,0,0,0,0,0,0.068511059,0.006110101
centralized,50,5,15,0,135,0.675,2500,0,10,1,0,10,15,0,10,1,0,10,5,0,10,6.67836,0.21665099,10,99.948,0.019321836,10,0,0,0,0,0,0.068511059,0.006110101
centralized,50,5,15,0,136,0.68,2500,0,10,1,0,10,15,0,10,1,0,10,5,0,10,6.67836,0.21665099,10,99.948,0.019321836,10,0,0,0,0,0,0.068511059,0.006110101
centralized,50,5,15,0,137,0.685,2500,0,10,1,0,10,15,0,10,1,0,10,5,0,10,6.67836,0.21665099,10,99.948,0.019321836,10,0,0,0,0,0,0.068511059,0.006110101
centralized,50,5,15,0,138,0.69,2500,0,10,1,0,10,15,0,10,1,0,10,5,0,10,6.67836,0.21665099,10,99.948,0.019321836,10,0,0,0,0,0,0.068511059,0.006110101
centralized,50,5,15,0,139,0.695,2500,0,10,1,0,10,15,0,10,1,0,10,5,0,10,6.67836,0.21665099,10,99.948,0.019321836,10,0,0,0,0,0,0.068511059,0.006110101
centralized,50,5,15,0,140,0.7,2500,0,10,1,0,10,15,0,10,1,0,10,5,0,10,6.67836,0.21665099,10,99.948,0.019321836,10,0,0,0,0,0,0.068511059,0.006110101
centralized,50,5,15,0,141,0.705,2500,0,10,1,0,10,15,0,10,1,0,10,5,0,10,6.67836,0.21665099,10,99.948,0.019321836,10,0,0,0,0,0,0.068511059,0.006110101
centralized,50,5,15,0,142,0.71,2500,0,10,1,0,10,15,0,10,1,0,10,5,0,10,6.67836,0.21665099,10,99.948,0.019321836,10,0,0,0,0,0,0.068511059,0.006110101
centralized,50,5,15,0,143,0.715,2500,0,10,1,0,10,15,0,10,1,0,10,5,0,10,6.67836,0.21665099,10,99.948,0.019321836,10,0,0,0,0,0,0.068511059,0.006110101
centralized,50,5,15,0,144,0.72,2500,0,10,1,0,10,15,0,10,1,0,10,5,0,10,6.67836,0.21665099,10,99.948,0.019321836,10,0,0,0,0,0,0.068511059,0.006110101
centralized,50,5,15,0,145,0.725,2500,0,10,1,0,10,15,0,10,1,0,10,5,0,10,6.67836,0.21665099,10,99.948,0.019321836,10,0,0,0,0,0,0.068511059,0.006110101
centralized,50,5,15,0,146,0.73,2500,0,10,1,0,10,15,0,10,1,0,10,5,0,10,6.67836,0.21665099,10,99.948,0.019321836,10,0,0,0,0,0,0.068511059,0.006110101
centralized,50,5,15,0,147,0.735,2500,0,10,1,0,10,15,0,10,1,0,10,5,0,10,6.67836,0.21665099,10,99.948,0.019321836,10,0,0,0,0,0,0.068511059,0.006110101
centralized,50,5,15,0,148,0.74,2500,0,10,1,0,10,15,0,10,1,0,10,5,0,10,6.67836,0.21665099,10,99.948,0.019321836,10,0,0,0,0,0,0.068511059,0.006110101
centralized,50,5,15,0,149,0.745,2500,0,10,1,0,10,15,0,10,1,0,10,5,0,10,6.67836,0.21665099,10,99.948,0.019321836,10,0,0,0,0,0,0.068511059,0.006110101
centralized,50,5,15,0,150,0.75,2500,0,10,1,0,10,15,0,10,1,0,10,5,0,10,6.67836,0.21665099,10,99.948,0.019321836,10,0,0,0,0,0,0.068511059,0.006110101
centralized,50,5,15,0,151,0.755,2500,0,10,1,0,10,15,0,10,1,0,10,5,0,10,6.67836,0.21665099,10,99.948,0.019321836,10,0,0,0,0,0,0.068511059,0.006110101
centralized,50,5,15,0,152,0.76,2500,0,10,1,0,10,15,0,10,1,0,10,5,0,10,6.67836,0.21665099,10,99.948,0.019321836,10,0,0,0,0,0,0.068511059,0.006110101
centralized,50,5,15,0,153,0.765,2500,0,10,1,0,10,15,0,10,1,0,10,5,0,10,6.67836,0.21665099,10,99.948,0.019321836,10,0,0,0,0,0,0.068511059,0.006110101
centralized,50,5,15,0,154,0.77,2500,0,10,1,0,10,15,0,10,1,0,10,5,0,10,6.67836,0.21665099,10,99.948,0.019321836,10,0,0,0,0,0,0.068511059,0.006110101
centralized,50,5,15,0,155,0.775,2500,0,10,1,0,10,15,0,10,1,0,10,5,0,10,6.67836,0.21665099,10,99.948,0.019321836,10,0,0,0,0,0,0.068511059,0.006110101
centralized,50,5,15,0,156,0.78,2500,0,10,1,0,10,15,0,10,1,0,10,5,0,10,6.67836,0.21665099,10,99.948,0.019321836,10,0,0,0,0,0,0.068511059,0.006110101
centralized,50,5,15,0,157,0.785,2500,0,10,1,0,10,15,0,10,1,0,10,5,0,10,6.67836,0.21665099,10,99.948,0.019321836,10,0,0,0,0,0,0.068511059,0.006110101
centralized,50,5,15,0,158,0.79,2500,0,10,1,0,10,15,0,10,1,0,10,5,0,10,6.67836,0.21665099,10,99.948,0.019321836,10,0,0,0,0,0,0.068511059,0.006110101
centralized,50,5,15,0,159,0.795,2500,0,10,1,0,10,15,0,10,1,0,10,5,0,10,6.67836,0.21665099,10,99.948,0.019321836,10,0,0,0,0,0,0.068511059,0.006110101
centralized,50,5,15,0,160,0.8,2500,0,10,1,0,10,15,0,10,1,0,10,5,0,10,6.67836,0.21665099,10,99.948,0.019321836,10,0,0,0,0,0,0.068511059,0.006110101
centralized,50,5,15,0,161,0.805,2500,0,10,1,0,10,15,0,10,1,0,10,5,0,10,6.67836,0.21665099,10,99.948,0.019321836,10,0,0,0,0,0,0.068511059,0.006110101
centralized,50,5,15,0,162,0.81,2500,0,10,1,0,10,15,0,10,1,0,10,5,0,10,6.67836,0.21665099,10,99.948,0.019321836,10,0,0,0,0,0,0.068511059,0.006110101
centralized,50,5,15,0,163,0.815,2500,0,10,1,0,10,15,0,10,1,0,10,5,0,10,6.67836,0.21665099,10,99.948,0.019321836,10,0,0,0,0,0,0.068511059,0.006110101
centralized,50,5,15,0,164,0.82,2500,0,10,1,0,10,15,0,10,1,0,10,5,0,10,6.67836,0.21665099,10,99.948,0.019321836,10,0,0,0,0,0,0.068511059,0.006110101
centralized,50,5,15,0,165,0.825,2500,0,10,1,0,10,15,0,10,1,0,10,5,0,10,6.67836,0.21665099,10,99.948,0.019321836,10,0,0,0,0,0,0.068511059,0.006110101
centralized,50,5,15,0,166,0.83,2500,0,10,1,0,10,15,0,10,1,0,10,5,0,10,6.67836,0.21665099,10,99.948,0.019321836,10,0,0,0,0,0,0.068511059,0.006110101
centralized,50,5,15,0,167,0.835,2500,0,10,1,0,10,15,0,10,1,0,10,5,0,10,6.67836,0.21665099,10,99.948,0.019321836,10,0,0,0,0,0,0.068511059,0.006110101
centralized,50,5,15,0,168,0.84,2500,0,10,1,0,10,15,0,10,1,0,10,5,0,10,6.67836,0.21665099,10,99.948,0.019321836,10,0,0,0,0,0,0.068511059,0.006110101
centralized,50,5,15,0,169,0.845,2500,0,10,1,0,10,15,0,10,1,0,10,5,0,10,6.67836,0.21665099,10,99.948,0.019321836,10,0,0,0,0,0,0.068511059,0.006110101
centralized,50,5,15,0,170,0.85,2500,0,10,1,0,10,15,0,10,1,0,10,5,0,10,6.67836,0.21665099,10,99.948,0.019321836,10,0,0,0,0,0,0.068511059,0.006110101
centralized,50,5,15,0,171,0.855,2500,0,10,1,0,10,15,0,10,1,0,10,5,0,10,6.67836,0.21665099,10,99.948,0.019321836,10,0,0,0,0,0,0.068511059,0.006110101
centralized,50,5,15,0,172,0.86,2500,0,10,1,0,10,15,0,10,1,0,10,5,0,10,6.67836,0.21665099,10,99.948,0.019321836,10,0,0,0,0,0,0.068511059,0.006110101
centralized,50,5,15,0,173,0.865,2500,0,10,1,0,10,15,0,10,1,0,10,5,0,10,6.67836,0.21665099,10,99.948,0.019321836,10,0,0,0,0,0,0.068511059,0.006110101
centralized,50,5,15,0,174,0.87,2500,0,10,1,0,10,15,0,10,1,0,10,5,0,10,6.67836,0.21665099,10,99.948,0.019321836,10,0,0,0,0,0,0.068511059,0.006110101
centralized,50,5,15,0,175,0.875,2500,0,10,1,0,10,15,0,10,1,0,10,5,0,10,6.67836,0.21665099,10,99.948,0.019321836,10,0,0,0,0,0,0.068511059,0.006110101
centralized,50,5,15,0,176,0.88,2500,0,10,1,0,10,15,0,10,1,0,10,5,0,10,6.67836,0.21665099,10,99.948,0.019321836,10,0,0,0,0,0,0.068511059,0.006110101
centralized,50,5,15,0,177,0.885,2500,0,10,1,0,10,15,0,10,1,0,10,5,0,10,6.67836,0.21665099,10,99.948,0.019321836,10,0,0,0,0,0,0.068511059,0.006110101
centralized,50,5,15,0,178,0.89,2500,0,10,1,0,10,15,0,10,1,0,10,5,0,10,6.67836,0.21665099,10,99.948,0.019321836,10,0,0,0,0,0,0.068511059,0.006110101
centralized,50,5,15,0,179,0.895,2500,0,10,1,0,10,15,0,10,1,0,10,5,0,10,6.67836,0.21665099,10,99.948,0.019321836,10,0,0,0,0,0,0.068511059,0.006110101
centralized,50,5,15,0,180,0.9,2500,0,10,1,0,10,15,0,10,1,0,10,5,0,10,6.67836,0.21665099,10,99.948,0.019321836,10,0,0,0,0,0,0.068511059,0.006110101
centralized,50,5,15,0,181,0.905,2500,0,10,1,0,10,15,0,10,1,0,10,5,0,10,6.67836,0.21665099,10,99.948,0.019321836,10,0,0,0,0,0,0.068511059,0.006110101
centralized,50,5,15,0,182,0.91,2500,0,10,1,0,10,15,0,10,1,0,10,5,0,10,6.67836,0.21665099,10,99.948,0.019321836,10,0,0,0,0,0,0.068511059,0.006110101
centralized,50,5,15,0,183,0.915,2500,0,10,1,0,10,15,0,10,1,0,10,5,0,10,6.67836,0.21665099,10,99.948,0.019321836,10,0,0,0,0,0,0.068511059,0.006110101
centralized,50,5,15,0,184,0.92,2500,0,10,1,0,10,15,0,10,1,0,10,5,0,10,6.67836,0.21665099,10,99.948,0.019321836,10,0,0,0,0,0,0.068511059,0.006110101
centralized,50,5,15,0,185,0.925,2500,0,10,1,0,10,15,0,10,1,0,10,5,0,10,6.67836,0.21665099,10,99.948,0.019321836,10,0,0,0,0,0,0.068511059,0.006110101
centralized,50,5,15,0,186,0.93,2500,0,10,1,0,10,15,0,10,1,0,10,5,0,10,6.67836,0.21665099,10,99.948,0.019321836,10,0,0,0,0,0,0.068511059,0.006110101
centralized,50,5,15,0,187,0.935,2500,0,10,1,0,10,15,0,10,1,0,10,5,0,10,6.67836,0.21665099,10,99.948,0.019321836,10,0,0,0,0,0,0.068511059,0.006110101
centralized,50,5,15,0,188,0.94,2500,0,10,1,0,10,15,0,10,1,0,10,5,0,10,6.67836,0.21665099,10,99.948,0.019321836,10,0,0,0,0,0,0.068511059,0.006110101
centralized,50,5,15,0,189,0.945,2500,0,10,1,0,10,15,0,10,1,0,10,5,0,10,6.67836,0.21665099,10,99.948,0.019321836,10,0,0,0,0,0,0.068511059,0.006110101
centralized,50,5,15,0,190,0.95,2500,0,10,1,0,10,15,0,10,1,0,10,5,0,10,6.67836,0.21665099,10,99.948,0.019321836,10,0,0,0,0,0,0.068511059,0.006110101
centralized,50,5,15,0,191,0.955,2500,0,10,1,0,10,15,0,10,1,0,10,5,0,10,6.67836,0.21665099,10,99.948,0.019321836,10,0,0,0,0,0,0.068511059,0.006110101
centralized,50,5,15,0,192,0.96,2500,0,10,1,0,10,15,0,10,1,0,10,5,0,10,6.67836,0.21665099,10,99.948,0.019321836,10,0,0,0,0,0,0.068511059,0.006110101
centralized,50,5,15,0,193,0.965,2500,0,10,1,0,10,15,0,10,1,0,10,5,0,10,6.67836,0.21665099,10,99.948,0.019321836,10,0,0,0,0,0,0.068511059,0.006110101
centralized,50,5,15,0,194,0.97,2500,0,10,1,0,10,15,0,10,1,0,10,5,0,10,6.67836,0.21665099,10,99.948,0.019321836,10,0,0,0,0,0,0.068511059,0.006110101
centralized,50,5,15,0,195,0.975,2500,0,10,1,0,10,15,0,10,1,0,10,5,0,10,6.67836,0.21665099,10,99.948,0.019321836,10,0,0,0,0,0,0.068511059,0.006110101
centralized,50,5,15,0,196,0.98,2500,0,10,1,0,10,15,0,10,1,0,10,5,0,10,6.67836,0.21665099,10,99.948,0.019321836,10,0,0,0,0,0,0.068511059,0.006110101
centralized,50,5,15,0,197,0.985,2500,0,10,1,0,10,15,0,10,1,0,10,5,0,10,6.67836,0.21665099,10,99.948,0.019321836,10,0,0,0,0,0,0.068511059,0.006110101
centralized,50,5,15,0,198,0.99,2500,0,10,1,0,10,15,0,10,1,0,10,5,0,10,6.67836,0.21665099,10,99.948,0.019321836,10,0,0,0,0,0,0.068511059,0.006110101
centralized,50,5,15,0,199,0.995,2500,0,10,1,0,10,15,0,10,1,0,10,5,0,10,6.67836,0.21665099,10,99.948,0.019321836,10,0,0,0,0,0,0.068511059,0.006110101
centralized,50,5,15,0,200,1,2500,0,10,1,0,10,15,0,10,1,0,10,5,0,10,6.67836,0.21665099,10,99.948,0.019321836,10,0,0,0,0,0,0.068511059,0.006110101
centralized,100,10,30,0,0,0,0,0,10,0,0,10,0,0,10,0,0,10,10,0,10,0,0,10,0,0,10,0,0,0,0,0,0,0
centralized,100,10,30,0,1,0.005,1415.3,44.10605904,10,0.14153,0.004410606,10,3.8,2.347575582,10,0.126666667,0.078252519,10,10,0,10,3.497644414,0.080311159,10,13.641,0.410567358,10,13.94756052,0.001394756,0.742368582,0.024745619,0,0.025396618,0.129832798
centralized,100,10,30,0,2,0.01,2367.1,113.4513601,10,0.23671,0.011345136,10,6.7,3.020301677,10,0.223333333,0.100676723,10,10,0,10,4.128299051,0.172567531,10,23.29,1.101171094,10,35.87647016,0.003587647,0.955103252,0.031836775,0,0.054570645,0.348220875
centralized,100,10,30,0,3,0.015,3059,147.7452763,10,0.3059,0.014774528,10,8.7,3.368151488,10,0.29,0.112271716,10,10,0,10,4.775792928,0.221146285,10,30.248,1.455005155,10,46.72115866,0.004672116,1.065103021,0.035503434,0,0.069932596,0.46011303
centralized,100,10,30,0,4,0.02,3786.6,136.919441,10,0.37866,0.013691944,10,10.8,2.97396107,10,0.36,0.099132036,10,10,0,10,5.164207385,0.189641819,10,37.526,1.339528939,10,43.29772896,0.004329773,0.940449065,0.031348302,0,0.059970009,0.423596244
centralized,100,10,30,0,5,0.025,4544,123.2522256,10,0.4544,0.012325223,10,13.4,2.913569784,10,0.446666667,0.097118993,10,10,0,10,5.395737347,0.145735986,10,45.134,1.190333287,10,38.97577595,0.003897578,0.921351664,0.030711722,0,0.046085765,0.376416436
centralized,100,10,30,0,6,0.03,5349.9,106.2182763,10,0.53499,0.010621828,10,15.6,2.875181154,10,0.52,0.095839372,10,10,0,10,5.511450176,0.10908348,10,53.209,1.043119786,10,33.58916823,0.003358917,0.909212113,0.03030707,0,0.034495225,0.32986344
centralized,100,10,30,0,7,0.035,6141.5,112.1043661,10,0.61415,0.011210437,10,17.7,3.713339318,10,0.59,0.123777977,10,10,0,10,5.611113026,0.098623599,10,61.156,1.097909124,10,35.45051324,0.003545051,1.174260997,0.039142033,0,0.03118752,0.34718935
centralized,100,10,30,0,8,0.04,6914.9,122.4367864,10,0.69149,0.012243679,10,19.5,4.116363012,10,0.65,0.1372121,10,10,0,10,5.702255537,0.099986863,10,68.934,1.226387649,10,38.71791145,0.003871791,1.301708279,0.043390276,0,0.031618622,0.387817827
centralized,100,10,30,0,9,0.045,7684.4,130.7484438,10,0.76844,0.013074844,10,21.5,3.205897344,10,0.716666667,0.106863245,10,10,0,10,5.778629848,0.098502246,10,76.619,1.297137447,10,41.34628829,0.004134629,1.013793755,0.033793125,0,0.031149145,0.410190877
centralized,100,10,30,0,10,0.05,8446.3,154.7270356,10,0.84463,0.015472704,10,23.5,3.40750805,10,0.783333333,0.113583602,10,10,0,10,5.846629518,0.108234168,10,84.266,1.535138068,10,48.92898482,0.004892898,1.077548658,0.035918289,0,0.034226649,0.485453282
centralized,100,10,30,0,11,0.055,9146.8,168.4041435,10,0.91468,0.016840414,10,26.5,2.013840996,10,0.883333333,0.067128033,10,10,0,10,5.939238834,0.111037461,10,91.333,1.68590266,10,53.25406609,0.005325407,0.636832439,0.021227748,0,0.035113128,0.533129232
centralized,100,10,30,0,12,0.06,9653.9,136.9399301,10,0.96539,0.013693993,10,28.5,1.08012345,10,0.95,0.036004115,10,10,0,10,6.130479826,0.090055779,10,96.453,1.376929353,10,43.30420816,0.004330421,0.341565026,0.011385501,0,0.028478138,0.435423293
centralized,100,10,30,0,13,0.065,9917.4,84.74563247,10,0.99174,0.008474563,10,29.7,0.674948558,10,0.99,0.022498285,10,10,0,10,6.439025452,0.075823062,10,99.144,0.866861517,10,26.79892203,0.002679892,0.213437475,0.007114582,0,0.023977358,0.274125681
centralized,100,10,30,0,14,0.07,9989,20.52640576,10,0.9989,0.002052641,10,30,0,10,1,0,10,10,0,10,6.666010365,0.218522952,10,99.877,0.207527776,10,6.491019437,0.000649102,0,0,0,0.069103025,0.065626045
centralized,100,10,30,0,15,0.075,10000,0,10,1,0,10,30,0,10,1,0,10,10,0,10,6.72152,0.296409423,10,99.989,0.003162278,10,0,0,0,0,0,0.09373289,0.001
centralized,100,10,30,0,16,0.08,10000,0,10,1,0,10,30,0,10,1,0,10,10,0,10,6.72152,0.296409423,10,99.989,0.003162278,10,0,0,0,0,0,0.09373289,0.001
centralized,100,10,30,0,17,0.085,10000,0,10,1,0,10,30,0,10,1,0,10,10,0,10,6.72152,0.296409423,10,99.989,0.003162278,10,0,0,0,0,0,0.09373289,0.001
centralized,100,10,30,0,18,0.09,10000,0,10,1,0,10,30,0,10,1,0,10,10,0,10,6.72152,0.296409423,10,99.989,0.003162278,10,0,0,0,0,0,0.09373289,0.001
centralized,100,10,30,0,19,0.095,10000,0,10,1,0,10,30,0,10,1,0,10,10,0,10,6.72152,0.296409423,10,99.989,0.003162278,10,0,0,0,0,0,0.09373289,0.001
centralized,100,10,30,0,20,0.1,10000,0,10,1,0,10,30,0,10,1,0,10,10,0,10,6.72152,0.296409423,10,99.989,0.003162278,10,0,0,0,0,0,0.09373289,0.001
centralized,100,10,30,0,21,0.105,10000,0,10,1,0,10,30,0,10,1,0,10,10,0,10,6.72152,0.296409423,10,99.989,0.003162278,10,0,0,0,0,0,0.09373289,0.001
centralized,100,10,30,0,22,0.11,10000,0,10,1,0,10,30,0,10,1,0,10,10,0,10,6.72152,0.296409423,10,99.989,0.003162278,10,0,0,0,0,0,0.09373289,0.001
centralized,100,10,30,0,23,0.115,10000,0,10,1,0,10,30,0,10,1,0,10,10,0,10,6.72152,0.296409423,10,99.989,0.003162278,10,0,0,0,0,0,0.09373289,0.001
centralized,100,10,30,0,24,0.12,10000,0,10,1,0,10,30,0,10,1,0,10,10,0,10,6.72152,0.296409423,10,99.989,0.003162278,10,0,0,0,0,0,0.09373289,0.001
centralized,100,10,30,0,25,0.125,10000,0,10,1,0,10,30,0,10,1,0,10,10,0,10,6.72152,0.296409423,10,99.989,0.003162278,10,0,0,0,0,0,0.09373289,0.001
centralized,100,10,30,0,26,0.13,10000,0,10,1,0,10,30,0,10,1,0,10,10,0,10,6.72152,0.296409423,10,99.989,0.003162278,10,0,0,0,0,0,0.09373289,0.001
centralized,100,10,30,0,27,0.135,10000,0,10,1,0,10,30,0,10,1,0,10,10,0,10,6.72152,0.296409423,10,99.989,0.003162278,10,0,0,0,0,0,0.09373289,0.001
centralized,100,10,30,0,28,0.14,10000,0,10,1,0,10,30,0,10,1,0,10,10,0,10,6.72152,0.296409423,10,99.989,0.003162278,10,0,0,0,0,0,0.09373289,0.001
centralized,100,10,30,0,29,0.145,10000,0,10,1,0,10,30,0,10,1,0,10,10,0,10,6.72152,0.296409423,10,99.989,0.003162278,10,0,0,0,0,0,0.09373289,0.001
centralized,100,10,30,0,30,0.15,10000,0,10,1,0,10,30,0,10,1,0,10,10,0,10,6.72152,0.296409423,10,99.989,0.003162278,10,0,0,0,0,0,0.09373289,0.001
centralized,100,10,30,0,31,0.155,10000,0,10,1,0,10,30,0,10,1,0,10,10,0,10,6.72152,0.296409423,10,99.989,0.003162278,10,0,0,0,0,0,0.09373289,0.001
centralized,100,10,30,0,32,0.16,10000,0,10,1,0,10,30,0,10,1,0,10,10,0,10,6.72152,0.296409423,10,99.989,0.003162278,10,0,0,0,0,0,0.09373289,0.001
centralized,100,10,30,0,33,0.165,10000,0,10,1,0,10,30,0,10,1,0,10,10,0,10,6.72152,0.296409423,10,99.989,0.003162278,10,0,0,0,0,0,0.09373289,0.001
centralized,100,10,30,0,34,0.17,10000,0,10,1,0,10,30,0,10,1,0,10,10,0,10,6.72152,0.296409423,10,99.989,0.003162278,10,0,0,0,0,0,0.09373289,0.001
centralized,100,10,30,0,35,0.175,10000,0,10,1,0,10,30,0,10,1,0,10,10,0,10,6.72152,0.296409423,10,99.989,0.003162278,10,0,0,0,0,0,0.09373289,0.001
centralized,100,10,30,0,36,0.18,10000,0,10,1,0,10,30,0,10,1,0,10,10,0,10,6.72152,0.296409423,10,99.989,0.003162278,10,0,0,0,0,0,0.09373289,0.001
centralized,100,10,30,0,37,0.185,10000,0,10,1,0,10,30,0,10,1,0,10,10,0,10,6.72152,0.296409423,10,99.989,0.003162278,10,0,0,0,0,0,0.09373289,0.001
centralized,100,10,30,0,38,0.19,10000,0,10,1,0,10,30,0,10,1,0,10,10,0,10,6.72152,0.296409423,10,99.989,0.003162278,10,0,0,0,0,0,0.09373289,0.001
centralized,100,10,30,0,39,0.195,10000,0,10,1,0,10,30,0,10,1,0,10,10,0,10,6.72152,0.296409423,10,99.989,0.003162278,10,0,0,0,0,0,0.09373289,0.001
centralized,100,10,30,0,40,0.2,10000,0,10,1,0,10,30,0,10,1,0,10,10,0,10,6.72152,0.296409423,10,99.989,0.003162278,10,0,0,0,0,0,0.09373289,0.001
centralized,100,10,30,0,41,0.205,10000,0,10,1,0,10,30,0,10,1,0,10,10,0,10,6.72152,0.296409423,10,99.989,0.003162278,10,0,0,0,0,0,0.09373289,0.001
centralized,100,10,30,0,42,0.21,10000,0,10,1,0,10,30,0,10,1,0,10,10,0,10,6.72152,0.296409423,10,99.989,0.003162278,10,0,0,0,0,0,0.09373289,0.001
centralized,100,10,30,0,43,0.215,10000,0,10,1,0,10,30,0,10,1,0,10,10,0,10,6.72152,0.296409423,10,99.989,0.003162278,10,0,0,0,0,0,0.09373289,0.001
centralized,100,10,30,0,44,0.22,10000,0,10,1,0,10,30,0,10,1,0,10,10,0,10,6.72152,0.296409423,10,99.989,0.003162278,10,0,0,0,0,0,0.09373289,0.001
centralized,100,10,30,0,45,0.225,10000,0,10,1,0,10,30,0,10,1,0,10,10,0,10,6.72152,0.296409423,10,99.989,0.003162278,10,0,0,0,0,0,0.09373289,0.001
centralized,100,10,30,0,46,0.23,10000,0,10,1,0,10,30,0,10,1,0,10,10,0,10,6.72152,0.296409423,10,99.989,0.003162278,10,0,0,0,0,0,0.09373289,0.001
centralized,100,10,30,0,47,0.235,10000,0,10,1,0,10,30,0,10,1,0,10,10,0,10,6.72152,0.296409423,10,99.989,0.003162278,10,0,0,0,0,0,0.09373289,0.001
centralized,100,10,30,0,48,0.24,10000,0,10,1,0,10,30,0,10,1,0,10,10,0,10,6.72152,0.296409423,10,99.989,0.003162278,10,0,0,0,0,0,0.09373289,0.001
centralized,100,10,30,0,49,0.245,10000,0,10,1,0,10,30,0,10,1,0,10,10,0,10,6.72152,0.296409423,10,99.989,0.003162278,10,0,0,0,0,0,0.09373289,0.001
centralized,100,10,30,0,50,0.25,10000,0,10,1,0,10,30,0,10,1,0,10,10,0,10,6.72152,0.296409423,10,99.989,0.003162278,10,0,0,0,0,0,0.09373289,0.001
centralized,100,10,30,0,51,0.255,10000,0,10,1,0,10,30,0,10,1,0,10,10,0,10,6.72152,0.296409423,10,99.989,0.003162278,10,0,0,0,0,0,0.09373289,0.001
centralized,100,10,30,0,52,0.26,10000,0,10,1,0,10,30,0,10,1,0,10,10,0,10,6.72152,0.296409423,10,99.989,0.003162278,10,0,0,0,0,0,0.09373289,0.001
centralized,100,10,30,0,53,0.265,10000,0,10,1,0,10,30,0,10,1,0,10,10,0,10,6.72152,0.296409423,10,99.989,0.003162278,10,0,0,0,0,0,0.09373289,0.001
centralized,100,10,30,0,54,0.27,10000,0,10,1,0,10,30,0,10,1,0,10,10,0,10,6.72152,0.296409423,10,99.989,0.003162278,10,0,0,0,0,0,0.09373289,0.001
centralized,100,10,30,0,55,0.275,10000,0,10,1,0,10,30,0,10,1,0,10,10,0,10,6.72152,0.296409423,10,99.989,0.003162278,10,0,0,0,0,0,0.09373289,0.001
centralized,100,10,30,0,56,0.28,10000,0,10,1,0,10,30,0,10,1,0,10,10,0,10,6.72152,0.296409423,10,99.989,0.003162278,10,0,0,0,0,0,0.09373289,0.001
centralized,100,10,30,0,57,0.285,10000,0,10,1,0,10,30,0,10,1,0,10,10,0,10,6.72152,0.296409423,10,99.989,0.003162278,10,0,0,0,0,0,0.09373289,0.001
centralized,100,10,30,0,58,0.29,10000,0,10,1,0,10,30,0,10,1,0,10,10,0,10,6.72152,0.296409423,10,99.989,0.003162278,10,0,0,0,0,0,0.09373289,0.001
centralized,100,10,30,0,59,0.295,10000,0,10,1,0,10,30,0,10,1,0,10,10,0,10,6.72152,0.296409423,10,99.989,0.003162278,10,0,0,0,0,0,0.09373289,0.001
centralized,100,10,30,0,60,0.3,10000,0,10,1,0,10,30,0,10,1,0,10,10,0,10,6.72152,0.296409423,10,99.989,0.003162278,10,0,0,0,0,0,0.09373289,0.001
centralized,100,10,30,0,61,0.305,10000,0,10,1,0,10,30,0,10,1,0,10,10,0,10,6.72152,0.296409423,10,99.989,0.003162278,10,0,0,0,0,0,0.09373289,0.001
centralized,100,10,30,0,62,0.31,10000,0,10,1,0,10,30,0,10,1,0,10,10,0,10,6.72152,0.296409423,10,99.989,0.003162278,10,0,0,0,0,0,0.09373289,0.001
centralized,100,10,30,0,63,0.315,10000,0,10,1,0,10,30,0,10,1,0,10,10,0,10,6.72152,0.296409423,10,99.989,0.003162278,10,0,0,0,0,0,0.09373289,0.001
centralized,100,10,30,0,64,0.32,10000,0,10,1,0,10,30,0,10,1,0,10,10,0,10,6.72152,0.296409423,10,99.989,0.003162278,10,0,0,0,0,0,0.09373289,0.001
centralized,100,10,30,0,65,0.325,10000,0,10,1,0,10,30,0,10,1,0,10,10,0,10,6.72152,0.296409423,10,99.989,0.003162278,10,0,0,0,0,0,0.09373289,0.001
centralized,100,10,30,0,66,0.33,10000,0,10,1,0,10,30,0,10,1,0,10,10,0,10,6.72152,0.296409423,10,99.989,0.003162278,10,0,0,0,0,0,0.09373289,0.001
centralized,100,10,30,0,67,0.335,10000,0,10,1,0,10,30,0,10,1,0,10,10,0,10,6.72152,0.296409423,10,99.989,0.003162278,10,0,0,0,0,0,0.09373289,0.001
centralized,100,10,30,0,68,0.34,10000,0,10,1,0,10,30,0,10,1,0,10,10,0,10,6.72152,0.296409423,10,99.989,0.003162278,10,0,0,0,0,0,0.09373289,0.001
centralized,100,10,30,0,69,0.345,10000,0,10,1,0,10,30,0,10,1,0,10,10,0,10,6.72152,0.296409423,10,99.989,0.003162278,10,0,0,0,0,0,0.09373289,0.001
centralized,100,10,30,0,70,0.35,10000,0,10,1,0,10,30,0,10,1,0,10,10,0,10,6.72152,0.296409423,10,99.989,0.003162278,10,0,0,0,0,0,0.09373289,0.001
centralized,100,10,30,0,71,0.355,10000,0,10,1,0,10,30,0,10,1,0,10,10,0,10,6.72152,0.296409423,10,99.989,0.003162278,10,0,0,0,0,0,0.09373289,0.001
centralized,100,10,30,0,72,0.36,10000,0,10,1,0,10,30,0,10,1,0,10,10,0,10,6.72152,0.296409423,10,99.989,0.003162278,10,0,0,0,0,0,0.09373289,0.001
centralized,100,10,30,0,73,0.365,10000,0,10,1,0,10,30,0,10,1,0,10,10,0,10,6.72152,0.296409423,10,99.989,0.003162278,10,0,0,0,0,0,0.09373289,0.001
centralized,100,10,30,0,74,0.37,10000,0,10,1,0,10,30,0,10,1,0,10,10,0,10,6.72152,0.296409423,10,99.989,0.003162278,10,0,0,0,0,0,0.09373289,0.001
centralized,100,10,30,0,75,0.375,10000,0,10,1,0,10,30,0,10,1,0,10,10,0,10,6.72152,0.296409423,10,99.989,0.003162278,10,0,0,0,0,0,0.09373289,0.001
centralized,100,10,30,0,76,0.38,10000,0,10,1,0,10,30,0,10,1,0,10,10,0,10,6.72152,0.296409423,10,99.989,0.003162278,10,0,0,0,0,0,0.09373289,0.001
centralized,100,10,30,0,77,0.385,10000,0,10,1,0,10,30,0,10,1,0,10,10,0,10,6.72152,0.296409423,10,99.989,0.003162278,10,0,0,0,0,0,0.09373289,0.001
centralized,100,10,30,0,78,0.39,10000,0,10,1,0,10,30,0,10,1,0,10,10,0,10,6.72152,0.296409423,10,99.989,0.003162278,10,0,0,0,0,0,0.09373289,0.001
centralized,100,10,30,0,79,0.395,10000,0,10,1,0,10,30,0,10,1,0,10,10,0,10,6.72152,0.296409423,10,99.989,0.003162278,10,0,0,0,0,0,0.09373289,0.001
centralized,100,10,30,0,80,0.4,10000,0,10,1,0,10,30,0,10,1,0,10,10,0,10,6.72152,0.296409423,10,99.989,0.003162278,10,0,0,0,0,0,0.09373289,0.001
centralized,100,10,30,0,81,0.405,10000,0,10,1,0,10,30,0,10,1,0,10,10,0,10,6.72152,0.296409423,10,99.989,0.003162278,10,0,0,0,0,0,0.09373289,0.001
centralized,100,10,30,0,82,0.41,10000,0,10,1,0,10,30,0,10,1,0,10,10,0,10,6.72152,0.296409423,10,99.989,0.003162278,10,0,0,0,0,0,0.09373289,0.001
centralized,100,10,30,0,83,0.415,10000,0,10,1,0,10,30,0,10,1,0,10,10,0,10,6.72152,0.296409423,10,99.989,0.003162278,10,0,0,0,0,0,0.09373289,0.001
centralized,100,10,30,0,84,0.42,10000,0,10,1,0,10,30,0,10,1,0,10,10,0,10,6.72152,0.296409423,10,99.989,0.003162278,10,0,0,0,0,0,0.09373289,0.001
centralized,100,10,30,0,85,0.425,10000,0,10,1,0,10,30,0,10,1,0,10,10,0,10,6.72152,0.296409423,10,99.989,0.003162278,10,0,0,0,0,0,0.09373289,0.001
centralized,100,10,30,0,86,0.43,10000,0,10,1,0,10,30,0,10,1,0,10,10,0,10,6.72152,0.296409423,10,99.989,0.003162278,10,0,0,0,0,0,0.09373289,0.001
centralized,100,10,30,0,87,0.435,10000,0,10,1,0,10,30,0,10,1,0,10,10,0,10,6.72152,0.296409423,10,99.989,0.003162278,10,0,0,0,0,0,0.09373289,0.001
centralized,100,10,30,0,88,0.44,10000,0,10,1,0,10,30,0,10,1,0,10,10,0,10,6.72152,0.296409423,10,99.989,0.003162278,10,0,0,0,0,0,0.09373289,0.001
centralized,100,10,30,0,89,0.445,10000,0,10,1,0,10,30,0,10,1,0,10,10,0,10,6.72152,0.296409423,10,99.989,0.003162278,10,0,0,0,0,0,0.09373289,0.001
centralized,100,10,30,0,90,0.45,10000,0,10,1,0,10,30,0,10,1,0,10,10,0,10,6.72152,0.296409423,10,99.989,0.003162278,10,0,0,0,0,0,0.09373289,0.001
centralized,100,10,30,0,91,0.455,10000,0,10,1,0,10,30,0,10,1,0,10,10,0,10,6.72152,0.296409423,10,99.989,0.003162278,10,0,0,0,0,0,0.09373289,0.001
centralized,100,10,30,0,92,0.46,10000,0,10,1,0,10,30,0,10,1,0,10,10,0,10,6.72152,0.296409423,10,99.989,0.003162278,10,0,0,0,0,0,0.09373289,0.001
centralized,100,10,30,0,93,0.465,10000,0,10,1,0,10,30,0,10,1,0,10,10,0,10,6.72152,0.296409423,10,99.989,0.003162278,10,0,0,0,0,0,0.09373289,0.001
centralized,100,10,30,0,94,0.47,10000,0,10,1,0,10,30,0,10,1,0,10,10,0,10,6.72152,0.296409423,10,99.989,0.003162278,10,0,0,0,0,0,0.09373289,0.001
centralized,100,10,30,0,95,0.475,10000,0,10,1,0,10,30,0,10,1,0,10,10,0,10,6.72152,0.296409423,10,99.989,0.003162278,10,0,0,0,0,0,0.09373289,0.001
centralized,100,10,30,0,96,0.48,10000,0,10,1,0,10,30,0,10,1,0,10,10,0,10,6.72152,0.296409423,10,99.989,0.003162278,10,0,0,0,0,0,0.09373289,0.001
centralized,100,10,30,0,97,0.485,10000,0,10,1,0,10,30,0,10,1,0,10,10,0,10,6.72152,0.296409423,10,99.989,0.003162278,10,0,0,0,0,0,0.09373289,0.001
centralized,100,10,30,0,98,0.49,10000,0,10,1,0,10,30,0,10,1,0,10,10,0,10,6.72152,0.296409423,10,99.989,0.003162278,10,0,0,0,0,0,0.09373289,0.001
centralized,100,10,30,0,99,0.495,10000,0,10,1,0,10,30,0,10,1,0,10,10,0,10,6.72152,0.296409423,10,99.989,0.003162278,10,0,0,0,0,0,0.09373289,0.001
centralized,100,10,30,0,100,0.5,10000,0,10,1,0,10,30,0,10,1,0,10,10,0,10,6.72152,0.296409423,10,99.989,0.003162278,10,0,0,0,0,0,0.09373289,0.001
centralized,100,10,30,0,101,0.505,10000,0,10,1,0,10,30,0,10,1,0,10,10,0,10,6.72152,0.296409423,10,99.989,0.003162278,10,0,0,0,0,0,0.09373289,0.001
centralized,100,10,30,0,102,0.51,10000,0,10,1,0,10,30,0,10,1,0,10,10,0,10,6.72152,0.296409423,10,99.989,0.003162278,10,0,0,0,0,0,0.09373289,0.001
centralized,100,10,30,0,103,0.515,10000,0,10,1,0,10,30,0,10,1,0,10,10,0,10,6.72152,0.296409423,10,99.989,0.003162278,10,0,0,0,0,0,0.09373289,0.001
centralized,100,10,30,0,104,0.52,10000,0,10,1,0,10,30,0,10,1,0,10,10,0,10,6.72152,0.296409423,10,99.989,0.003162278,10,0,0,0,0,0,0.09373289,0.001
centralized,100,10,30,0,105,0.525,10000,0,10,1,0,10,30,0,10,1,0,10,10,0,10,6.72152,0.296409423,10,99.989,0.003162278,10,0,0,0,0,0,0.09373289,0.001
centralized,100,10,30,0,106,0.53,10000,0,10,1,0,10,30,0,10,1,0,10,10,0,10,6.72152,0.296409423,10,99.989,0.003162278,10,0,0,0,0,0,0.09373289,0.001
centralized,100,10,30,0,107,0.535,10000,0,10,1,0,10,30,0,10,1,0,10,10,0,10,6.72152,0.296409423,10,99.989,0.003162278,10,0,0,0,0,0,0.09373289,0.001
centralized,100,10,30,0,108,0.54,10000,0,10,1,0,10,30,0,10,1,0,10,10,0,10,6.72152,0.296409423,10,99.989,0.003162278,10,0,0,0,0,0,0.09373289,0.001
centralized,100,10,30,0,109,0.545,10000,0,10,1,0,10,30,0,10,1,0,10,10,0,10,6.72152,0.296409423,10,99.989,0.003162278,10,0,0,0,0,0,0.09373289,0.001
centralized,100,10,30,0,110,0.55,10000,0,10,1,0,10,30,0,10,1,0,10,10,0,10,6.72152,0.296409423,10,99.989,0.003162278,10,0,0,0,0,0,0.09373289,0.001
centralized,100,10,30,0,111,0.555,10000,0,10,1,0,10,30,0,10,1,0,10,10,0,10,6.72152,0.296409423,10,99.989,0.003162278,10,0,0,0,0,0,0.09373289,0.001
centralized,100,10,30,0,112,0.56,10000,0,10,1,0,10,30,0,10,1,0,10,10,0,10,6.72152,0.296409423,10,99.989,0.003162278,10,0,0,0,0,0,0.09373289,0.001
centralized,100,10,30,0,113,0.565,10000,0,10,1,0,10,30,0,10,1,0,10,10,0,10,6.72152,0.296409423,10,99.989,0.003162278,10,0,0,0,0,0,0.09373289,0.001
centralized,100,10,30,0,114,0.57,10000,0,10,1,0,10,30,0,10,1,0,10,10,0,10,6.72152,0.296409423,10,99.989,0.003162278,10,0,0,0,0,0,0.09373289,0.001
centralized,100,10,30,0,115,0.575,10000,0,10,1,0,10,30,0,10,1,0,10,10,0,10,6.72152,0.296409423,10,99.989,0.003162278,10,0,0,0,0,0,0.09373289,0.001
centralized,100,10,30,0,116,0.58,10000,0,10,1,0,10,30,0,10,1,0,10,10,0,10,6.72152,0.296409423,10,99.989,0.003162278,10,0,0,0,0,0,0.09373289,0.001
centralized,100,10,30,0,117,0.585,10000,0,10,1,0,10,30,0,10,1,0,10,10,0,10,6.72152,0.296409423,10,99.989,0.003162278,10,0,0,0,0,0,0.09373289,0.001
centralized,100,10,30,0,118,0.59,10000,0,10,1,0,10,30,0,10,1,0,10,10,0,10,6.72152,0.296409423,10,99.989,0.003162278,10,0,0,0,0,0,0.09373289,0.001
centralized,100,10,30,0,119,0.595,10000,0,10,1,0,10,30,0,10,1,0,10,10,0,10,6.72152,0.296409423,10,99.989,0.003162278,10,0,0,0,0,0,0.09373289,0.001
centralized,100,10,30,0,120,0.6,10000,0,10,1,0,10,30,0,10,1,0,10,10,0,10,6.72152,0.296409423,10,99.989,0.003162278,10,0,0,0,0,0,0.09373289,0.001
centralized,100,10,30,0,121,0.605,10000,0,10,1,0,10,30,0,10,1,0,10,10,0,10,6.72152,0.296409423,10,99.989,0.003162278,10,0,0,0,0,0,0.09373289,0.001
centralized,100,10,30,0,122,0.61,10000,0,10,1,0,10,30,0,10,1,0,10,10,0,10,6.72152,0.296409423,10,99.989,0.003162278,10,0,0,0,0,0,0.09373289,0.001
centralized,100,10,30,0,123,0.615,10000,0,10,1,0,10,30,0,10,1,0,10,10,0,10,6.72152,0.296409423,10,99.989,0.003162278,10,0,0,0,0,0,0.09373289,0.001
centralized,100,10,30,0,124,0.62,10000,0,10,1,0,10,30,0,10,1,0,10,10,0,10,6.72152,0.296409423,10,99.989,0.003162278,10,0,0,0,0,0,0.09373289,0.001
centralized,100,10,30,0,125,0.625,10000,0,10,1,0,10,30,0,10,1,0,10,10,0,10,6.72152,0.296409423,10,99.989,0.003162278,10,0,0,0,0,0,0.09373289,0.001
centralized,100,10,30,0,126,0.63,10000,0,10,1,0,10,30,0,10,1,0,10,10,0,10,6.72152,0.296409423,10,99.989,0.003162278,10,0,0,0,0,0,0.09373289,0.001
centralized,100,10,30,0,127,0.635,10000,0,10,1,0,10,30,0,10,1,0,10,10,0,10,6.72152,0.296409423,10,99.989,0.003162278,10,0,0,0,0,0,0.09373289,0.001
centralized,100,10,30,0,128,0.64,10000,0,10,1,0,10,30,0,10,1,0,10,10,0,10,6.72152,0.296409423,10,99.989,0.003162278,10,0,0,0,0,0,0.09373289,0.001
centralized,100,10,30,0,129,0.645,10000,0,10,1,0,10,30,0,10,1,0,10,10,0,10,6.72152,0.296409423,10,99.989,0.003162278,10,0,0,0,0,0,0.09373289,0.001
centralized,100,10,30,0,130,0.65,10000,0,10,1,0,10,30,0,10,1,0,10,10,0,10,6.72152,0.296409423,10,99.989,0.003162278,10,0,0,0,0,0,0.09373289,0.001
centralized,100,10,30,0,131,0.655,10000,0,10,1,0,10,30,0,10,1,0,10,10,0,10,6.72152,0.296409423,10,99.989,0.003162278,10,0,0,0,0,0,0.09373289,0.001
centralized,100,10,30,0,132,0.66,10000,0,10,1,0,10,30,0,10,1,0,10,10,0,10,6.72152,0.296409423,10,99.989,0.003162278,10,0,0,0,0,0,0.09373289,0.001
centralized,100,10,30,0,133,0.665,10000,0,10,1,0,10,30,0,10,1,0,10,10,0,10,6.72152,0.296409423,10,99.989,0.003162278,10,0,0,0,0,0,0.09373289,0.001
centralized,100,10,30,0,134,0.67,10000,0,10,1,0,10,30,0,10,1,0,10,10,0,10,6.72152,0.296409423,10,99.989,0.003162278,10,0,0,0,0,0,0.09373289,0.001
centralized,100,10,30,0,135,0.675,10000,0,10,1,0,10,30,0,10,1,0,10,10,0,10,6.72152,0.296409423,10,99.989,0.003162278,10,0,0,0,0,0,0.09373289,0.001
centralized,100,10,30,0,136,0.68,10000,0,10,1,0,10,30,0,10,1,0,10,10,0,10,6.72152,0.296409423,10,99.989,0.003162278,10,0,0,0,0,0,0.09373289,0.001
centralized,100,10,30,0,137,0.685,10000,0,10,1,0,10,30,0,10,1,0,10,10,0,10,6.72152,0.296409423,10,99.989,0.003162278,10,0,0,0,0,0,0.09373289,0.001
centralized,100,10,30,0,138,0.69,10000,0,10,1,0,10,30,0,10,1,0,10,10,0,10,6.72152,0.296409423,10,99.989,0.003162278,10,0,0,0,0,0,0.09373289,0.001
centralized,100,10,30,0,139,0.695,10000,0,10,1,0,10,30,0,10,1,0,10,10,0,10,6.72152,0.296409423,10,99.989,0.003162278,10,0,0,0,0,0,0.09373289,0.001
centralized,100,10,30,0,140,0.7,10000,0,10,1,0,10,30,0,10,1,0,10,10,0,10,6.72152,0.296409423,10,99.989,0.003162278,10,0,0,0,0,0,0.09373289,0.001
centralized,100,10,30,0,141,0.705,10000,0,10,1,0,10,30,0,10,1,0,10,10,0,10,6.72152,0.296409423,10,99.989,0.003162278,10,0,0,0,0,0,0.09373289,0.001
centralized,100,10,30,0,142,0.71,10000,0,10,1,0,10,30,0,10,1,0,10,10,0,10,6.72152,0.296409423,10,99.989,0.003162278,10,0,0,0,0,0,0.09373289,0.001
centralized,100,10,30,0,143,0.715,10000,0,10,1,0,10,30,0,10,1,0,10,10,0,10,6.72152,0.296409423,10,99.989,0.003162278,10,0,0,0,0,0,0.09373289,0.001
centralized,100,10,30,0,144,0.72,10000,0,10,1,0,10,30,0,10,1,0,10,10,0,10,6.72152,0.296409423,10,99.989,0.003162278,10,0,0,0,0,0,0.09373289,0.001
centralized,100,10,30,0,145,0.725,10000,0,10,1,0,10,30,0,10,1,0,10,10,0,10,6.72152,0.296409423,10,99.989,0.003162278,10,0,0,0,0,0,0.09373289,0.001
centralized,100,10,30,0,146,0.73,10000,0,10,1,0,10,30,0,10,1,0,10,10,0,10,6.72152,0.296409423,10,99.989,0.003162278,10,0,0,0,0,0,0.09373289,0.001
centralized,100,10,30,0,147,0.735,10000,0,10,1,0,10,30,0,10,1,0,10,10,0,10,6.72152,0.296409423,10,99.989,0.003162278,10,0,0,0,0,0,0.09373289,0.001
centralized,100,10,30,0,148,0.74,10000,0,10,1,0,10,30,0,10,1,0,10,10,0,10,6.72152,0.296409423,10,99.989,0.003162278,10,0,0,0,0,0,0.09373289,0.001
centralized,100,10,30,0,149,0.745,10000,0,10,1,0,10,30,0,10,1,0,10,10,0,10,6.72152,0.296409423,10,99.989,0.003162278,10,0,0,0,0,0,0.09373289,0.001
centralized,100,10,30,0,150,0.75,10000,0,10,1,0,10,30,0,10,1,0,10,10,0,10,6.72152,0.296409423,10,99.989,0.003162278,10,0,0,0,0,0,0.09373289,0.001
centralized,100,10,30,0,151,0.755,10000,0,10,1,0,10,30,0,10,1,0,10,10,0,10,6.72152,0.296409423,10,99.989,0.003162278,10,0,0,0,0,0,0.09373289,0.001
centralized,100,10,30,0,152,0.76,10000,0,10,1,0,10,30,0,10,1,0,10,10,0,10,6.72152,0.296409423,10,99.989,0.003162278,10,0,0,0,0,0,0.09373289,0.001
centralized,100,10,30,0,153,0.765,10000,0,10,1,0,10,30,0,10,1,0,10,10,0,10,6.72152,0.296409423,10,99.989,0.003162278,10,0,0,0,0,0,0.09373289,0.001
centralized,100,10,30,0,154,0.77,10000,0,10,1,0,10,30,0,10,1,0,10,10,0,10,6.72152,0.296409423,10,99.989,0.003162278,10,0,0,0,0,0,0.09373289,0.001
centralized,100,10,30,0,155,0.775,10000,0,10,1,0,10,30,0,10,1,0,10,10,0,10,6.72152,0.296409423,10,99.989,0.003162278,10,0,0,0,0,0,0.09373289,0.001
centralized,100,10,30,0,156,0.78,10000,0,10,1,0,10,30,0,10,1,0,10,10,0,10,6.72152,0.296409423,10,99.989,0.003162278,10,0,0,0,0,0,0.09373289,0.001
centralized,100,10,30,0,157,0.785,10000,0,10,1,0,10,30,0,10,1,0,10,10,0,10,6.72152,0.296409423,10,99.989,0.003162278,10,0,0,0,0,0,0.09373289,0.001
centralized,100,10,30,0,158,0.79,10000,0,10,1,0,10,30,0,10,1,0,10,10,0,10,6.72152,0.296409423,10,99.989,0.003162278,10,0,0,0,0,0,0.09373289,0.001
centralized,100,10,30,0,159,0.795,10000,0,10,1,0,10,30,0,10,1,0,10,10,0,10,6.72152,0.296409423,10,99.989,0.003162278,10,0,0,0,0,0,0.09373289,0.001
centralized,100,10,30,0,160,0.8,10000,0,10,1,0,10,30,0,10,1,0,10,10,0,10,6.72152,0.296409423,10,99.989,0.003162278,10,0,0,0,0,0,0.09373289,0.001
centralized,100,10,30,0,161,0.805,10000,0,10,1,0,10,30,0,10,1,0,10,10,0,10,6.72152,0.296409423,10,99.989,0.003162278,10,0,0,0,0,0,0.09373289,0.001
centralized,100,10,30,0,162,0.81,10000,0,10,1,0,10,30,0,10,1,0,10,10,0,10,6.72152,0.296409423,10,99.989,0.003162278,10,0,0,0,0,0,0.09373289,0.001
centralized,100,10,30,0,163,0.815,10000,0,10,1,0,10,30,0,10,1,0,10,10,0,10,6.72152,0.296409423,10,99.989,0.003162278,10,0,0,0,0,0,0.09373289,0.001
centralized,100,10,30,0,164,0.82,10000,0,10,1,0,10,30,0,10,1,0,10,10,0,10,6.72152,0.296409423,10,99.989,0.003162278,10,0,0,0,0,0,0.09373289,0.001
centralized,100,10,30,0,165,0.825,10000,0,10,1,0,10,30,0,10,1,0,10,10,0,10,6.72152,0.296409423,10,99.989,0.003162278,10,0,0,0,0,0,0.09373289,0.001
centralized,100,10,30,0,166,0.83,10000,0,10,1,0,10,30,0,10,1,0,10,10,0,10,6.72152,0.296409423,10,99.989,0.003162278,10,0,0,0,0,0,0.09373289,0.001
centralized,100,10,30,0,167,0.835,10000,0,10,1,0,10,30,0,10,1,0,10,10,0,10,6.72152,0.296409423,10,99.989,0.003162278,10,0,0,0,0,0,0.09373289,0.001
centralized,100,10,30,0,168,0.84,10000,0,10,1,0,10,30,0,10,1,0,10,10,0,10,6.72152,0.296409423,10,99.989,0.003162278,10,0,0,0,0,0,0.09373289,0.001
centralized,100,10,30,0,169,0.845,10000,0,10,1,0,10,30,0,10,1,0,10,10,0,10,6.72152,0.296409423,10,99.989,0.003162278,10,0,0,0,0,0,0.09373289,0.001
centralized,100,10,30,0,170,0.85,10000,0,10,1,0,10,30,0,10,1,0,10,10,0,10,6.72152,0.296409423,10,99.989,0.003162278,10,0,0,0,0,0,0.09373289,0.001
centralized,100,10,30,0,171,0.855,10000,0,10,1,0,10,30,0,10,1,0,10,10,0,10,6.72152,0.296409423,10,99.989,0.003162278,10,0,0,0,0,0,0.09373289,0.001
centralized,100,10,30,0,172,0.86,10000,0,10,1,0,10,30,0,10,1,0,10,10,0,10,6.72152,0.296409423,10,99.989,0.003162278,10,0,0,0,0,0,0.09373289,0.001
centralized,100,10,30,0,173,0.865,10000,0,10,1,0,10,30,0,10,1,0,10,10,0,10,6.72152,0.296409423,10,99.989,0.003162278,10,0,0,0,0,0,0.09373289,0.001
centralized,100,10,30,0,174,0.87,10000,0,10,1,0,10,30,0,10,1,0,10,10,0,10,6.72152,0.296409423,10,99.989,0.003162278,10,0,0,0,0,0,0.09373289,0.001
centralized,100,10,30,0,175,0.875,10000,0,10,1,0,10,30,0,10,1,0,10,10,0,10,6.72152,0.296409423,10,99.989,0.003162278,10,0,0,0,0,0,0.09373289,0.001
centralized,100,10,30,0,176,0.88,10000,0,10,1,0,10,30,0,10,1,0,10,10,0,10,6.72152,0.296409423,10,99.989,0.003162278,10,0,0,0,0,0,0.09373289,0.001
centralized,100,10,30,0,177,0.885,10000,0,10,1,0,10,30,0,10,1,0,10,10,0,10,6.72152,0.296409423,10,99.989,0.003162278,10,0,0,0,0,0,0.09373289,0.001
centralized,100,10,30,0,178,0.89,10000,0,10,1,0,10,30,0,10,1,0,10,10,0,10,6.72152,0.296409423,10,99.989,0.003162278,10,0,0,0,0,0,0.09373289,0.001
centralized,100,10,30,0,179,0.895,10000,0,10,1,0,10,30,0,10,1,0,10,10,0,10,6.72152,0.296409423,10,99.989,0.003162278,10,0,0,0,0,0,0.09373289,0.001
centralized,100,10,30,0,180,0.9,10000,0,10,1,0,10,30,0,10,1,0,10,10,0,10,6.72152,0.296409423,10,99.989,0.003162278,10,0,0,0,0,0,0.09373289,0.001
centralized,100,10,30,0,181,0.905,10000,0,10,1,0,10,30,0,10,1,0,10,10,0,10,6.72152,0.296409423,10,99.989,0.003162278,10,0,0,0,0,0,0.09373289,0.001
centralized,100,10,30,0,182,0.91,10000,0,10,1,0,10,30,0,10,1,0,10,10,0,10,6.72152,0.296409423,10,99.989,0.003162278,10,0,0,0,0,0,0.09373289,0.001
centralized,100,10,30,0,183,0.915,10000,0,10,1,0,10,30,0,10,1,0,10,10,0,10,6.72152,0.296409423,10,99.989,0.003162278,10,0,0,0,0,0,0.09373289,0.001
centralized,100,10,30,0,184,0.92,10000,0,10,1,0,10,30,0,10,1,0,10,10,0,10,6.72152,0.296409423,10,99.989,0.003162278,10,0,0,0,0,0,0.09373289,0.001
centralized,100,10,30,0,185,0.925,10000,0,10,1,0,10,30,0,10,1,0,10,10,0,10,6.72152,0.296409423,10,99.989,0.003162278,10,0,0,0,0,0,0.09373289,0.001
centralized,100,10,30,0,186,0.93,10000,0,10,1,0,10,30,0,10,1,0,10,10,0,10,6.72152,0.296409423,10,99.989,0.003162278,10,0,0,0,0,0,0.09373289,0.001
centralized,100,10,30,0,187,0.935,10000,0,10,1,0,10,30,0,10,1,0,10,10,0,10,6.72152,0.296409423,10,99.989,0.003162278,10,0,0,0,0,0,0.09373289,0.001
centralized,100,10,30,0,188,0.94,10000,0,10,1,0,10,30,0,10,1,0,10,10,0,10,6.72152,0.296409423,10,99.989,0.003162278,10,0,0,0,0,0,0.09373289,0.001
centralized,100,10,30,0,189,0.945,10000,0,10,1,0,10,30,0,10,1,0,10,10,0,10,6.72152,0.296409423,10,99.989,0.003162278,10,0,0,0,0,0,0.09373289,0.001
centralized,100,10,30,0,190,0.95,10000,0,10,1,0,10,30,0,10,1,0,10,10,0,10,6.72152,0.296409423,10,99.989,0.003162278,10,0,0,0,0,0,0.09373289,0.001
centralized,100,10,30,0,191,0.955,10000,0,10,1,0,10,30,0,10,1,0,10,10,0,10,6.72152,0.296409423,10,99.989,0.003162278,10,0,0,0,0,0,0.09373289,0.001
centralized,100,10,30,0,192,0.96,10000,0,10,1,0,10,30,0,10,1,0,10,10,0,10,6.72152,0.296409423,10,99.989,0.003162278,10,0,0,0,0,0,0.09373289,0.001
centralized,100,10,30,0,193,0.965,10000,0,10,1,0,10,30,0,10,1,0,10,10,0,10,6.72152,0.296409423,10,99.989,0.003162278,10,0,0,0,0,0,0.09373289,0.001
centralized,100,10,30,0,194,0.97,10000,0,10,1,0,10,30,0,10,1,0,10,10,0,10,6.72152,0.296409423,10,99.989,0.003162278,10,0,0,0,0,0,0.09373289,0.001
centralized,100,10,30,0,195,0.975,10000,0,10,1,0,10,30,0,10,1,0,10,10,0,10,6.72152,0.296409423,10,99.989,0.003162278,10,0,0,0,0,0,0.09373289,0.001
centralized,100,10,30,0,196,0.98,10000,0,10,1,0,10,30,0,10,1,0,10,10,0,10,6.72152,0.296409423,10,99.989,0.003162278,10,0,0,0,0,0,0.09373289,0.001
centralized,100,10,30,0,197,0.985,10000,0,10,1,0,10,30,0,10,1,0,10,10,0,10,6.72152,0.296409423,10,99.989,0.003162278,10,0,0,0,0,0,0.09373289,0.001
centralized,100,10,30,0,198,0.99,10000,0,10,1,0,10,30,0,10,1,0,10,10,0,10,6.72152,0.296409423,10,99.989,0.003162278,10,0,0,0,0,0,0.09373289,0.001
centralized,100,10,30,0,199,0.995,10000,0,10,1,0,10,30,0,10,1,0,10,10,0,10,6.72152,0.296409423,10,99.989,0.003162278,10,0,0,0,0,0,0.09373289,0.001
centralized,100,10,30,0,200,1,10000,0,10,1,0,10,30,0,10,1,0,10,10,0,10,6.72152,0.296409423,10,99.989,0.003162278,10,0,0,0,0,0,0.09373289,0.001
centralized,150,15,45,0,0,0,0,0,10,0,0,10,0,0,10,0,0,10,15,0,10,0,0,10,0,0,10,0,0,0,0,0,0,0
centralized,150,15,45,0,1,0.005,3001.6,93.42162491,10,0.133404444,0.004152072,10,6.7,2.311805451,10,0.148888889,0.051373454,10,15,0,10,3.695024707,0.105154476,10,13.02488889,0.407648144,10,29.54251174,0.001313001,0.731057073,0.016245713,0,0.033252765,0.128909662
centralized,150,15,45,0,2,0.01,5078.2,213.1581572,10,0.225697778,0.009473696,10,10.9,2.806737925,10,0.242222222,0.062371954,10,15,0,10,4.343537659,0.181022196,10,22.31466667,0.939022753,10,67.40652787,0.002995846,0.887568464,0.019723744,0,0.057244245,0.296945068
centralized,150,15,45,0,3,0.015,6832.4,248.5889959,10,0.303662222,0.0110484,10,14.7,2.584139659,10,0.326666667,0.057425326,10,15,0,10,4.840694477,0.175602253,10,30.12,1.104090412,10,78.61074283,0.003493811,0.817176711,0.018159482,0,0.055530308,0.349144044
centralized,150,15,45,0,4,0.02,8560,286.0811851,10,0.380444444,0.012714719,10,19.2,3.047767854,10,0.426666667,0.067728175,10,15,0,10,5.170049946,0.16011328,10,37.81466667,1.27139434,10,90.46681405,0.004020747,0.96378882,0.021417529,0,0.050632265,0.402050192
centralized,150,15,45,0,5,0.025,10381.5,278.3204588,10,0.4614,0.012369798,10,22.8,2.250925735,10,0.506666667,0.050020572,10,15,0,10,5.341988273,0.133041063,10,45.91777778,1.23650066,10,88.01265692,0.003911674,0.711805217,0.015817894,0,0.042071278,0.391015841
centralized,150,15,45,0,6,0.03,12207.7,264.0265349,10,0.542564444,0.011734513,10,26.1,2.998147576,10,0.58,0.066625502,10,15,0,10,5.460381149,0.11085099,10,54.04266667,1.173094252,10,83.49252129,0.003710779,0.94809751,0.021068834,0,0.035054161,0.370964975
centralized,150,15,45,0,7,0.035,14027.1,251.4237017,10,0.623426667,0.011174387,10,29.5,3.240370349,10,0.655555556,0.07200823,10,15,0,10,5.550877261,0.093834814,10,62.144,1.120680178,10,79.50715551,0.003533651,1.024695077,0.022771002,0,0.029673174,0.354390189
centralized,150,15,45,0,8,0.04,15798.8,262.3148236,10,0.702168889,0.011658437,10,33.7,3.198958164,10,0.748888889,0.071087959,10,15,0,10,5.637979649,0.0894436,10,70.03466667,1.166624667,10,82.95123065,0.003686721,1.011599394,0.022479987,0,0.02828455,0.368919112
centralized,150,15,45,0,9,0.045,17570.2,290.1129282,10,0.780897778,0.012893908,10,37.4,3.83550663,10,0.831111111,0.085233481,10,15,0,10,5.707664224,0.089570636,10,77.93111111,1.288635565,10,91.74176318,0.004077412,1.212893693,0.026953193,0,0.028324722,0.407502346
centralized,150,15,45,0,10,0.05,19268,231.5834383,10,0.856355556,0.010292597,10,40.1,2.998147576,10,0.891111111,0.066625502,10,15,0,10,5.785830276,0.063991602,10,85.50355556,1.027546093,10,73.23311334,0.003254805,0.94809751,0.021068834,0,0.020235921,0.324938606
centralized,150,15,45,0,11,0.055,20731.8,238.342797,10,0.921413333,0.010593013,10,42.2,2.097617696,10,0.937777778,0.046613727,10,15,0,10,5.91647276,0.063808536,10,92.04044444,1.06544879,10,75.37061025,0.003349805,0.663324958,0.014740555,0,0.020178031,0.336924491
centralized,150,15,45,0,12,0.06,21766,281.1934881,10,0.967377778,0.012497488,10,44.2,0.788810638,10,0.982222222,0.017529125,10,15,0,10,6.142838906,0.078873243,10,96.68755556,1.251581036,10,88.92118858,0.003952053,0.249443826,0.005543196,0,0.024941909,0.395784675
centralized,150,15,45,0,13,0.065,22260.5,203.9271384,10,0.989355556,0.009063428,10,44.6,0.699205899,10,0.991111111,0.015537909,10,15,0,10,6.493869226,0.065930945,10,98.91466667,0.915739643,10,64.48742341,0.002866108,0.221108319,0.004913518,0,0.020849196,0.289582302
centralized,150,15,45,0,14,0.07,22432.7,93.03052068,10,0.997008889,0.00413469,10,44.9,0.316227766,10,0.997777778,0.007027284,10,15,0,10,6.82297714,0.19111982,10,99.692,0.41777804,10,29.41883373,0.001307504,0.1,0.002222222,0,0.060437394,0.132113016
centralized,150,15,45,0,15,0.075,22485.9,35.58542148,10,0.999373333,0.001581574,10,45,0,10,1,0,10,15,0,10,7.003643046,0.366918155,10,99.93244444,0.159130697,10,11.25309834,0.000500138,0,0,0,0.116029709,0.050321545
centralized,150,15,45,0,16,0.08,22500,0,10,1,0,10,45,0,10,1,0,10,15,0,10,7.058924444,0.446075866,10,99.99511111,0.001405457,10,0,0,0,0,0,0.141061575,0.000444444
centralized,150,15,45,0,17,0.085,22500,0,10,1,0,10,45,0,10,1,0,10,15,0,10,7.058924444,0.446075866,10,99.99511111,0.001405457,10,0,0,0,0,0,0.141061575,0.000444444
centralized,150,15,45,0,18,0.09,22500,0,10,1,0,10,45,0,10,1,0,10,15,0,10,7.058924444,0.446075866,10,99.99511111,0.001405457,10,0,0,0,0,0,0.141061575,0.000444444
centralized,150,15,45,0,19,0.095,22500,0,10,1,0,10,45,0,10,1,0,10,15,0,10,7.058924444,0.446075866,10,99.99511111,0.001405457,10,0,0,0,0,0,0.141061575,0.000444444
centralized,150,15,45,0,20,0.1,22500,0,10,1,0,10,45,0,10,1,0,10,15,0,10,7.058924444,0.446075866,10,99.99511111,0.001405457,10,0,0,0,0,0,0.141061575,0.000444444
centralized,150,15,45,0,21,0.105,22500,0,10,1,0,10,45,0,10,1,0,10,15,0,10,7.058924444,0.446075866,10,99.99511111,0.001405457,10,0,0,0,0,0,0.141061575,0.000444444
centralized,150,15,45,0,22,0.11,22500,0,10,1,0,10,45,0,10,1,0,10,15,0,10,7.058924444,0.446075866,10,99.99511111,0.001405457,10,0,0,0,0,0,0.141061575,0.000444444
centralized,150,15,45,0,23,0.115,22500,0,10,1,0,10,45,0,10,1,0,10,15,0,10,7.058924444,0.446075866,10,99.99511111,0.001405457,10,0,0,0,0,0,0.141061575,0.000444444
centralized,150,15,45,0,24,0.12,22500,0,10,1,0,10,45,0,10,1,0,10,15,0,10,7.058924444,0.446075866,10,99.99511111,0.001405457,10,0,0,0,0,0,0.141061575,0.000444444
centralized,150,15,45,0,25,0.125,22500,0,10,1,0,10,45,0,10,1,0,10,15,0,10,7.058924444,0.446075866,10,99.99511111,0.001405457,10,0,0,0,0,0,0.141061575,0.000444444
centralized,150,15,45,0,26,0.13,22500,0,10,1,0,10,45,0,10,1,0,10,15,0,10,7.058924444,0.446075866,10,99.99511111,0.001405457,10,0,0,0,0,0,0.141061575,0.000444444
centralized,150,15,45,0,27,0.135,22500,0,10,1,0,10,45,0,10,1,0,10,15,0,10,7.058924444,0.446075866,10,99.99511111,0.001405457,10,0,0,0,0,0,0.141061575,0.000444444
centralized,150,15,45,0,28,0.14,22500,0,10,1,0,10,45,0,10,1,0,10,15,0,10,7.058924444,0.446075866,10,99.99511111,0.001405457,10,0,0,0,0,0,0.141061575,0.000444444
centralized,150,15,45,0,29,0.145,22500,0,10,1,0,10,45,0,10,1,0,10,15,0,10,7.058924444,0.446075866,10,99.99511111,0.001405457,10,0,0,0,0,0,0.141061575,0.000444444
centralized,150,15,45,0,30,0.15,22500,0,10,1,0,10,45,0,10,1,0,10,15,0,10,7.058924444,0.446075866,10,99.99511111,0.001405457,10,0,0,0,0,0,0.141061575,0.000444444
centralized,150,15,45,0,31,0.155,22500,0,10,1,0,10,45,0,10,1,0,10,15,0,10,7.058924444,0.446075866,10,99.99511111,0.001405457,10,0,0,0,0,0,0.141061575,0.000444444
centralized,150,15,45,0,32,0.16,22500,0,10,1,0,10,45,0,10,1,0,10,15,0,10,7.058924444,0.446075866,10,99.99511111,0.001405457,10,0,0,0,0,0,0.141061575,0.000444444
centralized,150,15,45,0,33,0.165,22500,0,10,1,0,10,45,0,10,1,0,10,15,0,10,7.058924444,0.446075866,10,99.99511111,0.001405457,10,0,0,0,0,0,0.141061575,0.000444444
centralized,150,15,45,0,34,0.17,22500,0,10,1,0,10,45,0,10,1,0,10,15,0,10,7.058924444,0.446075866,10,99.99511111,0.001405457,10,0,0,0,0,0,0.141061575,0.000444444
centralized,150,15,45,0,35,0.175,22500,0,10,1,0,10,45,0,10,1,0,10,15,0,10,7.058924444,0.446075866,10,99.99511111,0.001405457,10,0,0,0,0,0,0.141061575,0.000444444
centralized,150,15,45,0,36,0.18,22500,0,10,1,0,10,45,0,10,1,0,10,15,0,10,7.058924444,0.446075866,10,99.99511111,0.001405457,10,0,0,0,0,0,0.141061575,0.000444444
centralized,150,15,45,0,37,0.185,22500,0,10,1,0,10,45,0,10,1,0,10,15,0,10,7.058924444,0.446075866,10,99.99511111,0.001405457,10,0,0,0,0,0,0.141061575,0.000444444
centralized,150,15,45,0,38,0.19,22500,0,10,1,0,10,45,0,10,1,0,10,15,0,10,7.058924444,0.446075866,10,99.99511111,0.001405457,10,0,0,0,0,0,0.141061575,0.000444444
centralized,150,15,45,0,39,0.195,22500,0,10,1,0,10,45,0,10,1,0,10,15,0,10,7.058924444,0.446075866,10,99.99511111,0.001405457,10,0,0,0,0,0,0.141061575,0.000444444
centralized,150,15,45,0,40,0.2,22500,0,10,1,0,10,45,0,10,1,0,10,15,0,10,7.058924444,0.446075866,10,99.99511111,0.001405457,10,0,0,0,0,0,0.141061575,0.000444444
centralized,150,15,45,0,41,0.205,22500,0,10,1,0,10,45,0,10,1,0,10,15,0,10,7.058924444,0.446075866,10,99.99511111,0.001405457,10,0,0,0,0,0,0.141061575,0.000444444
centralized,150,15,45,0,42,0.21,22500,0,10,1,0,10,45,0,10,1,0,10,15,0,10,7.058924444,0.446075866,10,99.99511111,0.001405457,10,0,0,0,0,0,0.141061575,0.000444444
centralized,150,15,45,0,43,0.215,22500,0,10,1,0,10,45,0,10,1,0,10,15,0,10,7.058924444,0.446075866,10,99.99511111,0.001405457,10,0,0,0,0,0,0.141061575,0.000444444
centralized,150,15,45,0,44,0.22,22500,0,10,1,0,10,45,0,10,1,0,10,15,0,10,7.058924444,0.446075866,10,99.99511111,0.001405457,10,0,0,0,0,0,0.141061575,0.000444444
centralized,150,15,45,0,45,0.225,22500,0,10,1,0,10,45,0,10,1,0,10,15,0,10,7.058924444,0.446075866,10,99.99511111,0.001405457,10,0,0,0,0,0,0.141061575,0.000444444
centralized,150,15,45,0,46,0.23,22500,0,10,1,0,10,45,0,10,1,0,10,15,0,10,7.058924444,0.446075866,10,99.99511111,0.001405457,10,0,0,0,0,0,0.141061575,0.000444444
centralized,150,15,45,0,47,0.235,22500,0,10,1,0,10,45,0,10,1,0,10,15,0,10,7.058924444,0.446075866,10,99.99511111,0.001405457,10,0,0,0,0,0,0.141061575,0.000444444
centralized,150,15,45,0,48,0.24,22500,0,10,1,0,10,45,0,10,1,0,10,15,0,10,7.058924444,0.446075866,10,99.99511111,0.001405457,10,0,0,0,0,0,0.141061575,0.000444444
centralized,150,15,45,0,49,0.245,22500,0,10,1,0,10,45,0,10,1,0,10,15,0,10,7.058924444,0.446075866,10,99.99511111,0.001405457,10,0,0,0,0,0,0.141061575,0.000444444
centralized,150,15,45,0,50,0.25,22500,0,10,1,0,10,45,0,10,1,0,10,15,0,10,7.058924444,0.446075866,10,99.99511111,0.001405457,10,0,0,0,0,0,0.141061575,0.000444444
centralized,150,15,45,0,51,0.255,22500,0,10,1,0,10,45,0,10,1,0,10,15,0,10,7.058924444,0.446075866,10,99.99511111,0.001405457,10,0,0,0,0,0,0.141061575,0.000444444
centralized,150,15,45,0,52,0.26,22500,0,10,1,0,10,45,0,10,1,0,10,15,0,10,7.058924444,0.446075866,10,99.99511111,0.001405457,10,0,0,0,0,0,0.141061575,0.000444444
centralized,150,15,45,0,53,0.265,22500,0,10,1,0,10,45,0,10,1,0,10,15,0,10,7.058924444,0.446075866,10,99.99511111,0.001405457,10,0,0,0,0,0,0.141061575,0.000444444
centralized,150,15,45,0,54,0.27,22500,0,10,1,0,10,45,0,10,1,0,10,15,0,10,7.058924444,0.446075866,10,99.99511111,0.001405457,10,0,0,0,0,0,0.141061575,0.000444444
centralized,150,15,45,0,55,0.275,22500,0,10,1,0,10,45,0,10,1,0,10,15,0,10,7.058924444,0.446075866,10,99.99511111,0.001405457,10,0,0,0,0,0,0.141061575,0.000444444
centralized,150,15,45,0,56,0.28,22500,0,10,1,0,10,45,0,10,1,0,10,15,0,10,7.058924444,0.446075866,10,99.99511111,0.001405457,10,0,0,0,0,0,0.141061575,0.000444444
centralized,150,15,45,0,57,0.285,22500,0,10,1,0,10,45,0,10,1,0,10,15,0,10,7.058924444,0.446075866,10,99.99511111,0.001405457,10,0,0,0,0,0,0.141061575,0.000444444
centralized,150,15,45,0,58,0.29,22500,0,10,1,0,10,45,0,10,1,0,10,15,0,10,7.058924444,0.446075866,10,99.99511111,0.001405457,10,0,0,0,0,0,0.141061575,0.000444444
centralized,150,15,45,0,59,0.295,22500,0,10,1,0,10,45,0,10,1,0,10,15,0,10,7.058924444,0.446075866,10,99.99511111,0.001405457,10,0,0,0,0,0,0.141061575,0.000444444
centralized,150,15,45,0,60,0.3,22500,0,10,1,0,10,45,0,10,1,0,10,15,0,10,7.058924444,0.446075866,10,99.99511111,0.001405457,10,0,0,0,0,0,0.141061575,0.000444444
centralized,150,15,45,0,61,0.305,22500,0,10,1,0,10,45,0,10,1,0,10,15,0,10,7.058924444,0.446075866,10,99.99511111,0.001405457,10,0,0,0,0,0,0.141061575,0.000444444
centralized,150,15,45,0,62,0.31,22500,0,10,1,0,10,45,0,10,1,0,10,15,0,10,7.058924444,0.446075866,10,99.99511111,0.001405457,10,0,0,0,0,0,0.141061575,0.000444444
centralized,150,15,45,0,63,0.315,22500,0,10,1,0,10,45,0,10,1,0,10,15,0,10,7.058924444,0.446075866,10,99.99511111,0.001405457,10,0,0,0,0,0,0.141061575,0.000444444
centralized,150,15,45,0,64,0.32,22500,0,10,1,0,10,45,0,10,1,0,10,15,0,10,7.058924444,0.446075866,10,99.99511111,0.001405457,10,0,0,0,0,0,0.141061575,0.000444444
centralized,150,15,45,0,65,0.325,22500,0,10,1,0,10,45,0,10,1,0,10,15,0,10,7.058924444,0.446075866,10,99.99511111,0.001405457,10,0,0,0,0,0,0.141061575,0.000444444
centralized,150,15,45,0,66,0.33,22500,0,10,1,0,10,45,0,10,1,0,10,15,0,10,7.058924444,0.446075866,10,99.99511111,0.001405457,10,0,0,0,0,0,0.141061575,0.000444444
centralized,150,15,45,0,67,0.335,22500,0,10,1,0,10,45,0,10,1,0,10,15,0,10,7.058924444,0.446075866,10,99.99511111,0.001405457,10,0,0,0,0,0,0.141061575,0.000444444
centralized,150,15,45,0,68,0.34,22500,0,10,1,0,10,45,0,10,1,0,10,15,0,10,7.058924444,0.446075866,10,99.99511111,0.001405457,10,0,0,0,0,0,0.141061575,0.000444444
centralized,150,15,45,0,69,0.345,22500,0,10,1,0,10,45,0,10,1,0,10,15,0,10,7.058924444,0.446075866,10,99.99511111,0.001405457,10,0,0,0,0,0,0.141061575,0.000444444
centralized,150,15,45,0,70,0.35,22500,0,10,1,0,10,45,0,10,1,0,10,15,0,10,7.058924444,0.446075866,10,99.99511111,0.001405457,10,0,0,0,0,0,0.141061575,0.000444444
centralized,150,15,45,0,71,0.355,22500,0,10,1,0,10,45,0,10,1,0,10,15,0,10,7.058924444,0.446075866,10,99.99511111,0.001405457,10,0,0,0,0,0,0.141061575,0.000444444
centralized,150,15,45,0,72,0.36,22500,0,10,1,0,10,45,0,10,1,0,10,15,0,10,7.058924444,0.446075866,10,99.99511111,0.001405457,10,0,0,0,0,0,0.141061575,0.000444444
centralized,150,15,45,0,73,0.365,22500,0,10,1,0,10,45,0,10,1,0,10,15,0,10,7.058924444,0.446075866,10,99.99511111,0.001405457,10,0,0,0,0,0,0.141061575,0.000444444
centralized,150,15,45,0,74,0.37,22500,0,10,1,0,10,45,0,10,1,0,10,15,0,10,7.058924444,0.446075866,10,99.99511111,0.001405457,10,0,0,0,0,0,0.141061575,0.000444444
centralized,150,15,45,0,75,0.375,22500,0,10,1,0,10,45,0,10,1,0,10,15,0,10,7.058924444,0.446075866,10,99.99511111,0.001405457,10,0,0,0,0,0,0.141061575,0.000444444
centralized,150,15,45,0,76,0.38,22500,0,10,1,0,10,45,0,10,1,0,10,15,0,10,7.058924444,0.446075866,10,99.99511111,0.001405457,10,0,0,0,0,0,0.141061575,0.000444444
centralized,150,15,45,0,77,0.385,22500,0,10,1,0,10,45,0,10,1,0,10,15,0,10,7.058924444,0.446075866,10,99.99511111,0.001405457,10,0,0,0,0,0,0.141061575,0.000444444
centralized,150,15,45,0,78,0.39,22500,0,10,1,0,10,45,0,10,1,0,10,15,0,10,7.058924444,0.446075866,10,99.99511111,0.001405457,10,0,0,0,0,0,0.141061575,0.000444444
centralized,150,15,45,0,79,0.395,22500,0,10,1,0,10,45,0,10,1,0,10,15,0,10,7.058924444,0.446075866,10,99.99511111,0.001405457,10,0,0,0,0,0,0.141061575,0.000444444
centralized,150,15,45,0,80,0.4,22500,0,10,1,0,10,45,0,10,1,0,10,15,0,10,7.058924444,0.446075866,10,99.99511111,0.001405457,10,0,0,0,0,0,0.141061575,0.000444444
centralized,150,15,45,0,81,0.405,22500,0,10,1,0,10,45,0,10,1,0,10,15,0,10,7.058924444,0.446075866,10,99.99511111,0.001405457,10,0,0,0,0,0,0.141061575,0.000444444
centralized,150,15,45,0,82,0.41,22500,0,10,1,0,10,45,0,10,1,0,10,15,0,10,7.058924444,0.446075866,10,99.99511111,0.001405457,10,0,0,0,0,0,0.141061575,0.000444444
centralized,150,15,45,0,83,0.415,22500,0,10,1,0,10,45,0,10,1,0,10,15,0,10,7.058924444,0.446075866,10,99.99511111,0.001405457,10,0,0,0,0,0,0.141061575,0.000444444
centralized,150,15,45,0,84,0.42,22500,0,10,1,0,10,45,0,10,1,0,10,15,0,10,7.058924444,0.446075866,10,99.99511111,0.001405457,10,0,0,0,0,0,0.141061575,0.000444444
centralized,150,15,45,0,85,0.425,22500,0,10,1,0,10,45,0,10,1,0,10,15,0,10,7.058924444,0.446075866,10,99.99511111,0.001405457,10,0,0,0,0,0,0.141061575,0.000444444
centralized,150,15,45,0,86,0.43,22500,0,10,1,0,10,45,0,10,1,0,10,15,0,10,7.058924444,0.446075866,10,99.99511111,0.001405457,10,0,0,0,0,0,0.141061575,0.000444444
centralized,150,15,45,0,87,0.435,22500,0,10,1,0,10,45,0,10,1,0,10,15,0,10,7.058924444,0.446075866,10,99.99511111,0.001405457,10,0,0,0,0,0,0.141061575,0.000444444
centralized,150,15,45,0,88,0.44,22500,0,10,1,0,10,45,0,10,1,0,10,15,0,10,7.058924444,0.446075866,10,99.99511111,0.001405457,10,0,0,0,0,0,0.141061575,0.000444444
centralized,150,15,45,0,89,0.445,22500,0,10,1,0,10,45,0,10,1,0,10,15,0,10,7.058924444,0.446075866,10,99.99511111,0.001405457,10,0,0,0,0,0,0.141061575,0.000444444
centralized,150,15,45,0,90,0.45,22500,0,10,1,0,10,45,0,10,1,0,10,15,0,10,7.058924444,0.446075866,10,99.99511111,0.001405457,10,0,0,0,0,0,0.141061575,0.000444444
centralized,150,15,45,0,91,0.455,22500,0,10,1,0,10,45,0,10,1,0,10,15,0,10,7.058924444,0.446075866,10,99.99511111,0.001405457,10,0,0,0,0,0,0.141061575,0.000444444
centralized,150,15,45,0,92,0.46,22500,0,10,1,0,10,45,0,10,1,0,10,15,0,10,7.058924444,0.446075866,10,99.99511111,0.001405457,10,0,0,0,0,0,0.141061575,0.000444444
centralized,150,15,45,0,93,0.465,22500,0,10,1,0,10,45,0,10,1,0,10,15,0,10,7.058924444,0.446075866,10,99.99511111,0.001405457,10,0,0,0,0,0,0.141061575,0.000444444
centralized,150,15,45,0,94,0.47,22500,0,10,1,0,10,45,0,10,1,0,10,15,0,10,7.058924444,0.446075866,10,99.99511111,0.001405457,10,0,0,0,0,0,0.141061575,0.000444444
centralized,150,15,45,0,95,0.475,22500,0,10,1,0,10,45,0,10,1,0,10,15,0,10,7.058924444,0.446075866,10,99.99511111,0.001405457,10,0,0,0,0,0,0.141061575,0.000444444
centralized,150,15,45,0,96,0.48,22500,0,10,1,0,10,45,0,10,1,0,10,15,0,10,7.058924444,0.446075866,10,99.99511111,0.001405457,10,0,0,0,0,0,0.141061575,0.000444444
centralized,150,15,45,0,97,0.485,22500,0,10,1,0,10,45,0,10,1,0,10,15,0,10,7.058924444,0.446075866,10,99.99511111,0.001405457,10,0,0,0,0,0,0.141061575,0.000444444
centralized,150,15,45,0,98,0.49,22500,0,10,1,0,10,45,0,10,1,0,10,15,0,10,7.058924444,0.446075866,10,99.99511111,0.001405457,10,0,0,0,0,0,0.141061575,0.000444444
centralized,150,15,45,0,99,0.495,22500,0,10,1,0,10,45,0,10,1,0,10,15,0,10,7.058924444,0.446075866,10,99.99511111,0.001405457,10,0,0,0,0,0,0.141061575,0.000444444
centralized,150,15,45,0,100,0.5,22500,0,10,1,0,10,45,0,10,1,0,10,15,0,10,7.058924444,0.446075866,10,99.99511111,0.001405457,10,0,0,0,0,0,0.141061575,0.000444444
centralized,150,15,45,0,101,0.505,22500,0,10,1,0,10,45,0,10,1,0,10,15,0,10,7.058924444,0.446075866,10,99.99511111,0.001405457,10,0,0,0,0,0,0.141061575,0.000444444
centralized,150,15,45,0,102,0.51,22500,0,10,1,0,10,45,0,10,1,0,10,15,0,10,7.058924444,0.446075866,10,99.99511111,0.001405457,10,0,0,0,0,0,0.141061575,0.000444444
centralized,150,15,45,0,103,0.515,22500,0,10,1,0,10,45,0,10,1,0,10,15,0,10,7.058924444,0.446075866,10,99.99511111,0.001405457,10,0,0,0,0,0,0.141061575,0.000444444
centralized,150,15,45,0,104,0.52,22500,0,10,1,0,10,45,0,10,1,0,10,15,0,10,7.058924444,0.446075866,10,99.99511111,0.001405457,10,0,0,0,0,0,0.141061575,0.000444444
centralized,150,15,45,0,105,0.525,22500,0,10,1,0,10,45,0,10,1,0,10,15,0,10,7.058924444,0.446075866,10,99.99511111,0.001405457,10,0,0,0,0,0,0.141061575,0.000444444
centralized,150,15,45,0,106,0.53,22500,0,10,1,0,10,45,0,10,1,0,10,15,0,10,7.058924444,0.446075866,10,99.99511111,0.001405457,10,0,0,0,0,0,0.141061575,0.000444444
centralized,150,15,45,0,107,0.535,22500,0,10,1,0,10,45,0,10,1,0,10,15,0,10,7.058924444,0.446075866,10,99.99511111,0.001405457,10,0,0,0,0,0,0.141061575,0.000444444
centralized,150,15,45,0,108,0.54,22500,0,10,1,0,10,45,0,10,1,0,10,15,0,10,7.058924444,0.446075866,10,99.99511111,0.001405457,10,0,0,0,0,0,0.141061575,0.000444444
centralized,150,15,45,0,109,0.545,22500,0,10,1,0,10,45,0,10,1,0,10,15,0,10,7.058924444,0.446075866,10,99.99511111,0.001405457,10,0,0,0,0,0,0.141061575,0.000444444
centralized,150,15,45,0,110,0.55,22500,0,10,1,0,10,45,0,10,1,0,10,15,0,10,7.058924444,0.446075866,10,99.99511111,0.001405457,10,0,0,0,0,0,0.141061575,0.000444444
centralized,150,15,45,0,111,0.555,22500,0,10,1,0,10,45,0,10,1,0,10,15,0,10,7.058924444,0.446075866,10,99.99511111,0.001405457,10,0,0,0,0,0,0.141061575,0.000444444
centralized,150,15,45,0,112,0.56,22500,0,10,1,0,10,45,0,10,1,0,10,15,0,10,7.058924444,0.446075866,10,99.99511111,0.001405457,10,0,0,0,0,0,0.141061575,0.000444444
centralized,150,15,45,0,113,0.565,22500,0,10,1,0,10,45,0,10,1,0,10,15,0,10,7.058924444,0.446075866,10,99.99511111,0.001405457,10,0,0,0,0,0,0.141061575,0.000444444
centralized,150,15,45,0,114,0.57,22500,0,10,1,0,10,45,0,10,1,0,10,15,0,10,7.058924444,0.446075866,10,99.99511111,0.001405457,10,0,0,0,0,0,0.141061575,0.000444444
centralized,150,15,45,0,115,0.575,22500,0,10,1,0,10,45,0,10,1,0,10,15,0,10,7.058924444,0.446075866,10,99.99511111,0.001405457,10,0,0,0,0,0,0.141061575,0.000444444
centralized,150,15,45,0,116,0.58,22500,0,10,1,0,10,45,0,10,1,0,10,15,0,10,7.058924444,0.446075866,10,99.99511111,0.001405457,10,0,0,0,0,0,0.141061575,0.000444444
centralized,150,15,45,0,117,0.585,22500,0,10,1,0,10,45,0,10,1,0,10,15,0,10,7.058924444,0.446075866,10,99.99511111,0.001405457,10,0,0,0,0,0,0.141061575,0.000444444
centralized,150,15,45,0,118,0.59,22500,0,10,1,0,10,45,0,10,1,0,10,15,0,10,7.058924444,0.446075866,10,99.99511111,0.001405457,10,0,0,0,0,0,0.141061575,0.000444444
centralized,150,15,45,0,119,0.595,22500,0,10,1,0,10,45,0,10,1,0,10,15,0,10,7.058924444,0.446075866,10,99.99511111,0.001405457,10,0,0,0,0,0,0.141061575,0.000444444
centralized,150,15,45,0,120,0.6,22500,0,10,1,0,10,45,0,10,1,0,10,15,0,10,7.058924444,0.446075866,10,99.99511111,0.001405457,10,0,0,0,0,0,0.141061575,0.000444444
centralized,150,15,45,0,121,0.605,22500,0,10,1,0,10,45,0,10,1,0,10,15,0,10,7.058924444,0.446075866,10,99.99511111,0.001405457,10,0,0,0,0,0,0.141061575,0.000444444
centralized,150,15,45,0,122,0.61,22500,0,10,1,0,10,45,0,10,1,0,10,15,0,10,7.058924444,0.446075866,10,99.99511111,0.001405457,10,0,0,0,0,0,0.141061575,0.000444444
centralized,150,15,45,0,123,0.615,22500,0,10,1,0,10,45,0,10,1,0,10,15,0,10,7.058924444,0.446075866,10,99.99511111,0.001405457,10,0,0,0,0,0,0.141061575,0.000444444
centralized,150,15,45,0,124,0.62,22500,0,10,1,0,10,45,0,10,1,0,10,15,0,10,7.058924444,0.446075866,10,99.99511111,0.001405457,10,0,0,0,0,0,0.141061575,0.000444444
centralized,150,15,45,0,125,0.625,22500,0,10,1,0,10,45,0,10,1,0,10,15,0,10,7.058924444,0.446075866,10,99.99511111,0.001405457,10,0,0,0,0,0,0.141061575,0.000444444
centralized,150,15,45,0,126,0.63,22500,0,10,1,0,10,45,0,10,1,0,10,15,0,10,7.058924444,0.446075866,10,99.99511111,0.001405457,10,0,0,0,0,0,0.141061575,0.000444444
centralized,150,15,45,0,127,0.635,22500,0,10,1,0,10,45,0,10,1,0,10,15,0,10,7.058924444,0.446075866,10,99.99511111,0.001405457,10,0,0,0,0,0,0.141061575,0.000444444
centralized,150,15,45,0,128,0.64,22500,0,10,1,0,10,45,0,10,1,0,10,15,0,10,7.058924444,0.446075866,10,99.99511111,0.001405457,10,0,0,0,0,0,0.141061575,0.000444444
centralized,150,15,45,0,129,0.645,22500,0,10,1,0,10,45,0,10,1,0,10,15,0,10,7.058924444,0.446075866,10,99.99511111,0.001405457,10,0,0,0,0,0,0.141061575,0.000444444
centralized,150,15,45,0,130,0.65,22500,0,10,1,0,10,45,0,10,1,0,10,15,0,10,7.058924444,0.446075866,10,99.99511111,0.001405457,10,0,0,0,0,0,0.141061575,0.000444444
centralized,150,15,45,0,131,0.655,22500,0,10,1,0,10,45,0,10,1,0,10,15,0,10,7.058924444,0.446075866,10,99.99511111,0.001405457,10,0,0,0,0,0,0.141061575,0.000444444
centralized,150,15,45,0,132,0.66,22500,0,10,1,0,10,45,0,10,1,0,10,15,0,10,7.058924444,0.446075866,10,99.99511111,0.001405457,10,0,0,0,0,0,0.141061575,0.000444444
centralized,150,15,45,0,133,0.665,22500,0,10,1,0,10,45,0,10,1,0,10,15,0,10,7.058924444,0.446075866,10,99.99511111,0.001405457,10,0,0,0,0,0,0.141061575,0.000444444
centralized,150,15,45,0,134,0.67,22500,0,10,1,0,10,45,0,10,1,0,10,15,0,10,7.058924444,0.446075866,10,99.99511111,0.001405457,10,0,0,0,0,0,0.141061575,0.000444444
centralized,150,15,45,0,135,0.675,22500,0,10,1,0,10,45,0,10,1,0,10,15,0,10,7.058924444,0.446075866,10,99.99511111,0.001405457,10,0,0,0,0,0,0.141061575,0.000444444
centralized,150,15,45,0,136,0.68,22500,0,10,1,0,10,45,0,10,1,0,10,15,0,10,7.058924444,0.446075866,10,99.99511111,0.001405457,10,0,0,0,0,0,0.141061575,0.000444444
centralized,150,15,45,0,137,0.685,22500,0,10,1,0,10,45,0,10,1,0,10,15,0,10,7.058924444,0.446075866,10,99.99511111,0.001405457,10,0,0,0,0,0,0.141061575,0.000444444
centralized,150,15,45,0,138,0.69,22500,0,10,1,0,10,45,0,10,1,0,10,15,0,10,7.058924444,0.446075866,10,99.99511111,0.001405457,10,0,0,0,0,0,0.141061575,0.000444444
centralized,150,15,45,0,139,0.695,22500,0,10,1,0,10,45,0,10,1,0,10,15,0,10,7.058924444,0.446075866,10,99.99511111,0.001405457,10,0,0,0,0,0,0.141061575,0.000444444
centralized,150,15,45,0,140,0.7,22500,0,10,1,0,10,45,0,10,1,0,10,15,0,10,7.058924444,0.446075866,10,99.99511111,0.001405457,10,0,0,0,0,0,0.141061575,0.000444444
centralized,150,15,45,0,141,0.705,22500,0,10,1,0,10,45,0,10,1,0,10,15,0,10,7.058924444,0.446075866,10,99.99511111,0.001405457,10,0,0,0,0,0,0.141061575,0.000444444
centralized,150,15,45,0,142,0.71,22500,0,10,1,0,10,45,0,10,1,0,10,15,0,10,7.058924444,0.446075866,10,99.99511111,0.001405457,10,0,0,0,0,0,0.141061575,0.000444444
centralized,150,15,45,0,143,0.715,22500,0,10,1,0,10,45,0,10,1,0,10,15,0,10,7.058924444,0.446075866,10,99.99511111,0.001405457,10,0,0,0,0,0,0.141061575,0.000444444
centralized,150,15,45,0,144,0.72,22500,0,10,1,0,10,45,0,10,1,0,10,15,0,10,7.058924444,0.446075866,10,99.99511111,0.001405457,10,0,0,0,0,0,0.141061575,0.000444444
centralized,150,15,45,0,145,0.725,22500,0,10,1,0,10,45,0,10,1,0,10,15,0,10,7.058924444,0.446075866,10,99.99511111,0.001405457,10,0,0,0,0,0,0.141061575,0.000444444
centralized,150,15,45,0,146,0.73,22500,0,10,1,0,10,45,0,10,1,0,10,15,0,10,7.058924444,0.446075866,10,99.99511111,0.001405457,10,0,0,0,0,0,0.141061575,0.000444444
centralized,150,15,45,0,147,0.735,22500,0,10,1,0,10,45,0,10,1,0,10,15,0,10,7.058924444,0.446075866,10,99.99511111,0.001405457,10,0,0,0,0,0,0.141061575,0.000444444
centralized,150,15,45,0,148,0.74,22500,0,10,1,0,10,45,0,10,1,0,10,15,0,10,7.058924444,0.446075866,10,99.99511111,0.001405457,10,0,0,0,0,0,0.141061575,0.000444444
centralized,150,15,45,0,149,0.745,22500,0,10,1,0,10,45,0,10,1,0,10,15,0,10,7.058924444,0.446075866,10,99.99511111,0.001405457,10,0,0,0,0,0,0.141061575,0.000444444
centralized,150,15,45,0,150,0.75,22500,0,10,1,0,10,45,0,10,1,0,10,15,0,10,7.058924444,0.446075866,10,99.99511111,0.001405457,10,0,0,0,0,0,0.141061575,0.000444444
centralized,150,15,45,0,151,0.755,22500,0,10,1,0,10,45,0,10,1,0,10,15,0,10,7.058924444,0.446075866,10,99.99511111,0.001405457,10,0,0,0,0,0,0.141061575,0.000444444
centralized,150,15,45,0,152,0.76,22500,0,10,1,0,10,45,0,10,1,0,10,15,0,10,7.058924444,0.446075866,10,99.99511111,0.001405457,10,0,0,0,0,0,0.141061575,0.000444444
centralized,150,15,45,0,153,0.765,22500,0,10,1,0,10,45,0,10,1,0,10,15,0,10,7.058924444,0.446075866,10,99.99511111,0.001405457,10,0,0,0,0,0,0.141061575,0.000444444
centralized,150,15,45,0,154,0.77,22500,0,10,1,0,10,45,0,10,1,0,10,15,0,10,7.058924444,0.446075866,10,99.99511111,0.001405457,10,0,0,0,0,0,0.141061575,0.000444444
centralized,150,15,45,0,155,0.775,22500,0,10,1,0,10,45,0,10,1,0,10,15,0,10,7.058924444,0.446075866,10,99.99511111,0.001405457,10,0,0,0,0,0,0.141061575,0.000444444
centralized,150,15,45,0,156,0.78,22500,0,10,1,0,10,45,0,10,1,0,10,15,0,10,7.058924444,0.446075866,10,99.99511111,0.001405457,10,0,0,0,0,0,0.141061575,0.000444444
centralized,150,15,45,0,157,0.785,22500,0,10,1,0,10,45,0,10,1,0,10,15,0,10,7.058924444,0.446075866,10,99.99511111,0.001405457,10,0,0,0,0,0,0.141061575,0.000444444
centralized,150,15,45,0,158,0.79,22500,0,10,1,0,10,45,0,10,1,0,10,15,0,10,7.058924444,0.446075866,10,99.99511111,0.001405457,10,0,0,0,0,0,0.141061575,0.000444444
centralized,150,15,45,0,159,0.795,22500,0,10,1,0,10,45,0,10,1,0,10,15,0,10,7.058924444,0.446075866,10,99.99511111,0.001405457,10,0,0,0,0,0,0.141061575,0.000444444
centralized,150,15,45,0,160,0.8,22500,0,10,1,0,10,45,0,10,1,0,10,15,0,10,7.058924444,0.446075866,10,99.99511111,0.001405457,10,0,0,0,0,0,0.141061575,0.000444444
centralized,150,15,45,0,161,0.805,22500,0,10,1,0,10,45,0,10,1,0,10,15,0,10,7.058924444,0.446075866,10,99.99511111,0.001405457,10,0,0,0,0,0,0.141061575,0.000444444
centralized,150,15,45,0,162,0.81,22500,0,10,1,0,10,45,0,10,1,0,10,15,0,10,7.058924444,0.446075866,10,99.99511111,0.001405457,10,0,0,0,0,0,0.141061575,0.000444444
centralized,150,15,45,0,163,0.815,22500,0,10,1,0,10,45,0,10,1,0,10,15,0,10,7.058924444,0.446075866,10,99.99511111,0.001405457,10,0,0,0,0,0,0.141061575,0.000444444
centralized,150,15,45,0,164,0.82,22500,0,10,1,0,10,45,0,10,1,0,10,15,0,10,7.058924444,0.446075866,10,99.99511111,0.001405457,10,0,0,0,0,0,0.141061575,0.000444444
centralized,150,15,45,0,165,0.825,22500,0,10,1,0,10,45,0,10,1,0,10,15,0,10,7.058924444,0.446075866,10,99.99511111,0.001405457,10,0,0,0,0,0,0.141061575,0.000444444
centralized,150,15,45,0,166,0.83,22500,0,10,1,0,10,45,0,10,1,0,10,15,0,10,7.058924444,0.446075866,10,99.99511111,0.001405457,10,0,0,0,0,0,0.141061575,0.000444444
centralized,150,15,45,0,167,0.835,22500,0,10,1,0,10,45,0,10,1,0,10,15,0,10,7.058924444,0.446075866,10,99.99511111,0.001405457,10,0,0,0,0,0,0.141061575,0.000444444
centralized,150,15,45,0,168,0.84,22500,0,10,1,0,10,45,0,10,1,0,10,15,0,10,7.058924444,0.446075866,10,99.99511111,0.001405457,10,0,0,0,0,0,0.141061575,0.000444444
centralized,150,15,45,0,169,0.845,22500,0,10,1,0,10,45,0,10,1,0,10,15,0,10,7.058924444,0.446075866,10,99.99511111,0.001405457,10,0,0,0,0,0,0.141061575,0.000444444
centralized,150,15,45,0,170,0.85,22500,0,10,1,0,10,45,0,10,1,0,10,15,0,10,7.058924444,0.446075866,10,99.99511111,0.001405457,10,0,0,0,0,0,0.141061575,0.000444444
centralized,150,15,45,0,171,0.855,22500,0,10,1,0,10,45,0,10,1,0,10,15,0,10,7.058924444,0.446075866,10,99.99511111,0.001405457,10,0,0,0,0,0,0.141061575,0.000444444
centralized,150,15,45,0,172,0.86,22500,0,10,1,0,10,45,0,10,1,0,10,15,0,10,7.058924444,0.446075866,10,99.99511111,0.001405457,10,0,0,0,0,0,0.141061575,0.000444444
centralized,150,15,45,0,173,0.865,22500,0,10,1,0,10,45,0,10,1,0,10,15,0,10,7.058924444,0.446075866,10,99.99511111,0.001405457,10,0,0,0,0,0,0.141061575,0.000444444
centralized,150,15,45,0,174,0.87,22500,0,10,1,0,10,45,0,10,1,0,10,15,0,10,7.058924444,0.446075866,10,99.99511111,0.001405457,10,0,0,0,0,0,0.141061575,0.000444444
centralized,150,15,45,0,175,0.875,22500,0,10,1,0,10,45,0,10,1,0,10,15,0,10,7.058924444,0.446075866,10,99.99511111,0.001405457,10,0,0,0,0,0,0.141061575,0.000444444
centralized,150,15,45,0,176,0.88,22500,0,10,1,0,10,45,0,10,1,0,10,15,0,10,7.058924444,0.446075866,10,99.99511111,0.001405457,10,0,0,0,0,0,0.141061575,0.000444444
centralized,150,15,45,0,177,0.885,22500,0,10,1,0,10,45,0,10,1,0,10,15,0,10,7.058924444,0.446075866,10,99.99511111,0.001405457,10,0,0,0,0,0,0.141061575,0.000444444
centralized,150,15,45,0,178,0.89,22500,0,10,1,0,10,45,0,10,1,0,10,15,0,10,7.058924444,0.446075866,10,99.99511111,0.001405457,10,0,0,0,0,0,0.141061575,0.000444444
centralized,150,15,45,0,179,0.895,22500,0,10,1,0,10,45,0,10,1,0,10,15,0,10,7.058924444,0.446075866,10,99.99511111,0.001405457,10,0,0,0,0,0,0.141061575,0.000444444
centralized,150,15,45,0,180,0.9,22500,0,10,1,0,10,45,0,10,1,0,10,15,0,10,7.058924444,0.446075866,10,99.99511111,0.001405457,10,0,0,0,0,0,0.141061575,0.000444444
centralized,150,15,45,0,181,0.905,22500,0,10,1,0,10,45,0,10,1,0,10,15,0,10,7.058924444,0.446075866,10,99.99511111,0.001405457,10,0,0,0,0,0,0.141061575,0.000444444
centralized,150,15,45,0,182,0.91,22500,0,10,1,0,10,45,0,10,1,0,10,15,0,10,7.058924444,0.446075866,10,99.99511111,0.001405457,10,0,0,0,0,0,0.141061575,0.000444444
centralized,150,15,45,0,183,0.915,22500,0,10,1,0,10,45,0,10,1,0,10,15,0,10,7.058924444,0.446075866,10,99.99511111,0.001405457,10,0,0,0,0,0,0.141061575,0.000444444
centralized,150,15,45,0,184,0.92,22500,0,10,1,0,10,45,0,10,1,0,10,15,0,10,7.058924444,0.446075866,10,99.99511111,0.001405457,10,0,0,0,0,0,0.141061575,0.000444444
centralized,150,15,45,0,185,0.925,22500,0,10,1,0,10,45,0,10,1,0,10,15,0,10,7.058924444,0.446075866,10,99.99511111,0.001405457,10,0,0,0,0,0,0.141061575,0.000444444
centralized,150,15,45,0,186,0.93,22500,0,10,1,0,10,45,0,10,1,0,10,15,0,10,7.058924444,0.446075866,10,99.99511111,0.001405457,10,0,0,0,0,0,0.141061575,0.000444444
centralized,150,15,45,0,187,0.935,22500,0,10,1,0,10,45,0,10,1,0,10,15,0,10,7.058924444,0.446075866,10,99.99511111,0.001405457,10,0,0,0,0,0,0.141061575,0.000444444
centralized,150,15,45,0,188,0.94,22500,0,10,1,0,10,45,0,10,1,0,10,15,0,10,7.058924444,0.446075866,10,99.99511111,0.001405457,10,0,0,0,0,0,0.141061575,0.000444444
centralized,150,15,45,0,189,0.945,22500,0,10,1,0,10,45,0,10,1,0,10,15,0,10,7.058924444,0.446075866,10,99.99511111,0.001405457,10,0,0,0,0,0,0.141061575,0.000444444
centralized,150,15,45,0,190,0.95,22500,0,10,1,0,10,45,0,10,1,0,10,15,0,10,7.058924444,0.446075866,10,99.99511111,0.001405457,10,0,0,0,0,0,0.141061575,0.000444444
centralized,150,15,45,0,191,0.955,22500,0,10,1,0,10,45,0,10,1,0,10,15,0,10,7.058924444,0.446075866,10,99.99511111,0.001405457,10,0,0,0,0,0,0.141061575,0.000444444
centralized,150,15,45,0,192,0.96,22500,0,10,1,0,10,45,0,10,1,0,10,15,0,10,7.058924444,0.446075866,10,99.99511111,0.001405457,10,0,0,0,0,0,0.141061575,0.000444444
centralized,150,15,45,0,193,0.965,22500,0,10,1,0,10,45,0,10,1,0,10,15,0,10,7.058924444,0.446075866,10,99.99511111,0.001405457,10,0,0,0,0,0,0.141061575,0.000444444
centralized,150,15,45,0,194,0.97,22500,0,10,1,0,10,45,0,10,1,0,10,15,0,10,7.058924444,0.446075866,10,99.99511111,0.001405457,10,0,0,0,0,0,0.141061575,0.000444444
centralized,150,15,45,0,195,0.975,22500,0,10,1,0,10,45,0,10,1,0,10,15,0,10,7.058924444,0.446075866,10,99.99511111,0.001405457,10,0,0,0,0,0,0.141061575,0.000444444
centralized,150,15,45,0,196,0.98,22500,0,10,1,0,10,45,0,10,1,0,10,15,0,10,7.058924444,0.446075866,10,99.99511111,0.001405457,10,0,0,0,0,0,0.141061575,0.000444444
centralized,150,15,45,0,197,0.985,22500,0,10,1,0,10,45,0,10,1,0,10,15,0,10,7.058924444,0.446075866,10,99.99511111,0.001405457,10,0,0,0,0,0,0.141061575,0.000444444
centralized,150,15,45,0,198,0.99,22500,0,10,1,0,10,45,0,10,1,0,10,15,0,10,7.058924444,0.446075866,10,99.99511111,0.001405457,10,0,0,0,0,0,0.141061575,0.000444444
centralized,150,15,45,0,199,0.995,22500,0,10,1,0,10,45,0,10,1,0,10,15,0,10,7.058924444,0.446075866,10,99.99511111,0.001405457,10,0,0,0,0,0,0.141061575,0.000444444
centralized,150,15,45,0,200,1,22500,0,10,1,0,10,45,0,10,1,0,10,15,0,10,7.058924444,0.446075866,10,99.99511111,0.001405457,10,0,0,0,0,0,0.141061575,0.000444444
centralized,200,20,60,0,0,0,0,0,10,0,0,10,0,0,10,0,0,10,20,0,10,0,0,10,0,0,10,0,0,0,0,0,0,0
centralized,200,20,60,0,1,0.005,5367.3,237.9631391,10,0.1341825,0.005949078,10,8.3,1.567021236,10,0.138333333,0.026117021,10,20,0,10,3.691296895,0.162068768,10,13.181,0.584953939,10,75.25055186,0.001881264,0.495535625,0.008258927,0,0.051250644,0.184978677
centralized,200,20,60,0,2,0.01,9104.3,373.0910077,10,0.2276075,0.009327275,10,13,3.16227766,10,0.216666667,0.052704628,10,20,0,10,4.327743335,0.179850142,10,22.56375,0.924887568,10,117.9817359,0.002949543,1,0.016666667,0,0.056873608,0.29247513
centralized,200,20,60,0,3,0.015,12180.5,423.6802384,10,0.3045125,0.010592006,10,18.4,4.452215429,10,0.306666667,0.07420359,10,20,0,10,4.849310887,0.165560835,10,30.281,1.048885122,10,133.9794553,0.003349486,1.407914139,0.023465236,0,0.052354933,0.331686599
centralized,200,20,60,0,4,0.02,15239.9,405.363335,10,0.3809975,0.010134083,10,23.2,5.473166867,10,0.386666667,0.091219448,10,20,0,10,5.183078537,0.134337992,10,37.932,1.011384365,10,128.1871418,0.003204679,1.730767331,0.028846122,0,0.042481403,0.319827818
centralized,200,20,60,0,5,0.025,18456.3,396.2045067,10,0.4614075,0.009905113,10,27.2,4.709328803,10,0.453333333,0.078488813,10,20,0,10,5.359850947,0.111318146,10,45.9745,0.984798203,10,125.290866,0.003132272,1.489220527,0.024820342,0,0.035201889,0.311420536
centralized,200,20,60,0,6,0.03,21613.1,365.4222672,10,0.5403275,0.009135557,10,33.9,4.357624225,10,0.565,0.07262707,10,20,0,10,5.499349172,0.088868601,10,53.88475,0.903787132,10,115.5566672,0.002888917,1.378001774,0.022966696,0,0.028102719,0.285802586
centralized,200,20,60,0,7,0.035,24814.5,409.1243359,10,0.6203625,0.010228108,10,38.7,4.243949942,10,0.645,0.070732499,10,20,0,10,5.593839241,0.089274108,10,61.89975,1.013826258,10,129.3764748,0.003234412,1.342054809,0.02236758,0,0.028230952,0.320600013
centralized,200,20,60,0,8,0.04,27989.5,424.7402474,10,0.6997375,0.010618506,10,43.8,3.614784456,10,0.73,0.060246408,10,20,0,10,5.671926723,0.083285734,10,69.85025,1.055273431,10,134.3146596,0.003357866,1.143095213,0.019051587,0,0.026337262,0.33370676
centralized,200,20,60,0,9,0.045,31101.7,361.2918334,10,0.7775425,0.009032296,10,48.2,3.39280284,10,0.803333333,0.056546714,10,20,0,10,5.744984706,0.064347103,10,77.64475,0.905463701,10,114.2505094,0.002856263,1.072898463,0.017881641,0,0.020348341,0.286332763
centralized,200,20,60,0,10,0.05,34101.2,358.0480415,10,0.85253,0.008951201,10,50.5,2.273030283,10,0.841666667,0.037883838,10,20,0,10,5.822556666,0.058643723,10,85.153,0.897322251,10,113.2247323,0.002830618,0.718795288,0.011979921,0,0.018544773,0.283758211
centralized,200,20,60,0,11,0.055,36841.6,362.211479,10,0.92104,0.009055287,10,54.1,1.852925615,10,0.901666667,0.030882094,10,20,0,10,5.926022128,0.057136891,10,92.03325,0.90897993,10,114.5413268,0.002863533,0.585946528,0.009765775,0,0.018068271,0.287444693
centralized,200,20,60,0,12,0.06,38758.4,376.1897275,10,0.96896,0.009404743,10,58.2,1.032795559,10,0.97,0.017213259,10,20,0,10,6.137741855,0.061743062,10,96.85225,0.941540146,10,118.9616371,0.002974041,0.326598632,0.005443311,0,0.019524871,0.297741137
centralized,200,20,60,0,13,0.065,39686.1,203.9168948,10,0.9921525,0.005097922,10,59.5,0.707106781,10,0.991666667,0.011785113,10,20,0,10,6.479012609,0.038978167,10,99.20225,0.518719644,10,64.48418411,0.001612105,0.223606798,0.00372678,0,0.012325979,0.164033554
centralized,200,20,60,0,14,0.07,39950.7,46.63105784,10,0.9987675,0.001165776,10,59.9,0.316227766,10,0.998333333,0.005270463,10,20,0,10,6.862999768,0.074031666,10,99.8735,0.117628181,10,14.74603525,0.000368651,0.1,0.001666667,0,0.023410868,0.037197297
centralized,200,20,60,0,15,0.075,40000,0,10,1,0,10,60,0,10,1,0,10,20,0,10,7.037665,0.219104359,10,99.997,0.001054093,10,0,0,0,0,0,0.069286882,0.000333333
centralized,200,20,60,0,16,0.08,40000,0,10,1,0,10,60,0,10,1,0,10,20,0,10,7.037665,0.219104359,10,99.997,0.001054093,10,0,0,0,0,0,0.069286882,0.000333333
centralized,200,20,60,0,17,0.085,40000,0,10,1,0,10,60,0,10,1,0,10,20,0,10,7.037665,0.219104359,10,99.997,0.001054093,10,0,0,0,0,0,0.069286882,0.000333333
centralized,200,20,60,0,18,0.09,40000,0,10,1,0,10,60,0,10,1,0,10,20,0,10,7.037665,0.219104359,10,99.997,0.001054093,10,0,0,0,0,0,0.069286882,0.000333333
centralized,200,20,60,0,19,0.095,40000,0,10,1,0,10,60,0,10,1,0,10,20,0,10,7.037665,0.219104359,10,99.997,0.001054093,10,0,0,0,0,0,0.069286882,0.000333333
centralized,200,20,60,0,20,0.1,40000,0,10,1,0,10,60,0,10,1,0,10,20,0,10,7.037665,0.219104359,10,99.997,0.001054093,10,0,0,0,0,0,0.069286882,0.000333333
centralized,200,20,60,0,21,0.105,40000,0,10,1,0,10,60,0,10,1,0,10,20,0,10,7.037665,0.219104359,10,99.997,0.001054093,10,0,0,0,0,0,0.069286882,0.000333333
centralized,200,20,60,0,22,0.11,40000,0,10,1,0,10,60,0,10,1,0,10,20,0,10,7.037665,0.219104359,10,99.997,0.001054093,10,0,0,0,0,0,0.069286882,0.000333333
centralized,200,20,60,0,23,0.115,40000,0,10,1,0,10,60,0,10,1,0,10,20,0,10,7.037665,0.219104359,10,99.997,0.001054093,10,0,0,0,0,0,0.069286882,0.000333333
centralized,200,20,60,0,24,0.12,40000,0,10,1,0,10,60,0,10,1,0,10,20,0,10,7.037665,0.219104359,10,99.997,0.001054093,10,0,0,0,0,0,0.069286882,0.000333333
centralized,200,20,60,0,25,0.125,40000,0,10,1,0,10,60,0,10,1,0,10,20,0,10,7.037665,0.219104359,10,99.997,0.001054093,10,0,0,0,0,0,0.069286882,0.000333333
centralized,200,20,60,0,26,0.13,40000,0,10,1,0,10,60,0,10,1,0,10,20,0,10,7.037665,0.219104359,10,99.997,0.001054093,10,0,0,0,0,0,0.069286882,0.000333333
centralized,200,20,60,0,27,0.135,40000,0,10,1,0,10,60,0,10,1,0,10,20,0,10,7.037665,0.219104359,10,99.997,0.001054093,10,0,0,0,0,0,0.069286882,0.000333333
centralized,200,20,60,0,28,0.14,40000,0,10,1,0,10,60,0,10,1,0,10,20,0,10,7.037665,0.219104359,10,99.997,0.001054093,10,0,0,0,0,0,0.069286882,0.000333333
centralized,200,20,60,0,29,0.145,40000,0,10,1,0,10,60,0,10,1,0,10,20,0,10,7.037665,0.219104359,10,99.997,0.001054093,10,0,0,0,0,0,0.069286882,0.000333333
centralized,200,20,60,0,30,0.15,40000,0,10,1,0,10,60,0,10,1,0,10,20,0,10,7.037665,0.219104359,10,99.997,0.001054093,10,0,0,0,0,0,0.069286882,0.000333333
centralized,200,20,60,0,31,0.155,40000,0,10,1,0,10,60,0,10,1,0,10,20,0,10,7.037665,0.219104359,10,99.997,0.001054093,10,0,0,0,0,0,0.069286882,0.000333333
centralized,200,20,60,0,32,0.16,40000,0,10,1,0,10,60,0,10,1,0,10,20,0,10,7.037665,0.219104359,10,99.997,0.001054093,10,0,0,0,0,0,0.069286882,0.000333333
centralized,200,20,60,0,33,0.165,40000,0,10,1,0,10,60,0,10,1,0,10,20,0,10,7.037665,0.219104359,10,99.997,0.001054093,10,0,0,0,0,0,0.069286882,0.000333333
centralized,200,20,60,0,34,0.17,40000,0,10,1,0,10,60,0,10,1,0,10,20,0,10,7.037665,0.219104359,10,99.997,0.001054093,10,0,0,0,0,0,0.069286882,0.000333333
centralized,200,20,60,0,35,0.175,40000,0,10,1,0,10,60,0,10,1,0,10,20,0,10,7.037665,0.219104359,10,99.997,0.001054093,10,0,0,0,0,0,0.069286882,0.000333333
centralized,200,20,60,0,36,0.18,40000,0,10,1,0,10,60,0,10,1,0,10,20,0,10,7.037665,0.219104359,10,99.997,0.001054093,10,0,0,0,0,0,0.069286882,0.000333333
centralized,200,20,60,0,37,0.185,40000,0,10,1,0,10,60,0,10,1,0,10,20,0,10,7.037665,0.219104359,10,99.997,0.001054093,10,0,0,0,0,0,0.069286882,0.000333333
centralized,200,20,60,0,38,0.19,40000,0,10,1,0,10,60,0,10,1,0,10,20,0,10,7.037665,0.219104359,10,99.997,0.001054093,10,0,0,0,0,0,0.069286882,0.000333333
centralized,200,20,60,0,39,0.195,40000,0,10,1,0,10,60,0,10,1,0,10,20,0,10,7.037665,0.219104359,10,99.997,0.001054093,10,0,0,0,0,0,0.069286882,0.000333333
centralized,200,20,60,0,40,0.2,40000,0,10,1,0,10,60,0,10,1,0,10,20,0,10,7.037665,0.219104359,10,99.997,0.001054093,10,0,0,0,0,0,0.069286882,0.000333333
centralized,200,20,60,0,41,0.205,40000,0,10,1,0,10,60,0,10,1,0,10,20,0,10,7.037665,0.219104359,10,99.997,0.001054093,10,0,0,0,0,0,0.069286882,0.000333333
centralized,200,20,60,0,42,0.21,40000,0,10,1,0,10,60,0,10,1,0,10,20,0,10,7.037665,0.219104359,10,99.997,0.001054093,10,0,0,0,0,0,0.069286882,0.000333333
centralized,200,20,60,0,43,0.215,40000,0,10,1,0,10,60,0,10,1,0,10,20,0,10,7.037665,0.219104359,10,99.997,0.001054093,10,0,0,0,0,0,0.069286882,0.000333333
centralized,200,20,60,0,44,0.22,40000,0,10,1,0,10,60,0,10,1,0,10,20,0,10,7.037665,0.219104359,10,99.997,0.001054093,10,0,0,0,0,0,0.069286882,0.000333333
centralized,200,20,60,0,45,0.225,40000,0,10,1,0,10,60,0,10,1,0,10,20,0,10,7.037665,0.219104359,10,99.997,0.001054093,10,0,0,0,0,0,0.069286882,0.000333333
centralized,200,20,60,0,46,0.23,40000,0,10,1,0,10,60,0,10,1,0,10,20,0,10,7.037665,0.219104359,10,99.997,0.001054093,10,0,0,0,0,0,0.069286882,0.000333333
centralized,200,20,60,0,47,0.235,40000,0,10,1,0,10,60,0,10,1,0,10,20,0,10,7.037665,0.219104359,10,99.997,0.001054093,10,0,0,0,0,0,0.069286882,0.000333333
centralized,200,20,60,0,48,0.24,40000,0,10,1,0,10,60,0,10,1,0,10,20,0,10,7.037665,0.219104359,10,99.997,0.001054093,10,0,0,0,0,0,0.069286882,0.000333333
centralized,200,20,60,0,49,0.245,40000,0,10,1,0,10,60,0,10,1,0,10,20,0,10,7.037665,0.219104359,10,99.997,0.001054093,10,0,0,0,0,0,0.069286882,0.000333333
centralized,200,20,60,0,50,0.25,40000,0,10,1,0,10,60,0,10,1,0,10,20,0,10,7.037665,0.219104359,10,99.997,0.001054093,10,0,0,0,0,0,0.069286882,0.000333333
centralized,200,20,60,0,51,0.255,40000,0,10,1,0,10,60,0,10,1,0,10,20,0,10,7.037665,0.219104359,10,99.997,0.001054093,10,0,0,0,0,0,0.069286882,0.000333333
centralized,200,20,60,0,52,0.26,40000,0,10,1,0,10,60,0,10,1,0,10,20,0,10,7.037665,0.219104359,10,99.997,0.001054093,10,0,0,0,0,0,0.069286882,0.000333333
centralized,200,20,60,0,53,0.265,40000,0,10,1,0,10,60,0,10,1,0,10,20,0,10,7.037665,0.219104359,10,99.997,0.001054093,10,0,0,0,0,0,0.069286882,0.000333333
centralized,200,20,60,0,54,0.27,40000,0,10,1,0,10,60,0,10,1,0,10,20,0,10,7.037665,0.219104359,10,99.997,0.001054093,10,0,0,0,0,0,0.069286882,0.000333333
centralized,200,20,60,0,55,0.275,40000,0,10,1,0,10,60,0,10,1,0,10,20,0,10,7.037665,0.219104359,10,99.997,0.001054093,10,0,0,0,0,0,0.069286882,0.000333333
centralized,200,20,60,0,56,0.28,40000,0,10,1,0,10,60,0,10,1,0,10,20,0,10,7.037665,0.219104359,10,99.997,0.001054093,10,0,0,0,0,0,0.069286882,0.000333333
centralized,200,20,60,0,57,0.285,40000,0,10,1,0,10,60,0,10,1,0,10,20,0,10,7.037665,0.219104359,10,99.997,0.001054093,10,0,0,0,0,0,0.069286882,0.000333333
centralized,200,20,60,0,58,0.29,40000,0,10,1,0,10,60,0,10,1,0,10,20,0,10,7.037665,0.219104359,10,99.997,0.001054093,10,0,0,0,0,0,0.069286882,0.000333333
centralized,200,20,60,0,59,0.295,40000,0,10,1,0,10,60,0,10,1,0,10,20,0,10,7.037665,0.219104359,10,99.997,0.001054093,10,0,0,0,0,0,0.069286882,0.000333333
centralized,200,20,60,0,60,0.3,40000,0,10,1,0,10,60,0,10,1,0,10,20,0,10,7.037665,0.219104359,10,99.997,0.001054093,10,0,0,0,0,0,0.069286882,0.000333333
centralized,200,20,60,0,61,0.305,40000,0,10,1,0,10,60,0,10,1,0,10,20,0,10,7.037665,0.219104359,10,99.997,0.001054093,10,0,0,0,0,0,0.069286882,0.000333333
centralized,200,20,60,0,62,0.31,40000,0,10,1,0,10,60,0,10,1,0,10,20,0,10,7.037665,0.219104359,10,99.997,0.001054093,10,0,0,0,0,0,0.069286882,0.000333333
centralized,200,20,60,0,63,0.315,40000,0,10,1,0,10,60,0,10,1,0,10,20,0,10,7.037665,0.219104359,10,99.997,0.001054093,10,0,0,0,0,0,0.069286882,0.000333333
centralized,200,20,60,0,64,0.32,40000,0,10,1,0,10,60,0,10,1,0,10,20,0,10,7.037665,0.219104359,10,99.997,0.001054093,10,0,0,0,0,0,0.069286882,0.000333333
centralized,200,20,60,0,65,0.325,40000,0,10,1,0,10,60,0,10,1,0,10,20,0,10,7.037665,0.219104359,10,99.997,0.001054093,10,0,0,0,0,0,0.069286882,0.000333333
centralized,200,20,60,0,66,0.33,40000,0,10,1,0,10,60,0,10,1,0,10,20,0,10,7.037665,0.219104359,10,99.997,0.001054093,10,0,0,0,0,0,0.069286882,0.000333333
centralized,200,20,60,0,67,0.335,40000,0,10,1,0,10,60,0,10,1,0,10,20,0,10,7.037665,0.219104359,10,99.997,0.001054093,10,0,0,0,0,0,0.069286882,0.000333333
centralized,200,20,60,0,68,0.34,40000,0,10,1,0,10,60,0,10,1,0,10,20,0,10,7.037665,0.219104359,10,99.997,0.001054093,10,0,0,0,0,0,0.069286882,0.000333333
centralized,200,20,60,0,69,0.345,40000,0,10,1,0,10,60,0,10,1,0,10,20,0,10,7.037665,0.219104359,10,99.997,0.001054093,10,0,0,0,0,0,0.069286882,0.000333333
centralized,200,20,60,0,70,0.35,40000,0,10,1,0,10,60,0,10,1,0,10,20,0,10,7.037665,0.219104359,10,99.997,0.001054093,10,0,0,0,0,0,0.069286882,0.000333333
centralized,200,20,60,0,71,0.355,40000,0,10,1,0,10,60,0,10,1,0,10,20,0,10,7.037665,0.219104359,10,99.997,0.001054093,10,0,0,0,0,0,0.069286882,0.000333333
centralized,200,20,60,0,72,0.36,40000,0,10,1,0,10,60,0,10,1,0,10,20,0,10,7.037665,0.219104359,10,99.997,0.001054093,10,0,0,0,0,0,0.069286882,0.000333333
centralized,200,20,60,0,73,0.365,40000,0,10,1,0,10,60,0,10,1,0,10,20,0,10,7.037665,0.219104359,10,99.997,0.001054093,10,0,0,0,0,0,0.069286882,0.000333333
centralized,200,20,60,0,74,0.37,40000,0,10,1,0,10,60,0,10,1,0,10,20,0,10,7.037665,0.219104359,10,99.997,0.001054093,10,0,0,0,0,0,0.069286882,0.000333333
centralized,200,20,60,0,75,0.375,40000,0,10,1,0,10,60,0,10,1,0,10,20,0,10,7.037665,0.219104359,10,99.997,0.001054093,10,0,0,0,0,0,0.069286882,0.000333333
centralized,200,20,60,0,76,0.38,40000,0,10,1,0,10,60,0,10,1,0,10,20,0,10,7.037665,0.219104359,10,99.997,0.001054093,10,0,0,0,0,0,0.069286882,0.000333333
centralized,200,20,60,0,77,0.385,40000,0,10,1,0,10,60,0,10,1,0,10,20,0,10,7.037665,0.219104359,10,99.997,0.001054093,10,0,0,0,0,0,0.069286882,0.000333333
centralized,200,20,60,0,78,0.39,40000,0,10,1,0,10,60,0,10,1,0,10,20,0,10,7.037665,0.219104359,10,99.997,0.001054093,10,0,0,0,0,0,0.069286882,0.000333333
centralized,200,20,60,0,79,0.395,40000,0,10,1,0,10,60,0,10,1,0,10,20,0,10,7.037665,0.219104359,10,99.997,0.001054093,10,0,0,0,0,0,0.069286882,0.000333333
centralized,200,20,60,0,80,0.4,40000,0,10,1,0,10,60,0,10,1,0,10,20,0,10,7.037665,0.219104359,10,99.997,0.001054093,10,0,0,0,0,0,0.069286882,0.000333333
centralized,200,20,60,0,81,0.405,40000,0,10,1,0,10,60,0,10,1,0,10,20,0,10,7.037665,0.219104359,10,99.997,0.001054093,10,0,0,0,0,0,0.069286882,0.000333333
centralized,200,20,60,0,82,0.41,40000,0,10,1,0,10,60,0,10,1,0,10,20,0,10,7.037665,0.219104359,10,99.997,0.001054093,10,0,0,0,0,0,0.069286882,0.000333333
centralized,200,20,60,0,83,0.415,40000,0,10,1,0,10,60,0,10,1,0,10,20,0,10,7.037665,0.219104359,10,99.997,0.001054093,10,0,0,0,0,0,0.069286882,0.000333333
centralized,200,20,60,0,84,0.42,40000,0,10,1,0,10,60,0,10,1,0,10,20,0,10,7.037665,0.219104359,10,99.997,0.001054093,10,0,0,0,0,0,0.069286882,0.000333333
centralized,200,20,60,0,85,0.425,40000,0,10,1,0,10,60,0,10,1,0,10,20,0,10,7.037665,0.219104359,10,99.997,0.001054093,10,0,0,0,0,0,0.069286882,0.000333333
centralized,200,20,60,0,86,0.43,40000,0,10,1,0,10,60,0,10,1,0,10,20,0,10,7.037665,0.219104359,10,99.997,0.001054093,10,0,0,0,0,0,0.069286882,0.000333333
centralized,200,20,60,0,87,0.435,40000,0,10,1,0,10,60,0,10,1,0,10,20,0,10,7.037665,0.219104359,10,99.997,0.001054093,10,0,0,0,0,0,0.069286882,0.000333333
centralized,200,20,60,0,88,0.44,40000,0,10,1,0,10,60,0,10,1,0,10,20,0,10,7.037665,0.219104359,10,99.997,0.001054093,10,0,0,0,0,0,0.069286882,0.000333333
centralized,200,20,60,0,89,0.445,40000,0,10,1,0,10,60,0,10,1,0,10,20,0,10,7.037665,0.219104359,10,99.997,0.001054093,10,0,0,0,0,0,0.069286882,0.000333333
centralized,200,20,60,0,90,0.45,40000,0,10,1,0,10,60,0,10,1,0,10,20,0,10,7.037665,0.219104359,10,99.997,0.001054093,10,0,0,0,0,0,0.069286882,0.000333333
centralized,200,20,60,0,91,0.455,40000,0,10,1,0,10,60,0,10,1,0,10,20,0,10,7.037665,0.219104359,10,99.997,0.001054093,10,0,0,0,0,0,0.069286882,0.000333333
centralized,200,20,60,0,92,0.46,40000,0,10,1,0,10,60,0,10,1,0,10,20,0,10,7.037665,0.219104359,10,99.997,0.001054093,10,0,0,0,0,0,0.069286882,0.000333333
centralized,200,20,60,0,93,0.465,40000,0,10,1,0,10,60,0,10,1,0,10,20,0,10,7.037665,0.219104359,10,99.997,0.001054093,10,0,0,0,0,0,0.069286882,0.000333333
centralized,200,20,60,0,94,0.47,40000,0,10,1,0,10,60,0,10,1,0,10,20,0,10,7.037665,0.219104359,10,99.997,0.001054093,10,0,0,0,0,0,0.069286882,0.000333333
centralized,200,20,60,0,95,0.475,40000,0,10,1,0,10,60,0,10,1,0,10,20,0,10,7.037665,0.219104359,10,99.997,0.001054093,10,0,0,0,0,0,0.069286882,0.000333333
centralized,200,20,60,0,96,0.48,40000,0,10,1,0,10,60,0,10,1,0,10,20,0,10,7.037665,0.219104359,10,99.997,0.001054093,10,0,0,0,0,0,0.069286882,0.000333333
centralized,200,20,60,0,97,0.485,40000,0,10,1,0,10,60,0,10,1,0,10,20,0,10,7.037665,0.219104359,10,99.997,0.001054093,10,0,0,0,0,0,0.069286882,0.000333333
centralized,200,20,60,0,98,0.49,40000,0,10,1,0,10,60,0,10,1,0,10,20,0,10,7.037665,0.219104359,10,99.997,0.001054093,10,0,0,0,0,0,0.069286882,0.000333333
centralized,200,20,60,0,99,0.495,40000,0,10,1,0,10,60,0,10,1,0,10,20,0,10,7.037665,0.219104359,10,99.997,0.001054093,10,0,0,0,0,0,0.069286882,0.000333333
centralized,200,20,60,0,100,0.5,40000,0,10,1,0,10,60,0,10,1,0,10,20,0,10,7.037665,0.219104359,10,99.997,0.001054093,10,0,0,0,0,0,0.069286882,0.000333333
centralized,200,20,60,0,101,0.505,40000,0,10,1,0,10,60,0,10,1,0,10,20,0,10,7.037665,0.219104359,10,99.997,0.001054093,10,0,0,0,0,0,0.069286882,0.000333333
centralized,200,20,60,0,102,0.51,40000,0,10,1,0,10,60,0,10,1,0,10,20,0,10,7.037665,0.219104359,10,99.997,0.001054093,10,0,0,0,0,0,0.069286882,0.000333333
centralized,200,20,60,0,103,0.515,40000,0,10,1,0,10,60,0,10,1,0,10,20,0,10,7.037665,0.219104359,10,99.997,0.001054093,10,0,0,0,0,0,0.069286882,0.000333333
centralized,200,20,60,0,104,0.52,40000,0,10,1,0,10,60,0,10,1,0,10,20,0,10,7.037665,0.219104359,10,99.997,0.001054093,10,0,0,0,0,0,0.069286882,0.000333333
centralized,200,20,60,0,105,0.525,40000,0,10,1,0,10,60,0,10,1,0,10,20,0,10,7.037665,0.219104359,10,99.997,0.001054093,10,0,0,0,0,0,0.069286882,0.000333333
centralized,200,20,60,0,106,0.53,40000,0,10,1,0,10,60,0,10,1,0,10,20,0,10,7.037665,0.219104359,10,99.997,0.001054093,10,0,0,0,0,0,0.069286882,0.000333333
centralized,200,20,60,0,107,0.535,40000,0,10,1,0,10,60,0,10,1,0,10,20,0,10,7.037665,0.219104359,10,99.997,0.001054093,10,0,0,0,0,0,0.069286882,0.000333333
centralized,200,20,60,0,108,0.54,40000,0,10,1,0,10,60,0,10,1,0,10,20,0,10,7.037665,0.219104359,10,99.997,0.001054093,10,0,0,0,0,0,0.069286882,0.000333333
centralized,200,20,60,0,109,0.545,40000,0,10,1,0,10,60,0,10,1,0,10,20,0,10,7.037665,0.219104359,10,99.997,0.001054093,10,0,0,0,0,0,0.069286882,0.000333333
centralized,200,20,60,0,110,0.55,40000,0,10,1,0,10,60,0,10,1,0,10,20,0,10,7.037665,0.219104359,10,99.997,0.001054093,10,0,0,0,0,0,0.069286882,0.000333333
centralized,200,20,60,0,111,0.555,40000,0,10,1,0,10,60,0,10,1,0,10,20,0,10,7.037665,0.219104359,10,99.997,0.001054093,10,0,0,0,0,0,0.069286882,0.000333333
centralized,200,20,60,0,112,0.56,40000,0,10,1,0,10,60,0,10,1,0,10,20,0,10,7.037665,0.219104359,10,99.997,0.001054093,10,0,0,0,0,0,0.069286882,0.000333333
centralized,200,20,60,0,113,0.565,40000,0,10,1,0,10,60,0,10,1,0,10,20,0,10,7.037665,0.219104359,10,99.997,0.001054093,10,0,0,0,0,0,0.069286882,0.000333333
centralized,200,20,60,0,114,0.57,40000,0,10,1,0,10,60,0,10,1,0,10,20,0,10,7.037665,0.219104359,10,99.997,0.001054093,10,0,0,0,0,0,0.069286882,0.000333333
centralized,200,20,60,0,115,0.575,40000,0,10,1,0,10,60,0,10,1,0,10,20,0,10,7.037665,0.219104359,10,99.997,0.001054093,10,0,0,0,0,0,0.069286882,0.000333333
centralized,200,20,60,0,116,0.58,40000,0,10,1,0,10,60,0,10,1,0,10,20,0,10,7.037665,0.219104359,10,99.997,0.001054093,10,0,0,0,0,0,0.069286882,0.000333333
centralized,200,20,60,0,117,0.585,40000,0,10,1,0,10,60,0,10,1,0,10,20,0,10,7.037665,0.219104359,10,99.997,0.001054093,10,0,0,0,0,0,0.069286882,0.000333333
centralized,200,20,60,0,118,0.59,40000,0,10,1,0,10,60,0,10,1,0,10,20,0,10,7.037665,0.219104359,10,99.997,0.001054093,10,0,0,0,0,0,0.069286882,0.000333333
centralized,200,20,60,0,119,0.595,40000,0,10,1,0,10,60,0,10,1,0,10,20,0,10,7.037665,0.219104359,10,99.997,0.001054093,10,0,0,0,0,0,0.069286882,0.000333333
centralized,200,20,60,0,120,0.6,40000,0,10,1,0,10,60,0,10,1,0,10,20,0,10,7.037665,0.219104359,10,99.997,0.001054093,10,0,0,0,0,0,0.069286882,0.000333333
centralized,200,20,60,0,121,0.605,40000,0,10,1,0,10,60,0,10,1,0,10,20,0,10,7.037665,0.219104359,10,99.997,0.001054093,10,0,0,0,0,0,0.069286882,0.000333333
centralized,200,20,60,0,122,0.61,40000,0,10,1,0,10,60,0,10,1,0,10,20,0,10,7.037665,0.219104359,10,99.997,0.001054093,10,0,0,0,0,0,0.069286882,0.000333333
centralized,200,20,60,0,123,0.615,40000,0,10,1,0,10,60,0,10,1,0,10,20,0,10,7.037665,0.219104359,10,99.997,0.001054093,10,0,0,0,0,0,0.069286882,0.000333333
centralized,200,20,60,0,124,0.62,40000,0,10,1,0,10,60,0,10,1,0,10,20,0,10,7.037665,0.219104359,10,99.997,0.001054093,10,0,0,0,0,0,0.069286882,0.000333333
centralized,200,20,60,0,125,0.625,40000,0,10,1,0,10,60,0,10,1,0,10,20,0,10,7.037665,0.219104359,10,99.997,0.001054093,10,0,0,0,0,0,0.069286882,0.000333333
centralized,200,20,60,0,126,0.63,40000,0,10,1,0,10,60,0,10,1,0,10,20,0,10,7.037665,0.219104359,10,99.997,0.001054093,10,0,0,0,0,0,0.069286882,0.000333333
centralized,200,20,60,0,127,0.635,40000,0,10,1,0,10,60,0,10,1,0,10,20,0,10,7.037665,0.219104359,10,99.997,0.001054093,10,0,0,0,0,0,0.069286882,0.000333333
centralized,200,20,60,0,128,0.64,40000,0,10,1,0,10,60,0,10,1,0,10,20,0,10,7.037665,0.219104359,10,99.997,0.001054093,10,0,0,0,0,0,0.069286882,0.000333333
centralized,200,20,60,0,129,0.645,40000,0,10,1,0,10,60,0,10,1,0,10,20,0,10,7.037665,0.219104359,10,99.997,0.001054093,10,0,0,0,0,0,0.069286882,0.000333333
centralized,200,20,60,0,130,0.65,40000,0,10,1,0,10,60,0,10,1,0,10,20,0,10,7.037665,0.219104359,10,99.997,0.001054093,10,0,0,0,0,0,0.069286882,0.000333333
centralized,200,20,60,0,131,0.655,40000,0,10,1,0,10,60,0,10,1,0,10,20,0,10,7.037665,0.219104359,10,99.997,0.001054093,10,0,0,0,0,0,0.069286882,0.000333333
centralized,200,20,60,0,132,0.66,40000,0,10,1,0,10,60,0,10,1,0,10,20,0,10,7.037665,0.219104359,10,99.997,0.001054093,10,0,0,0,0,0,0.069286882,0.000333333
centralized,200,20,60,0,133,0.665,40000,0,10,1,0,10,60,0,10,1,0,10,20,0,10,7.037665,0.219104359,10,99.997,0.001054093,10,0,0,0,0,0,0.069286882,0.000333333
centralized,200,20,60,0,134,0.67,40000,0,10,1,0,10,60,0,10,1,0,10,20,0,10,7.037665,0.219104359,10,99.997,0.001054093,10,0,0,0,0,0,0.069286882,0.000333333
centralized,200,20,60,0,135,0.675,40000,0,10,1,0,10,60,0,10,1,0,10,20,0,10,7.037665,0.219104359,10,99.997,0.001054093,10,0,0,0,0,0,0.069286882,0.000333333
centralized,200,20,60,0,136,0.68,40000,0,10,1,0,10,60,0,10,1,0,10,20,0,10,7.037665,0.219104359,10,99.997,0.001054093,10,0,0,0,0,0,0.069286882,0.000333333
centralized,200,20,60,0,137,0.685,40000,0,10,1,0,10,60,0,10,1,0,10,20,0,10,7.037665,0.219104359,10,99.997,0.001054093,10,0,0,0,0,0,0.069286882,0.000333333
centralized,200,20,60,0,138,0.69,40000,0,10,1,0,10,60,0,10,1,0,10,20,0,10,7.037665,0.219104359,10,99.997,0.001054093,10,0,0,0,0,0,0.069286882,0.000333333
centralized,200,20,60,0,139,0.695,40000,0,10,1,0,10,60,0,10,1,0,10,20,0,10,7.037665,0.219104359,10,99.997,0.001054093,10,0,0,0,0,0,0.069286882,0.000333333
centralized,200,20,60,0,140,0.7,40000,0,10,1,0,10,60,0,10,1,0,10,20,0,10,7.037665,0.219104359,10,99.997,0.001054093,10,0,0,0,0,0,0.069286882,0.000333333
centralized,200,20,60,0,141,0.705,40000,0,10,1,0,10,60,0,10,1,0,10,20,0,10,7.037665,0.219104359,10,99.997,0.001054093,10,0,0,0,0,0,0.069286882,0.000333333
centralized,200,20,60,0,142,0.71,40000,0,10,1,0,10,60,0,10,1,0,10,20,0,10,7.037665,0.219104359,10,99.997,0.001054093,10,0,0,0,0,0,0.069286882,0.000333333
centralized,200,20,60,0,143,0.715,40000,0,10,1,0,10,60,0,10,1,0,10,20,0,10,7.037665,0.219104359,10,99.997,0.001054093,10,0,0,0,0,0,0.069286882,0.000333333
centralized,200,20,60,0,144,0.72,40000,0,10,1,0,10,60,0,10,1,0,10,20,0,10,7.037665,0.219104359,10,99.997,0.001054093,10,0,0,0,0,0,0.069286882,0.000333333
centralized,200,20,60,0,145,0.725,40000,0,10,1,0,10,60,0,10,1,0,10,20,0,10,7.037665,0.219104359,10,99.997,0.001054093,10,0,0,0,0,0,0.069286882,0.000333333
centralized,200,20,60,0,146,0.73,40000,0,10,1,0,10,60,0,10,1,0,10,20,0,10,7.037665,0.219104359,10,99.997,0.001054093,10,0,0,0,0,0,0.069286882,0.000333333
centralized,200,20,60,0,147,0.735,40000,0,10,1,0,10,60,0,10,1,0,10,20,0,10,7.037665,0.219104359,10,99.997,0.001054093,10,0,0,0,0,0,0.069286882,0.000333333
centralized,200,20,60,0,148,0.74,40000,0,10,1,0,10,60,0,10,1,0,10,20,0,10,7.037665,0.219104359,10,99.997,0.001054093,10,0,0,0,0,0,0.069286882,0.000333333
centralized,200,20,60,0,149,0.745,40000,0,10,1,0,10,60,0,10,1,0,10,20,0,10,7.037665,0.219104359,10,99.997,0.001054093,10,0,0,0,0,0,0.069286882,0.000333333
centralized,200,20,60,0,150,0.75,40000,0,10,1,0,10,60,0,10,1,0,10,20,0,10,7.037665,0.219104359,10,99.997,0.001054093,10,0,0,0,0,0,0.069286882,0.000333333
centralized,200,20,60,0,151,0.755,40000,0,10,1,0,10,60,0,10,1,0,10,20,0,10,7.037665,0.219104359,10,99.997,0.001054093,10,0,0,0,0,0,0.069286882,0.000333333
centralized,200,20,60,0,152,0.76,40000,0,10,1,0,10,60,0,10,1,0,10,20,0,10,7.037665,0.219104359,10,99.997,0.001054093,10,0,0,0,0,0,0.069286882,0.000333333
centralized,200,20,60,0,153,0.765,40000,0,10,1,0,10,60,0,10,1,0,10,20,0,10,7.037665,0.219104359,10,99.997,0.001054093,10,0,0,0,0,0,0.069286882,0.000333333
centralized,200,20,60,0,154,0.77,40000,0,10,1,0,10,60,0,10,1,0,10,20,0,10,7.037665,0.219104359,10,99.997,0.001054093,10,0,0,0,0,0,0.069286882,0.000333333
centralized,200,20,60,0,155,0.775,40000,0,10,1,0,10,60,0,10,1,0,10,20,0,10,7.037665,0.219104359,10,99.997,0.001054093,10,0,0,0,0,0,0.069286882,0.000333333
centralized,200,20,60,0,156,0.78,40000,0,10,1,0,10,60,0,10,1,0,10,20,0,10,7.037665,0.219104359,10,99.997,0.001054093,10,0,0,0,0,0,0.069286882,0.000333333
centralized,200,20,60,0,157,0.785,40000,0,10,1,0,10,60,0,10,1,0,10,20,0,10,7.037665,0.219104359,10,99.997,0.001054093,10,0,0,0,0,0,0.069286882,0.000333333
centralized,200,20,60,0,158,0.79,40000,0,10,1,0,10,60,0,10,1,0,10,20,0,10,7.037665,0.219104359,10,99.997,0.001054093,10,0,0,0,0,0,0.069286882,0.000333333
centralized,200,20,60,0,159,0.795,40000,0,10,1,0,10,60,0,10,1,0,10,20,0,10,7.037665,0.219104359,10,99.997,0.001054093,10,0,0,0,0,0,0.069286882,0.000333333
centralized,200,20,60,0,160,0.8,40000,0,10,1,0,10,60,0,10,1,0,10,20,0,10,7.037665,0.219104359,10,99.997,0.001054093,10,0,0,0,0,0,0.069286882,0.000333333
centralized,200,20,60,0,161,0.805,40000,0,10,1,0,10,60,0,10,1,0,10,20,0,10,7.037665,0.219104359,10,99.997,0.001054093,10,0,0,0,0,0,0.069286882,0.000333333
centralized,200,20,60,0,162,0.81,40000,0,10,1,0,10,60,0,10,1,0,10,20,0,10,7.037665,0.219104359,10,99.997,0.001054093,10,0,0,0,0,0,0.069286882,0.000333333
centralized,200,20,60,0,163,0.815,40000,0,10,1,0,10,60,0,10,1,0,10,20,0,10,7.037665,0.219104359,10,99.997,0.001054093,10,0,0,0,0,0,0.069286882,0.000333333
centralized,200,20,60,0,164,0.82,40000,0,10,1,0,10,60,0,10,1,0,10,20,0,10,7.037665,0.219104359,10,99.997,0.001054093,10,0,0,0,0,0,0.069286882,0.000333333
centralized,200,20,60,0,165,0.825,40000,0,10,1,0,10,60,0,10,1,0,10,20,0,10,7.037665,0.219104359,10,99.997,0.001054093,10,0,0,0,0,0,0.069286882,0.000333333
centralized,200,20,60,0,166,0.83,40000,0,10,1,0,10,60,0,10,1,0,10,20,0,10,7.037665,0.219104359,10,99.997,0.001054093,10,0,0,0,0,0,0.069286882,0.000333333
centralized,200,20,60,0,167,0.835,40000,0,10,1,0,10,60,0,10,1,0,10,20,0,10,7.037665,0.219104359,10,99.997,0.001054093,10,0,0,0,0,0,0.069286882,0.000333333
centralized,200,20,60,0,168,0.84,40000,0,10,1,0,10,60,0,10,1,0,10,20,0,10,7.037665,0.219104359,10,99.997,0.001054093,10,0,0,0,0,0,0.069286882,0.000333333
centralized,200,20,60,0,169,0.845,40000,0,10,1,0,10,60,0,10,1,0,10,20,0,10,7.037665,0.219104359,10,99.997,0.001054093,10,0,0,0,0,0,0.069286882,0.000333333
centralized,200,20,60,0,170,0.85,40000,0,10,1,0,10,60,0,10,1,0,10,20,0,10,7.037665,0.219104359,10,99.997,0.001054093,10,0,0,0,0,0,0.069286882,0.000333333
centralized,200,20,60,0,171,0.855,40000,0,10,1,0,10,60,0,10,1,0,10,20,0,10,7.037665,0.219104359,10,99.997,0.001054093,10,0,0,0,0,0,0.069286882,0.000333333
centralized,200,20,60,0,172,0.86,40000,0,10,1,0,10,60,0,10,1,0,10,20,0,10,7.037665,0.219104359,10,99.997,0.001054093,10,0,0,0,0,0,0.069286882,0.000333333
centralized,200,20,60,0,173,0.865,40000,0,10,1,0,10,60,0,10,1,0,10,20,0,10,7.037665,0.219104359,10,99.997,0.001054093,10,0,0,0,0,0,0.069286882,0.000333333
centralized,200,20,60,0,174,0.87,40000,0,10,1,0,10,60,0,10,1,0,10,20,0,10,7.037665,0.219104359,10,99.997,0.001054093,10,0,0,0,0,0,0.069286882,0.000333333
centralized,200,20,60,0,175,0.875,40000,0,10,1,0,10,60,0,10,1,0,10,20,0,10,7.037665,0.219104359,10,99.997,0.001054093,10,0,0,0,0,0,0.069286882,0.000333333
centralized,200,20,60,0,176,0.88,40000,0,10,1,0,10,60,0,10,1,0,10,20,0,10,7.037665,0.219104359,10,99.997,0.001054093,10,0,0,0,0,0,0.069286882,0.000333333
centralized,200,20,60,0,177,0.885,40000,0,10,1,0,10,60,0,10,1,0,10,20,0,10,7.037665,0.219104359,10,99.997,0.001054093,10,0,0,0,0,0,0.069286882,0.000333333
centralized,200,20,60,0,178,0.89,40000,0,10,1,0,10,60,0,10,1,0,10,20,0,10,7.037665,0.219104359,10,99.997,0.001054093,10,0,0,0,0,0,0.069286882,0.000333333
centralized,200,20,60,0,179,0.895,40000,0,10,1,0,10,60,0,10,1,0,10,20,0,10,7.037665,0.219104359,10,99.997,0.001054093,10,0,0,0,0,0,0.069286882,0.000333333
centralized,200,20,60,0,180,0.9,40000,0,10,1,0,10,60,0,10,1,0,10,20,0,10,7.037665,0.219104359,10,99.997,0.001054093,10,0,0,0,0,0,0.069286882,0.000333333
centralized,200,20,60,0,181,0.905,40000,0,10,1,0,10,60,0,10,1,0,10,20,0,10,7.037665,0.219104359,10,99.997,0.001054093,10,0,0,0,0,0,0.069286882,0.000333333
centralized,200,20,60,0,182,0.91,40000,0,10,1,0,10,60,0,10,1,0,10,20,0,10,7.037665,0.219104359,10,99.997,0.001054093,10,0,0,0,0,0,0.069286882,0.000333333
centralized,200,20,60,0,183,0.915,40000,0,10,1,0,10,60,0,10,1,0,10,20,0,10,7.037665,0.219104359,10,99.997,0.001054093,10,0,0,0,0,0,0.069286882,0.000333333
centralized,200,20,60,0,184,0.92,40000,0,10,1,0,10,60,0,10,1,0,10,20,0,10,7.037665,0.219104359,10,99.997,0.001054093,10,0,0,0,0,0,0.069286882,0.000333333
centralized,200,20,60,0,185,0.925,40000,0,10,1,0,10,60,0,10,1,0,10,20,0,10,7.037665,0.219104359,10,99.997,0.001054093,10,0,0,0,0,0,0.069286882,0.000333333
centralized,200,20,60,0,186,0.93,40000,0,10,1,0,10,60,0,10,1,0,10,20,0,10,7.037665,0.219104359,10,99.997,0.001054093,10,0,0,0,0,0,0.069286882,0.000333333
centralized,200,20,60,0,187,0.935,40000,0,10,1,0,10,60,0,10,1,0,10,20,0,10,7.037665,0.219104359,10,99.997,0.001054093,10,0,0,0,0,0,0.069286882,0.000333333
centralized,200,20,60,0,188,0.94,40000,0,10,1,0,10,60,0,10,1,0,10,20,0,10,7.037665,0.219104359,10,99.997,0.001054093,10,0,0,0,0,0,0.069286882,0.000333333
centralized,200,20,60,0,189,0.945,40000,0,10,1,0,10,60,0,10,1,0,10,20,0,10,7.037665,0.219104359,10,99.997,0.001054093,10,0,0,0,0,0,0.069286882,0.000333333
centralized,200,20,60,0,190,0.95,40000,0,10,1,0,10,60,0,10,1,0,10,20,0,10,7.037665,0.219104359,10,99.997,0.001054093,10,0,0,0,0,0,0.069286882,0.000333333
centralized,200,20,60,0,191,0.955,40000,0,10,1,0,10,60,0,10,1,0,10,20,0,10,7.037665,0.219104359,10,99.997,0.001054093,10,0,0,0,0,0,0.069286882,0.000333333
centralized,200,20,60,0,192,0.96,40000,0,10,1,0,10,60,0,10,1,0,10,20,0,10,7.037665,0.219104359,10,99.997,0.001054093,10,0,0,0,0,0,0.069286882,0.000333333
centralized,200,20,60,0,193,0.965,40000,0,10,1,0,10,60,0,10,1,0,10,20,0,10,7.037665,0.219104359,10,99.997,0.001054093,10,0,0,0,0,0,0.069286882,0.000333333
centralized,200,20,60,0,194,0.97,40000,0,10,1,0,10,60,0,10,1,0,10,20,0,10,7.037665,0.219104359,10,99.997,0.001054093,10,0,0,0,0,0,0.069286882,0.000333333
centralized,200,20,60,0,195,0.975,40000,0,10,1,0,10,60,0,10,1,0,10,20,0,10,7.037665,0.219104359,10,99.997,0.001054093,10,0,0,0,0,0,0.069286882,0.000333333
centralized,200,20,60,0,196,0.98,40000,0,10,1,0,10,60,0,10,1,0,10,20,0,10,7.037665,0.219104359,10,99.997,0.001054093,10,0,0,0,0,0,0.069286882,0.000333333
centralized,200,20,60,0,197,0.985,40000,0,10,1,0,10,60,0,10,1,0,10,20,0,10,7.037665,0.219104359,10,99.997,0.001054093,10,0,0,0,0,0,0.069286882,0.000333333
centralized,200,20,60,0,198,0.99,40000,0,10,1,0,10,60,0,10,1,0,10,20,0,10,7.037665,0.219104359,10,99.997,0.001054093,10,0,0,0,0,0,0.069286882,0.000333333
centralized,200,20,60,0,199,0.995,40000,0,10,1,0,10,60,0,10,1,0,10,20,0,10,7.037665,0.219104359,10,99.997,0.001054093,10,0,0,0,0,0,0.069286882,0.000333333
centralized,200,20,60,0,200,1,40000,0,10,1,0,10,60,0,10,1,0,10,20,0,10,7.037665,0.219104359,10,99.997,0.001054093,10,0,0,0,0,0,0.069286882,0.000333333
centralized,250,25,75,0,0,0,0,0,10,0,0,10,0,0,10,0,0,10,25,0,10,0,0,10,0,0,10,0,0,0,0,0,0,0
centralized,250,25,75,0,1,0.005,8369.6,221.5401644,10,0.1339136,0.003544643,10,9,2.309401077,10,0.12,0.030792014,10,25,0,10,3.701346193,0.095127834,10,13.19952,0.347749734,10,70.05715127,0.001120914,0.730296743,0.00973729,0,0.030082062,0.109968121
centralized,250,25,75,0,2,0.01,14221,307.3333333,10,0.227536,0.004917333,10,16.7,3.917198545,10,0.222666667,0.052229314,10,25,0,10,4.332664099,0.092860746,10,22.59168,0.491734375,10,97.18733342,0.001554997,1.238726945,0.016516359,0,0.029365146,0.155500063
centralized,250,25,75,0,3,0.015,19094.9,359.0903477,10,0.3055184,0.005745446,10,23,4.396968653,10,0.306666667,0.058626249,10,25,0,10,4.843684776,0.091666794,10,30.40544,0.57259845,10,113.5543384,0.001816869,1.390443574,0.018539248,0,0.028987585,0.181071529
centralized,250,25,75,0,4,0.02,23892.3,269.2194685,10,0.3822768,0.004307511,10,29.6,3.272783389,10,0.394666667,0.043637112,10,25,0,10,5.172971299,0.057195035,10,38.09216,0.433845736,10,85.13467109,0.001362155,1.03494498,0.013799266,0,0.018086658,0.137194068
centralized,250,25,75,0,5,0.025,28692.1,293.6454589,10,0.4590736,0.004698327,10,34.5,3.979112129,10,0.46,0.053054828,10,25,0,10,5.394454977,0.054012357,10,45.7808,0.472348497,10,92.85884748,0.001485742,1.258305739,0.01677741,0,0.017080207,0.14936971
centralized,250,25,75,0,6,0.03,33682.9,334.2891131,10,0.5389264,0.005348626,10,40.6,4.221637386,10,0.541333333,0.056288498,10,25,0,10,5.520909843,0.053712364,10,53.7744,0.531038797,10,105.7114994,0.001691384,1.33499896,0.017799986,0,0.016985341,0.167929213
centralized,250,25,75,0,7,0.035,38763.9,382.3429089,10,0.6202224,0.006117487,10,45.9,4.458450154,10,0.612,0.059446002,10,25,0,10,5.601767808,0.05540304,10,61.91456,0.608046408,10,120.9074439,0.001934519,1.409885732,0.018798476,0,0.01751998,0.192281157
centralized,250,25,75,0,8,0.04,43691.6,473.4103693,10,0.6990656,0.007574566,10,53.3,4.522781838,10,0.710666667,0.060303758,10,25,0,10,5.683850717,0.061055356,10,69.80656,0.755183973,10,149.7055035,0.002395288,1.430229197,0.019069723,0,0.019307399,0.238810141
centralized,250,25,75,0,9,0.045,48570,477.6332856,10,0.77712,0.007642133,10,59.1,5.321862665,10,0.788,0.070958169,10,25,0,10,5.754933375,0.055803912,10,77.6216,0.760804907,10,151.0409069,0.002416655,1.682920742,0.022438943,0,0.017646746,0.240587636
centralized,250,25,75,0,10,0.05,53332.6,504.7103019,10,0.8533216,0.008075365,10,64.6,5.481281278,10,0.861333333,0.07308375,10,25,0,10,5.825425637,0.054294174,10,85.25712,0.802419116,10,159.6034113,0.002553655,1.733333333,0.023111111,0,0.017169325,0.253747204
centralized,250,25,75,0,11,0.055,57431.7,510.7069284,10,0.9189072,0.008171311,10,69.5,4.169998668,10,0.926666667,0.055599982,10,25,0,10,5.949607993,0.052334261,10,91.8368,0.82050937,10,161.499711,0.002583995,1.318669363,0.017582258,0,0.016549546,0.259467845
centralized,250,25,75,0,12,0.06,60311.1,379.3633409,10,0.9649776,0.006069813,10,71.7,3.020301677,10,0.956,0.040270689,10,25,0,10,6.174647241,0.039789783,10,96.4672,0.608286716,10,119.9652218,0.001919444,0.955103252,0.01273471,0,0.012582634,0.192357149
centralized,250,25,75,0,13,0.065,61782.1,313.9615865,10,0.9885136,0.005023385,10,74.2,1.316561177,10,0.989333333,0.017554149,10,25,0,10,6.517790203,0.034499421,10,98.83952,0.507062891,10,99.2833711,0.001588534,0.4163332,0.005551109,0,0.010909675,0.160347365
centralized,250,25,75,0,14,0.07,62283.1,126.5652664,10,0.9965296,0.002025044,10,74.8,0.632455532,10,0.997333333,0.00843274,10,25,0,10,6.946406155,0.022168486,10,99.648,0.204552628,10,40.02345146,0.000640375,0.2,0.002666667,0,0.007010291,0.064685221
centralized,250,25,75,0,15,0.075,62469.9,44.03899787,10,0.9995184,0.000704624,10,75,0,10,1,0,10,25,0,10,7.306478993,0.128853449,10,99.95024,0.070502753,10,13.92635391,0.000222822,0,0,0,0.040747038,0.022294928
centralized,250,25,75,0,16,0.08,62496.6,10.75174404,10,0.9999456,0.000172028,10,75,0,10,1,0,10,25,0,10,7.407646144,0.254702341,10,99.9928,0.017708755,10,3.4,5.44E-05,0,0,0,0.080543952,0.0056
centralized,250,25,75,0,17,0.085,62500,0,10,1,0,10,75,0,10,1,0,10,25,0,10,7.4174128,0.275731522,10,99.99824,0.000505964,10,0,0,0,0,0,0.087193963,0.00016
centralized,250,25,75,0,18,0.09,62500,0,10,1,0,10,75,0,10,1,0,10,25,0,10,7.4174128,0.275731522,10,99.99824,0.000505964,10,0,0,0,0,0,0.087193963,0.00016
centralized,250,25,75,0,19,0.095,62500,0,10,1,0,10,75,0,10,1,0,10,25,0,10,7.4174128,0.275731522,10,99.99824,0.000505964,10,0,0,0,0,0,0.087193963,0.00016
centralized,250,25,75,0,20,0.1,62500,0,10,1,0,10,75,0,10,1,0,10,25,0,10,7.4174128,0.275731522,10,99.99824,0.000505964,10,0,0,0,0,0,0.087193963,0.00016
centralized,250,25,75,0,21,0.105,62500,0,10,1,0,10,75,0,10,1,0,10,25,0,10,7.4174128,0.275731522,10,99.99824,0.000505964,10,0,0,0,0,0,0.087193963,0.00016
centralized,250,25,75,0,22,0.11,62500,0,10,1,0,10,75,0,10,1,0,10,25,0,10,7.4174128,0.275731522,10,99.99824,0.000505964,10,0,0,0,0,0,0.087193963,0.00016
centralized,250,25,75,0,23,0.115,62500,0,10,1,0,10,75,0,10,1,0,10,25,0,10,7.4174128,0.275731522,10,99.99824,0.000505964,10,0,0,0,0,0,0.087193963,0.00016
centralized,250,25,75,0,24,0.12,62500,0,10,1,0,10,75,0,10,1,0,10,25,0,10,7.4174128,0.275731522,10,99.99824,0.000505964,10,0,0,0,0,0,0.087193963,0.00016
centralized,250,25,75,0,25,0.125,62500,0,10,1,0,10,75,0,10,1,0,10,25,0,10,7.4174128,0.275731522,10,99.99824,0.000505964,10,0,0,0,0,0,0.087193963,0.00016
centralized,250,25,75,0,26,0.13,62500,0,10,1,0,10,75,0,10,1,0,10,25,0,10,7.4174128,0.275731522,10,99.99824,0.000505964,10,0,0,0,0,0,0.087193963,0.00016
centralized,250,25,75,0,27,0.135,62500,0,10,1,0,10,75,0,10,1,0,10,25,0,10,7.4174128,0.275731522,10,99.99824,0.000505964,10,0,0,0,0,0,0.087193963,0.00016
centralized,250,25,75,0,28,0.14,62500,0,10,1,0,10,75,0,10,1,0,10,25,0,10,7.4174128,0.275731522,10,99.99824,0.000505964,10,0,0,0,0,0,0.087193963,0.00016
centralized,250,25,75,0,29,0.145,62500,0,10,1,0,10,75,0,10,1,0,10,25,0,10,7.4174128,0.275731522,10,99.99824,0.000505964,10,0,0,0,0,0,0.087193963,0.00016
centralized,250,25,75,0,30,0.15,62500,0,10,1,0,10,75,0,10,1,0,10,25,0,10,7.4174128,0.275731522,10,99.99824,0.000505964,10,0,0,0,0,0,0.087193963,0.00016
centralized,250,25,75,0,31,0.155,62500,0,10,1,0,10,75,0,10,1,0,10,25,0,10,7.4174128,0.275731522,10,99.99824,0.000505964,10,0,0,0,0,0,0.087193963,0.00016
centralized,250,25,75,0,32,0.16,62500,0,10,1,0,10,75,0,10,1,0,10,25,0,10,7.4174128,0.275731522,10,99.99824,0.000505964,10,0,0,0,0,0,0.087193963,0.00016
centralized,250,25,75,0,33,0.165,62500,0,10,1,0,10,75,0,10,1,0,10,25,0,10,7.4174128,0.275731522,10,99.99824,0.000505964,10,0,0,0,0,0,0.087193963,0.00016
centralized,250,25,75,0,34,0.17,62500,0,10,1,0,10,75,0,10,1,0,10,25,0,10,7.4174128,0.275731522,10,99.99824,0.000505964,10,0,0,0,0,0,0.087193963,0.00016
centralized,250,25,75,0,35,0.175,62500,0,10,1,0,10,75,0,10,1,0,10,25,0,10,7.4174128,0.275731522,10,99.99824,0.000505964,10,0,0,0,0,0,0.087193963,0.00016
centralized,250,25,75,0,36,0.18,62500,0,10,1,0,10,75,0,10,1,0,10,25,0,10,7.4174128,0.275731522,10,99.99824,0.000505964,10,0,0,0,0,0,0.087193963,0.00016
centralized,250,25,75,0,37,0.185,62500,0,10,1,0,10,75,0,10,1,0,10,25,0,10,7.4174128,0.275731522,10,99.99824,0.000505964,10,0,0,0,0,0,0.087193963,0.00016
centralized,250,25,75,0,38,0.19,62500,0,10,1,0,10,75,0,10,1,0,10,25,0,10,7.4174128,0.275731522,10,99.99824,0.000505964,10,0,0,0,0,0,0.087193963,0.00016
centralized,250,25,75,0,39,0.195,62500,0,10,1,0,10,75,0,10,1,0,10,25,0,10,7.4174128,0.275731522,10,99.99824,0.000505964,10,0,0,0,0,0,0.087193963,0.00016
centralized,250,25,75,0,40,0.2,62500,0,10,1,0,10,75,0,10,1,0,10,25,0,10,7.4174128,0.275731522,10,99.99824,0.000505964,10,0,0,0,0,0,0.087193963,0.00016
centralized,250,25,75,0,41,0.205,62500,0,10,1,0,10,75,0,10,1,0,10,25,0,10,7.4174128,0.275731522,10,99.99824,0.000505964,10,0,0,0,0,0,0.087193963,0.00016
centralized,250,25,75,0,42,0.21,62500,0,10,1,0,10,75,0,10,1,0,10,25,0,10,7.4174128,0.275731522,10,99.99824,0.000505964,10,0,0,0,0,0,0.087193963,0.00016
centralized,250,25,75,0,43,0.215,62500,0,10,1,0,10,75,0,10,1,0,10,25,0,10,7.4174128,0.275731522,10,99.99824,0.000505964,10,0,0,0,0,0,0.087193963,0.00016
centralized,250,25,75,0,44,0.22,62500,0,10,1,0,10,75,0,10,1,0,10,25,0,10,7.4174128,0.275731522,10,99.99824,0.000505964,10,0,0,0,0,0,0.087193963,0.00016
centralized,250,25,75,0,45,0.225,62500,0,10,1,0,10,75,0,10,1,0,10,25,0,10,7.4174128,0.275731522,10,99.99824,0.000505964,10,0,0,0,0,0,0.087193963,0.00016
centralized,250,25,75,0,46,0.23,62500,0,10,1,0,10,75,0,10,1,0,10,25,0,10,7.4174128,0.275731522,10,99.99824,0.000505964,10,0,0,0,0,0,0.087193963,0.00016
centralized,250,25,75,0,47,0.235,62500,0,10,1,0,10,75,0,10,1,0,10,25,0,10,7.4174128,0.275731522,10,99.99824,0.000505964,10,0,0,0,0,0,0.087193963,0.00016
centralized,250,25,75,0,48,0.24,62500,0,10,1,0,10,75,0,10,1,0,10,25,0,10,7.4174128,0.275731522,10,99.99824,0.000505964,10,0,0,0,0,0,0.087193963,0.00016
centralized,250,25,75,0,49,0.245,62500,0,10,1,0,10,75,0,10,1,0,10,25,0,10,7.4174128,0.275731522,10,99.99824,0.000505964,10,0,0,0,0,0,0.087193963,0.00016
centralized,250,25,75,0,50,0.25,62500,0,10,1,0,10,75,0,10,1,0,10,25,0,10,7.4174128,0.275731522,10,99.99824,0.000505964,10,0,0,0,0,0,0.087193963,0.00016
centralized,250,25,75,0,51,0.255,62500,0,10,1,0,10,75,0,10,1,0,10,25,0,10,7.4174128,0.275731522,10,99.99824,0.000505964,10,0,0,0,0,0,0.087193963,0.00016
centralized,250,25,75,0,52,0.26,62500,0,10,1,0,10,75,0,10,1,0,10,25,0,10,7.4174128,0.275731522,10,99.99824,0.000505964,10,0,0,0,0,0,0.087193963,0.00016
centralized,250,25,75,0,53,0.265,62500,0,10,1,0,10,75,0,10,1,0,10,25,0,10,7.4174128,0.275731522,10,99.99824,0.000505964,10,0,0,0,0,0,0.087193963,0.00016
centralized,250,25,75,0,54,0.27,62500,0,10,1,0,10,75,0,10,1,0,10,25,0,10,7.4174128,0.275731522,10,99.99824,0.000505964,10,0,0,0,0,0,0.087193963,0.00016
centralized,250,25,75,0,55,0.275,62500,0,10,1,0,10,75,0,10,1,0,10,25,0,10,7.4174128,0.275731522,10,99.99824,0.000505964,10,0,0,0,0,0,0.087193963,0.00016
centralized,250,25,75,0,56,0.28,62500,0,10,1,0,10,75,0,10,1,0,10,25,0,10,7.4174128,0.275731522,10,99.99824,0.000505964,10,0,0,0,0,0,0.087193963,0.00016
centralized,250,25,75,0,57,0.285,62500,0,10,1,0,10,75,0,10,1,0,10,25,0,10,7.4174128,0.275731522,10,99.99824,0.000505964,10,0,0,0,0,0,0.087193963,0.00016
centralized,250,25,75,0,58,0.29,62500,0,10,1,0,10,75,0,10,1,0,10,25,0,10,7.4174128,0.275731522,10,99.99824,0.000505964,10,0,0,0,0,0,0.087193963,0.00016
centralized,250,25,75,0,59,0.295,62500,0,10,1,0,10,75,0,10,1,0,10,25,0,10,7.4174128,0.275731522,10,99.99824,0.000505964,10,0,0,0,0,0,0.087193963,0.00016
centralized,250,25,75,0,60,0.3,62500,0,10,1,0,10,75,0,10,1,0,10,25,0,10,7.4174128,0.275731522,10,99.99824,0.000505964,10,0,0,0,0,0,0.087193963,0.00016
centralized,250,25,75,0,61,0.305,62500,0,10,1,0,10,75,0,10,1,0,10,25,0,10,7.4174128,0.275731522,10,99.99824,0.000505964,10,0,0,0,0,0,0.087193963,0.00016
centralized,250,25,75,0,62,0.31,62500,0,10,1,0,10,75,0,10,1,0,10,25,0,10,7.4174128,0.275731522,10,99.99824,0.000505964,10,0,0,0,0,0,0.087193963,0.00016
centralized,250,25,75,0,63,0.315,62500,0,10,1,0,10,75,0,10,1,0,10,25,0,10,7.4174128,0.275731522,10,99.99824,0.000505964,10,0,0,0,0,0,0.087193963,0.00016
centralized,250,25,75,0,64,0.32,62500,0,10,1,0,10,75,0,10,1,0,10,25,0,10,7.4174128,0.275731522,10,99.99824,0.000505964,10,0,0,0,0,0,0.087193963,0.00016
centralized,250,25,75,0,65,0.325,62500,0,10,1,0,10,75,0,10,1,0,10,25,0,10,7.4174128,0.275731522,10,99.99824,0.000505964,10,0,0,0,0,0,0.087193963,0.00016
centralized,250,25,75,0,66,0.33,62500,0,10,1,0,10,75,0,10,1,0,10,25,0,10,7.4174128,0.275731522,10,99.99824,0.000505964,10,0,0,0,0,0,0.087193963,0.00016
centralized,250,25,75,0,67,0.335,62500,0,10,1,0,10,75,0,10,1,0,10,25,0,10,7.4174128,0.275731522,10,99.99824,0.000505964,10,0,0,0,0,0,0.087193963,0.00016
centralized,250,25,75,0,68,0.34,62500,0,10,1,0,10,75,0,10,1,0,10,25,0,10,7.4174128,0.275731522,10,99.99824,0.000505964,10,0,0,0,0,0,0.087193963,0.00016
centralized,250,25,75,0,69,0.345,62500,0,10,1,0,10,75,0,10,1,0,10,25,0,10,7.4174128,0.275731522,10,99.99824,0.000505964,10,0,0,0,0,0,0.087193963,0.00016
centralized,250,25,75,0,70,0.35,62500,0,10,1,0,10,75,0,10,1,0,10,25,0,10,7.4174128,0.275731522,10,99.99824,0.000505964,10,0,0,0,0,0,0.087193963,0.00016
centralized,250,25,75,0,71,0.355,62500,0,10,1,0,10,75,0,10,1,0,10,25,0,10,7.4174128,0.275731522,10,99.99824,0.000505964,10,0,0,0,0,0,0.087193963,0.00016
centralized,250,25,75,0,72,0.36,62500,0,10,1,0,10,75,0,10,1,0,10,25,0,10,7.4174128,0.275731522,10,99.99824,0.000505964,10,0,0,0,0,0,0.087193963,0.00016
centralized,250,25,75,0,73,0.365,62500,0,10,1,0,10,75,0,10,1,0,10,25,0,10,7.4174128,0.275731522,10,99.99824,0.000505964,10,0,0,0,0,0,0.087193963,0.00016
centralized,250,25,75,0,74,0.37,62500,0,10,1,0,10,75,0,10,1,0,10,25,0,10,7.4174128,0.275731522,10,99.99824,0.000505964,10,0,0,0,0,0,0.087193963,0.00016
centralized,250,25,75,0,75,0.375,62500,0,10,1,0,10,75,0,10,1,0,10,25,0,10,7.4174128,0.275731522,10,99.99824,0.000505964,10,0,0,0,0,0,0.087193963,0.00016
centralized,250,25,75,0,76,0.38,62500,0,10,1,0,10,75,0,10,1,0,10,25,0,10,7.4174128,0.275731522,10,99.99824,0.000505964,10,0,0,0,0,0,0.087193963,0.00016
centralized,250,25,75,0,77,0.385,62500,0,10,1,0,10,75,0,10,1,0,10,25,0,10,7.4174128,0.275731522,10,99.99824,0.000505964,10,0,0,0,0,0,0.087193963,0.00016
centralized,250,25,75,0,78,0.39,62500,0,10,1,0,10,75,0,10,1,0,10,25,0,10,7.4174128,0.275731522,10,99.99824,0.000505964,10,0,0,0,0,0,0.087193963,0.00016
centralized,250,25,75,0,79,0.395,62500,0,10,1,0,10,75,0,10,1,0,10,25,0,10,7.4174128,0.275731522,10,99.99824,0.000505964,10,0,0,0,0,0,0.087193963,0.00016
centralized,250,25,75,0,80,0.4,62500,0,10,1,0,10,75,0,10,1,0,10,25,0,10,7.4174128,0.275731522,10,99.99824,0.000505964,10,0,0,0,0,0,0.087193963,0.00016
centralized,250,25,75,0,81,0.405,62500,0,10,1,0,10,75,0,10,1,0,10,25,0,10,7.4174128,0.275731522,10,99.99824,0.000505964,10,0,0,0,0,0,0.087193963,0.00016
centralized,250,25,75,0,82,0.41,62500,0,10,1,0,10,75,0,10,1,0,10,25,0,10,7.4174128,0.275731522,10,99.99824,0.000505964,10,0,0,0,0,0,0.087193963,0.00016
centralized,250,25,75,0,83,0.415,62500,0,10,1,0,10,75,0,10,1,0,10,25,0,10,7.4174128,0.275731522,10,99.99824,0.000505964,10,0,0,0,0,0,0.087193963,0.00016
centralized,250,25,75,0,84,0.42,62500,0,10,1,0,10,75,0,10,1,0,10,25,0,10,7.4174128,0.275731522,10,99.99824,0.000505964,10,0,0,0,0,0,0.087193963,0.00016
centralized,250,25,75,0,85,0.425,62500,0,10,1,0,10,75,0,10,1,0,10,25,0,10,7.4174128,0.275731522,10,99.99824,0.000505964,10,0,0,0,0,0,0.087193963,0.00016
centralized,250,25,75,0,86,0.43,62500,0,10,1,0,10,75,0,10,1,0,10,25,0,10,7.4174128,0.275731522,10,99.99824,0.000505964,10,0,0,0,0,0,0.087193963,0.00016
centralized,250,25,75,0,87,0.435,62500,0,10,1,0,10,75,0,10,1,0,10,25,0,10,7.4174128,0.275731522,10,99.99824,0.000505964,10,0,0,0,0,0,0.087193963,0.00016
centralized,250,25,75,0,88,0.44,62500,0,10,1,0,10,75,0,10,1,0,10,25,0,10,7.4174128,0.275731522,10,99.99824,0.000505964,10,0,0,0,0,0,0.087193963,0.00016
centralized,250,25,75,0,89,0.445,62500,0,10,1,0,10,75,0,10,1,0,10,25,0,10,7.4174128,0.275731522,10,99.99824,0.000505964,10,0,0,0,0,0,0.087193963,0.00016
centralized,250,25,75,0,90,0.45,62500,0,10,1,0,10,75,0,10,1,0,10,25,0,10,7.4174128,0.275731522,10,99.99824,0.000505964,10,0,0,0,0,0,0.087193963,0.00016
centralized,250,25,75,0,91,0.455,62500,0,10,1,0,10,75,0,10,1,0,10,25,0,10,7.4174128,0.275731522,10,99.99824,0.000505964,10,0,0,0,0,0,0.087193963,0.00016
centralized,250,25,75,0,92,0.46,62500,0,10,1,0,10,75,0,10,1,0,10,25,0,10,7.4174128,0.275731522,10,99.99824,0.000505964,10,0,0,0,0,0,0.087193963,0.00016
centralized,250,25,75,0,93,0.465,62500,0,10,1,0,10,75,0,10,1,0,10,25,0,10,7.4174128,0.275731522,10,99.99824,0.000505964,10,0,0,0,0,0,0.087193963,0.00016
centralized,250,25,75,0,94,0.47,62500,0,10,1,0,10,75,0,10,1,0,10,25,0,10,7.4174128,0.275731522,10,99.99824,0.000505964,10,0,0,0,0,0,0.087193963,0.00016
centralized,250,25,75,0,95,0.475,62500,0,10,1,0,10,75,0,10,1,0,10,25,0,10,7.4174128,0.275731522,10,99.99824,0.000505964,10,0,0,0,0,0,0.087193963,0.00016
centralized,250,25,75,0,96,0.48,62500,0,10,1,0,10,75,0,10,1,0,10,25,0,10,7.4174128,0.275731522,10,99.99824,0.000505964,10,0,0,0,0,0,0.087193963,0.00016
centralized,250,25,75,0,97,0.485,62500,0,10,1,0,10,75,0,10,1,0,10,25,0,10,7.4174128,0.275731522,10,99.99824,0.000505964,10,0,0,0,0,0,0.087193963,0.00016
centralized,250,25,75,0,98,0.49,62500,0,10,1,0,10,75,0,10,1,0,10,25,0,10,7.4174128,0.275731522,10,99.99824,0.000505964,10,0,0,0,0,0,0.087193963,0.00016
centralized,250,25,75,0,99,0.495,62500,0,10,1,0,10,75,0,10,1,0,10,25,0,10,7.4174128,0.275731522,10,99.99824,0.000505964,10,0,0,0,0,0,0.087193963,0.00016
centralized,250,25,75,0,100,0.5,62500,0,10,1,0,10,75,0,10,1,0,10,25,0,10,7.4174128,0.275731522,10,99.99824,0.000505964,10,0,0,0,0,0,0.087193963,0.00016
centralized,250,25,75,0,101,0.505,62500,0,10,1,0,10,75,0,10,1,0,10,25,0,10,7.4174128,0.275731522,10,99.99824,0.000505964,10,0,0,0,0,0,0.087193963,0.00016
centralized,250,25,75,0,102,0.51,62500,0,10,1,0,10,75,0,10,1,0,10,25,0,10,7.4174128,0.275731522,10,99.99824,0.000505964,10,0,0,0,0,0,0.087193963,0.00016
centralized,250,25,75,0,103,0.515,62500,0,10,1,0,10,75,0,10,1,0,10,25,0,10,7.4174128,0.275731522,10,99.99824,0.000505964,10,0,0,0,0,0,0.087193963,0.00016
centralized,250,25,75,0,104,0.52,62500,0,10,1,0,10,75,0,10,1,0,10,25,0,10,7.4174128,0.275731522,10,99.99824,0.000505964,10,0,0,0,0,0,0.087193963,0.00016
centralized,250,25,75,0,105,0.525,62500,0,10,1,0,10,75,0,10,1,0,10,25,0,10,7.4174128,0.275731522,10,99.99824,0.000505964,10,0,0,0,0,0,0.087193963,0.00016
centralized,250,25,75,0,106,0.53,62500,0,10,1,0,10,75,0,10,1,0,10,25,0,10,7.4174128,0.275731522,10,99.99824,0.000505964,10,0,0,0,0,0,0.087193963,0.00016
centralized,250,25,75,0,107,0.535,62500,0,10,1,0,10,75,0,10,1,0,10,25,0,10,7.4174128,0.275731522,10,99.99824,0.000505964,10,0,0,0,0,0,0.087193963,0.00016
centralized,250,25,75,0,108,0.54,62500,0,10,1,0,10,75,0,10,1,0,10,25,0,10,7.4174128,0.275731522,10,99.99824,0.000505964,10,0,0,0,0,0,0.087193963,0.00016
centralized,250,25,75,0,109,0.545,62500,0,10,1,0,10,75,0,10,1,0,10,25,0,10,7.4174128,0.275731522,10,99.99824,0.000505964,10,0,0,0,0,0,0.087193963,0.00016
centralized,250,25,75,0,110,0.55,62500,0,10,1,0,10,75,0,10,1,0,10,25,0,10,7.4174128,0.275731522,10,99.99824,0.000505964,10,0,0,0,0,0,0.087193963,0.00016
centralized,250,25,75,0,111,0.555,62500,0,10,1,0,10,75,0,10,1,0,10,25,0,10,7.4174128,0.275731522,10,99.99824,0.000505964,10,0,0,0,0,0,0.087193963,0.00016
centralized,250,25,75,0,112,0.56,62500,0,10,1,0,10,75,0,10,1,0,10,25,0,10,7.4174128,0.275731522,10,99.99824,0.000505964,10,0,0,0,0,0,0.087193963,0.00016
centralized,250,25,75,0,113,0.565,62500,0,10,1,0,10,75,0,10,1,0,10,25,0,10,7.4174128,0.275731522,10,99.99824,0.000505964,10,0,0,0,0,0,0.087193963,0.00016
centralized,250,25,75,0,114,0.57,62500,0,10,1,0,10,75,0,10,1,0,10,25,0,10,7.4174128,0.275731522,10,99.99824,0.000505964,10,0,0,0,0,0,0.087193963,0.00016
centralized,250,25,75,0,115,0.575,62500,0,10,1,0,10,75,0,10,1,0,10,25,0,10,7.4174128,0.275731522,10,99.99824,0.000505964,10,0,0,0,0,0,0.087193963,0.00016
centralized,250,25,75,0,116,0.58,62500,0,10,1,0,10,75,0,10,1,0,10,25,0,10,7.4174128,0.275731522,10,99.99824,0.000505964,10,0,0,0,0,0,0.087193963,0.00016
centralized,250,25,75,0,117,0.585,62500,0,10,1,0,10,75,0,10,1,0,10,25,0,10,7.4174128,0.275731522,10,99.99824,0.000505964,10,0,0,0,0,0,0.087193963,0.00016
centralized,250,25,75,0,118,0.59,62500,0,10,1,0,10,75,0,10,1,0,10,25,0,10,7.4174128,0.275731522,10,99.99824,0.000505964,10,0,0,0,0,0,0.087193963,0.00016
centralized,250,25,75,0,119,0.595,62500,0,10,1,0,10,75,0,10,1,0,10,25,0,10,7.4174128,0.275731522,10,99.99824,0.000505964,10,0,0,0,0,0,0.087193963,0.00016
centralized,250,25,75,0,120,0.6,62500,0,10,1,0,10,75,0,10,1,0,10,25,0,10,7.4174128,0.275731522,10,99.99824,0.000505964,10,0,0,0,0,0,0.087193963,0.00016
centralized,250,25,75,0,121,0.605,62500,0,10,1,0,10,75,0,10,1,0,10,25,0,10,7.4174128,0.275731522,10,99.99824,0.000505964,10,0,0,0,0,0,0.087193963,0.00016
centralized,250,25,75,0,122,0.61,62500,0,10,1,0,10,75,0,10,1,0,10,25,0,10,7.4174128,0.275731522,10,99.99824,0.000505964,10,0,0,0,0,0,0.087193963,0.00016
centralized,250,25,75,0,123,0.615,62500,0,10,1,0,10,75,0,10,1,0,10,25,0,10,7.4174128,0.275731522,10,99.99824,0.000505964,10,0,0,0,0,0,0.087193963,0.00016
centralized,250,25,75,0,124,0.62,62500,0,10,1,0,10,75,0,10,1,0,10,25,0,10,7.4174128,0.275731522,10,99.99824,0.000505964,10,0,0,0,0,0,0.087193963,0.00016
centralized,250,25,75,0,125,0.625,62500,0,10,1,0,10,75,0,10,1,0,10,25,0,10,7.4174128,0.275731522,10,99.99824,0.000505964,10,0,0,0,0,0,0.087193963,0.00016
centralized,250,25,75,0,126,0.63,62500,0,10,1,0,10,75,0,10,1,0,10,25,0,10,7.4174128,0.275731522,10,99.99824,0.000505964,10,0,0,0,0,0,0.087193963,0.00016
centralized,250,25,75,0,127,0.635,62500,0,10,1,0,10,75,0,10,1,0,10,25,0,10,7.4174128,0.275731522,10,99.99824,0.000505964,10,0,0,0,0,0,0.087193963,0.00016
centralized,250,25,75,0,128,0.64,62500,0,10,1,0,10,75,0,10,1,0,10,25,0,10,7.4174128,0.275731522,10,99.99824,0.000505964,10,0,0,0,0,0,0.087193963,0.00016
centralized,250,25,75,0,129,0.645,62500,0,10,1,0,10,75,0,10,1,0,10,25,0,10,7.4174128,0.275731522,10,99.99824,0.000505964,10,0,0,0,0,0,0.087193963,0.00016
centralized,250,25,75,0,130,0.65,62500,0,10,1,0,10,75,0,10,1,0,10,25,0,10,7.4174128,0.275731522,10,99.99824,0.000505964,10,0,0,0,0,0,0.087193963,0.00016
centralized,250,25,75,0,131,0.655,62500,0,10,1,0,10,75,0,10,1,0,10,25,0,10,7.4174128,0.275731522,10,99.99824,0.000505964,10,0,0,0,0,0,0.087193963,0.00016
centralized,250,25,75,0,132,0.66,62500,0,10,1,0,10,75,0,10,1,0,10,25,0,10,7.4174128,0.275731522,10,99.99824,0.000505964,10,0,0,0,0,0,0.087193963,0.00016
centralized,250,25,75,0,133,0.665,62500,0,10,1,0,10,75,0,10,1,0,10,25,0,10,7.4174128,0.275731522,10,99.99824,0.000505964,10,0,0,0,0,0,0.087193963,0.00016
centralized,250,25,75,0,134,0.67,62500,0,10,1,0,10,75,0,10,1,0,10,25,0,10,7.4174128,0.275731522,10,99.99824,0.000505964,10,0,0,0,0,0,0.087193963,0.00016
centralized,250,25,75,0,135,0.675,62500,0,10,1,0,10,75,0,10,1,0,10,25,0,10,7.4174128,0.275731522,10,99.99824,0.000505964,10,0,0,0,0,0,0.087193963,0.00016
centralized,250,25,75,0,136,0.68,62500,0,10,1,0,10,75,0,10,1,0,10,25,0,10,7.4174128,0.275731522,10,99.99824,0.000505964,10,0,0,0,0,0,0.087193963,0.00016
centralized,250,25,75,0,137,0.685,62500,0,10,1,0,10,75,0,10,1,0,10,25,0,10,7.4174128,0.275731522,10,99.99824,0.000505964,10,0,0,0,0,0,0.087193963,0.00016
centralized,250,25,75,0,138,0.69,62500,0,10,1,0,10,75,0,10,1,0,10,25,0,10,7.4174128,0.275731522,10,99.99824,0.000505964,10,0,0,0,0,0,0.087193963,0.00016
centralized,250,25,75,0,139,0.695,62500,0,10,1,0,10,75,0,10,1,0,10,25,0,10,7.4174128,0.275731522,10,99.99824,0.000505964,10,0,0,0,0,0,0.087193963,0.00016
centralized,250,25,75,0,140,0.7,62500,0,10,1,0,10,75,0,10,1,0,10,25,0,10,7.4174128,0.275731522,10,99.99824,0.000505964,10,0,0,0,0,0,0.087193963,0.00016
centralized,250,25,75,0,141,0.705,62500,0,10,1,0,10,75,0,10,1,0,10,25,0,10,7.4174128,0.275731522,10,99.99824,0.000505964,10,0,0,0,0,0,0.087193963,0.00016
centralized,250,25,75,0,142,0.71,62500,0,10,1,0,10,75,0,10,1,0,10,25,0,10,7.4174128,0.275731522,10,99.99824,0.000505964,10,0,0,0,0,0,0.087193963,0.00016
centralized,250,25,75,0,143,0.715,62500,0,10,1,0,10,75,0,10,1,0,10,25,0,10,7.4174128,0.275731522,10,99.99824,0.000505964,10,0,0,0,0,0,0.087193963,0.00016
centralized,250,25,75,0,144,0.72,62500,0,10,1,0,10,75,0,10,1,0,10,25,0,10,7.4174128,0.275731522,10,99.99824,0.000505964,10,0,0,0,0,0,0.087193963,0.00016
centralized,250,25,75,0,145,0.725,62500,0,10,1,0,10,75,0,10,1,0,10,25,0,10,7.4174128,0.275731522,10,99.99824,0.000505964,10,0,0,0,0,0,0.087193963,0.00016
centralized,250,25,75,0,146,0.73,62500,0,10,1,0,10,75,0,10,1,0,10,25,0,10,7.4174128,0.275731522,10,99.99824,0.000505964,10,0,0,0,0,0,0.087193963,0.00016
centralized,250,25,75,0,147,0.735,62500,0,10,1,0,10,75,0,10,1,0,10,25,0,10,7.4174128,0.275731522,10,99.99824,0.000505964,10,0,0,0,0,0,0.087193963,0.00016
centralized,250,25,75,0,148,0.74,62500,0,10,1,0,10,75,0,10,1,0,10,25,0,10,7.4174128,0.275731522,10,99.99824,0.000505964,10,0,0,0,0,0,0.087193963,0.00016
centralized,250,25,75,0,149,0.745,62500,0,10,1,0,10,75,0,10,1,0,10,25,0,10,7.4174128,0.275731522,10,99.99824,0.000505964,10,0,0,0,0,0,0.087193963,0.00016
centralized,250,25,75,0,150,0.75,62500,0,10,1,0,10,75,0,10,1,0,10,25,0,10,7.4174128,0.275731522,10,99.99824,0.000505964,10,0,0,0,0,0,0.087193963,0.00016
centralized,250,25,75,0,151,0.755,62500,0,10,1,0,10,75,0,10,1,0,10,25,0,10,7.4174128,0.275731522,10,99.99824,0.000505964,10,0,0,0,0,0,0.087193963,0.00016
centralized,250,25,75,0,152,0.76,62500,0,10,1,0,10,75,0,10,1,0,10,25,0,10,7.4174128,0.275731522,10,99.99824,0.000505964,10,0,0,0,0,0,0.087193963,0.00016
centralized,250,25,75,0,153,0.765,62500,0,10,1,0,10,75,0,10,1,0,10,25,0,10,7.4174128,0.275731522,10,99.99824,0.000505964,10,0,0,0,0,0,0.087193963,0.00016
centralized,250,25,75,0,154,0.77,62500,0,10,1,0,10,75,0,10,1,0,10,25,0,10,7.4174128,0.275731522,10,99.99824,0.000505964,10,0,0,0,0,0,0.087193963,0.00016
centralized,250,25,75,0,155,0.775,62500,0,10,1,0,10,75,0,10,1,0,10,25,0,10,7.4174128,0.275731522,10,99.99824,0.000505964,10,0,0,0,0,0,0.087193963,0.00016
centralized,250,25,75,0,156,0.78,62500,0,10,1,0,10,75,0,10,1,0,10,25,0,10,7.4174128,0.275731522,10,99.99824,0.000505964,10,0,0,0,0,0,0.087193963,0.00016
centralized,250,25,75,0,157,0.785,62500,0,10,1,0,10,75,0,10,1,0,10,25,0,10,7.4174128,0.275731522,10,99.99824,0.000505964,10,0,0,0,0,0,0.087193963,0.00016
centralized,250,25,75,0,158,0.79,62500,0,10,1,0,10,75,0,10,1,0,10,25,0,10,7.4174128,0.275731522,10,99.99824,0.000505964,10,0,0,0,0,0,0.087193963,0.00016
centralized,250,25,75,0,159,0.795,62500,0,10,1,0,10,75,0,10,1,0,10,25,0,10,7.4174128,0.275731522,10,99.99824,0.000505964,10,0,0,0,0,0,0.087193963,0.00016
centralized,250,25,75,0,160,0.8,62500,0,10,1,0,10,75,0,10,1,0,10,25,0,10,7.4174128,0.275731522,10,99.99824,0.000505964,10,0,0,0,0,0,0.087193963,0.00016
centralized,250,25,75,0,161,0.805,62500,0,10,1,0,10,75,0,10,1,0,10,25,0,10,7.4174128,0.275731522,10,99.99824,0.000505964,10,0,0,0,0,0,0.087193963,0.00016
centralized,250,25,75,0,162,0.81,62500,0,10,1,0,10,75,0,10,1,0,10,25,0,10,7.4174128,0.275731522,10,99.99824,0.000505964,10,0,0,0,0,0,0.087193963,0.00016
centralized,250,25,75,0,163,0.815,62500,0,10,1,0,10,75,0,10,1,0,10,25,0,10,7.4174128,0.275731522,10,99.99824,0.000505964,10,0,0,0,0,0,0.087193963,0.00016
centralized,250,25,75,0,164,0.82,62500,0,10,1,0,10,75,0,10,1,0,10,25,0,10,7.4174128,0.275731522,10,99.99824,0.000505964,10,0,0,0,0,0,0.087193963,0.00016
centralized,250,25,75,0,165,0.825,62500,0,10,1,0,10,75,0,10,1,0,10,25,0,10,7.4174128,0.275731522,10,99.99824,0.000505964,10,0,0,0,0,0,0.087193963,0.00016
centralized,250,25,75,0,166,0.83,62500,0,10,1,0,10,75,0,10,1,0,10,25,0,10,7.4174128,0.275731522,10,99.99824,0.000505964,10,0,0,0,0,0,0.087193963,0.00016
centralized,250,25,75,0,167,0.835,62500,0,10,1,0,10,75,0,10,1,0,10,25,0,10,7.4174128,0.275731522,10,99.99824,0.000505964,10,0,0,0,0,0,0.087193963,0.00016
centralized,250,25,75,0,168,0.84,62500,0,10,1,0,10,75,0,10,1,0,10,25,0,10,7.4174128,0.275731522,10,99.99824,0.000505964,10,0,0,0,0,0,0.087193963,0.00016
centralized,250,25,75,0,169,0.845,62500,0,10,1,0,10,75,0,10,1,0,10,25,0,10,7.4174128,0.275731522,10,99.99824,0.000505964,10,0,0,0,0,0,0.087193963,0.00016
centralized,250,25,75,0,170,0.85,62500,0,10,1,0,10,75,0,10,1,0,10,25,0,10,7.4174128,0.275731522,10,99.99824,0.000505964,10,0,0,0,0,0,0.087193963,0.00016
centralized,250,25,75,0,171,0.855,62500,0,10,1,0,10,75,0,10,1,0,10,25,0,10,7.4174128,0.275731522,10,99.99824,0.000505964,10,0,0,0,0,0,0.087193963,0.00016
centralized,250,25,75,0,172,0.86,62500,0,10,1,0,10,75,0,10,1,0,10,25,0,10,7.4174128,0.275731522,10,99.99824,0.000505964,10,0,0,0,0,0,0.087193963,0.00016
centralized,250,25,75,0,173,0.865,62500,0,10,1,0,10,75,0,10,1,0,10,25,0,10,7.4174128,0.275731522,10,99.99824,0.000505964,10,0,0,0,0,0,0.087193963,0.00016
centralized,250,25,75,0,174,0.87,62500,0,10,1,0,10,75,0,10,1,0,10,25,0,10,7.4174128,0.275731522,10,99.99824,0.000505964,10,0,0,0,0,0,0.087193963,0.00016
centralized,250,25,75,0,175,0.875,62500,0,10,1,0,10,75,0,10,1,0,10,25,0,10,7.4174128,0.275731522,10,99.99824,0.000505964,10,0,0,0,0,0,0.087193963,0.00016
centralized,250,25,75,0,176,0.88,62500,0,10,1,0,10,75,0,10,1,0,10,25,0,10,7.4174128,0.275731522,10,99.99824,0.000505964,10,0,0,0,0,0,0.087193963,0.00016
centralized,250,25,75,0,177,0.885,62500,0,10,1,0,10,75,0,10,1,0,10,25,0,10,7.4174128,0.275731522,10,99.99824,0.000505964,10,0,0,0,0,0,0.087193963,0.00016
centralized,250,25,75,0,178,0.89,62500,0,10,1,0,10,75,0,10,1,0,10,25,0,10,7.4174128,0.275731522,10,99.99824,0.000505964,10,0,0,0,0,0,0.087193963,0.00016
centralized,250,25,75,0,179,0.895,62500,0,10,1,0,10,75,0,10,1,0,10,25,0,10,7.4174128,0.275731522,10,99.99824,0.000505964,10,0,0,0,0,0,0.087193963,0.00016
centralized,250,25,75,0,180,0.9,62500,0,10,1,0,10,75,0,10,1,0,10,25,0,10,7.4174128,0.275731522,10,99.99824,0.000505964,10,0,0,0,0,0,0.087193963,0.00016
centralized,250,25,75,0,181,0.905,62500,0,10,1,0,10,75,0,10,1,0,10,25,0,10,7.4174128,0.275731522,10,99.99824,0.000505964,10,0,0,0,0,0,0.087193963,0.00016
centralized,250,25,75,0,182,0.91,62500,0,10,1,0,10,75,0,10,1,0,10,25,0,10,7.4174128,0.275731522,10,99.99824,0.000505964,10,0,0,0,0,0,0.087193963,0.00016
centralized,250,25,75,0,183,0.915,62500,0,10,1,0,10,75,0,10,1,0,10,25,0,10,7.4174128,0.275731522,10,99.99824,0.000505964,10,0,0,0,0,0,0.087193963,0.00016
centralized,250,25,75,0,184,0.92,62500,0,10,1,0,10,75,0,10,1,0,10,25,0,10,7.4174128,0.275731522,10,99.99824,0.000505964,10,0,0,0,0,0,0.087193963,0.00016
centralized,250,25,75,0,185,0.925,62500,0,10,1,0,10,75,0,10,1,0,10,25,0,10,7.4174128,0.275731522,10,99.99824,0.000505964,10,0,0,0,0,0,0.087193963,0.00016
centralized,250,25,75,0,186,0.93,62500,0,10,1,0,10,75,0,10,1,0,10,25,0,10,7.4174128,0.275731522,10,99.99824,0.000505964,10,0,0,0,0,0,0.087193963,0.00016
centralized,250,25,75,0,187,0.935,62500,0,10,1,0,10,75,0,10,1,0,10,25,0,10,7.4174128,0.275731522,10,99.99824,0.000505964,10,0,0,0,0,0,0.087193963,0.00016
centralized,250,25,75,0,188,0.94,62500,0,10,1,0,10,75,0,10,1,0,10,25,0,10,7.4174128,0.275731522,10,99.99824,0.000505964,10,0,0,0,0,0,0.087193963,0.00016
centralized,250,25,75,0,189,0.945,62500,0,10,1,0,10,75,0,10,1,0,10,25,0,10,7.4174128,0.275731522,10,99.99824,0.000505964,10,0,0,0,0,0,0.087193963,0.00016
centralized,250,25,75,0,190,0.95,62500,0,10,1,0,10,75,0,10,1,0,10,25,0,10,7.4174128,0.275731522,10,99.99824,0.000505964,10,0,0,0,0,0,0.087193963,0.00016
centralized,250,25,75,0,191,0.955,62500,0,10,1,0,10,75,0,10,1,0,10,25,0,10,7.4174128,0.275731522,10,99.99824,0.000505964,10,0,0,0,0,0,0.087193963,0.00016
centralized,250,25,75,0,192,0.96,62500,0,10,1,0,10,75,0,10,1,0,10,25,0,10,7.4174128,0.275731522,10,99.99824,0.000505964,10,0,0,0,0,0,0.087193963,0.00016
centralized,250,25,75,0,193,0.965,62500,0,10,1,0,10,75,0,10,1,0,10,25,0,10,7.4174128,0.275731522,10,99.99824,0.000505964,10,0,0,0,0,0,0.087193963,0.00016
centralized,250,25,75,0,194,0.97,62500,0,10,1,0,10,75,0,10,1,0,10,25,0,10,7.4174128,0.275731522,10,99.99824,0.000505964,10,0,0,0,0,0,0.087193963,0.00016
centralized,250,25,75,0,195,0.975,62500,0,10,1,0,10,75,0,10,1,0,10,25,0,10,7.4174128,0.275731522,10,99.99824,0.000505964,10,0,0,0,0,0,0.087193963,0.00016
centralized,250,25,75,0,196,0.98,62500,0,10,1,0,10,75,0,10,1,0,10,25,0,10,7.4174128,0.275731522,10,99.99824,0.000505964,10,0,0,0,0,0,0.087193963,0.00016
centralized,250,25,75,0,197,0.985,62500,0,10,1,0,10,75,0,10,1,0,10,25,0,10,7.4174128,0.275731522,10,99.99824,0.000505964,10,0,0,0,0,0,0.087193963,0.00016
centralized,250,25,75,0,198,0.99,62500,0,10,1,0,10,75,0,10,1,0,10,25,0,10,7.4174128,0.275731522,10,99.99824,0.000505964,10,0,0,0,0,0,0.087193963,0.00016
centralized,250,25,75,0,199,0.995,62500,0,10,1,0,10,75,0,10,1,0,10,25,0,10,7.4174128,0.275731522,10,99.99824,0.000505964,10,0,0,0,0,0,0.087193963,0.00016
centralized,250,25,75,0,200,1,62500,0,10,1,0,10,75,0,10,1,0,10,25,0,10,7.4174128,0.275731522,10,99.99824,0.000505964,10,0,0,0,0,0,0.087193963,0.00016
centralized,300,30,90,0,0,0,0,0,10,0,0,10,0,0,10,0,0,10,30,0,10,0,0,10,0,0,10,0,0,0,0,0,0,0
centralized,300,30,90,0,1,0.005,12169.1,307.5369716,10,0.135212222,0.003417077,10,10.5,4.859126579,10,0.116666667,0.053990295,10,30,0,10,3.668273571,0.089103819,10,13.35566667,0.334717886,10,97.25172949,0.001080575,1.536590743,0.01707323,0,0.028177102,0.105847089
centralized,300,30,90,0,2,0.01,20487,770.0522349,10,0.227633333,0.008556136,10,18.3,4.164666186,10,0.203333333,0.046274069,10,30,0,10,4.337144901,0.15761588,10,22.63444444,0.853000835,10,243.511898,0.002705688,1.316983084,0.014633145,0,0.049842518,0.269742549
centralized,300,30,90,0,3,0.015,27070.8,757.2573025,10,0.300786667,0.00841397,10,24.3,4.37289632,10,0.27,0.048587737,10,30,0,10,4.922076771,0.132456908,10,29.95722222,0.841030991,10,239.4657851,0.002660731,1.382831234,0.015364791,0,0.041886552,0.265957351
centralized,300,30,90,0,4,0.02,33937.8,669.1315765,10,0.377086667,0.007434795,10,33,4.521553322,10,0.366666667,0.050239481,10,30,0,10,5.247850181,0.100004986,10,37.59411111,0.741673126,10,211.5979836,0.002351089,1.429840706,0.015887119,0,0.031624353,0.234537636
centralized,300,30,90,0,5,0.025,41150.6,750.5832103,10,0.457228889,0.008339813,10,41,5.637178175,10,0.455555556,0.062635313,10,30,0,10,5.419581776,0.096806522,10,45.61188889,0.829135774,10,237.3552518,0.002637281,1.782632261,0.019807025,0,0.03061291,0.262195754
centralized,300,30,90,0,6,0.03,48493,853.0654527,10,0.538811111,0.009478505,10,48,5.792715732,10,0.533333333,0.064363508,10,30,0,10,5.525361206,0.094206024,10,53.77833333,0.940380253,10,269.7629824,0.002997366,1.831817555,0.020353528,0,0.029790561,0.297374347
centralized,300,30,90,0,7,0.035,55794.1,819.2773849,10,0.619934444,0.009103082,10,55.5,5.582711408,10,0.616666667,0.062030127,10,30,0,10,5.607106402,0.080039574,10,61.89977778,0.906752114,10,259.0782572,0.002878647,1.765408357,0.019615648,0,0.025310736,0.286740195
centralized,300,30,90,0,8,0.04,63123.2,948.8765053,10,0.701368889,0.010543072,10,61.8,5.072803301,10,0.686666667,0.056364481,10,30,0,10,5.667829592,0.083349655,10,70.049,1.052787201,10,300.0610975,0.003334012,1.604161255,0.017824014,0,0.026357475,0.332920545
centralized,300,30,90,0,9,0.045,70315.7,856.4257833,10,0.781285556,0.009515842,10,68.9,4.067486256,10,0.765555556,0.045194292,10,30,0,10,5.726552379,0.068700943,10,78.053,0.95128922,10,270.8256122,0.003009173,1.286252092,0.01429169,0,0.021725146,0.300824065
centralized,300,30,90,0,10,0.05,77124,943.5309569,10,0.856933333,0.010483677,10,77.3,1.946506843,10,0.858888889,0.021627854,10,30,0,10,5.802624856,0.069876204,10,85.63222222,1.049754037,10,298.3706867,0.00331523,0.61553951,0.006839328,0,0.022096796,0.331961374
centralized,300,30,90,0,11,0.055,83226.3,927.735361,10,0.924736667,0.010308171,10,83.4,1.837873167,10,0.926666667,0.020420813,10,30,0,10,5.913590014,0.067395339,10,92.42833333,1.035301093,10,293.3756807,0.00325973,0.581186526,0.006457628,0,0.021312277,0.327390952
centralized,300,30,90,0,12,0.06,87217.9,740.2926523,10,0.969087778,0.008225474,10,86.8,1.135292424,10,0.964444444,0.01261436,10,30,0,10,6.150678925,0.057596943,10,96.88511111,0.82641311,10,234.1010916,0.002601123,0.359010987,0.003989011,0,0.018213753,0.261334772
centralized,300,30,90,0,13,0.065,89121.3,496.994981,10,0.990236667,0.005522166,10,89,1.054092553,10,0.988888889,0.011712139,10,30,0,10,6.510723808,0.043850797,10,99.01377778,0.555524493,10,157.1636126,0.001746262,0.333333333,0.003703704,0,0.01386684,0.175672269
centralized,300,30,90,0,14,0.07,89798.3,249.5663127,10,0.997758889,0.002772959,10,89.6,0.699205899,10,0.995555556,0.007768954,10,30,0,10,6.922179285,0.077675977,10,99.77255556,0.278990956,10,78.91979754,0.000876887,0.221108319,0.002456759,0,0.024563301,0.088224687
centralized,300,30,90,0,15,0.075,89973,62.28607834,10,0.9997,0.000692068,10,90,0,10,1,0,10,30,0,10,7.15006041,0.260285158,10,99.96833333,0.070206925,10,19.69658741,0.000218851,0,0,0,0.082309394,0.022201379
centralized,300,30,90,0,16,0.08,90000,0,10,1,0,10,90,0,10,1,0,10,30,0,10,7.200005556,0.329281576,10,99.99877778,0.000351364,10,0,0,0,0,0,0.104127977,0.000111111
centralized,300,30,90,0,17,0.085,90000,0,10,1,0,10,90,0,10,1,0,10,30,0,10,7.200005556,0.329281576,10,99.99877778,0.000351364,10,0,0,0,0,0,0.104127977,0.000111111
centralized,300,30,90,0,18,0.09,90000,0,10,1,0,10,90,0,10,1,0,10,30,0,10,7.200005556,0.329281576,10,99.99877778,0.000351364,10,0,0,0,0,0,0.104127977,0.000111111
centralized,300,30,90,0,19,0.095,90000,0,10,1,0,10,90,0,10,1,0,10,30,0,10,7.200005556,0.329281576,10,99.99877778,0.000351364,10,0,0,0,0,0,0.104127977,0.000111111
centralized,300,30,90,0,20,0.1,90000,0,10,1,0,10,90,0,10,1,0,10,30,0,10,7.200005556,0.329281576,10,99.99877778,0.000351364,10,0,0,0,0,0,0.104127977,0.000111111
centralized,300,30,90,0,21,0.105,90000,0,10,1,0,10,90,0,10,1,0,10,30,0,10,7.200005556,0.329281576,10,99.99877778,0.000351364,10,0,0,0,0,0,0.104127977,0.000111111
centralized,300,30,90,0,22,0.11,90000,0,10,1,0,10,90,0,10,1,0,10,30,0,10,7.200005556,0.329281576,10,99.99877778,0.000351364,10,0,0,0,0,0,0.104127977,0.000111111
centralized,300,30,90,0,23,0.115,90000,0,10,1,0,10,90,0,10,1,0,10,30,0,10,7.200005556,0.329281576,10,99.99877778,0.000351364,10,0,0,0,0,0,0.104127977,0.000111111
centralized,300,30,90,0,24,0.12,90000,0,10,1,0,10,90,0,10,1,0,10,30,0,10,7.200005556,0.329281576,10,99.99877778,0.000351364,10,0,0,0,0,0,0.104127977,0.000111111
centralized,300,30,90,0,25,0.125,90000,0,10,1,0,10,90,0,10,1,0,10,30,0,10,7.200005556,0.329281576,10,99.99877778,0.000351364,10,0,0,0,0,0,0.104127977,0.000111111
centralized,300,30,90,0,26,0.13,90000,0,10,1,0,10,90,0,10,1,0,10,30,0,10,7.200005556,0.329281576,10,99.99877778,0.000351364,10,0,0,0,0,0,0.104127977,0.000111111
centralized,300,30,90,0,27,0.135,90000,0,10,1,0,10,90,0,10,1,0,10,30,0,10,7.200005556,0.329281576,10,99.99877778,0.000351364,10,0,0,0,0,0,0.104127977,0.000111111
centralized,300,30,90,0,28,0.14,90000,0,10,1,0,10,90,0,10,1,0,10,30,0,10,7.200005556,0.329281576,10,99.99877778,0.000351364,10,0,0,0,0,0,0.104127977,0.000111111
centralized,300,30,90,0,29,0.145,90000,0,10,1,0,10,90,0,10,1,0,10,30,0,10,7.200005556,0.329281576,10,99.99877778,0.000351364,10,0,0,0,0,0,0.104127977,0.000111111
centralized,300,30,90,0,30,0.15,90000,0,10,1,0,10,90,0,10,1,0,10,30,0,10,7.200005556,0.329281576,10,99.99877778,0.000351364,10,0,0,0,0,0,0.104127977,0.000111111
centralized,300,30,90,0,31,0.155,90000,0,10,1,0,10,90,0,10,1,0,10,30,0,10,7.200005556,0.329281576,10,99.99877778,0.000351364,10,0,0,0,0,0,0.104127977,0.000111111
centralized,300,30,90,0,32,0.16,90000,0,10,1,0,10,90,0,10,1,0,10,30,0,10,7.200005556,0.329281576,10,99.99877778,0.000351364,10,0,0,0,0,0,0.104127977,0.000111111
centralized,300,30,90,0,33,0.165,90000,0,10,1,0,10,90,0,10,1,0,10,30,0,10,7.200005556,0.329281576,10,99.99877778,0.000351364,10,0,0,0,0,0,0.104127977,0.000111111
centralized,300,30,90,0,34,0.17,90000,0,10,1,0,10,90,0,10,1,0,10,30,0,10,7.200005556,0.329281576,10,99.99877778,0.000351364,10,0,0,0,0,0,0.104127977,0.000111111
centralized,300,30,90,0,35,0.175,90000,0,10,1,0,10,90,0,10,1,0,10,30,0,10,7.200005556,0.329281576,10,99.99877778,0.000351364,10,0,0,0,0,0,0.104127977,0.000111111
centralized,300,30,90,0,36,0.18,90000,0,10,1,0,10,90,0,10,1,0,10,30,0,10,7.200005556,0.329281576,10,99.99877778,0.000351364,10,0,0,0,0,0,0.104127977,0.000111111
centralized,300,30,90,0,37,0.185,90000,0,10,1,0,10,90,0,10,1,0,10,30,0,10,7.200005556,0.329281576,10,99.99877778,0.000351364,10,0,0,0,0,0,0.104127977,0.000111111
centralized,300,30,90,0,38,0.19,90000,0,10,1,0,10,90,0,10,1,0,10,30,0,10,7.200005556,0.329281576,10,99.99877778,0.000351364,10,0,0,0,0,0,0.104127977,0.000111111
centralized,300,30,90,0,39,0.195,90000,0,10,1,0,10,90,0,10,1,0,10,30,0,10,7.200005556,0.329281576,10,99.99877778,0.000351364,10,0,0,0,0,0,0.104127977,0.000111111
centralized,300,30,90,0,40,0.2,90000,0,10,1,0,10,90,0,10,1,0,10,30,0,10,7.200005556,0.329281576,10,99.99877778,0.000351364,10,0,0,0,0,0,0.104127977,0.000111111
centralized,300,30,90,0,41,0.205,90000,0,10,1,0,10,90,0,10,1,0,10,30,0,10,7.200005556,0.329281576,10,99.99877778,0.000351364,10,0,0,0,0,0,0.104127977,0.000111111
centralized,300,30,90,0,42,0.21,90000,0,10,1,0,10,90,0,10,1,0,10,30,0,10,7.200005556,0.329281576,10,99.99877778,0.000351364,10,0,0,0,0,0,0.104127977,0.000111111
centralized,300,30,90,0,43,0.215,90000,0,10,1,0,10,90,0,10,1,0,10,30,0,10,7.200005556,0.329281576,10,99.99877778,0.000351364,10,0,0,0,0,0,0.104127977,0.000111111
centralized,300,30,90,0,44,0.22,90000,0,10,1,0,10,90,0,10,1,0,10,30,0,10,7.200005556,0.329281576,10,99.99877778,0.000351364,10,0,0,0,0,0,0.104127977,0.000111111
centralized,300,30,90,0,45,0.225,90000,0,10,1,0,10,90,0,10,1,0,10,30,0,10,7.200005556,0.329281576,10,99.99877778,0.000351364,10,0,0,0,0,0,0.104127977,0.000111111
centralized,300,30,90,0,46,0.23,90000,0,10,1,0,10,90,0,10,1,0,10,30,0,10,7.200005556,0.329281576,10,99.99877778,0.000351364,10,0,0,0,0,0,0.104127977,0.000111111
centralized,300,30,90,0,47,0.235,90000,0,10,1,0,10,90,0,10,1,0,10,30,0,10,7.200005556,0.329281576,10,99.99877778,0.000351364,10,0,0,0,0,0,0.104127977,0.000111111
centralized,300,30,90,0,48,0.24,90000,0,10,1,0,10,90,0,10,1,0,10,30,0,10,7.200005556,0.329281576,10,99.99877778,0.000351364,10,0,0,0,0,0,0.104127977,0.000111111
centralized,300,30,90,0,49,0.245,90000,0,10,1,0,10,90,0,10,1,0,10,30,0,10,7.200005556,0.329281576,10,99.99877778,0.000351364,10,0,0,0,0,0,0.104127977,0.000111111
centralized,300,30,90,0,50,0.25,90000,0,10,1,0,10,90,0,10,1,0,10,30,0,10,7.200005556,0.329281576,10,99.99877778,0.000351364,10,0,0,0,0,0,0.104127977,0.000111111
centralized,300,30,90,0,51,0.255,90000,0,10,1,0,10,90,0,10,1,0,10,30,0,10,7.200005556,0.329281576,10,99.99877778,0.000351364,10,0,0,0,0,0,0.104127977,0.000111111
centralized,300,30,90,0,52,0.26,90000,0,10,1,0,10,90,0,10,1,0,10,30,0,10,7.200005556,0.329281576,10,99.99877778,0.000351364,10,0,0,0,0,0,0.104127977,0.000111111
centralized,300,30,90,0,53,0.265,90000,0,10,1,0,10,90,0,10,1,0,10,30,0,10,7.200005556,0.329281576,10,99.99877778,0.000351364,10,0,0,0,0,0,0.104127977,0.000111111
centralized,300,30,90,0,54,0.27,90000,0,10,1,0,10,90,0,10,1,0,10,30,0,10,7.200005556,0.329281576,10,99.99877778,0.000351364,10,0,0,0,0,0,0.104127977,0.000111111
centralized,300,30,90,0,55,0.275,90000,0,10,1,0,10,90,0,10,1,0,10,30,0,10,7.200005556,0.329281576,10,99.99877778,0.000351364,10,0,0,0,0,0,0.104127977,0.000111111
centralized,300,30,90,0,56,0.28,90000,0,10,1,0,10,90,0,10,1,0,10,30,0,10,7.200005556,0.329281576,10,99.99877778,0.000351364,10,0,0,0,0,0,0.104127977,0.000111111
centralized,300,30,90,0,57,0.285,90000,0,10,1,0,10,90,0,10,1,0,10,30,0,10,7.200005556,0.329281576,10,99.99877778,0.000351364,10,0,0,0,0,0,0.104127977,0.000111111
centralized,300,30,90,0,58,0.29,90000,0,10,1,0,10,90,0,10,1,0,10,30,0,10,7.200005556,0.329281576,10,99.99877778,0.000351364,10,0,0,0,0,0,0.104127977,0.000111111
centralized,300,30,90,0,59,0.295,90000,0,10,1,0,10,90,0,10,1,0,10,30,0,10,7.200005556,0.329281576,10,99.99877778,0.000351364,10,0,0,0,0,0,0.104127977,0.000111111
centralized,300,30,90,0,60,0.3,90000,0,10,1,0,10,90,0,10,1,0,10,30,0,10,7.200005556,0.329281576,10,99.99877778,0.000351364,10,0,0,0,0,0,0.104127977,0.000111111
centralized,300,30,90,0,61,0.305,90000,0,10,1,0,10,90,0,10,1,0,10,30,0,10,7.200005556,0.329281576,10,99.99877778,0.000351364,10,0,0,0,0,0,0.104127977,0.000111111
centralized,300,30,90,0,62,0.31,90000,0,10,1,0,10,90,0,10,1,0,10,30,0,10,7.200005556,0.329281576,10,99.99877778,0.000351364,10,0,0,0,0,0,0.104127977,0.000111111
centralized,300,30,90,0,63,0.315,90000,0,10,1,0,10,90,0,10,1,0,10,30,0,10,7.200005556,0.329281576,10,99.99877778,0.000351364,10,0,0,0,0,0,0.104127977,0.000111111
centralized,300,30,90,0,64,0.32,90000,0,10,1,0,10,90,0,10,1,0,10,30,0,10,7.200005556,0.329281576,10,99.99877778,0.000351364,10,0,0,0,0,0,0.104127977,0.000111111
centralized,300,30,90,0,65,0.325,90000,0,10,1,0,10,90,0,10,1,0,10,30,0,10,7.200005556,0.329281576,10,99.99877778,0.000351364,10,0,0,0,0,0,0.104127977,0.000111111
centralized,300,30,90,0,66,0.33,90000,0,10,1,0,10,90,0,10,1,0,10,30,0,10,7.200005556,0.329281576,10,99.99877778,0.000351364,10,0,0,0,0,0,0.104127977,0.000111111
centralized,300,30,90,0,67,0.335,90000,0,10,1,0,10,90,0,10,1,0,10,30,0,10,7.200005556,0.329281576,10,99.99877778,0.000351364,10,0,0,0,0,0,0.104127977,0.000111111
centralized,300,30,90,0,68,0.34,90000,0,10,1,0,10,90,0,10,1,0,10,30,0,10,7.200005556,0.329281576,10,99.99877778,0.000351364,10,0,0,0,0,0,0.104127977,0.000111111
centralized,300,30,90,0,69,0.345,90000,0,10,1,0,10,90,0,10,1,0,10,30,0,10,7.200005556,0.329281576,10,99.99877778,0.000351364,10,0,0,0,0,0,0.104127977,0.000111111
centralized,300,30,90,0,70,0.35,90000,0,10,1,0,10,90,0,10,1,0,10,30,0,10,7.200005556,0.329281576,10,99.99877778,0.000351364,10,0,0,0,0,0,0.104127977,0.000111111
centralized,300,30,90,0,71,0.355,90000,0,10,1,0,10,90,0,10,1,0,10,30,0,10,7.200005556,0.329281576,10,99.99877778,0.000351364,10,0,0,0,0,0,0.104127977,0.000111111
centralized,300,30,90,0,72,0.36,90000,0,10,1,0,10,90,0,10,1,0,10,30,0,10,7.200005556,0.329281576,10,99.99877778,0.000351364,10,0,0,0,0,0,0.104127977,0.000111111
centralized,300,30,90,0,73,0.365,90000,0,10,1,0,10,90,0,10,1,0,10,30,0,10,7.200005556,0.329281576,10,99.99877778,0.000351364,10,0,0,0,0,0,0.104127977,0.000111111
centralized,300,30,90,0,74,0.37,90000,0,10,1,0,10,90,0,10,1,0,10,30,0,10,7.200005556,0.329281576,10,99.99877778,0.000351364,10,0,0,0,0,0,0.104127977,0.000111111
centralized,300,30,90,0,75,0.375,90000,0,10,1,0,10,90,0,10,1,0,10,30,0,10,7.200005556,0.329281576,10,99.99877778,0.000351364,10,0,0,0,0,0,0.104127977,0.000111111
centralized,300,30,90,0,76,0.38,90000,0,10,1,0,10,90,0,10,1,0,10,30,0,10,7.200005556,0.329281576,10,99.99877778,0.000351364,10,0,0,0,0,0,0.104127977,0.000111111
centralized,300,30,90,0,77,0.385,90000,0,10,1,0,10,90,0,10,1,0,10,30,0,10,7.200005556,0.329281576,10,99.99877778,0.000351364,10,0,0,0,0,0,0.104127977,0.000111111
centralized,300,30,90,0,78,0.39,90000,0,10,1,0,10,90,0,10,1,0,10,30,0,10,7.200005556,0.329281576,10,99.99877778,0.000351364,10,0,0,0,0,0,0.104127977,0.000111111
centralized,300,30,90,0,79,0.395,90000,0,10,1,0,10,90,0,10,1,0,10,30,0,10,7.200005556,0.329281576,10,99.99877778,0.000351364,10,0,0,0,0,0,0.104127977,0.000111111
centralized,300,30,90,0,80,0.4,90000,0,10,1,0,10,90,0,10,1,0,10,30,0,10,7.200005556,0.329281576,10,99.99877778,0.000351364,10,0,0,0,0,0,0.104127977,0.000111111
centralized,300,30,90,0,81,0.405,90000,0,10,1,0,10,90,0,10,1,0,10,30,0,10,7.200005556,0.329281576,10,99.99877778,0.000351364,10,0,0,0,0,0,0.104127977,0.000111111
centralized,300,30,90,0,82,0.41,90000,0,10,1,0,10,90,0,10,1,0,10,30,0,10,7.200005556,0.329281576,10,99.99877778,0.000351364,10,0,0,0,0,0,0.104127977,0.000111111
centralized,300,30,90,0,83,0.415,90000,0,10,1,0,10,90,0,10,1,0,10,30,0,10,7.200005556,0.329281576,10,99.99877778,0.000351364,10,0,0,0,0,0,0.104127977,0.000111111
centralized,300,30,90,0,84,0.42,90000,0,10,1,0,10,90,0,10,1,0,10,30,0,10,7.200005556,0.329281576,10,99.99877778,0.000351364,10,0,0,0,0,0,0.104127977,0.000111111
centralized,300,30,90,0,85,0.425,90000,0,10,1,0,10,90,0,10,1,0,10,30,0,10,7.200005556,0.329281576,10,99.99877778,0.000351364,10,0,0,0,0,0,0.104127977,0.000111111
centralized,300,30,90,0,86,0.43,90000,0,10,1,0,10,90,0,10,1,0,10,30,0,10,7.200005556,0.329281576,10,99.99877778,0.000351364,10,0,0,0,0,0,0.104127977,0.000111111
centralized,300,30,90,0,87,0.435,90000,0,10,1,0,10,90,0,10,1,0,10,30,0,10,7.200005556,0.329281576,10,99.99877778,0.000351364,10,0,0,0,0,0,0.104127977,0.000111111
centralized,300,30,90,0,88,0.44,90000,0,10,1,0,10,90,0,10,1,0,10,30,0,10,7.200005556,0.329281576,10,99.99877778,0.000351364,10,0,0,0,0,0,0.104127977,0.000111111
centralized,300,30,90,0,89,0.445,90000,0,10,1,0,10,90,0,10,1,0,10,30,0,10,7.200005556,0.329281576,10,99.99877778,0.000351364,10,0,0,0,0,0,0.104127977,0.000111111
centralized,300,30,90,0,90,0.45,90000,0,10,1,0,10,90,0,10,1,0,10,30,0,10,7.200005556,0.329281576,10,99.99877778,0.000351364,10,0,0,0,0,0,0.104127977,0.000111111
centralized,300,30,90,0,91,0.455,90000,0,10,1,0,10,90,0,10,1,0,10,30,0,10,7.200005556,0.329281576,10,99.99877778,0.000351364,10,0,0,0,0,0,0.104127977,0.000111111
centralized,300,30,90,0,92,0.46,90000,0,10,1,0,10,90,0,10,1,0,10,30,0,10,7.200005556,0.329281576,10,99.99877778,0.000351364,10,0,0,0,0,0,0.104127977,0.000111111
centralized,300,30,90,0,93,0.465,90000,0,10,1,0,10,90,0,10,1,0,10,30,0,10,7.200005556,0.329281576,10,99.99877778,0.000351364,10,0,0,0,0,0,0.104127977,0.000111111
centralized,300,30,90,0,94,0.47,90000,0,10,1,0,10,90,0,10,1,0,10,30,0,10,7.200005556,0.329281576,10,99.99877778,0.000351364,10,0,0,0,0,0,0.104127977,0.000111111
centralized,300,30,90,0,95,0.475,90000,0,10,1,0,10,90,0,10,1,0,10,30,0,10,7.200005556,0.329281576,10,99.99877778,0.000351364,10,0,0,0,0,0,0.104127977,0.000111111
centralized,300,30,90,0,96,0.48,90000,0,10,1,0,10,90,0,10,1,0,10,30,0,10,7.200005556,0.329281576,10,99.99877778,0.000351364,10,0,0,0,0,0,0.104127977,0.000111111
centralized,300,30,90,0,97,0.485,90000,0,10,1,0,10,90,0,10,1,0,10,30,0,10,7.200005556,0.329281576,10,99.99877778,0.000351364,10,0,0,0,0,0,0.104127977,0.000111111
centralized,300,30,90,0,98,0.49,90000,0,10,1,0,10,90,0,10,1,0,10,30,0,10,7.200005556,0.329281576,10,99.99877778,0.000351364,10,0,0,0,0,0,0.104127977,0.000111111
centralized,300,30,90,0,99,0.495,90000,0,10,1,0,10,90,0,10,1,0,10,30,0,10,7.200005556,0.329281576,10,99.99877778,0.000351364,10,0,0,0,0,0,0.104127977,0.000111111
centralized,300,30,90,0,100,0.5,90000,0,10,1,0,10,90,0,10,1,0,10,30,0,10,7.200005556,0.329281576,10,99.99877778,0.000351364,10,0,0,0,0,0,0.104127977,0.000111111
centralized,300,30,90,0,101,0.505,90000,0,10,1,0,10,90,0,10,1,0,10,30,0,10,7.200005556,0.329281576,10,99.99877778,0.000351364,10,0,0,0,0,0,0.104127977,0.000111111
centralized,300,30,90,0,102,0.51,90000,0,10,1,0,10,90,0,10,1,0,10,30,0,10,7.200005556,0.329281576,10,99.99877778,0.000351364,10,0,0,0,0,0,0.104127977,0.000111111
centralized,300,30,90,0,103,0.515,90000,0,10,1,0,10,90,0,10,1,0,10,30,0,10,7.200005556,0.329281576,10,99.99877778,0.000351364,10,0,0,0,0,0,0.104127977,0.000111111
centralized,300,30,90,0,104,0.52,90000,0,10,1,0,10,90,0,10,1,0,10,30,0,10,7.200005556,0.329281576,10,99.99877778,0.000351364,10,0,0,0,0,0,0.104127977,0.000111111
centralized,300,30,90,0,105,0.525,90000,0,10,1,0,10,90,0,10,1,0,10,30,0,10,7.200005556,0.329281576,10,99.99877778,0.000351364,10,0,0,0,0,0,0.104127977,0.000111111
centralized,300,30,90,0,106,0.53,90000,0,10,1,0,10,90,0,10,1,0,10,30,0,10,7.200005556,0.329281576,10,99.99877778,0.000351364,10,0,0,0,0,0,0.104127977,0.000111111
centralized,300,30,90,0,107,0.535,90000,0,10,1,0,10,90,0,10,1,0,10,30,0,10,7.200005556,0.329281576,10,99.99877778,0.000351364,10,0,0,0,0,0,0.104127977,0.000111111
centralized,300,30,90,0,108,0.54,90000,0,10,1,0,10,90,0,10,1,0,10,30,0,10,7.200005556,0.329281576,10,99.99877778,0.000351364,10,0,0,0,0,0,0.104127977,0.000111111
centralized,300,30,90,0,109,0.545,90000,0,10,1,0,10,90,0,10,1,0,10,30,0,10,7.200005556,0.329281576,10,99.99877778,0.000351364,10,0,0,0,0,0,0.104127977,0.000111111
centralized,300,30,90,0,110,0.55,90000,0,10,1,0,10,90,0,10,1,0,10,30,0,10,7.200005556,0.329281576,10,99.99877778,0.000351364,10,0,0,0,0,0,0.104127977,0.000111111
centralized,300,30,90,0,111,0.555,90000,0,10,1,0,10,90,0,10,1,0,10,30,0,10,7.200005556,0.329281576,10,99.99877778,0.000351364,10,0,0,0,0,0,0.104127977,0.000111111
centralized,300,30,90,0,112,0.56,90000,0,10,1,0,10,90,0,10,1,0,10,30,0,10,7.200005556,0.329281576,10,99.99877778,0.000351364,10,0,0,0,0,0,0.104127977,0.000111111
centralized,300,30,90,0,113,0.565,90000,0,10,1,0,10,90,0,10,1,0,10,30,0,10,7.200005556,0.329281576,10,99.99877778,0.000351364,10,0,0,0,0,0,0.104127977,0.000111111
centralized,300,30,90,0,114,0.57,90000,0,10,1,0,10,90,0,10,1,0,10,30,0,10,7.200005556,0.329281576,10,99.99877778,0.000351364,10,0,0,0,0,0,0.104127977,0.000111111
centralized,300,30,90,0,115,0.575,90000,0,10,1,0,10,90,0,10,1,0,10,30,0,10,7.200005556,0.329281576,10,99.99877778,0.000351364,10,0,0,0,0,0,0.104127977,0.000111111
centralized,300,30,90,0,116,0.58,90000,0,10,1,0,10,90,0,10,1,0,10,30,0,10,7.200005556,0.329281576,10,99.99877778,0.000351364,10,0,0,0,0,0,0.104127977,0.000111111
centralized,300,30,90,0,117,0.585,90000,0,10,1,0,10,90,0,10,1,0,10,30,0,10,7.200005556,0.329281576,10,99.99877778,0.000351364,10,0,0,0,0,0,0.104127977,0.000111111
centralized,300,30,90,0,118,0.59,90000,0,10,1,0,10,90,0,10,1,0,10,30,0,10,7.200005556,0.329281576,10,99.99877778,0.000351364,10,0,0,0,0,0,0.104127977,0.000111111
centralized,300,30,90,0,119,0.595,90000,0,10,1,0,10,90,0,10,1,0,10,30,0,10,7.200005556,0.329281576,10,99.99877778,0.000351364,10,0,0,0,0,0,0.104127977,0.000111111
centralized,300,30,90,0,120,0.6,90000,0,10,1,0,10,90,0,10,1,0,10,30,0,10,7.200005556,0.329281576,10,99.99877778,0.000351364,10,0,0,0,0,0,0.104127977,0.000111111
centralized,300,30,90,0,121,0.605,90000,0,10,1,0,10,90,0,10,1,0,10,30,0,10,7.200005556,0.329281576,10,99.99877778,0.000351364,10,0,0,0,0,0,0.104127977,0.000111111
centralized,300,30,90,0,122,0.61,90000,0,10,1,0,10,90,0,10,1,0,10,30,0,10,7.200005556,0.329281576,10,99.99877778,0.000351364,10,0,0,0,0,0,0.104127977,0.000111111
centralized,300,30,90,0,123,0.615,90000,0,10,1,0,10,90,0,10,1,0,10,30,0,10,7.200005556,0.329281576,10,99.99877778,0.000351364,10,0,0,0,0,0,0.104127977,0.000111111
centralized,300,30,90,0,124,0.62,90000,0,10,1,0,10,90,0,10,1,0,10,30,0,10,7.200005556,0.329281576,10,99.99877778,0.000351364,10,0,0,0,0,0,0.104127977,0.000111111
centralized,300,30,90,0,125,0.625,90000,0,10,1,0,10,90,0,10,1,0,10,30,0,10,7.200005556,0.329281576,10,99.99877778,0.000351364,10,0,0,0,0,0,0.104127977,0.000111111
centralized,300,30,90,0,126,0.63,90000,0,10,1,0,10,90,0,10,1,0,10,30,0,10,7.200005556,0.329281576,10,99.99877778,0.000351364,10,0,0,0,0,0,0.104127977,0.000111111
centralized,300,30,90,0,127,0.635,90000,0,10,1,0,10,90,0,10,1,0,10,30,0,10,7.200005556,0.329281576,10,99.99877778,0.000351364,10,0,0,0,0,0,0.104127977,0.000111111
centralized,300,30,90,0,128,0.64,90000,0,10,1,0,10,90,0,10,1,0,10,30,0,10,7.200005556,0.329281576,10,99.99877778,0.000351364,10,0,0,0,0,0,0.104127977,0.000111111
centralized,300,30,90,0,129,0.645,90000,0,10,1,0,10,90,0,10,1,0,10,30,0,10,7.200005556,0.329281576,10,99.99877778,0.000351364,10,0,0,0,0,0,0.104127977,0.000111111
centralized,300,30,90,0,130,0.65,90000,0,10,1,0,10,90,0,10,1,0,10,30,0,10,7.200005556,0.329281576,10,99.99877778,0.000351364,10,0,0,0,0,0,0.104127977,0.000111111
centralized,300,30,90,0,131,0.655,90000,0,10,1,0,10,90,0,10,1,0,10,30,0,10,7.200005556,0.329281576,10,99.99877778,0.000351364,10,0,0,0,0,0,0.104127977,0.000111111
centralized,300,30,90,0,132,0.66,90000,0,10,1,0,10,90,0,10,1,0,10,30,0,10,7.200005556,0.329281576,10,99.99877778,0.000351364,10,0,0,0,0,0,0.104127977,0.000111111
centralized,300,30,90,0,133,0.665,90000,0,10,1,0,10,90,0,10,1,0,10,30,0,10,7.200005556,0.329281576,10,99.99877778,0.000351364,10,0,0,0,0,0,0.104127977,0.000111111
centralized,300,30,90,0,134,0.67,90000,0,10,1,0,10,90,0,10,1,0,10,30,0,10,7.200005556,0.329281576,10,99.99877778,0.000351364,10,0,0,0,0,0,0.104127977,0.000111111
centralized,300,30,90,0,135,0.675,90000,0,10,1,0,10,90,0,10,1,0,10,30,0,10,7.200005556,0.329281576,10,99.99877778,0.000351364,10,0,0,0,0,0,0.104127977,0.000111111
centralized,300,30,90,0,136,0.68,90000,0,10,1,0,10,90,0,10,1,0,10,30,0,10,7.200005556,0.329281576,10,99.99877778,0.000351364,10,0,0,0,0,0,0.104127977,0.000111111
centralized,300,30,90,0,137,0.685,90000,0,10,1,0,10,90,0,10,1,0,10,30,0,10,7.200005556,0.329281576,10,99.99877778,0.000351364,10,0,0,0,0,0,0.104127977,0.000111111
centralized,300,30,90,0,138,0.69,90000,0,10,1,0,10,90,0,10,1,0,10,30,0,10,7.200005556,0.329281576,10,99.99877778,0.000351364,10,0,0,0,0,0,0.104127977,0.000111111
centralized,300,30,90,0,139,0.695,90000,0,10,1,0,10,90,0,10,1,0,10,30,0,10,7.200005556,0.329281576,10,99.99877778,0.000351364,10,0,0,0,0,0,0.104127977,0.000111111
centralized,300,30,90,0,140,0.7,90000,0,10,1,0,10,90,0,10,1,0,10,30,0,10,7.200005556,0.329281576,10,99.99877778,0.000351364,10,0,0,0,0,0,0.104127977,0.000111111
centralized,300,30,90,0,141,0.705,90000,0,10,1,0,10,90,0,10,1,0,10,30,0,10,7.200005556,0.329281576,10,99.99877778,0.000351364,10,0,0,0,0,0,0.104127977,0.000111111
centralized,300,30,90,0,142,0.71,90000,0,10,1,0,10,90,0,10,1,0,10,30,0,10,7.200005556,0.329281576,10,99.99877778,0.000351364,10,0,0,0,0,0,0.104127977,0.000111111
centralized,300,30,90,0,143,0.715,90000,0,10,1,0,10,90,0,10,1,0,10,30,0,10,7.200005556,0.329281576,10,99.99877778,0.000351364,10,0,0,0,0,0,0.104127977,0.000111111
centralized,300,30,90,0,144,0.72,90000,0,10,1,0,10,90,0,10,1,0,10,30,0,10,7.200005556,0.329281576,10,99.99877778,0.000351364,10,0,0,0,0,0,0.104127977,0.000111111
centralized,300,30,90,0,145,0.725,90000,0,10,1,0,10,90,0,10,1,0,10,30,0,10,7.200005556,0.329281576,10,99.99877778,0.000351364,10,0,0,0,0,0,0.104127977,0.000111111
centralized,300,30,90,0,146,0.73,90000,0,10,1,0,10,90,0,10,1,0,10,30,0,10,7.200005556,0.329281576,10,99.99877778,0.000351364,10,0,0,0,0,0,0.104127977,0.000111111
centralized,300,30,90,0,147,0.735,90000,0,10,1,0,10,90,0,10,1,0,10,30,0,10,7.200005556,0.329281576,10,99.99877778,0.000351364,10,0,0,0,0,0,0.104127977,0.000111111
centralized,300,30,90,0,148,0.74,90000,0,10,1,0,10,90,0,10,1,0,10,30,0,10,7.200005556,0.329281576,10,99.99877778,0.000351364,10,0,0,0,0,0,0.104127977,0.000111111
centralized,300,30,90,0,149,0.745,90000,0,10,1,0,10,90,0,10,1,0,10,30,0,10,7.200005556,0.329281576,10,99.99877778,0.000351364,10,0,0,0,0,0,0.104127977,0.000111111
centralized,300,30,90,0,150,0.75,90000,0,10,1,0,10,90,0,10,1,0,10,30,0,10,7.200005556,0.329281576,10,99.99877778,0.000351364,10,0,0,0,0,0,0.104127977,0.000111111
centralized,300,30,90,0,151,0.755,90000,0,10,1,0,10,90,0,10,1,0,10,30,0,10,7.200005556,0.329281576,10,99.99877778,0.000351364,10,0,0,0,0,0,0.104127977,0.000111111
centralized,300,30,90,0,152,0.76,90000,0,10,1,0,10,90,0,10,1,0,10,30,0,10,7.200005556,0.329281576,10,99.99877778,0.000351364,10,0,0,0,0,0,0.104127977,0.000111111
centralized,300,30,90,0,153,0.765,90000,0,10,1,0,10,90,0,10,1,0,10,30,0,10,7.200005556,0.329281576,10,99.99877778,0.000351364,10,0,0,0,0,0,0.104127977,0.000111111
centralized,300,30,90,0,154,0.77,90000,0,10,1,0,10,90,0,10,1,0,10,30,0,10,7.200005556,0.329281576,10,99.99877778,0.000351364,10,0,0,0,0,0,0.104127977,0.000111111
centralized,300,30,90,0,155,0.775,90000,0,10,1,0,10,90,0,10,1,0,10,30,0,10,7.200005556,0.329281576,10,99.99877778,0.000351364,10,0,0,0,0,0,0.104127977,0.000111111
centralized,300,30,90,0,156,0.78,90000,0,10,1,0,10,90,0,10,1,0,10,30,0,10,7.200005556,0.329281576,10,99.99877778,0.000351364,10,0,0,0,0,0,0.104127977,0.000111111
centralized,300,30,90,0,157,0.785,90000,0,10,1,0,10,90,0,10,1,0,10,30,0,10,7.200005556,0.329281576,10,99.99877778,0.000351364,10,0,0,0,0,0,0.104127977,0.000111111
centralized,300,30,90,0,158,0.79,90000,0,10,1,0,10,90,0,10,1,0,10,30,0,10,7.200005556,0.329281576,10,99.99877778,0.000351364,10,0,0,0,0,0,0.104127977,0.000111111
centralized,300,30,90,0,159,0.795,90000,0,10,1,0,10,90,0,10,1,0,10,30,0,10,7.200005556,0.329281576,10,99.99877778,0.000351364,10,0,0,0,0,0,0.104127977,0.000111111
centralized,300,30,90,0,160,0.8,90000,0,10,1,0,10,90,0,10,1,0,10,30,0,10,7.200005556,0.329281576,10,99.99877778,0.000351364,10,0,0,0,0,0,0.104127977,0.000111111
centralized,300,30,90,0,161,0.805,90000,0,10,1,0,10,90,0,10,1,0,10,30,0,10,7.200005556,0.329281576,10,99.99877778,0.000351364,10,0,0,0,0,0,0.104127977,0.000111111
centralized,300,30,90,0,162,0.81,90000,0,10,1,0,10,90,0,10,1,0,10,30,0,10,7.200005556,0.329281576,10,99.99877778,0.000351364,10,0,0,0,0,0,0.104127977,0.000111111
centralized,300,30,90,0,163,0.815,90000,0,10,1,0,10,90,0,10,1,0,10,30,0,10,7.200005556,0.329281576,10,99.99877778,0.000351364,10,0,0,0,0,0,0.104127977,0.000111111
centralized,300,30,90,0,164,0.82,90000,0,10,1,0,10,90,0,10,1,0,10,30,0,10,7.200005556,0.329281576,10,99.99877778,0.000351364,10,0,0,0,0,0,0.104127977,0.000111111
centralized,300,30,90,0,165,0.825,90000,0,10,1,0,10,90,0,10,1,0,10,30,0,10,7.200005556,0.329281576,10,99.99877778,0.000351364,10,0,0,0,0,0,0.104127977,0.000111111
centralized,300,30,90,0,166,0.83,90000,0,10,1,0,10,90,0,10,1,0,10,30,0,10,7.200005556,0.329281576,10,99.99877778,0.000351364,10,0,0,0,0,0,0.104127977,0.000111111
centralized,300,30,90,0,167,0.835,90000,0,10,1,0,10,90,0,10,1,0,10,30,0,10,7.200005556,0.329281576,10,99.99877778,0.000351364,10,0,0,0,0,0,0.104127977,0.000111111
centralized,300,30,90,0,168,0.84,90000,0,10,1,0,10,90,0,10,1,0,10,30,0,10,7.200005556,0.329281576,10,99.99877778,0.000351364,10,0,0,0,0,0,0.104127977,0.000111111
centralized,300,30,90,0,169,0.845,90000,0,10,1,0,10,90,0,10,1,0,10,30,0,10,7.200005556,0.329281576,10,99.99877778,0.000351364,10,0,0,0,0,0,0.104127977,0.000111111
centralized,300,30,90,0,170,0.85,90000,0,10,1,0,10,90,0,10,1,0,10,30,0,10,7.200005556,0.329281576,10,99.99877778,0.000351364,10,0,0,0,0,0,0.104127977,0.000111111
centralized,300,30,90,0,171,0.855,90000,0,10,1,0,10,90,0,10,1,0,10,30,0,10,7.200005556,0.329281576,10,99.99877778,0.000351364,10,0,0,0,0,0,0.104127977,0.000111111
centralized,300,30,90,0,172,0.86,90000,0,10,1,0,10,90,0,10,1,0,10,30,0,10,7.200005556,0.329281576,10,99.99877778,0.000351364,10,0,0,0,0,0,0.104127977,0.000111111
centralized,300,30,90,0,173,0.865,90000,0,10,1,0,10,90,0,10,1,0,10,30,0,10,7.200005556,0.329281576,10,99.99877778,0.000351364,10,0,0,0,0,0,0.104127977,0.000111111
centralized,300,30,90,0,174,0.87,90000,0,10,1,0,10,90,0,10,1,0,10,30,0,10,7.200005556,0.329281576,10,99.99877778,0.000351364,10,0,0,0,0,0,0.104127977,0.000111111
centralized,300,30,90,0,175,0.875,90000,0,10,1,0,10,90,0,10,1,0,10,30,0,10,7.200005556,0.329281576,10,99.99877778,0.000351364,10,0,0,0,0,0,0.104127977,0.000111111
centralized,300,30,90,0,176,0.88,90000,0,10,1,0,10,90,0,10,1,0,10,30,0,10,7.200005556,0.329281576,10,99.99877778,0.000351364,10,0,0,0,0,0,0.104127977,0.000111111
centralized,300,30,90,0,177,0.885,90000,0,10,1,0,10,90,0,10,1,0,10,30,0,10,7.200005556,0.329281576,10,99.99877778,0.000351364,10,0,0,0,0,0,0.104127977,0.000111111
centralized,300,30,90,0,178,0.89,90000,0,10,1,0,10,90,0,10,1,0,10,30,0,10,7.200005556,0.329281576,10,99.99877778,0.000351364,10,0,0,0,0,0,0.104127977,0.000111111
centralized,300,30,90,0,179,0.895,90000,0,10,1,0,10,90,0,10,1,0,10,30,0,10,7.200005556,0.329281576,10,99.99877778,0.000351364,10,0,0,0,0,0,0.104127977,0.000111111
centralized,300,30,90,0,180,0.9,90000,0,10,1,0,10,90,0,10,1,0,10,30,0,10,7.200005556,0.329281576,10,99.99877778,0.000351364,10,0,0,0,0,0,0.104127977,0.000111111
centralized,300,30,90,0,181,0.905,90000,0,10,1,0,10,90,0,10,1,0,10,30,0,10,7.200005556,0.329281576,10,99.99877778,0.000351364,10,0,0,0,0,0,0.104127977,0.000111111
centralized,300,30,90,0,182,0.91,90000,0,10,1,0,10,90,0,10,1,0,10,30,0,10,7.200005556,0.329281576,10,99.99877778,0.000351364,10,0,0,0,0,0,0.104127977,0.000111111
centralized,300,30,90,0,183,0.915,90000,0,10,1,0,10,90,0,10,1,0,10,30,0,10,7.200005556,0.329281576,10,99.99877778,0.000351364,10,0,0,0,0,0,0.104127977,0.000111111
centralized,300,30,90,0,184,0.92,90000,0,10,1,0,10,90,0,10,1,0,10,30,0,10,7.200005556,0.329281576,10,99.99877778,0.000351364,10,0,0,0,0,0,0.104127977,0.000111111
centralized,300,30,90,0,185,0.925,90000,0,10,1,0,10,90,0,10,1,0,10,30,0,10,7.200005556,0.329281576,10,99.99877778,0.000351364,10,0,0,0,0,0,0.104127977,0.000111111
centralized,300,30,90,0,186,0.93,90000,0,10,1,0,10,90,0,10,1,0,10,30,0,10,7.200005556,0.329281576,10,99.99877778,0.000351364,10,0,0,0,0,0,0.104127977,0.000111111
centralized,300,30,90,0,187,0.935,90000,0,10,1,0,10,90,0,10,1,0,10,30,0,10,7.200005556,0.329281576,10,99.99877778,0.000351364,10,0,0,0,0,0,0.104127977,0.000111111
centralized,300,30,90,0,188,0.94,90000,0,10,1,0,10,90,0,10,1,0,10,30,0,10,7.200005556,0.329281576,10,99.99877778,0.000351364,10,0,0,0,0,0,0.104127977,0.000111111
centralized,300,30,90,0,189,0.945,90000,0,10,1,0,10,90,0,10,1,0,10,30,0,10,7.200005556,0.329281576,10,99.99877778,0.000351364,10,0,0,0,0,0,0.104127977,0.000111111
centralized,300,30,90,0,190,0.95,90000,0,10,1,0,10,90,0,10,1,0,10,30,0,10,7.200005556,0.329281576,10,99.99877778,0.000351364,10,0,0,0,0,0,0.104127977,0.000111111
centralized,300,30,90,0,191,0.955,90000,0,10,1,0,10,90,0,10,1,0,10,30,0,10,7.200005556,0.329281576,10,99.99877778,0.000351364,10,0,0,0,0,0,0.104127977,0.000111111
centralized,300,30,90,0,192,0.96,90000,0,10,1,0,10,90,0,10,1,0,10,30,0,10,7.200005556,0.329281576,10,99.99877778,0.000351364,10,0,0,0,0,0,0.104127977,0.000111111
centralized,300,30,90,0,193,0.965,90000,0,10,1,0,10,90,0,10,1,0,10,30,0,10,7.200005556,0.329281576,10,99.99877778,0.000351364,10,0,0,0,0,0,0.104127977,0.000111111
centralized,300,30,90,0,194,0.97,90000,0,10,1,0,10,90,0,10,1,0,10,30,0,10,7.200005556,0.329281576,10,99.99877778,0.000351364,10,0,0,0,0,0,0.104127977,0.000111111
centralized,300,30,90,0,195,0.975,90000,0,10,1,0,10,90,0,10,1,0,10,30,0,10,7.200005556,0.329281576,10,99.99877778,0.000351364,10,0,0,0,0,0,0.104127977,0.000111111
centralized,300,30,90,0,196,0.98,90000,0,10,1,0,10,90,0,10,1,0,10,30,0,10,7.200005556,0.329281576,10,99.99877778,0.000351364,10,0,0,0,0,0,0.104127977,0.000111111
centralized,300,30,90,0,197,0.985,90000,0,10,1,0,10,90,0,10,1,0,10,30,0,10,7.200005556,0.329281576,10,99.99877778,0.000351364,10,0,0,0,0,0,0.104127977,0.000111111
centralized,300,30,90,0,198,0.99,90000,0,10,1,0,10,90,0,10,1,0,10,30,0,10,7.200005556,0.329281576,10,99.99877778,0.000351364,10,0,0,0,0,0,0.104127977,0.000111111
centralized,300,30,90,0,199,0.995,90000,0,10,1,0,10,90,0,10,1,0,10,30,0,10,7.200005556,0.329281576,10,99.99877778,0.000351364,10,0,0,0,0,0,0.104127977,0.000111111
centralized,300,30,90,0,200,1,90000,0,10,1,0,10,90,0,10,1,0,10,30,0,10,7.200005556,0.329281576,10,99.99877778,0.000351364,10,0,0,0,0,0,0.104127977,0.000111111
centralized,350,35,105,0,0,0,0,0,10,0,0,10,0,0,10,0,0,10,35,0,10,0,0,10,0,0,10,0,0,0,0,0,0,0
centralized,350,35,105,0,1,0.005,16557.7,314.8103662,10,0.135164898,0.002569881,10,14.3,4.715223572,10,0.136190476,0.044906891,10,35,0,10,3.670041675,0.067656204,10,13.37706122,0.252354642,10,99.55177882,0.000812668,1.491084616,0.014200806,0,0.02139477,0.079801545
centralized,350,35,105,0,2,0.01,27960.7,412.7003352,10,0.228250612,0.003368982,10,23.2,5.692099788,10,0.220952381,0.054210474,10,35,0,10,4.326378575,0.063498179,10,22.7077551,0.337333982,10,130.507305,0.001065366,1.8,0.017142857,0,0.020079887,0.106674372
centralized,350,35,105,0,3,0.015,37312.5,661.4487886,10,0.304591837,0.005399582,10,31.5,5.759050848,10,0.3,0.054848103,10,35,0,10,4.867116187,0.087528624,10,30.35126531,0.535233053,10,209.1684728,0.001707498,1.821171784,0.017344493,0,0.027678981,0.169255553
centralized,350,35,105,0,4,0.02,46736,721.677983,10,0.381518367,0.005891249,10,38.5,6.851601597,10,0.366666667,0.065253349,10,35,0,10,5.192881355,0.076939267,10,38.05118367,0.587077217,10,228.2146163,0.001862976,2.166666667,0.020634921,0,0.024330333,0.185650117
centralized,350,35,105,0,5,0.025,56540.9,860.6312218,10,0.461558367,0.007025561,10,48.1,7.415449338,10,0.458095238,0.070623327,10,35,0,10,5.374109761,0.078372228,10,46.05836735,0.696923845,10,272.1554886,0.002221677,2.344970978,0.022333057,0,0.024783475,0.220386671
centralized,350,35,105,0,6,0.03,66306.2,881.6580088,10,0.541275102,0.007197208,10,57.3,6.360468187,10,0.545714286,0.060575887,10,35,0,10,5.504793238,0.069908293,10,54.03771429,0.715322013,10,278.8047425,0.002275957,2.011356646,0.019155778,0,0.022106943,0.226204682
centralized,350,35,105,0,7,0.035,76088.2,679.1549979,10,0.621128163,0.005544122,10,65.5,5.212165257,10,0.623809524,0.049639669,10,35,0,10,5.60039636,0.046473084,10,62.03134694,0.552436873,10,214.7676678,0.001753205,1.648231375,0.015697442,0,0.014696079,0.174695878
centralized,350,35,105,0,8,0.04,86109,849.4294817,10,0.702930612,0.006934118,10,73.2,4.289522118,10,0.697142857,0.040852592,10,35,0,10,5.659050208,0.05281793,10,70.21771429,0.689111018,10,268.6131874,0.002192761,1.356465997,0.012918724,0,0.016702496,0.217916038
centralized,350,35,105,0,9,0.045,95904.9,1067.337857,10,0.782897143,0.008712962,10,79.7,4.37289632,10,0.759047619,0.041646632,10,35,0,10,5.718572628,0.061596995,10,78.22604082,0.868225124,10,337.521866,0.002755281,1.382831234,0.013169821,0,0.01947868,0.274556891
centralized,350,35,105,0,10,0.05,105191.6,1225.975911,10,0.858706939,0.010007967,10,88.5,3.240370349,10,0.842857143,0.03086067,10,35,0,10,5.793936919,0.066329855,10,85.81689796,1.000437985,10,387.6876234,0.003164797,1.024695077,0.009759001,0,0.020975342,0.316366269
centralized,350,35,105,0,11,0.055,113379.7,1081.314432,10,0.925548571,0.008827057,10,96.8,2.859681412,10,0.921904762,0.027235061,10,35,0,10,5.910947386,0.05598017,10,92.51534694,0.882614893,10,341.9416471,0.00279136,0.904310664,0.008612483,0,0.017702484,0.279107336
centralized,350,35,105,0,12,0.06,119043,710.8064278,10,0.971779592,0.005802501,10,101.9,1.595131482,10,0.97047619,0.015191728,10,35,0,10,6.135291799,0.037858843,10,97.15338776,0.58162773,10,224.7767287,0.001834912,0.504424865,0.004804046,0,0.011972017,0.183926838
centralized,350,35,105,0,13,0.065,121744.6,302.1571335,10,0.993833469,0.002466589,10,104.4,0.966091783,10,0.994285714,0.009200874,10,35,0,10,6.486894599,0.017129025,10,99.37665306,0.248392364,10,95.55047532,0.000780004,0.305505046,0.002909572,0,0.005416673,0.078548562
centralized,350,35,105,0,14,0.07,122424.1,71.46630908,10,0.999380408,0.000583398,10,104.9,0.316227766,10,0.999047619,0.003011693,10,35,0,10,6.887731864,0.103939599,10,99.9364898,0.058704669,10,22.59963127,0.000184487,0.1,0.000952381,0,0.032868587,0.018564046
centralized,350,35,105,0,15,0.075,122500,0,10,1,0,10,105,0,10,1,0,10,35,0,10,7.044016327,0.204460165,10,99.99893878,0.000394323,10,0,0,0,0,0,0.064655981,0.000124696
centralized,350,35,105,0,16,0.08,122500,0,10,1,0,10,105,0,10,1,0,10,35,0,10,7.044016327,0.204460165,10,99.99893878,0.000394323,10,0,0,0,0,0,0.064655981,0.000124696
centralized,350,35,105,0,17,0.085,122500,0,10,1,0,10,105,0,10,1,0,10,35,0,10,7.044016327,0.204460165,10,99.99893878,0.000394323,10,0,0,0,0,0,0.064655981,0.000124696
centralized,350,35,105,0,18,0.09,122500,0,10,1,0,10,105,0,10,1,0,10,35,0,10,7.044016327,0.204460165,10,99.99893878,0.000394323,10,0,0,0,0,0,0.064655981,0.000124696
centralized,350,35,105,0,19,0.095,122500,0,10,1,0,10,105,0,10,1,0,10,35,0,10,7.044016327,0.204460165,10,99.99893878,0.000394323,10,0,0,0,0,0,0.064655981,0.000124696
centralized,350,35,105,0,20,0.1,122500,0,10,1,0,10,105,0,10,1,0,10,35,0,10,7.044016327,0.204460165,10,99.99893878,0.000394323,10,0,0,0,0,0,0.064655981,0.000124696
centralized,350,35,105,0,21,0.105,122500,0,10,1,0,10,105,0,10,1,0,10,35,0,10,7.044016327,0.204460165,10,99.99893878,0.000394323,10,0,0,0,0,0,0.064655981,0.000124696
centralized,350,35,105,0,22,0.11,122500,0,10,1,0,10,105,0,10,1,0,10,35,0,10,7.044016327,0.204460165,10,99.99893878,0.000394323,10,0,0,0,0,0,0.064655981,0.000124696
centralized,350,35,105,0,23,0.115,122500,0,10,1,0,10,105,0,10,1,0,10,35,0,10,7.044016327,0.204460165,10,99.99893878,0.000394323,10,0,0,0,0,0,0.064655981,0.000124696
centralized,350,35,105,0,24,0.12,122500,0,10,1,0,10,105,0,10,1,0,10,35,0,10,7.044016327,0.204460165,10,99.99893878,0.000394323,10,0,0,0,0,0,0.064655981,0.000124696
centralized,350,35,105,0,25,0.125,122500,0,10,1,0,10,105,0,10,1,0,10,35,0,10,7.044016327,0.204460165,10,99.99893878,0.000394323,10,0,0,0,0,0,0.064655981,0.000124696
centralized,350,35,105,0,26,0.13,122500,0,10,1,0,10,105,0,10,1,0,10,35,0,10,7.044016327,0.204460165,10,99.99893878,0.000394323,10,0,0,0,0,0,0.064655981,0.000124696
centralized,350,35,105,0,27,0.135,122500,0,10,1,0,10,105,0,10,1,0,10,35,0,10,7.044016327,0.204460165,10,99.99893878,0.000394323,10,0,0,0,0,0,0.064655981,0.000124696
centralized,350,35,105,0,28,0.14,122500,0,10,1,0,10,105,0,10,1,0,10,35,0,10,7.044016327,0.204460165,10,99.99893878,0.000394323,10,0,0,0,0,0,0.064655981,0.000124696
centralized,350,35,105,0,29,0.145,122500,0,10,1,0,10,105,0,10,1,0,10,35,0,10,7.044016327,0.204460165,10,99.99893878,0.000394323,10,0,0,0,0,0,0.064655981,0.000124696
centralized,350,35,105,0,30,0.15,122500,0,10,1,0,10,105,0,10,1,0,10,35,0,10,7.044016327,0.204460165,10,99.99893878,0.000394323,10,0,0,0,0,0,0.064655981,0.000124696
centralized,350,35,105,0,31,0.155,122500,0,10,1,0,10,105,0,10,1,0,10,35,0,10,7.044016327,0.204460165,10,99.99893878,0.000394323,10,0,0,0,0,0,0.064655981,0.000124696
centralized,350,35,105,0,32,0.16,122500,0,10,1,0,10,105,0,10,1,0,10,35,0,10,7.044016327,0.204460165,10,99.99893878,0.000394323,10,0,0,0,0,0,0.064655981,0.000124696
centralized,350,35,105,0,33,0.165,122500,0,10,1,0,10,105,0,10,1,0,10,35,0,10,7.044016327,0.204460165,10,99.99893878,0.000394323,10,0,0,0,0,0,0.064655981,0.000124696
centralized,350,35,105,0,34,0.17,122500,0,10,1,0,10,105,0,10,1,0,10,35,0,10,7.044016327,0.204460165,10,99.99893878,0.000394323,10,0,0,0,0,0,0.064655981,0.000124696
centralized,350,35,105,0,35,0.175,122500,0,10,1,0,10,105,0,10,1,0,10,35,0,10,7.044016327,0.204460165,10,99.99893878,0.000394323,10,0,0,0,0,0,0.064655981,0.000124696
centralized,350,35,105,0,36,0.18,122500,0,10,1,0,10,105,0,10,1,0,10,35,0,10,7.044016327,0.204460165,10,99.99893878,0.000394323,10,0,0,0,0,0,0.064655981,0.000124696
centralized,350,35,105,0,37,0.185,122500,0,10,1,0,10,105,0,10,1,0,10,35,0,10,7.044016327,0.204460165,10,99.99893878,0.000394323,10,0,0,0,0,0,0.064655981,0.000124696
centralized,350,35,105,0,38,0.19,122500,0,10,1,0,10,105,0,10,1,0,10,35,0,10,7.044016327,0.204460165,10,99.99893878,0.000394323,10,0,0,0,0,0,0.064655981,0.000124696
centralized,350,35,105,0,39,0.195,122500,0,10,1,0,10,105,0,10,1,0,10,35,0,10,7.044016327,0.204460165,10,99.99893878,0.000394323,10,0,0,0,0,0,0.064655981,0.000124696
centralized,350,35,105,0,40,0.2,122500,0,10,1,0,10,105,0,10,1,0,10,35,0,10,7.044016327,0.204460165,10,99.99893878,0.000394323,10,0,0,0,0,0,0.064655981,0.000124696
centralized,350,35,105,0,41,0.205,122500,0,10,1,0,10,105,0,10,1,0,10,35,0,10,7.044016327,0.204460165,10,99.99893878,0.000394323,10,0,0,0,0,0,0.064655981,0.000124696
centralized,350,35,105,0,42,0.21,122500,0,10,1,0,10,105,0,10,1,0,10,35,0,10,7.044016327,0.204460165,10,99.99893878,0.000394323,10,0,0,0,0,0,0.064655981,0.000124696
centralized,350,35,105,0,43,0.215,122500,0,10,1,0,10,105,0,10,1,0,10,35,0,10,7.044016327,0.204460165,10,99.99893878,0.000394323,10,0,0,0,0,0,0.064655981,0.000124696
centralized,350,35,105,0,44,0.22,122500,0,10,1,0,10,105,0,10,1,0,10,35,0,10,7.044016327,0.204460165,10,99.99893878,0.000394323,10,0,0,0,0,0,0.064655981,0.000124696
centralized,350,35,105,0,45,0.225,122500,0,10,1,0,10,105,0,10,1,0,10,35,0,10,7.044016327,0.204460165,10,99.99893878,0.000394323,10,0,0,0,0,0,0.064655981,0.000124696
centralized,350,35,105,0,46,0.23,122500,0,10,1,0,10,105,0,10,1,0,10,35,0,10,7.044016327,0.204460165,10,99.99893878,0.000394323,10,0,0,0,0,0,0.064655981,0.000124696
centralized,350,35,105,0,47,0.235,122500,0,10,1,0,10,105,0,10,1,0,10,35,0,10,7.044016327,0.204460165,10,99.99893878,0.000394323,10,0,0,0,0,0,0.064655981,0.000124696
centralized,350,35,105,0,48,0.24,122500,0,10,1,0,10,105,0,10,1,0,10,35,0,10,7.044016327,0.204460165,10,99.99893878,0.000394323,10,0,0,0,0,0,0.064655981,0.000124696
centralized,350,35,105,0,49,0.245,122500,0,10,1,0,10,105,0,10,1,0,10,35,0,10,7.044016327,0.204460165,10,99.99893878,0.000394323,10,0,0,0,0,0,0.064655981,0.000124696
centralized,350,35,105,0,50,0.25,122500,0,10,1,0,10,105,0,10,1,0,10,35,0,10,7.044016327,0.204460165,10,99.99893878,0.000394323,10,0,0,0,0,0,0.064655981,0.000124696
centralized,350,35,105,0,51,0.255,122500,0,10,1,0,10,105,0,10,1,0,10,35,0,10,7.044016327,0.204460165,10,99.99893878,0.000394323,10,0,0,0,0,0,0.064655981,0.000124696
centralized,350,35,105,0,52,0.26,122500,0,10,1,0,10,105,0,10,1,0,10,35,0,10,7.044016327,0.204460165,10,99.99893878,0.000394323,10,0,0,0,0,0,0.064655981,0.000124696
centralized,350,35,105,0,53,0.265,122500,0,10,1,0,10,105,0,10,1,0,10,35,0,10,7.044016327,0.204460165,10,99.99893878,0.000394323,10,0,0,0,0,0,0.064655981,0.000124696
centralized,350,35,105,0,54,0.27,122500,0,10,1,0,10,105,0,10,1,0,10,35,0,10,7.044016327,0.204460165,10,99.99893878,0.000394323,10,0,0,0,0,0,0.064655981,0.000124696
centralized,350,35,105,0,55,0.275,122500,0,10,1,0,10,105,0,10,1,0,10,35,0,10,7.044016327,0.204460165,10,99.99893878,0.000394323,10,0,0,0,0,0,0.064655981,0.000124696
centralized,350,35,105,0,56,0.28,122500,0,10,1,0,10,105,0,10,1,0,10,35,0,10,7.044016327,0.204460165,10,99.99893878,0.000394323,10,0,0,0,0,0,0.064655981,0.000124696
centralized,350,35,105,0,57,0.285,122500,0,10,1,0,10,105,0,10,1,0,10,35,0,10,7.044016327,0.204460165,10,99.99893878,0.000394323,10,0,0,0,0,0,0.064655981,0.000124696
centralized,350,35,105,0,58,0.29,122500,0,10,1,0,10,105,0,10,1,0,10,35,0,10,7.044016327,0.204460165,10,99.99893878,0.000394323,10,0,0,0,0,0,0.064655981,0.000124696
centralized,350,35,105,0,59,0.295,122500,0,10,1,0,10,105,0,10,1,0,10,35,0,10,7.044016327,0.204460165,10,99.99893878,0.000394323,10,0,0,0,0,0,0.064655981,0.000124696
centralized,350,35,105,0,60,0.3,122500,0,10,1,0,10,105,0,10,1,0,10,35,0,10,7.044016327,0.204460165,10,99.99893878,0.000394323,10,0,0,0,0,0,0.064655981,0.000124696
centralized,350,35,105,0,61,0.305,122500,0,10,1,0,10,105,0,10,1,0,10,35,0,10,7.044016327,0.204460165,10,99.99893878,0.000394323,10,0,0,0,0,0,0.064655981,0.000124696
centralized,350,35,105,0,62,0.31,122500,0,10,1,0,10,105,0,10,1,0,10,35,0,10,7.044016327,0.204460165,10,99.99893878,0.000394323,10,0,0,0,0,0,0.064655981,0.000124696
centralized,350,35,105,0,63,0.315,122500,0,10,1,0,10,105,0,10,1,0,10,35,0,10,7.044016327,0.204460165,10,99.99893878,0.000394323,10,0,0,0,0,0,0.064655981,0.000124696
centralized,350,35,105,0,64,0.32,122500,0,10,1,0,10,105,0,10,1,0,10,35,0,10,7.044016327,0.204460165,10,99.99893878,0.000394323,10,0,0,0,0,0,0.064655981,0.000124696
centralized,350,35,105,0,65,0.325,122500,0,10,1,0,10,105,0,10,1,0,10,35,0,10,7.044016327,0.204460165,10,99.99893878,0.000394323,10,0,0,0,0,0,0.064655981,0.000124696
centralized,350,35,105,0,66,0.33,122500,0,10,1,0,10,105,0,10,1,0,10,35,0,10,7.044016327,0.204460165,10,99.99893878,0.000394323,10,0,0,0,0,0,0.064655981,0.000124696
centralized,350,35,105,0,67,0.335,122500,0,10,1,0,10,105,0,10,1,0,10,35,0,10,7.044016327,0.204460165,10,99.99893878,0.000394323,10,0,0,0,0,0,0.064655981,0.000124696
centralized,350,35,105,0,68,0.34,122500,0,10,1,0,10,105,0,10,1,0,10,35,0,10,7.044016327,0.204460165,10,99.99893878,0.000394323,10,0,0,0,0,0,0.064655981,0.000124696
centralized,350,35,105,0,69,0.345,122500,0,10,1,0,10,105,0,10,1,0,10,35,0,10,7.044016327,0.204460165,10,99.99893878,0.000394323,10,0,0,0,0,0,0.064655981,0.000124696
centralized,350,35,105,0,70,0.35,122500,0,10,1,0,10,105,0,10,1,0,10,35,0,10,7.044016327,0.204460165,10,99.99893878,0.000394323,10,0,0,0,0,0,0.064655981,0.000124696
centralized,350,35,105,0,71,0.355,122500,0,10,1,0,10,105,0,10,1,0,10,35,0,10,7.044016327,0.204460165,10,99.99893878,0.000394323,10,0,0,0,0,0,0.064655981,0.000124696
centralized,350,35,105,0,72,0.36,122500,0,10,1,0,10,105,0,10,1,0,10,35,0,10,7.044016327,0.204460165,10,99.99893878,0.000394323,10,0,0,0,0,0,0.064655981,0.000124696
centralized,350,35,105,0,73,0.365,122500,0,10,1,0,10,105,0,10,1,0,10,35,0,10,7.044016327,0.204460165,10,99.99893878,0.000394323,10,0,0,0,0,0,0.064655981,0.000124696
centralized,350,35,105,0,74,0.37,122500,0,10,1,0,10,105,0,10,1,0,10,35,0,10,7.044016327,0.204460165,10,99.99893878,0.000394323,10,0,0,0,0,0,0.064655981,0.000124696
centralized,350,35,105,0,75,0.375,122500,0,10,1,0,10,105,0,10,1,0,10,35,0,10,7.044016327,0.204460165,10,99.99893878,0.000394323,10,0,0,0,0,0,0.064655981,0.000124696
centralized,350,35,105,0,76,0.38,122500,0,10,1,0,10,105,0,10,1,0,10,35,0,10,7.044016327,0.204460165,10,99.99893878,0.000394323,10,0,0,0,0,0,0.064655981,0.000124696
centralized,350,35,105,0,77,0.385,122500,0,10,1,0,10,105,0,10,1,0,10,35,0,10,7.044016327,0.204460165,10,99.99893878,0.000394323,10,0,0,0,0,0,0.064655981,0.000124696
centralized,350,35,105,0,78,0.39,122500,0,10,1,0,10,105,0,10,1,0,10,35,0,10,7.044016327,0.204460165,10,99.99893878,0.000394323,10,0,0,0,0,0,0.064655981,0.000124696
centralized,350,35,105,0,79,0.395,122500,0,10,1,0,10,105,0,10,1,0,10,35,0,10,7.044016327,0.204460165,10,99.99893878,0.000394323,10,0,0,0,0,0,0.064655981,0.000124696
centralized,350,35,105,0,80,0.4,122500,0,10,1,0,10,105,0,10,1,0,10,35,0,10,7.044016327,0.204460165,10,99.99893878,0.000394323,10,0,0,0,0,0,0.064655981,0.000124696
centralized,350,35,105,0,81,0.405,122500,0,10,1,0,10,105,0,10,1,0,10,35,0,10,7.044016327,0.204460165,10,99.99893878,0.000394323,10,0,0,0,0,0,0.064655981,0.000124696
centralized,350,35,105,0,82,0.41,122500,0,10,1,0,10,105,0,10,1,0,10,35,0,10,7.044016327,0.204460165,10,99.99893878,0.000394323,10,0,0,0,0,0,0.064655981,0.000124696
centralized,350,35,105,0,83,0.415,122500,0,10,1,0,10,105,0,10,1,0,10,35,0,10,7.044016327,0.204460165,10,99.99893878,0.000394323,10,0,0,0,0,0,0.064655981,0.000124696
centralized,350,35,105,0,84,0.42,122500,0,10,1,0,10,105,0,10,1,0,10,35,0,10,7.044016327,0.204460165,10,99.99893878,0.000394323,10,0,0,0,0,0,0.064655981,0.000124696
centralized,350,35,105,0,85,0.425,122500,0,10,1,0,10,105,0,10,1,0,10,35,0,10,7.044016327,0.204460165,10,99.99893878,0.000394323,10,0,0,0,0,0,0.064655981,0.000124696
centralized,350,35,105,0,86,0.43,122500,0,10,1,0,10,105,0,10,1,0,10,35,0,10,7.044016327,0.204460165,10,99.99893878,0.000394323,10,0,0,0,0,0,0.064655981,0.000124696
centralized,350,35,105,0,87,0.435,122500,0,10,1,0,10,105,0,10,1,0,10,35,0,10,7.044016327,0.204460165,10,99.99893878,0.000394323,10,0,0,0,0,0,0.064655981,0.000124696
centralized,350,35,105,0,88,0.44,122500,0,10,1,0,10,105,0,10,1,0,10,35,0,10,7.044016327,0.204460165,10,99.99893878,0.000394323,10,0,0,0,0,0,0.064655981,0.000124696
centralized,350,35,105,0,89,0.445,122500,0,10,1,0,10,105,0,10,1,0,10,35,0,10,7.044016327,0.204460165,10,99.99893878,0.000394323,10,0,0,0,0,0,0.064655981,0.000124696
centralized,350,35,105,0,90,0.45,122500,0,10,1,0,10,105,0,10,1,0,10,35,0,10,7.044016327,0.204460165,10,99.99893878,0.000394323,10,0,0,0,0,0,0.064655981,0.000124696
centralized,350,35,105,0,91,0.455,122500,0,10,1,0,10,105,0,10,1,0,10,35,0,10,7.044016327,0.204460165,10,99.99893878,0.000394323,10,0,0,0,0,0,0.064655981,0.000124696
centralized,350,35,105,0,92,0.46,122500,0,10,1,0,10,105,0,10,1,0,10,35,0,10,7.044016327,0.204460165,10,99.99893878,0.000394323,10,0,0,0,0,0,0.064655981,0.000124696
centralized,350,35,105,0,93,0.465,122500,0,10,1,0,10,105,0,10,1,0,10,35,0,10,7.044016327,0.204460165,10,99.99893878,0.000394323,10,0,0,0,0,0,0.064655981,0.000124696
centralized,350,35,105,0,94,0.47,122500,0,10,1,0,10,105,0,10,1,0,10,35,0,10,7.044016327,0.204460165,10,99.99893878,0.000394323,10,0,0,0,0,0,0.064655981,0.000124696
centralized,350,35,105,0,95,0.475,122500,0,10,1,0,10,105,0,10,1,0,10,35,0,10,7.044016327,0.204460165,10,99.99893878,0.000394323,10,0,0,0,0,0,0.064655981,0.000124696
centralized,350,35,105,0,96,0.48,122500,0,10,1,0,10,105,0,10,1,0,10,35,0,10,7.044016327,0.204460165,10,99.99893878,0.000394323,10,0,0,0,0,0,0.064655981,0.000124696
centralized,350,35,105,0,97,0.485,122500,0,10,1,0,10,105,0,10,1,0,10,35,0,10,7.044016327,0.204460165,10,99.99893878,0.000394323,10,0,0,0,0,0,0.064655981,0.000124696
centralized,350,35,105,0,98,0.49,122500,0,10,1,0,10,105,0,10,1,0,10,35,0,10,7.044016327,0.204460165,10,99.99893878,0.000394323,10,0,0,0,0,0,0.064655981,0.000124696
centralized,350,35,105,0,99,0.495,122500,0,10,1,0,10,105,0,10,1,0,10,35,0,10,7.044016327,0.204460165,10,99.99893878,0.000394323,10,0,0,0,0,0,0.064655981,0.000124696
centralized,350,35,105,0,100,0.5,122500,0,10,1,0,10,105,0,10,1,0,10,35,0,10,7.044016327,0.204460165,10,99.99893878,0.000394323,10,0,0,0,0,0,0.064655981,0.000124696
centralized,350,35,105,0,101,0.505,122500,0,10,1,0,10,105,0,10,1,0,10,35,0,10,7.044016327,0.204460165,10,99.99893878,0.000394323,10,0,0,0,0,0,0.064655981,0.000124696
centralized,350,35,105,0,102,0.51,122500,0,10,1,0,10,105,0,10,1,0,10,35,0,10,7.044016327,0.204460165,10,99.99893878,0.000394323,10,0,0,0,0,0,0.064655981,0.000124696
centralized,350,35,105,0,103,0.515,122500,0,10,1,0,10,105,0,10,1,0,10,35,0,10,7.044016327,0.204460165,10,99.99893878,0.000394323,10,0,0,0,0,0,0.064655981,0.000124696
centralized,350,35,105,0,104,0.52,122500,0,10,1,0,10,105,0,10,1,0,10,35,0,10,7.044016327,0.204460165,10,99.99893878,0.000394323,10,0,0,0,0,0,0.064655981,0.000124696
centralized,350,35,105,0,105,0.525,122500,0,10,1,0,10,105,0,10,1,0,10,35,0,10,7.044016327,0.204460165,10,99.99893878,0.000394323,10,0,0,0,0,0,0.064655981,0.000124696
centralized,350,35,105,0,106,0.53,122500,0,10,1,0,10,105,0,10,1,0,10,35,0,10,7.044016327,0.204460165,10,99.99893878,0.000394323,10,0,0,0,0,0,0.064655981,0.000124696
centralized,350,35,105,0,107,0.535,122500,0,10,1,0,10,105,0,10,1,0,10,35,0,10,7.044016327,0.204460165,10,99.99893878,0.000394323,10,0,0,0,0,0,0.064655981,0.000124696
centralized,350,35,105,0,108,0.54,122500,0,10,1,0,10,105,0,10,1,0,10,35,0,10,7.044016327,0.204460165,10,99.99893878,0.000394323,10,0,0,0,0,0,0.064655981,0.000124696
centralized,350,35,105,0,109,0.545,122500,0,10,1,0,10,105,0,10,1,0,10,35,0,10,7.044016327,0.204460165,10,99.99893878,0.000394323,10,0,0,0,0,0,0.064655981,0.000124696
centralized,350,35,105,0,110,0.55,122500,0,10,1,0,10,105,0,10,1,0,10,35,0,10,7.044016327,0.204460165,10,99.99893878,0.000394323,10,0,0,0,0,0,0.064655981,0.000124696
centralized,350,35,105,0,111,0.555,122500,0,10,1,0,10,105,0,10,1,0,10,35,0,10,7.044016327,0.204460165,10,99.99893878,0.000394323,10,0,0,0,0,0,0.064655981,0.000124696
centralized,350,35,105,0,112,0.56,122500,0,10,1,0,10,105,0,10,1,0,10,35,0,10,7.044016327,0.204460165,10,99.99893878,0.000394323,10,0,0,0,0,0,0.064655981,0.000124696
centralized,350,35,105,0,113,0.565,122500,0,10,1,0,10,105,0,10,1,0,10,35,0,10,7.044016327,0.204460165,10,99.99893878,0.000394323,10,0,0,0,0,0,0.064655981,0.000124696
centralized,350,35,105,0,114,0.57,122500,0,10,1,0,10,105,0,10,1,0,10,35,0,10,7.044016327,0.204460165,10,99.99893878,0.000394323,10,0,0,0,0,0,0.064655981,0.000124696
centralized,350,35,105,0,115,0.575,122500,0,10,1,0,10,105,0,10,1,0,10,35,0,10,7.044016327,0.204460165,10,99.99893878,0.000394323,10,0,0,0,0,0,0.064655981,0.000124696
centralized,350,35,105,0,116,0.58,122500,0,10,1,0,10,105,0,10,1,0,10,35,0,10,7.044016327,0.204460165,10,99.99893878,0.000394323,10,0,0,0,0,0,0.064655981,0.000124696
centralized,350,35,105,0,117,0.585,122500,0,10,1,0,10,105,0,10,1,0,10,35,0,10,7.044016327,0.204460165,10,99.99893878,0.000394323,10,0,0,0,0,0,0.064655981,0.000124696
centralized,350,35,105,0,118,0.59,122500,0,10,1,0,10,105,0,10,1,0,10,35,0,10,7.044016327,0.204460165,10,99.99893878,0.000394323,10,0,0,0,0,0,0.064655981,0.000124696
centralized,350,35,105,0,119,0.595,122500,0,10,1,0,10,105,0,10,1,0,10,35,0,10,7.044016327,0.204460165,10,99.99893878,0.000394323,10,0,0,0,0,0,0.064655981,0.000124696
centralized,350,35,105,0,120,0.6,122500,0,10,1,0,10,105,0,10,1,0,10,35,0,10,7.044016327,0.204460165,10,99.99893878,0.000394323,10,0,0,0,0,0,0.064655981,0.000124696
centralized,350,35,105,0,121,0.605,122500,0,10,1,0,10,105,0,10,1,0,10,35,0,10,7.044016327,0.204460165,10,99.99893878,0.000394323,10,0,0,0,0,0,0.064655981,0.000124696
centralized,350,35,105,0,122,0.61,122500,0,10,1,0,10,105,0,10,1,0,10,35,0,10,7.044016327,0.204460165,10,99.99893878,0.000394323,10,0,0,0,0,0,0.064655981,0.000124696
centralized,350,35,105,0,123,0.615,122500,0,10,1,0,10,105,0,10,1,0,10,35,0,10,7.044016327,0.204460165,10,99.99893878,0.000394323,10,0,0,0,0,0,0.064655981,0.000124696
centralized,350,35,105,0,124,0.62,122500,0,10,1,0,10,105,0,10,1,0,10,35,0,10,7.044016327,0.204460165,10,99.99893878,0.000394323,10,0,0,0,0,0,0.064655981,0.000124696
centralized,350,35,105,0,125,0.625,122500,0,10,1,0,10,105,0,10,1,0,10,35,0,10,7.044016327,0.204460165,10,99.99893878,0.000394323,10,0,0,0,0,0,0.064655981,0.000124696
centralized,350,35,105,0,126,0.63,122500,0,10,1,0,10,105,0,10,1,0,10,35,0,10,7.044016327,0.204460165,10,99.99893878,0.000394323,10,0,0,0,0,0,0.064655981,0.000124696
centralized,350,35,105,0,127,0.635,122500,0,10,1,0,10,105,0,10,1,0,10,35,0,10,7.044016327,0.204460165,10,99.99893878,0.000394323,10,0,0,0,0,0,0.064655981,0.000124696
centralized,350,35,105,0,128,0.64,122500,0,10,1,0,10,105,0,10,1,0,10,35,0,10,7.044016327,0.204460165,10,99.99893878,0.000394323,10,0,0,0,0,0,0.064655981,0.000124696
centralized,350,35,105,0,129,0.645,122500,0,10,1,0,10,105,0,10,1,0,10,35,0,10,7.044016327,0.204460165,10,99.99893878,0.000394323,10,0,0,0,0,0,0.064655981,0.000124696
centralized,350,35,105,0,130,0.65,122500,0,10,1,0,10,105,0,10,1,0,10,35,0,10,7.044016327,0.204460165,10,99.99893878,0.000394323,10,0,0,0,0,0,0.064655981,0.000124696
centralized,350,35,105,0,131,0.655,122500,0,10,1,0,10,105,0,10,1,0,10,35,0,10,7.044016327,0.204460165,10,99.99893878,0.000394323,10,0,0,0,0,0,0.064655981,0.000124696
centralized,350,35,105,0,132,0.66,122500,0,10,1,0,10,105,0,10,1,0,10,35,0,10,7.044016327,0.204460165,10,99.99893878,0.000394323,10,0,0,0,0,0,0.064655981,0.000124696
centralized,350,35,105,0,133,0.665,122500,0,10,1,0,10,105,0,10,1,0,10,35,0,10,7.044016327,0.204460165,10,99.99893878,0.000394323,10,0,0,0,0,0,0.064655981,0.000124696
centralized,350,35,105,0,134,0.67,122500,0,10,1,0,10,105,0,10,1,0,10,35,0,10,7.044016327,0.204460165,10,99.99893878,0.000394323,10,0,0,0,0,0,0.064655981,0.000124696
centralized,350,35,105,0,135,0.675,122500,0,10,1,0,10,105,0,10,1,0,10,35,0,10,7.044016327,0.204460165,10,99.99893878,0.000394323,10,0,0,0,0,0,0.064655981,0.000124696
centralized,350,35,105,0,136,0.68,122500,0,10,1,0,10,105,0,10,1,0,10,35,0,10,7.044016327,0.204460165,10,99.99893878,0.000394323,10,0,0,0,0,0,0.064655981,0.000124696
centralized,350,35,105,0,137,0.685,122500,0,10,1,0,10,105,0,10,1,0,10,35,0,10,7.044016327,0.204460165,10,99.99893878,0.000394323,10,0,0,0,0,0,0.064655981,0.000124696
centralized,350,35,105,0,138,0.69,122500,0,10,1,0,10,105,0,10,1,0,10,35,0,10,7.044016327,0.204460165,10,99.99893878,0.000394323,10,0,0,0,0,0,0.064655981,0.000124696
centralized,350,35,105,0,139,0.695,122500,0,10,1,0,10,105,0,10,1,0,10,35,0,10,7.044016327,0.204460165,10,99.99893878,0.000394323,10,0,0,0,0,0,0.064655981,0.000124696
centralized,350,35,105,0,140,0.7,122500,0,10,1,0,10,105,0,10,1,0,10,35,0,10,7.044016327,0.204460165,10,99.99893878,0.000394323,10,0,0,0,0,0,0.064655981,0.000124696
centralized,350,35,105,0,141,0.705,122500,0,10,1,0,10,105,0,10,1,0,10,35,0,10,7.044016327,0.204460165,10,99.99893878,0.000394323,10,0,0,0,0,0,0.064655981,0.000124696
centralized,350,35,105,0,142,0.71,122500,0,10,1,0,10,105,0,10,1,0,10,35,0,10,7.044016327,0.204460165,10,99.99893878,0.000394323,10,0,0,0,0,0,0.064655981,0.000124696
centralized,350,35,105,0,143,0.715,122500,0,10,1,0,10,105,0,10,1,0,10,35,0,10,7.044016327,0.204460165,10,99.99893878,0.000394323,10,0,0,0,0,0,0.064655981,0.000124696
centralized,350,35,105,0,144,0.72,122500,0,10,1,0,10,105,0,10,1,0,10,35,0,10,7.044016327,0.204460165,10,99.99893878,0.000394323,10,0,0,0,0,0,0.064655981,0.000124696
centralized,350,35,105,0,145,0.725,122500,0,10,1,0,10,105,0,10,1,0,10,35,0,10,7.044016327,0.204460165,10,99.99893878,0.000394323,10,0,0,0,0,0,0.064655981,0.000124696
centralized,350,35,105,0,146,0.73,122500,0,10,1,0,10,105,0,10,1,0,10,35,0,10,7.044016327,0.204460165,10,99.99893878,0.000394323,10,0,0,0,0,0,0.064655981,0.000124696
centralized,350,35,105,0,147,0.735,122500,0,10,1,0,10,105,0,10,1,0,10,35,0,10,7.044016327,0.204460165,10,99.99893878,0.000394323,10,0,0,0,0,0,0.064655981,0.000124696
centralized,350,35,105,0,148,0.74,122500,0,10,1,0,10,105,0,10,1,0,10,35,0,10,7.044016327,0.204460165,10,99.99893878,0.000394323,10,0,0,0,0,0,0.064655981,0.000124696
centralized,350,35,105,0,149,0.745,122500,0,10,1,0,10,105,0,10,1,0,10,35,0,10,7.044016327,0.204460165,10,99.99893878,0.000394323,10,0,0,0,0,0,0.064655981,0.000124696
centralized,350,35,105,0,150,0.75,122500,0,10,1,0,10,105,0,10,1,0,10,35,0,10,7.044016327,0.204460165,10,99.99893878,0.000394323,10,0,0,0,0,0,0.064655981,0.000124696
centralized,350,35,105,0,151,0.755,122500,0,10,1,0,10,105,0,10,1,0,10,35,0,10,7.044016327,0.204460165,10,99.99893878,0.000394323,10,0,0,0,0,0,0.064655981,0.000124696
centralized,350,35,105,0,152,0.76,122500,0,10,1,0,10,105,0,10,1,0,10,35,0,10,7.044016327,0.204460165,10,99.99893878,0.000394323,10,0,0,0,0,0,0.064655981,0.000124696
centralized,350,35,105,0,153,0.765,122500,0,10,1,0,10,105,0,10,1,0,10,35,0,10,7.044016327,0.204460165,10,99.99893878,0.000394323,10,0,0,0,0,0,0.064655981,0.000124696
centralized,350,35,105,0,154,0.77,122500,0,10,1,0,10,105,0,10,1,0,10,35,0,10,7.044016327,0.204460165,10,99.99893878,0.000394323,10,0,0,0,0,0,0.064655981,0.000124696
centralized,350,35,105,0,155,0.775,122500,0,10,1,0,10,105,0,10,1,0,10,35,0,10,7.044016327,0.204460165,10,99.99893878,0.000394323,10,0,0,0,0,0,0.064655981,0.000124696
centralized,350,35,105,0,156,0.78,122500,0,10,1,0,10,105,0,10,1,0,10,35,0,10,7.044016327,0.204460165,10,99.99893878,0.000394323,10,0,0,0,0,0,0.064655981,0.000124696
centralized,350,35,105,0,157,0.785,122500,0,10,1,0,10,105,0,10,1,0,10,35,0,10,7.044016327,0.204460165,10,99.99893878,0.000394323,10,0,0,0,0,0,0.064655981,0.000124696
centralized,350,35,105,0,158,0.79,122500,0,10,1,0,10,105,0,10,1,0,10,35,0,10,7.044016327,0.204460165,10,99.99893878,0.000394323,10,0,0,0,0,0,0.064655981,0.000124696
centralized,350,35,105,0,159,0.795,122500,0,10,1,0,10,105,0,10,1,0,10,35,0,10,7.044016327,0.204460165,10,99.99893878,0.000394323,10,0,0,0,0,0,0.064655981,0.000124696
centralized,350,35,105,0,160,0.8,122500,0,10,1,0,10,105,0,10,1,0,10,35,0,10,7.044016327,0.204460165,10,99.99893878,0.000394323,10,0,0,0,0,0,0.064655981,0.000124696
centralized,350,35,105,0,161,0.805,122500,0,10,1,0,10,105,0,10,1,0,10,35,0,10,7.044016327,0.204460165,10,99.99893878,0.000394323,10,0,0,0,0,0,0.064655981,0.000124696
centralized,350,35,105,0,162,0.81,122500,0,10,1,0,10,105,0,10,1,0,10,35,0,10,7.044016327,0.204460165,10,99.99893878,0.000394323,10,0,0,0,0,0,0.064655981,0.000124696
centralized,350,35,105,0,163,0.815,122500,0,10,1,0,10,105,0,10,1,0,10,35,0,10,7.044016327,0.204460165,10,99.99893878,0.000394323,10,0,0,0,0,0,0.064655981,0.000124696
centralized,350,35,105,0,164,0.82,122500,0,10,1,0,10,105,0,10,1,0,10,35,0,10,7.044016327,0.204460165,10,99.99893878,0.000394323,10,0,0,0,0,0,0.064655981,0.000124696
centralized,350,35,105,0,165,0.825,122500,0,10,1,0,10,105,0,10,1,0,10,35,0,10,7.044016327,0.204460165,10,99.99893878,0.000394323,10,0,0,0,0,0,0.064655981,0.000124696
centralized,350,35,105,0,166,0.83,122500,0,10,1,0,10,105,0,10,1,0,10,35,0,10,7.044016327,0.204460165,10,99.99893878,0.000394323,10,0,0,0,0,0,0.064655981,0.000124696
centralized,350,35,105,0,167,0.835,122500,0,10,1,0,10,105,0,10,1,0,10,35,0,10,7.044016327,0.204460165,10,99.99893878,0.000394323,10,0,0,0,0,0,0.064655981,0.000124696
centralized,350,35,105,0,168,0.84,122500,0,10,1,0,10,105,0,10,1,0,10,35,0,10,7.044016327,0.204460165,10,99.99893878,0.000394323,10,0,0,0,0,0,0.064655981,0.000124696
centralized,350,35,105,0,169,0.845,122500,0,10,1,0,10,105,0,10,1,0,10,35,0,10,7.044016327,0.204460165,10,99.99893878,0.000394323,10,0,0,0,0,0,0.064655981,0.000124696
centralized,350,35,105,0,170,0.85,122500,0,10,1,0,10,105,0,10,1,0,10,35,0,10,7.044016327,0.204460165,10,99.99893878,0.000394323,10,0,0,0,0,0,0.064655981,0.000124696
centralized,350,35,105,0,171,0.855,122500,0,10,1,0,10,105,0,10,1,0,10,35,0,10,7.044016327,0.204460165,10,99.99893878,0.000394323,10,0,0,0,0,0,0.064655981,0.000124696
centralized,350,35,105,0,172,0.86,122500,0,10,1,0,10,105,0,10,1,0,10,35,0,10,7.044016327,0.204460165,10,99.99893878,0.000394323,10,0,0,0,0,0,0.064655981,0.000124696
centralized,350,35,105,0,173,0.865,122500,0,10,1,0,10,105,0,10,1,0,10,35,0,10,7.044016327,0.204460165,10,99.99893878,0.000394323,10,0,0,0,0,0,0.064655981,0.000124696
centralized,350,35,105,0,174,0.87,122500,0,10,1,0,10,105,0,10,1,0,10,35,0,10,7.044016327,0.204460165,10,99.99893878,0.000394323,10,0,0,0,0,0,0.064655981,0.000124696
centralized,350,35,105,0,175,0.875,122500,0,10,1,0,10,105,0,10,1,0,10,35,0,10,7.044016327,0.204460165,10,99.99893878,0.000394323,10,0,0,0,0,0,0.064655981,0.000124696
centralized,350,35,105,0,176,0.88,122500,0,10,1,0,10,105,0,10,1,0,10,35,0,10,7.044016327,0.204460165,10,99.99893878,0.000394323,10,0,0,0,0,0,0.064655981,0.000124696
centralized,350,35,105,0,177,0.885,122500,0,10,1,0,10,105,0,10,1,0,10,35,0,10,7.044016327,0.204460165,10,99.99893878,0.000394323,10,0,0,0,0,0,0.064655981,0.000124696
centralized,350,35,105,0,178,0.89,122500,0,10,1,0,10,105,0,10,1,0,10,35,0,10,7.044016327,0.204460165,10,99.99893878,0.000394323,10,0,0,0,0,0,0.064655981,0.000124696
centralized,350,35,105,0,179,0.895,122500,0,10,1,0,10,105,0,10,1,0,10,35,0,10,7.044016327,0.204460165,10,99.99893878,0.000394323,10,0,0,0,0,0,0.064655981,0.000124696
centralized,350,35,105,0,180,0.9,122500,0,10,1,0,10,105,0,10,1,0,10,35,0,10,7.044016327,0.204460165,10,99.99893878,0.000394323,10,0,0,0,0,0,0.064655981,0.000124696
centralized,350,35,105,0,181,0.905,122500,0,10,1,0,10,105,0,10,1,0,10,35,0,10,7.044016327,0.204460165,10,99.99893878,0.000394323,10,0,0,0,0,0,0.064655981,0.000124696
centralized,350,35,105,0,182,0.91,122500,0,10,1,0,10,105,0,10,1,0,10,35,0,10,7.044016327,0.204460165,10,99.99893878,0.000394323,10,0,0,0,0,0,0.064655981,0.000124696
centralized,350,35,105,0,183,0.915,122500,0,10,1,0,10,105,0,10,1,0,10,35,0,10,7.044016327,0.204460165,10,99.99893878,0.000394323,10,0,0,0,0,0,0.064655981,0.000124696
centralized,350,35,105,0,184,0.92,122500,0,10,1,0,10,105,0,10,1,0,10,35,0,10,7.044016327,0.204460165,10,99.99893878,0.000394323,10,0,0,0,0,0,0.064655981,0.000124696
centralized,350,35,105,0,185,0.925,122500,0,10,1,0,10,105,0,10,1,0,10,35,0,10,7.044016327,0.204460165,10,99.99893878,0.000394323,10,0,0,0,0,0,0.064655981,0.000124696
centralized,350,35,105,0,186,0.93,122500,0,10,1,0,10,105,0,10,1,0,10,35,0,10,7.044016327,0.204460165,10,99.99893878,0.000394323,10,0,0,0,0,0,0.064655981,0.000124696
centralized,350,35,105,0,187,0.935,122500,0,10,1,0,10,105,0,10,1,0,10,35,0,10,7.044016327,0.204460165,10,99.99893878,0.000394323,10,0,0,0,0,0,0.064655981,0.000124696
centralized,350,35,105,0,188,0.94,122500,0,10,1,0,10,105,0,10,1,0,10,35,0,10,7.044016327,0.204460165,10,99.99893878,0.000394323,10,0,0,0,0,0,0.064655981,0.000124696
centralized,350,35,105,0,189,0.945,122500,0,10,1,0,10,105,0,10,1,0,10,35,0,10,7.044016327,0.204460165,10,99.99893878,0.000394323,10,0,0,0,0,0,0.064655981,0.000124696
centralized,350,35,105,0,190,0.95,122500,0,10,1,0,10,105,0,10,1,0,10,35,0,10,7.044016327,0.204460165,10,99.99893878,0.000394323,10,0,0,0,0,0,0.064655981,0.000124696
centralized,350,35,105,0,191,0.955,122500,0,10,1,0,10,105,0,10,1,0,10,35,0,10,7.044016327,0.204460165,10,99.99893878,0.000394323,10,0,0,0,0,0,0.064655981,0.000124696
centralized,350,35,105,0,192,0.96,122500,0,10,1,0,10,105,0,10,1,0,10,35,0,10,7.044016327,0.204460165,10,99.99893878,0.000394323,10,0,0,0,0,0,0.064655981,0.000124696
centralized,350,35,105,0,193,0.965,122500,0,10,1,0,10,105,0,10,1,0,10,35,0,10,7.044016327,0.204460165,10,99.99893878,0.000394323,10,0,0,0,0,0,0.064655981,0.000124696
centralized,350,35,105,0,194,0.97,122500,0,10,1,0,10,105,0,10,1,0,10,35,0,10,7.044016327,0.204460165,10,99.99893878,0.000394323,10,0,0,0,0,0,0.064655981,0.000124696
centralized,350,35,105,0,195,0.975,122500,0,10,1,0,10,105,0,10,1,0,10,35,0,10,7.044016327,0.204460165,10,99.99893878,0.000394323,10,0,0,0,0,0,0.064655981,0.000124696
centralized,350,35,105,0,196,0.98,122500,0,10,1,0,10,105,0,10,1,0,10,35,0,10,7.044016327,0.204460165,10,99.99893878,0.000394323,10,0,0,0,0,0,0.064655981,0.000124696
centralized,350,35,105,0,197,0.985,122500,0,10,1,0,10,105,0,10,1,0,10,35,0,10,7.044016327,0.204460165,10,99.99893878,0.000394323,10,0,0,0,0,0,0.064655981,0.000124696
centralized,350,35,105,0,198,0.99,122500,0,10,1,0,10,105,0,10,1,0,10,35,0,10,7.044016327,0.204460165,10,99.99893878,0.000394323,10,0,0,0,0,0,0.064655981,0.000124696
centralized,350,35,105,0,199,0.995,122500,0,10,1,0,10,105,0,10,1,0,10,35,0,10,7.044016327,0.204460165,10,99.99893878,0.000394323,10,0,0,0,0,0,0.064655981,0.000124696
centralized,350,35,105,0,200,1,122500,0,10,1,0,10,105,0,10,1,0,10,35,0,10,7.044016327,0.204460165,10,99.99893878,0.000394323,10,0,0,0,0,0,0.064655981,0.000124696
centralized,400,40,120,0,0,0,0,0,10,0,0,10,0,0,10,0,0,10,40,0,10,0,0,10,0,0,10,0,0,0,0,0,0,0
centralized,400,40,120,0,1,0.005,21248.1,422.4800982,10,0.132800625,0.002640501,10,16.5,3.74907396,10,0.1375,0.031242283,10,40,0,10,3.737762367,0.070119468,10,13.162625,0.264240887,10,133.5999376,0.000835,1.185561283,0.009879677,0,0.022173723,0.083560305
centralized,400,40,120,0,2,0.01,35983.1,766.5687546,10,0.224894375,0.004791055,10,26,3.12694384,10,0.216666667,0.026057865,10,40,0,10,4.397115358,0.086668776,10,22.39275,0.480101823,10,242.4103248,0.001515065,0.988826465,0.008240221,0,0.027407073,0.151821527
centralized,400,40,120,0,3,0.015,48606.2,810.0497653,10,0.30378875,0.005062811,10,34.9,3.0713732,10,0.290833333,0.025594777,10,40,0,10,4.888160975,0.075771506,10,30.2915625,0.506587529,10,256.1602276,0.001601001,0.971253486,0.008093779,0,0.023961054,0.160197043
centralized,400,40,120,0,4,0.02,61213.5,570.7778805,10,0.382584375,0.003567362,10,44.8,4.131182236,10,0.373333333,0.034426519,10,40,0,10,5.184986387,0.047360761,10,38.17525,0.35754045,10,180.495814,0.001128099,1.306394529,0.010886621,0,0.014976788,0.113064218
centralized,400,40,120,0,5,0.025,73805.5,754.4964841,10,0.461284375,0.004715603,10,53.1,4.508017549,10,0.4425,0.037566813,10,40,0,10,5.382967585,0.057782831,10,46.05025,0.471486568,10,238.5927376,0.001491205,1.425560319,0.011879669,0,0.018272536,0.149097144
centralized,400,40,120,0,6,0.03,86760.3,889.7706384,10,0.542251875,0.005561066,10,62,4.784233365,10,0.516666667,0.039868611,10,40,0,10,5.500140712,0.059337895,10,54.153625,0.557233587,10,281.3701812,0.001758564,1.512907429,0.012607562,0,0.01876429,0.176212732
centralized,400,40,120,0,7,0.035,99517.7,894.8474792,10,0.621985625,0.005592797,10,71.1,4.458450154,10,0.5925,0.037153751,10,40,0,10,5.597749249,0.052238895,10,62.1331875,0.559653791,10,282.9756193,0.001768598,1.409885732,0.011749048,0,0.016519389,0.176978068
centralized,400,40,120,0,8,0.04,112555.6,988.9326682,10,0.7034725,0.006180829,10,81.2,3.293090409,10,0.676666667,0.02744242,10,40,0,10,5.65896824,0.050883644,10,70.2891875,0.617829847,10,312.7279684,0.00195455,1.041366623,0.008678055,0,0.016090821,0.195374952
centralized,400,40,120,0,9,0.045,125454.8,1129.539316,10,0.7840925,0.007059621,10,90.4,2.118699811,10,0.753333333,0.017655832,10,40,0,10,5.713633158,0.05255098,10,78.3595,0.70520312,10,357.1916946,0.002232448,0.669991708,0.005583264,0,0.016618079,0.223004807
centralized,400,40,120,0,10,0.05,137808,1308.22696,10,0.8613,0.008176418,10,99.7,4.110960958,10,0.830833333,0.034258008,10,40,0,10,5.780036576,0.054811847,10,86.085,0.817986073,10,413.6976889,0.002585611,1.3,0.010833333,0,0.017333028,0.258669908
centralized,400,40,120,0,11,0.055,148250.4,1462.41195,10,0.926565,0.009140075,10,109.3,3.945461528,10,0.910833333,0.032878846,10,40,0,10,5.908348402,0.055883419,10,92.6235,0.913216053,10,462.4552639,0.002890345,1.247664485,0.010397204,0,0.017671889,0.288784272
centralized,400,40,120,0,12,0.06,155167.6,1356.960672,10,0.9697975,0.008481004,10,116,2.160246899,10,0.966666667,0.018002057,10,40,0,10,6.152103412,0.051139829,10,96.96325,0.84941804,10,429.108642,0.002681929,0.683130051,0.00569275,0,0.016171834,0.268609569
centralized,400,40,120,0,13,0.065,158389.6,981.2214837,10,0.989935,0.006132634,10,118.5,1.433720878,10,0.9875,0.011947674,10,40,0,10,6.518774788,0.039601869,10,98.9868125,0.61574942,10,310.2894777,0.001939309,0.45338235,0.003778186,0,0.012523211,0.194717063
centralized,400,40,120,0,14,0.07,159567.6,392.8115748,10,0.9972975,0.002455072,10,119.6,0.516397779,10,0.996666667,0.004303315,10,40,0,10,6.92329899,0.067739093,10,99.727625,0.246807885,10,124.2179268,0.000776362,0.163299316,0.001360828,0,0.021420982,0.078047506
centralized,400,40,120,0,15,0.075,159911.1,124.2626698,10,0.999444375,0.000776642,10,119.9,0.316227766,10,0.999166667,0.002635231,10,40,0,10,7.218195578,0.275612419,10,99.9435,0.078134277,10,39.29530648,0.000245596,0.1,0.000833333,0,0.0871563,0.024708228
centralized,400,40,120,0,16,0.08,159999.3,1.888562063,10,0.999995625,1.18E-05,10,120,0,10,1,0,10,40,0,10,7.373908896,0.432341806,10,99.9990625,0.000988212,10,0.597215762,3.73E-06,0,0,0,0.136718483,0.0003125
centralized,400,40,120,0,17,0.085,160000,0,10,1,0,10,120,0,10,1,0,10,40,0,10,7.382301875,0.443707944,10,99.999375,0,10,0,0,0,0,0,0.140312772,0
centralized,400,40,120,0,18,0.09,160000,0,10,1,0,10,120,0,10,1,0,10,40,0,10,7.382301875,0.443707944,10,99.999375,0,10,0,0,0,0,0,0.140312772,0
centralized,400,40,120,0,19,0.095,160000,0,10,1,0,10,120,0,10,1,0,10,40,0,10,7.382301875,0.443707944,10,99.999375,0,10,0,0,0,0,0,0.140312772,0
centralized,400,40,120,0,20,0.1,160000,0,10,1,0,10,120,0,10,1,0,10,40,0,10,7.382301875,0.443707944,10,99.999375,0,10,0,0,0,0,0,0.140312772,0
centralized,400,40,120,0,21,0.105,160000,0,10,1,0,10,120,0,10,1,0,10,40,0,10,7.382301875,0.443707944,10,99.999375,0,10,0,0,0,0,0,0.140312772,0
centralized,400,40,120,0,22,0.11,160000,0,10,1,0,10,120,0,10,1,0,10,40,0,10,7.382301875,0.443707944,10,99.999375,0,10,0,0,0,0,0,0.140312772,0
centralized,400,40,120,0,23,0.115,160000,0,10,1,0,10,120,0,10,1,0,10,40,0,10,7.382301875,0.443707944,10,99.999375,0,10,0,0,0,0,0,0.140312772,0
centralized,400,40,120,0,24,0.12,160000,0,10,1,0,10,120,0,10,1,0,10,40,0,10,7.382301875,0.443707944,10,99.999375,0,10,0,0,0,0,0,0.140312772,0
centralized,400,40,120,0,25,0.125,160000,0,10,1,0,10,120,0,10,1,0,10,40,0,10,7.382301875,0.443707944,10,99.999375,0,10,0,0,0,0,0,0.140312772,0
centralized,400,40,120,0,26,0.13,160000,0,10,1,0,10,120,0,10,1,0,10,40,0,10,7.382301875,0.443707944,10,99.999375,0,10,0,0,0,0,0,0.140312772,0
centralized,400,40,120,0,27,0.135,160000,0,10,1,0,10,120,0,10,1,0,10,40,0,10,7.382301875,0.443707944,10,99.999375,0,10,0,0,0,0,0,0.140312772,0
centralized,400,40,120,0,28,0.14,160000,0,10,1,0,10,120,0,10,1,0,10,40,0,10,7.382301875,0.443707944,10,99.999375,0,10,0,0,0,0,0,0.140312772,0
centralized,400,40,120,0,29,0.145,160000,0,10,1,0,10,120,0,10,1,0,10,40,0,10,7.382301875,0.443707944,10,99.999375,0,10,0,0,0,0,0,0.140312772,0
centralized,400,40,120,0,30,0.15,160000,0,10,1,0,10,120,0,10,1,0,10,40,0,10,7.382301875,0.443707944,10,99.999375,0,10,0,0,0,0,0,0.140312772,0
centralized,400,40,120,0,31,0.155,160000,0,10,1,0,10,120,0,10,1,0,10,40,0,10,7.382301875,0.443707944,10,99.999375,0,10,0,0,0,0,0,0.140312772,0
centralized,400,40,120,0,32,0.16,160000,0,10,1,0,10,120,0,10,1,0,10,40,0,10,7.382301875,0.443707944,10,99.999375,0,10,0,0,0,0,0,0.140312772,0
centralized,400,40,120,0,33,0.165,160000,0,10,1,0,10,120,0,10,1,0,10,40,0,10,7.382301875,0.443707944,10,99.999375,0,10,0,0,0,0,0,0.140312772,0
centralized,400,40,120,0,34,0.17,160000,0,10,1,0,10,120,0,10,1,0,10,40,0,10,7.382301875,0.443707944,10,99.999375,0,10,0,0,0,0,0,0.140312772,0
centralized,400,40,120,0,35,0.175,160000,0,10,1,0,10,120,0,10,1,0,10,40,0,10,7.382301875,0.443707944,10,99.999375,0,10,0,0,0,0,0,0.140312772,0
centralized,400,40,120,0,36,0.18,160000,0,10,1,0,10,120,0,10,1,0,10,40,0,10,7.382301875,0.443707944,10,99.999375,0,10,0,0,0,0,0,0.140312772,0
centralized,400,40,120,0,37,0.185,160000,0,10,1,0,10,120,0,10,1,0,10,40,0,10,7.382301875,0.443707944,10,99.999375,0,10,0,0,0,0,0,0.140312772,0
centralized,400,40,120,0,38,0.19,160000,0,10,1,0,10,120,0,10,1,0,10,40,0,10,7.382301875,0.443707944,10,99.999375,0,10,0,0,0,0,0,0.140312772,0
centralized,400,40,120,0,39,0.195,160000,0,10,1,0,10,120,0,10,1,0,10,40,0,10,7.382301875,0.443707944,10,99.999375,0,10,0,0,0,0,0,0.140312772,0
centralized,400,40,120,0,40,0.2,160000,0,10,1,0,10,120,0,10,1,0,10,40,0,10,7.382301875,0.443707944,10,99.999375,0,10,0,0,0,0,0,0.140312772,0
centralized,400,40,120,0,41,0.205,160000,0,10,1,0,10,120,0,10,1,0,10,40,0,10,7.382301875,0.443707944,10,99.999375,0,10,0,0,0,0,0,0.140312772,0
centralized,400,40,120,0,42,0.21,160000,0,10,1,0,10,120,0,10,1,0,10,40,0,10,7.382301875,0.443707944,10,99.999375,0,10,0,0,0,0,0,0.140312772,0
centralized,400,40,120,0,43,0.215,160000,0,10,1,0,10,120,0,10,1,0,10,40,0,10,7.382301875,0.443707944,10,99.999375,0,10,0,0,0,0,0,0.140312772,0
centralized,400,40,120,0,44,0.22,160000,0,10,1,0,10,120,0,10,1,0,10,40,0,10,7.382301875,0.443707944,10,99.999375,0,10,0,0,0,0,0,0.140312772,0
centralized,400,40,120,0,45,0.225,160000,0,10,1,0,10,120,0,10,1,0,10,40,0,10,7.382301875,0.443707944,10,99.999375,0,10,0,0,0,0,0,0.140312772,0
centralized,400,40,120,0,46,0.23,160000,0,10,1,0,10,120,0,10,1,0,10,40,0,10,7.382301875,0.443707944,10,99.999375,0,10,0,0,0,0,0,0.140312772,0
centralized,400,40,120,0,47,0.235,160000,0,10,1,0,10,120,0,10,1,0,10,40,0,10,7.382301875,0.443707944,10,99.999375,0,10,0,0,0,0,0,0.140312772,0
centralized,400,40,120,0,48,0.24,160000,0,10,1,0,10,120,0,10,1,0,10,40,0,10,7.382301875,0.443707944,10,99.999375,0,10,0,0,0,0,0,0.140312772,0
centralized,400,40,120,0,49,0.245,160000,0,10,1,0,10,120,0,10,1,0,10,40,0,10,7.382301875,0.443707944,10,99.999375,0,10,0,0,0,0,0,0.140312772,0
centralized,400,40,120,0,50,0.25,160000,0,10,1,0,10,120,0,10,1,0,10,40,0,10,7.382301875,0.443707944,10,99.999375,0,10,0,0,0,0,0,0.140312772,0
centralized,400,40,120,0,51,0.255,160000,0,10,1,0,10,120,0,10,1,0,10,40,0,10,7.382301875,0.443707944,10,99.999375,0,10,0,0,0,0,0,0.140312772,0
centralized,400,40,120,0,52,0.26,160000,0,10,1,0,10,120,0,10,1,0,10,40,0,10,7.382301875,0.443707944,10,99.999375,0,10,0,0,0,0,0,0.140312772,0
centralized,400,40,120,0,53,0.265,160000,0,10,1,0,10,120,0,10,1,0,10,40,0,10,7.382301875,0.443707944,10,99.999375,0,10,0,0,0,0,0,0.140312772,0
centralized,400,40,120,0,54,0.27,160000,0,10,1,0,10,120,0,10,1,0,10,40,0,10,7.382301875,0.443707944,10,99.999375,0,10,0,0,0,0,0,0.140312772,0
centralized,400,40,120,0,55,0.275,160000,0,10,1,0,10,120,0,10,1,0,10,40,0,10,7.382301875,0.443707944,10,99.999375,0,10,0,0,0,0,0,0.140312772,0
centralized,400,40,120,0,56,0.28,160000,0,10,1,0,10,120,0,10,1,0,10,40,0,10,7.382301875,0.443707944,10,99.999375,0,10,0,0,0,0,0,0.140312772,0
centralized,400,40,120,0,57,0.285,160000,0,10,1,0,10,120,0,10,1,0,10,40,0,10,7.382301875,0.443707944,10,99.999375,0,10,0,0,0,0,0,0.140312772,0
centralized,400,40,120,0,58,0.29,160000,0,10,1,0,10,120,0,10,1,0,10,40,0,10,7.382301875,0.443707944,10,99.999375,0,10,0,0,0,0,0,0.140312772,0
centralized,400,40,120,0,59,0.295,160000,0,10,1,0,10,120,0,10,1,0,10,40,0,10,7.382301875,0.443707944,10,99.999375,0,10,0,0,0,0,0,0.140312772,0
centralized,400,40,120,0,60,0.3,160000,0,10,1,0,10,120,0,10,1,0,10,40,0,10,7.382301875,0.443707944,10,99.999375,0,10,0,0,0,0,0,0.140312772,0
centralized,400,40,120,0,61,0.305,160000,0,10,1,0,10,120,0,10,1,0,10,40,0,10,7.382301875,0.443707944,10,99.999375,0,10,0,0,0,0,0,0.140312772,0
centralized,400,40,120,0,62,0.31,160000,0,10,1,0,10,120,0,10,1,0,10,40,0,10,7.382301875,0.443707944,10,99.999375,0,10,0,0,0,0,0,0.140312772,0
centralized,400,40,120,0,63,0.315,160000,0,10,1,0,10,120,0,10,1,0,10,40,0,10,7.382301875,0.443707944,10,99.999375,0,10,0,0,0,0,0,0.140312772,0
centralized,400,40,120,0,64,0.32,160000,0,10,1,0,10,120,0,10,1,0,10,40,0,10,7.382301875,0.443707944,10,99.999375,0,10,0,0,0,0,0,0.140312772,0
centralized,400,40,120,0,65,0.325,160000,0,10,1,0,10,120,0,10,1,0,10,40,0,10,7.382301875,0.443707944,10,99.999375,0,10,0,0,0,0,0,0.140312772,0
centralized,400,40,120,0,66,0.33,160000,0,10,1,0,10,120,0,10,1,0,10,40,0,10,7.382301875,0.443707944,10,99.999375,0,10,0,0,0,0,0,0.140312772,0
centralized,400,40,120,0,67,0.335,160000,0,10,1,0,10,120,0,10,1,0,10,40,0,10,7.382301875,0.443707944,10,99.999375,0,10,0,0,0,0,0,0.140312772,0
centralized,400,40,120,0,68,0.34,160000,0,10,1,0,10,120,0,10,1,0,10,40,0,10,7.382301875,0.443707944,10,99.999375,0,10,0,0,0,0,0,0.140312772,0
centralized,400,40,120,0,69,0.345,160000,0,10,1,0,10,120,0,10,1,0,10,40,0,10,7.382301875,0.443707944,10,99.999375,0,10,0,0,0,0,0,0.140312772,0
centralized,400,40,120,0,70,0.35,160000,0,10,1,0,10,120,0,10,1,0,10,40,0,10,7.382301875,0.443707944,10,99.999375,0,10,0,0,0,0,0,0.140312772,0
centralized,400,40,120,0,71,0.355,160000,0,10,1,0,10,120,0,10,1,0,10,40,0,10,7.382301875,0.443707944,10,99.999375,0,10,0,0,0,0,0,0.140312772,0
centralized,400,40,120,0,72,0.36,160000,0,10,1,0,10,120,0,10,1,0,10,40,0,10,7.382301875,0.443707944,10,99.999375,0,10,0,0,0,0,0,0.140312772,0
centralized,400,40,120,0,73,0.365,160000,0,10,1,0,10,120,0,10,1,0,10,40,0,10,7.382301875,0.443707944,10,99.999375,0,10,0,0,0,0,0,0.140312772,0
centralized,400,40,120,0,74,0.37,160000,0,10,1,0,10,120,0,10,1,0,10,40,0,10,7.382301875,0.443707944,10,99.999375,0,10,0,0,0,0,0,0.140312772,0
centralized,400,40,120,0,75,0.375,160000,0,10,1,0,10,120,0,10,1,0,10,40,0,10,7.382301875,0.443707944,10,99.999375,0,10,0,0,0,0,0,0.140312772,0
centralized,400,40,120,0,76,0.38,160000,0,10,1,0,10,120,0,10,1,0,10,40,0,10,7.382301875,0.443707944,10,99.999375,0,10,0,0,0,0,0,0.140312772,0
centralized,400,40,120,0,77,0.385,160000,0,10,1,0,10,120,0,10,1,0,10,40,0,10,7.382301875,0.443707944,10,99.999375,0,10,0,0,0,0,0,0.140312772,0
centralized,400,40,120,0,78,0.39,160000,0,10,1,0,10,120,0,10,1,0,10,40,0,10,7.382301875,0.443707944,10,99.999375,0,10,0,0,0,0,0,0.140312772,0
centralized,400,40,120,0,79,0.395,160000,0,10,1,0,10,120,0,10,1,0,10,40,0,10,7.382301875,0.443707944,10,99.999375,0,10,0,0,0,0,0,0.140312772,0
centralized,400,40,120,0,80,0.4,160000,0,10,1,0,10,120,0,10,1,0,10,40,0,10,7.382301875,0.443707944,10,99.999375,0,10,0,0,0,0,0,0.140312772,0
centralized,400,40,120,0,81,0.405,160000,0,10,1,0,10,120,0,10,1,0,10,40,0,10,7.382301875,0.443707944,10,99.999375,0,10,0,0,0,0,0,0.140312772,0
centralized,400,40,120,0,82,0.41,160000,0,10,1,0,10,120,0,10,1,0,10,40,0,10,7.382301875,0.443707944,10,99.999375,0,10,0,0,0,0,0,0.140312772,0
centralized,400,40,120,0,83,0.415,160000,0,10,1,0,10,120,0,10,1,0,10,40,0,10,7.382301875,0.443707944,10,99.999375,0,10,0,0,0,0,0,0.140312772,0
centralized,400,40,120,0,84,0.42,160000,0,10,1,0,10,120,0,10,1,0,10,40,0,10,7.382301875,0.443707944,10,99.999375,0,10,0,0,0,0,0,0.140312772,0
centralized,400,40,120,0,85,0.425,160000,0,10,1,0,10,120,0,10,1,0,10,40,0,10,7.382301875,0.443707944,10,99.999375,0,10,0,0,0,0,0,0.140312772,0
centralized,400,40,120,0,86,0.43,160000,0,10,1,0,10,120,0,10,1,0,10,40,0,10,7.382301875,0.443707944,10,99.999375,0,10,0,0,0,0,0,0.140312772,0
centralized,400,40,120,0,87,0.435,160000,0,10,1,0,10,120,0,10,1,0,10,40,0,10,7.382301875,0.443707944,10,99.999375,0,10,0,0,0,0,0,0.140312772,0
centralized,400,40,120,0,88,0.44,160000,0,10,1,0,10,120,0,10,1,0,10,40,0,10,7.382301875,0.443707944,10,99.999375,0,10,0,0,0,0,0,0.140312772,0
centralized,400,40,120,0,89,0.445,160000,0,10,1,0,10,120,0,10,1,0,10,40,0,10,7.382301875,0.443707944,10,99.999375,0,10,0,0,0,0,0,0.140312772,0
centralized,400,40,120,0,90,0.45,160000,0,10,1,0,10,120,0,10,1,0,10,40,0,10,7.382301875,0.443707944,10,99.999375,0,10,0,0,0,0,0,0.140312772,0
centralized,400,40,120,0,91,0.455,160000,0,10,1,0,10,120,0,10,1,0,10,40,0,10,7.382301875,0.443707944,10,99.999375,0,10,0,0,0,0,0,0.140312772,0
centralized,400,40,120,0,92,0.46,160000,0,10,1,0,10,120,0,10,1,0,10,40,0,10,7.382301875,0.443707944,10,99.999375,0,10,0,0,0,0,0,0.140312772,0
centralized,400,40,120,0,93,0.465,160000,0,10,1,0,10,120,0,10,1,0,10,40,0,10,7.382301875,0.443707944,10,99.999375,0,10,0,0,0,0,0,0.140312772,0
centralized,400,40,120,0,94,0.47,160000,0,10,1,0,10,120,0,10,1,0,10,40,0,10,7.382301875,0.443707944,10,99.999375,0,10,0,0,0,0,0,0.140312772,0
centralized,400,40,120,0,95,0.475,160000,0,10,1,0,10,120,0,10,1,0,10,40,0,10,7.382301875,0.443707944,10,99.999375,0,10,0,0,0,0,0,0.140312772,0
centralized,400,40,120,0,96,0.48,160000,0,10,1,0,10,120,0,10,1,0,10,40,0,10,7.382301875,0.443707944,10,99.999375,0,10,0,0,0,0,0,0.140312772,0
centralized,400,40,120,0,97,0.485,160000,0,10,1,0,10,120,0,10,1,0,10,40,0,10,7.382301875,0.443707944,10,99.999375,0,10,0,0,0,0,0,0.140312772,0
centralized,400,40,120,0,98,0.49,160000,0,10,1,0,10,120,0,10,1,0,10,40,0,10,7.382301875,0.443707944,10,99.999375,0,10,0,0,0,0,0,0.140312772,0
centralized,400,40,120,0,99,0.495,160000,0,10,1,0,10,120,0,10,1,0,10,40,0,10,7.382301875,0.443707944,10,99.999375,0,10,0,0,0,0,0,0.140312772,0
centralized,400,40,120,0,100,0.5,160000,0,10,1,0,10,120,0,10,1,0,10,40,0,10,7.382301875,0.443707944,10,99.999375,0,10,0,0,0,0,0,0.140312772,0
centralized,400,40,120,0,101,0.505,160000,0,10,1,0,10,120,0,10,1,0,10,40,0,10,7.382301875,0.443707944,10,99.999375,0,10,0,0,0,0,0,0.140312772,0
centralized,400,40,120,0,102,0.51,160000,0,10,1,0,10,120,0,10,1,0,10,40,0,10,7.382301875,0.443707944,10,99.999375,0,10,0,0,0,0,0,0.140312772,0
centralized,400,40,120,0,103,0.515,160000,0,10,1,0,10,120,0,10,1,0,10,40,0,10,7.382301875,0.443707944,10,99.999375,0,10,0,0,0,0,0,0.140312772,0
centralized,400,40,120,0,104,0.52,160000,0,10,1,0,10,120,0,10,1,0,10,40,0,10,7.382301875,0.443707944,10,99.999375,0,10,0,0,0,0,0,0.140312772,0
centralized,400,40,120,0,105,0.525,160000,0,10,1,0,10,120,0,10,1,0,10,40,0,10,7.382301875,0.443707944,10,99.999375,0,10,0,0,0,0,0,0.140312772,0
centralized,400,40,120,0,106,0.53,160000,0,10,1,0,10,120,0,10,1,0,10,40,0,10,7.382301875,0.443707944,10,99.999375,0,10,0,0,0,0,0,0.140312772,0
centralized,400,40,120,0,107,0.535,160000,0,10,1,0,10,120,0,10,1,0,10,40,0,10,7.382301875,0.443707944,10,99.999375,0,10,0,0,0,0,0,0.140312772,0
centralized,400,40,120,0,108,0.54,160000,0,10,1,0,10,120,0,10,1,0,10,40,0,10,7.382301875,0.443707944,10,99.999375,0,10,0,0,0,0,0,0.140312772,0
centralized,400,40,120,0,109,0.545,160000,0,10,1,0,10,120,0,10,1,0,10,40,0,10,7.382301875,0.443707944,10,99.999375,0,10,0,0,0,0,0,0.140312772,0
centralized,400,40,120,0,110,0.55,160000,0,10,1,0,10,120,0,10,1,0,10,40,0,10,7.382301875,0.443707944,10,99.999375,0,10,0,0,0,0,0,0.140312772,0
centralized,400,40,120,0,111,0.555,160000,0,10,1,0,10,120,0,10,1,0,10,40,0,10,7.382301875,0.443707944,10,99.999375,0,10,0,0,0,0,0,0.140312772,0
centralized,400,40,120,0,112,0.56,160000,0,10,1,0,10,120,0,10,1,0,10,40,0,10,7.382301875,0.443707944,10,99.999375,0,10,0,0,0,0,0,0.140312772,0
centralized,400,40,120,0,113,0.565,160000,0,10,1,0,10,120,0,10,1,0,10,40,0,10,7.382301875,0.443707944,10,99.999375,0,10,0,0,0,0,0,0.140312772,0
centralized,400,40,120,0,114,0.57,160000,0,10,1,0,10,120,0,10,1,0,10,40,0,10,7.382301875,0.443707944,10,99.999375,0,10,0,0,0,0,0,0.140312772,0
centralized,400,40,120,0,115,0.575,160000,0,10,1,0,10,120,0,10,1,0,10,40,0,10,7.382301875,0.443707944,10,99.999375,0,10,0,0,0,0,0,0.140312772,0
centralized,400,40,120,0,116,0.58,160000,0,10,1,0,10,120,0,10,1,0,10,40,0,10,7.382301875,0.443707944,10,99.999375,0,10,0,0,0,0,0,0.140312772,0
centralized,400,40,120,0,117,0.585,160000,0,10,1,0,10,120,0,10,1,0,10,40,0,10,7.382301875,0.443707944,10,99.999375,0,10,0,0,0,0,0,0.140312772,0
centralized,400,40,120,0,118,0.59,160000,0,10,1,0,10,120,0,10,1,0,10,40,0,10,7.382301875,0.443707944,10,99.999375,0,10,0,0,0,0,0,0.140312772,0
centralized,400,40,120,0,119,0.595,160000,0,10,1,0,10,120,0,10,1,0,10,40,0,10,7.382301875,0.443707944,10,99.999375,0,10,0,0,0,0,0,0.140312772,0
centralized,400,40,120,0,120,0.6,160000,0,10,1,0,10,120,0,10,1,0,10,40,0,10,7.382301875,0.443707944,10,99.999375,0,10,0,0,0,0,0,0.140312772,0
centralized,400,40,120,0,121,0.605,160000,0,10,1,0,10,120,0,10,1,0,10,40,0,10,7.382301875,0.443707944,10,99.999375,0,10,0,0,0,0,0,0.140312772,0
centralized,400,40,120,0,122,0.61,160000,0,10,1,0,10,120,0,10,1,0,10,40,0,10,7.382301875,0.443707944,10,99.999375,0,10,0,0,0,0,0,0.140312772,0
centralized,400,40,120,0,123,0.615,160000,0,10,1,0,10,120,0,10,1,0,10,40,0,10,7.382301875,0.443707944,10,99.999375,0,10,0,0,0,0,0,0.140312772,0
centralized,400,40,120,0,124,0.62,160000,0,10,1,0,10,120,0,10,1,0,10,40,0,10,7.382301875,0.443707944,10,99.999375,0,10,0,0,0,0,0,0.140312772,0
centralized,400,40,120,0,125,0.625,160000,0,10,1,0,10,120,0,10,1,0,10,40,0,10,7.382301875,0.443707944,10,99.999375,0,10,0,0,0,0,0,0.140312772,0
centralized,400,40,120,0,126,0.63,160000,0,10,1,0,10,120,0,10,1,0,10,40,0,10,7.382301875,0.443707944,10,99.999375,0,10,0,0,0,0,0,0.140312772,0
centralized,400,40,120,0,127,0.635,160000,0,10,1,0,10,120,0,10,1,0,10,40,0,10,7.382301875,0.443707944,10,99.999375,0,10,0,0,0,0,0,0.140312772,0
centralized,400,40,120,0,128,0.64,160000,0,10,1,0,10,120,0,10,1,0,10,40,0,10,7.382301875,0.443707944,10,99.999375,0,10,0,0,0,0,0,0.140312772,0
centralized,400,40,120,0,129,0.645,160000,0,10,1,0,10,120,0,10,1,0,10,40,0,10,7.382301875,0.443707944,10,99.999375,0,10,0,0,0,0,0,0.140312772,0
centralized,400,40,120,0,130,0.65,160000,0,10,1,0,10,120,0,10,1,0,10,40,0,10,7.382301875,0.443707944,10,99.999375,0,10,0,0,0,0,0,0.140312772,0
centralized,400,40,120,0,131,0.655,160000,0,10,1,0,10,120,0,10,1,0,10,40,0,10,7.382301875,0.443707944,10,99.999375,0,10,0,0,0,0,0,0.140312772,0
centralized,400,40,120,0,132,0.66,160000,0,10,1,0,10,120,0,10,1,0,10,40,0,10,7.382301875,0.443707944,10,99.999375,0,10,0,0,0,0,0,0.140312772,0
centralized,400,40,120,0,133,0.665,160000,0,10,1,0,10,120,0,10,1,0,10,40,0,10,7.382301875,0.443707944,10,99.999375,0,10,0,0,0,0,0,0.140312772,0
centralized,400,40,120,0,134,0.67,160000,0,10,1,0,10,120,0,10,1,0,10,40,0,10,7.382301875,0.443707944,10,99.999375,0,10,0,0,0,0,0,0.140312772,0
centralized,400,40,120,0,135,0.675,160000,0,10,1,0,10,120,0,10,1,0,10,40,0,10,7.382301875,0.443707944,10,99.999375,0,10,0,0,0,0,0,0.140312772,0
centralized,400,40,120,0,136,0.68,160000,0,10,1,0,10,120,0,10,1,0,10,40,0,10,7.382301875,0.443707944,10,99.999375,0,10,0,0,0,0,0,0.140312772,0
centralized,400,40,120,0,137,0.685,160000,0,10,1,0,10,120,0,10,1,0,10,40,0,10,7.382301875,0.443707944,10,99.999375,0,10,0,0,0,0,0,0.140312772,0
centralized,400,40,120,0,138,0.69,160000,0,10,1,0,10,120,0,10,1,0,10,40,0,10,7.382301875,0.443707944,10,99.999375,0,10,0,0,0,0,0,0.140312772,0
centralized,400,40,120,0,139,0.695,160000,0,10,1,0,10,120,0,10,1,0,10,40,0,10,7.382301875,0.443707944,10,99.999375,0,10,0,0,0,0,0,0.140312772,0
centralized,400,40,120,0,140,0.7,160000,0,10,1,0,10,120,0,10,1,0,10,40,0,10,7.382301875,0.443707944,10,99.999375,0,10,0,0,0,0,0,0.140312772,0
centralized,400,40,120,0,141,0.705,160000,0,10,1,0,10,120,0,10,1,0,10,40,0,10,7.382301875,0.443707944,10,99.999375,0,10,0,0,0,0,0,0.140312772,0
centralized,400,40,120,0,142,0.71,160000,0,10,1,0,10,120,0,10,1,0,10,40,0,10,7.382301875,0.443707944,10,99.999375,0,10,0,0,0,0,0,0.140312772,0
centralized,400,40,120,0,143,0.715,160000,0,10,1,0,10,120,0,10,1,0,10,40,0,10,7.382301875,0.443707944,10,99.999375,0,10,0,0,0,0,0,0.140312772,0
centralized,400,40,120,0,144,0.72,160000,0,10,1,0,10,120,0,10,1,0,10,40,0,10,7.382301875,0.443707944,10,99.999375,0,10,0,0,0,0,0,0.140312772,0
centralized,400,40,120,0,145,0.725,160000,0,10,1,0,10,120,0,10,1,0,10,40,0,10,7.382301875,0.443707944,10,99.999375,0,10,0,0,0,0,0,0.140312772,0
centralized,400,40,120,0,146,0.73,160000,0,10,1,0,10,120,0,10,1,0,10,40,0,10,7.382301875,0.443707944,10,99.999375,0,10,0,0,0,0,0,0.140312772,0
centralized,400,40,120,0,147,0.735,160000,0,10,1,0,10,120,0,10,1,0,10,40,0,10,7.382301875,0.443707944,10,99.999375,0,10,0,0,0,0,0,0.140312772,0
centralized,400,40,120,0,148,0.74,160000,0,10,1,0,10,120,0,10,1,0,10,40,0,10,7.382301875,0.443707944,10,99.999375,0,10,0,0,0,0,0,0.140312772,0
centralized,400,40,120,0,149,0.745,160000,0,10,1,0,10,120,0,10,1,0,10,40,0,10,7.382301875,0.443707944,10,99.999375,0,10,0,0,0,0,0,0.140312772,0
centralized,400,40,120,0,150,0.75,160000,0,10,1,0,10,120,0,10,1,0,10,40,0,10,7.382301875,0.443707944,10,99.999375,0,10,0,0,0,0,0,0.140312772,0
centralized,400,40,120,0,151,0.755,160000,0,10,1,0,10,120,0,10,1,0,10,40,0,10,7.382301875,0.443707944,10,99.999375,0,10,0,0,0,0,0,0.140312772,0
centralized,400,40,120,0,152,0.76,160000,0,10,1,0,10,120,0,10,1,0,10,40,0,10,7.382301875,0.443707944,10,99.999375,0,10,0,0,0,0,0,0.140312772,0
centralized,400,40,120,0,153,0.765,160000,0,10,1,0,10,120,0,10,1,0,10,40,0,10,7.382301875,0.443707944,10,99.999375,0,10,0,0,0,0,0,0.140312772,0
centralized,400,40,120,0,154,0.77,160000,0,10,1,0,10,120,0,10,1,0,10,40,0,10,7.382301875,0.443707944,10,99.999375,0,10,0,0,0,0,0,0.140312772,0
centralized,400,40,120,0,155,0.775,160000,0,10,1,0,10,120,0,10,1,0,10,40,0,10,7.382301875,0.443707944,10,99.999375,0,10,0,0,0,0,0,0.140312772,0
centralized,400,40,120,0,156,0.78,160000,0,10,1,0,10,120,0,10,1,0,10,40,0,10,7.382301875,0.443707944,10,99.999375,0,10,0,0,0,0,0,0.140312772,0
centralized,400,40,120,0,157,0.785,160000,0,10,1,0,10,120,0,10,1,0,10,40,0,10,7.382301875,0.443707944,10,99.999375,0,10,0,0,0,0,0,0.140312772,0
centralized,400,40,120,0,158,0.79,160000,0,10,1,0,10,120,0,10,1,0,10,40,0,10,7.382301875,0.443707944,10,99.999375,0,10,0,0,0,0,0,0.140312772,0
centralized,400,40,120,0,159,0.795,160000,0,10,1,0,10,120,0,10,1,0,10,40,0,10,7.382301875,0.443707944,10,99.999375,0,10,0,0,0,0,0,0.140312772,0
centralized,400,40,120,0,160,0.8,160000,0,10,1,0,10,120,0,10,1,0,10,40,0,10,7.382301875,0.443707944,10,99.999375,0,10,0,0,0,0,0,0.140312772,0
centralized,400,40,120,0,161,0.805,160000,0,10,1,0,10,120,0,10,1,0,10,40,0,10,7.382301875,0.443707944,10,99.999375,0,10,0,0,0,0,0,0.140312772,0
centralized,400,40,120,0,162,0.81,160000,0,10,1,0,10,120,0,10,1,0,10,40,0,10,7.382301875,0.443707944,10,99.999375,0,10,0,0,0,0,0,0.140312772,0
centralized,400,40,120,0,163,0.815,160000,0,10,1,0,10,120,0,10,1,0,10,40,0,10,7.382301875,0.443707944,10,99.999375,0,10,0,0,0,0,0,0.140312772,0
centralized,400,40,120,0,164,0.82,160000,0,10,1,0,10,120,0,10,1,0,10,40,0,10,7.382301875,0.443707944,10,99.999375,0,10,0,0,0,0,0,0.140312772,0
centralized,400,40,120,0,165,0.825,160000,0,10,1,0,10,120,0,10,1,0,10,40,0,10,7.382301875,0.443707944,10,99.999375,0,10,0,0,0,0,0,0.140312772,0
centralized,400,40,120,0,166,0.83,160000,0,10,1,0,10,120,0,10,1,0,10,40,0,10,7.382301875,0.443707944,10,99.999375,0,10,0,0,0,0,0,0.140312772,0
centralized,400,40,120,0,167,0.835,160000,0,10,1,0,10,120,0,10,1,0,10,40,0,10,7.382301875,0.443707944,10,99.999375,0,10,0,0,0,0,0,0.140312772,0
centralized,400,40,120,0,168,0.84,160000,0,10,1,0,10,120,0,10,1,0,10,40,0,10,7.382301875,0.443707944,10,99.999375,0,10,0,0,0,0,0,0.140312772,0
centralized,400,40,120,0,169,0.845,160000,0,10,1,0,10,120,0,10,1,0,10,40,0,10,7.382301875,0.443707944,10,99.999375,0,10,0,0,0,0,0,0.140312772,0
centralized,400,40,120,0,170,0.85,160000,0,10,1,0,10,120,0,10,1,0,10,40,0,10,7.382301875,0.443707944,10,99.999375,0,10,0,0,0,0,0,0.140312772,0
centralized,400,40,120,0,171,0.855,160000,0,10,1,0,10,120,0,10,1,0,10,40,0,10,7.382301875,0.443707944,10,99.999375,0,10,0,0,0,0,0,0.140312772,0
centralized,400,40,120,0,172,0.86,160000,0,10,1,0,10,120,0,10,1,0,10,40,0,10,7.382301875,0.443707944,10,99.999375,0,10,0,0,0,0,0,0.140312772,0
centralized,400,40,120,0,173,0.865,160000,0,10,1,0,10,120,0,10,1,0,10,40,0,10,7.382301875,0.443707944,10,99.999375,0,10,0,0,0,0,0,0.140312772,0
centralized,400,40,120,0,174,0.87,160000,0,10,1,0,10,120,0,10,1,0,10,40,0,10,7.382301875,0.443707944,10,99.999375,0,10,0,0,0,0,0,0.140312772,0
centralized,400,40,120,0,175,0.875,160000,0,10,1,0,10,120,0,10,1,0,10,40,0,10,7.382301875,0.443707944,10,99.999375,0,10,0,0,0,0,0,0.140312772,0
centralized,400,40,120,0,176,0.88,160000,0,10,1,0,10,120,0,10,1,0,10,40,0,10,7.382301875,0.443707944,10,99.999375,0,10,0,0,0,0,0,0.140312772,0
centralized,400,40,120,0,177,0.885,160000,0,10,1,0,10,120,0,10,1,0,10,40,0,10,7.382301875,0.443707944,10,99.999375,0,10,0,0,0,0,0,0.140312772,0
centralized,400,40,120,0,178,0.89,160000,0,10,1,0,10,120,0,10,1,0,10,40,0,10,7.382301875,0.443707944,10,99.999375,0,10,0,0,0,0,0,0.140312772,0
centralized,400,40,120,0,179,0.895,160000,0,10,1,0,10,120,0,10,1,0,10,40,0,10,7.382301875,0.443707944,10,99.999375,0,10,0,0,0,0,0,0.140312772,0
centralized,400,40,120,0,180,0.9,160000,0,10,1,0,10,120,0,10,1,0,10,40,0,10,7.382301875,0.443707944,10,99.999375,0,10,0,0,0,0,0,0.140312772,0
centralized,400,40,120,0,181,0.905,160000,0,10,1,0,10,120,0,10,1,0,10,40,0,10,7.382301875,0.443707944,10,99.999375,0,10,0,0,0,0,0,0.140312772,0
centralized,400,40,120,0,182,0.91,160000,0,10,1,0,10,120,0,10,1,0,10,40,0,10,7.382301875,0.443707944,10,99.999375,0,10,0,0,0,0,0,0.140312772,0
centralized,400,40,120,0,183,0.915,160000,0,10,1,0,10,120,0,10,1,0,10,40,0,10,7.382301875,0.443707944,10,99.999375,0,10,0,0,0,0,0,0.140312772,0
centralized,400,40,120,0,184,0.92,160000,0,10,1,0,10,120,0,10,1,0,10,40,0,10,7.382301875,0.443707944,10,99.999375,0,10,0,0,0,0,0,0.140312772,0
centralized,400,40,120,0,185,0.925,160000,0,10,1,0,10,120,0,10,1,0,10,40,0,10,7.382301875,0.443707944,10,99.999375,0,10,0,0,0,0,0,0.140312772,0
centralized,400,40,120,0,186,0.93,160000,0,10,1,0,10,120,0,10,1,0,10,40,0,10,7.382301875,0.443707944,10,99.999375,0,10,0,0,0,0,0,0.140312772,0
centralized,400,40,120,0,187,0.935,160000,0,10,1,0,10,120,0,10,1,0,10,40,0,10,7.382301875,0.443707944,10,99.999375,0,10,0,0,0,0,0,0.140312772,0
centralized,400,40,120,0,188,0.94,160000,0,10,1,0,10,120,0,10,1,0,10,40,0,10,7.382301875,0.443707944,10,99.999375,0,10,0,0,0,0,0,0.140312772,0
centralized,400,40,120,0,189,0.945,160000,0,10,1,0,10,120,0,10,1,0,10,40,0,10,7.382301875,0.443707944,10,99.999375,0,10,0,0,0,0,0,0.140312772,0
centralized,400,40,120,0,190,0.95,160000,0,10,1,0,10,120,0,10,1,0,10,40,0,10,7.382301875,0.443707944,10,99.999375,0,10,0,0,0,0,0,0.140312772,0
centralized,400,40,120,0,191,0.955,160000,0,10,1,0,10,120,0,10,1,0,10,40,0,10,7.382301875,0.443707944,10,99.999375,0,10,0,0,0,0,0,0.140312772,0
centralized,400,40,120,0,192,0.96,160000,0,10,1,0,10,120,0,10,1,0,10,40,0,10,7.382301875,0.443707944,10,99.999375,0,10,0,0,0,0,0,0.140312772,0
centralized,400,40,120,0,193,0.965,160000,0,10,1,0,10,120,0,10,1,0,10,40,0,10,7.382301875,0.443707944,10,99.999375,0,10,0,0,0,0,0,0.140312772,0
centralized,400,40,120,0,194,0.97,160000,0,10,1,0,10,120,0,10,1,0,10,40,0,10,7.382301875,0.443707944,10,99.999375,0,10,0,0,0,0,0,0.140312772,0
centralized,400,40,120,0,195,0.975,160000,0,10,1,0,10,120,0,10,1,0,10,40,0,10,7.382301875,0.443707944,10,99.999375,0,10,0,0,0,0,0,0.140312772,0
centralized,400,40,120,0,196,0.98,160000,0,10,1,0,10,120,0,10,1,0,10,40,0,10,7.382301875,0.443707944,10,99.999375,0,10,0,0,0,0,0,0.140312772,0
centralized,400,40,120,0,197,0.985,160000,0,10,1,0,10,120,0,10,1,0,10,40,0,10,7.382301875,0.443707944,10,99.999375,0,10,0,0,0,0,0,0.140312772,0
centralized,400,40,120,0,198,0.99,160000,0,10,1,0,10,120,0,10,1,0,10,40,0,10,7.382301875,0.443707944,10,99.999375,0,10,0,0,0,0,0,0.140312772,0
centralized,400,40,120,0,199,0.995,160000,0,10,1,0,10,120,0,10,1,0,10,40,0,10,7.382301875,0.443707944,10,99.999375,0,10,0,0,0,0,0,0.140312772,0
centralized,400,40,120,0,200,1,160000,0,10,1,0,10,120,0,10,1,0,10,40,0,10,7.382301875,0.443707944,10,99.999375,0,10,0,0,0,0,0,0.140312772,0
centralized,450,45,135,0,0,0,0,0,10,0,0,10,0,0,10,0,0,10,45,0,10,0,0,10,0,0,10,0,0,0,0,0,0,0
centralized,450,45,135,0,1,0.005,26945.2,599.985148,10,0.133062716,0.00296289,10,16.8,2.347575582,10,0.124444444,0.017389449,10,45,0,10,3.731540318,0.076532014,10,13.1977284,0.293931782,10,189.731963,0.000936948,0.742368582,0.005499027,0,0.024201548,0.092949391
centralized,450,45,135,0,2,0.01,45235.2,716.3088719,10,0.223383704,0.003537328,10,31.2,4.391911758,10,0.231111111,0.03253268,10,45,0,10,4.425883537,0.06619912,10,22.25066667,0.354456402,10,226.5167543,0.001118601,1.388844444,0.010287737,0,0.020934,0.112088956
centralized,450,45,135,0,3,0.015,60867.7,670.1436082,10,0.300581235,0.003309351,10,41.8,5.181162461,10,0.30962963,0.038378981,10,45,0,10,4.937616957,0.050854886,10,29.97555556,0.332847097,10,211.9180161,0.001046509,1.63842743,0.012136499,0,0.016081727,0.105255494
centralized,450,45,135,0,4,0.02,76906.4,881.5636613,10,0.379784691,0.004353401,10,51.6,6.149977416,10,0.382222222,0.045555388,10,45,0,10,5.222382612,0.057218256,10,37.89802469,0.438491963,10,278.7749072,0.001376666,1.944793619,0.014405879,0,0.018094001,0.138663334
centralized,450,45,135,0,5,0.025,93373.8,955.2071096,10,0.461105185,0.004717072,10,63.5,5.948856099,10,0.47037037,0.044065601,10,45,0,10,5.384367789,0.052908732,10,46.03619753,0.472232308,10,302.0630104,0.001491669,1.881193475,0.013934766,0,0.01673121,0.149332968
centralized,450,45,135,0,6,0.03,109885.3,1331.054056,10,0.542643457,0.006573106,10,73.5,6.416125518,10,0.544444444,0.047526856,10,45,0,10,5.495822119,0.064112121,10,54.19580247,0.65763685,10,420.9162506,0.002078599,2.028957039,0.015029311,0,0.020274033,0.207963032
centralized,450,45,135,0,7,0.035,126630,1161.359548,10,0.625333333,0.005735109,10,84.5,6.258327785,10,0.625925926,0.046357984,10,45,0,10,5.567440629,0.049706454,10,62.46918519,0.57442595,10,367.2541354,0.001813601,1.979057015,0.014659682,0,0.015718561,0.181649435
centralized,450,45,135,0,8,0.04,143251.7,1199.112547,10,0.707415802,0.005921543,10,95.9,4.748099035,10,0.71037037,0.035171104,10,45,0,10,5.627334217,0.046923957,10,70.68350617,0.591701408,10,379.1926819,0.001872556,1.501480751,0.01112208,0,0.014838658,0.187112414
centralized,450,45,135,0,9,0.045,159240.1,1202.823017,10,0.786370864,0.005939867,10,107.4,4.376706017,10,0.795555556,0.032420045,10,45,0,10,5.696959187,0.042298941,10,78.58661728,0.595666488,10,380.3660357,0.001878351,1.384035966,0.010252118,0,0.0133761,0.188366283
centralized,450,45,135,0,10,0.05,174225.7,1495.867719,10,0.860373827,0.007387001,10,115.5,3.566822427,10,0.855555556,0.026420907,10,45,0,10,5.785809297,0.048282854,10,85.99585185,0.73746613,10,473.0349071,0.002335975,1.127928288,0.008355024,0,0.015268379,0.233207267
centralized,450,45,135,0,11,0.055,187587.4,1936.526226,10,0.926357531,0.009563092,10,125.9,2.424412873,10,0.932592593,0.017958614,10,45,0,10,5.908924354,0.058656655,10,92.60582716,0.956098039,10,612.3833621,0.003024115,0.766666667,0.005679012,0,0.018548863,0.302344747
centralized,450,45,135,0,12,0.06,196793.3,2367.984237,10,0.971818765,0.011693749,10,131.2,1.686548085,10,0.971851852,0.012492949,10,45,0,10,6.138282302,0.072252921,10,97.16469136,1.171136356,10,748.8223651,0.003697888,0.533333333,0.003950617,0,0.02284838,0.370345834
centralized,450,45,135,0,13,0.065,200857.8,1830.770864,10,0.99189037,0.009040844,10,133.8,1.549193338,10,0.991111111,0.011475506,10,45,0,10,6.505133209,0.057928851,10,99.18365432,0.907100662,10,578.9405803,0.002858966,0.489897949,0.003628874,0,0.018318711,0.286850416
centralized,450,45,135,0,14,0.07,202112.9,796.4971158,10,0.998088395,0.003933319,10,134.9,0.316227766,10,0.999259259,0.002342428,10,45,0,10,6.899933492,0.100373963,10,99.80676543,0.395036011,10,251.8745036,0.001243825,0.1,0.000740741,0,0.031741034,0.124921355
centralized,450,45,135,0,15,0.075,202433.1,211.5563755,10,0.99966963,0.001044723,10,135,0,10,1,0,10,45,0,10,7.039163144,0.25114753,10,99.96612346,0.104871652,10,66.9,0.00033037,0,0,0,0.079419822,0.033163328
centralized,450,45,135,0,16,0.08,202489.1,34.4688265,10,0.999946173,0.000170216,10,135,0,10,1,0,10,45,0,10,7.085368336,0.351112748,10,99.99387654,0.017110159,10,10.9,5.38E-05,0,0,0,0.1110316,0.005410707
centralized,450,45,135,0,17,0.085,202500,0,10,1,0,10,135,0,10,1,0,10,45,0,10,7.105089383,0.402464791,10,99.99930864,0.000255011,10,0,0,0,0,0,0.127270542,8.06E-05
centralized,450,45,135,0,18,0.09,202500,0,10,1,0,10,135,0,10,1,0,10,45,0,10,7.105089383,0.402464791,10,99.99930864,0.000255011,10,0,0,0,0,0,0.127270542,8.06E-05
centralized,450,45,135,0,19,0.095,202500,0,10,1,0,10,135,0,10,1,0,10,45,0,10,7.105089383,0.402464791,10,99.99930864,0.000255011,10,0,0,0,0,0,0.127270542,8.06E-05
centralized,450,45,135,0,20,0.1,202500,0,10,1,0,10,135,0,10,1,0,10,45,0,10,7.105089383,0.402464791,10,99.99930864,0.000255011,10,0,0,0,0,0,0.127270542,8.06E-05
centralized,450,45,135,0,21,0.105,202500,0,10,1,0,10,135,0,10,1,0,10,45,0,10,7.105089383,0.402464791,10,99.99930864,0.000255011,10,0,0,0,0,0,0.127270542,8.06E-05
centralized,450,45,135,0,22,0.11,202500,0,10,1,0,10,135,0,10,1,0,10,45,0,10,7.105089383,0.402464791,10,99.99930864,0.000255011,10,0,0,0,0,0,0.127270542,8.06E-05
centralized,450,45,135,0,23,0.115,202500,0,10,1,0,10,135,0,10,1,0,10,45,0,10,7.105089383,0.402464791,10,99.99930864,0.000255011,10,0,0,0,0,0,0.127270542,8.06E-05
centralized,450,45,135,0,24,0.12,202500,0,10,1,0,10,135,0,10,1,0,10,45,0,10,7.105089383,0.402464791,10,99.99930864,0.000255011,10,0,0,0,0,0,0.127270542,8.06E-05
centralized,450,45,135,0,25,0.125,202500,0,10,1,0,10,135,0,10,1,0,10,45,0,10,7.105089383,0.402464791,10,99.99930864,0.000255011,10,0,0,0,0,0,0.127270542,8.06E-05
centralized,450,45,135,0,26,0.13,202500,0,10,1,0,10,135,0,10,1,0,10,45,0,10,7.105089383,0.402464791,10,99.99930864,0.000255011,10,0,0,0,0,0,0.127270542,8.06E-05
centralized,450,45,135,0,27,0.135,202500,0,10,1,0,10,135,0,10,1,0,10,45,0,10,7.105089383,0.402464791,10,99.99930864,0.000255011,10,0,0,0,0,0,0.127270542,8.06E-05
centralized,450,45,135,0,28,0.14,202500,0,10,1,0,10,135,0,10,1,0,10,45,0,10,7.105089383,0.402464791,10,99.99930864,0.000255011,10,0,0,0,0,0,0.127270542,8.06E-05
centralized,450,45,135,0,29,0.145,202500,0,10,1,0,10,135,0,10,1,0,10,45,0,10,7.105089383,0.402464791,10,99.99930864,0.000255011,10,0,0,0,0,0,0.127270542,8.06E-05
centralized,450,45,135,0,30,0.15,202500,0,10,1,0,10,135,0,10,1,0,10,45,0,10,7.105089383,0.402464791,10,99.99930864,0.000255011,10,0,0,0,0,0,0.127270542,8.06E-05
centralized,450,45,135,0,31,0.155,202500,0,10,1,0,10,135,0,10,1,0,10,45,0,10,7.105089383,0.402464791,10,99.99930864,0.000255011,10,0,0,0,0,0,0.127270542,8.06E-05
centralized,450,45,135,0,32,0.16,202500,0,10,1,0,10,135,0,10,1,0,10,45,0,10,7.105089383,0.402464791,10,99.99930864,0.000255011,10,0,0,0,0,0,0.127270542,8.06E-05
centralized,450,45,135,0,33,0.165,202500,0,10,1,0,10,135,0,10,1,0,10,45,0,10,7.105089383,0.402464791,10,99.99930864,0.000255011,10,0,0,0,0,0,0.127270542,8.06E-05
centralized,450,45,135,0,34,0.17,202500,0,10,1,0,10,135,0,10,1,0,10,45,0,10,7.105089383,0.402464791,10,99.99930864,0.000255011,10,0,0,0,0,0,0.127270542,8.06E-05
centralized,450,45,135,0,35,0.175,202500,0,10,1,0,10,135,0,10,1,0,10,45,0,10,7.105089383,0.402464791,10,99.99930864,0.000255011,10,0,0,0,0,0,0.127270542,8.06E-05
centralized,450,45,135,0,36,0.18,202500,0,10,1,0,10,135,0,10,1,0,10,45,0,10,7.105089383,0.402464791,10,99.99930864,0.000255011,10,0,0,0,0,0,0.127270542,8.06E-05
centralized,450,45,135,0,37,0.185,202500,0,10,1,0,10,135,0,10,1,0,10,45,0,10,7.105089383,0.402464791,10,99.99930864,0.000255011,10,0,0,0,0,0,0.127270542,8.06E-05
centralized,450,45,135,0,38,0.19,202500,0,10,1,0,10,135,0,10,1,0,10,45,0,10,7.105089383,0.402464791,10,99.99930864,0.000255011,10,0,0,0,0,0,0.127270542,8.06E-05
centralized,450,45,135,0,39,0.195,202500,0,10,1,0,10,135,0,10,1,0,10,45,0,10,7.105089383,0.402464791,10,99.99930864,0.000255011,10,0,0,0,0,0,0.127270542,8.06E-05
centralized,450,45,135,0,40,0.2,202500,0,10,1,0,10,135,0,10,1,0,10,45,0,10,7.105089383,0.402464791,10,99.99930864,0.000255011,10,0,0,0,0,0,0.127270542,8.06E-05
centralized,450,45,135,0,41,0.205,202500,0,10,1,0,10,135,0,10,1,0,10,45,0,10,7.105089383,0.402464791,10,99.99930864,0.000255011,10,0,0,0,0,0,0.127270542,8.06E-05
centralized,450,45,135,0,42,0.21,202500,0,10,1,0,10,135,0,10,1,0,10,45,0,10,7.105089383,0.402464791,10,99.99930864,0.000255011,10,0,0,0,0,0,0.127270542,8.06E-05
centralized,450,45,135,0,43,0.215,202500,0,10,1,0,10,135,0,10,1,0,10,45,0,10,7.105089383,0.402464791,10,99.99930864,0.000255011,10,0,0,0,0,0,0.127270542,8.06E-05
centralized,450,45,135,0,44,0.22,202500,0,10,1,0,10,135,0,10,1,0,10,45,0,10,7.105089383,0.402464791,10,99.99930864,0.000255011,10,0,0,0,0,0,0.127270542,8.06E-05
centralized,450,45,135,0,45,0.225,202500,0,10,1,0,10,135,0,10,1,0,10,45,0,10,7.105089383,0.402464791,10,99.99930864,0.000255011,10,0,0,0,0,0,0.127270542,8.06E-05
centralized,450,45,135,0,46,0.23,202500,0,10,1,0,10,135,0,10,1,0,10,45,0,10,7.105089383,0.402464791,10,99.99930864,0.000255011,10,0,0,0,0,0,0.127270542,8.06E-05
centralized,450,45,135,0,47,0.235,202500,0,10,1,0,10,135,0,10,1,0,10,45,0,10,7.105089383,0.402464791,10,99.99930864,0.000255011,10,0,0,0,0,0,0.127270542,8.06E-05
centralized,450,45,135,0,48,0.24,202500,0,10,1,0,10,135,0,10,1,0,10,45,0,10,7.105089383,0.402464791,10,99.99930864,0.000255011,10,0,0,0,0,0,0.127270542,8.06E-05
centralized,450,45,135,0,49,0.245,202500,0,10,1,0,10,135,0,10,1,0,10,45,0,10,7.105089383,0.402464791,10,99.99930864,0.000255011,10,0,0,0,0,0,0.127270542,8.06E-05
centralized,450,45,135,0,50,0.25,202500,0,10,1,0,10,135,0,10,1,0,10,45,0,10,7.105089383,0.402464791,10,99.99930864,0.000255011,10,0,0,0,0,0,0.127270542,8.06E-05
centralized,450,45,135,0,51,0.255,202500,0,10,1,0,10,135,0,10,1,0,10,45,0,10,7.105089383,0.402464791,10,99.99930864,0.000255011,10,0,0,0,0,0,0.127270542,8.06E-05
centralized,450,45,135,0,52,0.26,202500,0,10,1,0,10,135,0,10,1,0,10,45,0,10,7.105089383,0.402464791,10,99.99930864,0.000255011,10,0,0,0,0,0,0.127270542,8.06E-05
centralized,450,45,135,0,53,0.265,202500,0,10,1,0,10,135,0,10,1,0,10,45,0,10,7.105089383,0.402464791,10,99.99930864,0.000255011,10,0,0,0,0,0,0.127270542,8.06E-05
centralized,450,45,135,0,54,0.27,202500,0,10,1,0,10,135,0,10,1,0,10,45,0,10,7.105089383,0.402464791,10,99.99930864,0.000255011,10,0,0,0,0,0,0.127270542,8.06E-05
centralized,450,45,135,0,55,0.275,202500,0,10,1,0,10,135,0,10,1,0,10,45,0,10,7.105089383,0.402464791,10,99.99930864,0.000255011,10,0,0,0,0,0,0.127270542,8.06E-05
centralized,450,45,135,0,56,0.28,202500,0,10,1,0,10,135,0,10,1,0,10,45,0,10,7.105089383,0.402464791,10,99.99930864,0.000255011,10,0,0,0,0,0,0.127270542,8.06E-05
centralized,450,45,135,0,57,0.285,202500,0,10,1,0,10,135,0,10,1,0,10,45,0,10,7.105089383,0.402464791,10,99.99930864,0.000255011,10,0,0,0,0,0,0.127270542,8.06E-05
centralized,450,45,135,0,58,0.29,202500,0,10,1,0,10,135,0,10,1,0,10,45,0,10,7.105089383,0.402464791,10,99.99930864,0.000255011,10,0,0,0,0,0,0.127270542,8.06E-05
centralized,450,45,135,0,59,0.295,202500,0,10,1,0,10,135,0,10,1,0,10,45,0,10,7.105089383,0.402464791,10,99.99930864,0.000255011,10,0,0,0,0,0,0.127270542,8.06E-05
centralized,450,45,135,0,60,0.3,202500,0,10,1,0,10,135,0,10,1,0,10,45,0,10,7.105089383,0.402464791,10,99.99930864,0.000255011,10,0,0,0,0,0,0.127270542,8.06E-05
centralized,450,45,135,0,61,0.305,202500,0,10,1,0,10,135,0,10,1,0,10,45,0,10,7.105089383,0.402464791,10,99.99930864,0.000255011,10,0,0,0,0,0,0.127270542,8.06E-05
centralized,450,45,135,0,62,0.31,202500,0,10,1,0,10,135,0,10,1,0,10,45,0,10,7.105089383,0.402464791,10,99.99930864,0.000255011,10,0,0,0,0,0,0.127270542,8.06E-05
centralized,450,45,135,0,63,0.315,202500,0,10,1,0,10,135,0,10,1,0,10,45,0,10,7.105089383,0.402464791,10,99.99930864,0.000255011,10,0,0,0,0,0,0.127270542,8.06E-05
centralized,450,45,135,0,64,0.32,202500,0,10,1,0,10,135,0,10,1,0,10,45,0,10,7.105089383,0.402464791,10,99.99930864,0.000255011,10,0,0,0,0,0,0.127270542,8.06E-05
centralized,450,45,135,0,65,0.325,202500,0,10,1,0,10,135,0,10,1,0,10,45,0,10,7.105089383,0.402464791,10,99.99930864,0.000255011,10,0,0,0,0,0,0.127270542,8.06E-05
centralized,450,45,135,0,66,0.33,202500,0,10,1,0,10,135,0,10,1,0,10,45,0,10,7.105089383,0.402464791,10,99.99930864,0.000255011,10,0,0,0,0,0,0.127270542,8.06E-05
centralized,450,45,135,0,67,0.335,202500,0,10,1,0,10,135,0,10,1,0,10,45,0,10,7.105089383,0.402464791,10,99.99930864,0.000255011,10,0,0,0,0,0,0.127270542,8.06E-05
centralized,450,45,135,0,68,0.34,202500,0,10,1,0,10,135,0,10,1,0,10,45,0,10,7.105089383,0.402464791,10,99.99930864,0.000255011,10,0,0,0,0,0,0.127270542,8.06E-05
centralized,450,45,135,0,69,0.345,202500,0,10,1,0,10,135,0,10,1,0,10,45,0,10,7.105089383,0.402464791,10,99.99930864,0.000255011,10,0,0,0,0,0,0.127270542,8.06E-05
centralized,450,45,135,0,70,0.35,202500,0,10,1,0,10,135,0,10,1,0,10,45,0,10,7.105089383,0.402464791,10,99.99930864,0.000255011,10,0,0,0,0,0,0.127270542,8.06E-05
centralized,450,45,135,0,71,0.355,202500,0,10,1,0,10,135,0,10,1,0,10,45,0,10,7.105089383,0.402464791,10,99.99930864,0.000255011,10,0,0,0,0,0,0.127270542,8.06E-05
centralized,450,45,135,0,72,0.36,202500,0,10,1,0,10,135,0,10,1,0,10,45,0,10,7.105089383,0.402464791,10,99.99930864,0.000255011,10,0,0,0,0,0,0.127270542,8.06E-05
centralized,450,45,135,0,73,0.365,202500,0,10,1,0,10,135,0,10,1,0,10,45,0,10,7.105089383,0.402464791,10,99.99930864,0.000255011,10,0,0,0,0,0,0.127270542,8.06E-05
centralized,450,45,135,0,74,0.37,202500,0,10,1,0,10,135,0,10,1,0,10,45,0,10,7.105089383,0.402464791,10,99.99930864,0.000255011,10,0,0,0,0,0,0.127270542,8.06E-05
centralized,450,45,135,0,75,0.375,202500,0,10,1,0,10,135,0,10,1,0,10,45,0,10,7.105089383,0.402464791,10,99.99930864,0.000255011,10,0,0,0,0,0,0.127270542,8.06E-05
centralized,450,45,135,0,76,0.38,202500,0,10,1,0,10,135,0,10,1,0,10,45,0,10,7.105089383,0.402464791,10,99.99930864,0.000255011,10,0,0,0,0,0,0.127270542,8.06E-05
centralized,450,45,135,0,77,0.385,202500,0,10,1,0,10,135,0,10,1,0,10,45,0,10,7.105089383,0.402464791,10,99.99930864,0.000255011,10,0,0,0,0,0,0.127270542,8.06E-05
centralized,450,45,135,0,78,0.39,202500,0,10,1,0,10,135,0,10,1,0,10,45,0,10,7.105089383,0.402464791,10,99.99930864,0.000255011,10,0,0,0,0,0,0.127270542,8.06E-05
centralized,450,45,135,0,79,0.395,202500,0,10,1,0,10,135,0,10,1,0,10,45,0,10,7.105089383,0.402464791,10,99.99930864,0.000255011,10,0,0,0,0,0,0.127270542,8.06E-05
centralized,450,45,135,0,80,0.4,202500,0,10,1,0,10,135,0,10,1,0,10,45,0,10,7.105089383,0.402464791,10,99.99930864,0.000255011,10,0,0,0,0,0,0.127270542,8.06E-05
centralized,450,45,135,0,81,0.405,202500,0,10,1,0,10,135,0,10,1,0,10,45,0,10,7.105089383,0.402464791,10,99.99930864,0.000255011,10,0,0,0,0,0,0.127270542,8.06E-05
centralized,450,45,135,0,82,0.41,202500,0,10,1,0,10,135,0,10,1,0,10,45,0,10,7.105089383,0.402464791,10,99.99930864,0.000255011,10,0,0,0,0,0,0.127270542,8.06E-05
centralized,450,45,135,0,83,0.415,202500,0,10,1,0,10,135,0,10,1,0,10,45,0,10,7.105089383,0.402464791,10,99.99930864,0.000255011,10,0,0,0,0,0,0.127270542,8.06E-05
centralized,450,45,135,0,84,0.42,202500,0,10,1,0,10,135,0,10,1,0,10,45,0,10,7.105089383,0.402464791,10,99.99930864,0.000255011,10,0,0,0,0,0,0.127270542,8.06E-05
centralized,450,45,135,0,85,0.425,202500,0,10,1,0,10,135,0,10,1,0,10,45,0,10,7.105089383,0.402464791,10,99.99930864,0.000255011,10,0,0,0,0,0,0.127270542,8.06E-05
centralized,450,45,135,0,86,0.43,202500,0,10,1,0,10,135,0,10,1,0,10,45,0,10,7.105089383,0.402464791,10,99.99930864,0.000255011,10,0,0,0,0,0,0.127270542,8.06E-05
centralized,450,45,135,0,87,0.435,202500,0,10,1,0,10,135,0,10,1,0,10,45,0,10,7.105089383,0.402464791,10,99.99930864,0.000255011,10,0,0,0,0,0,0.127270542,8.06E-05
centralized,450,45,135,0,88,0.44,202500,0,10,1,0,10,135,0,10,1,0,10,45,0,10,7.105089383,0.402464791,10,99.99930864,0.000255011,10,0,0,0,0,0,0.127270542,8.06E-05
centralized,450,45,135,0,89,0.445,202500,0,10,1,0,10,135,0,10,1,0,10,45,0,10,7.105089383,0.402464791,10,99.99930864,0.000255011,10,0,0,0,0,0,0.127270542,8.06E-05
centralized,450,45,135,0,90,0.45,202500,0,10,1,0,10,135,0,10,1,0,10,45,0,10,7.105089383,0.402464791,10,99.99930864,0.000255011,10,0,0,0,0,0,0.127270542,8.06E-05
centralized,450,45,135,0,91,0.455,202500,0,10,1,0,10,135,0,10,1,0,10,45,0,10,7.105089383,0.402464791,10,99.99930864,0.000255011,10,0,0,0,0,0,0.127270542,8.06E-05
centralized,450,45,135,0,92,0.46,202500,0,10,1,0,10,135,0,10,1,0,10,45,0,10,7.105089383,0.402464791,10,99.99930864,0.000255011,10,0,0,0,0,0,0.127270542,8.06E-05
centralized,450,45,135,0,93,0.465,202500,0,10,1,0,10,135,0,10,1,0,10,45,0,10,7.105089383,0.402464791,10,99.99930864,0.000255011,10,0,0,0,0,0,0.127270542,8.06E-05
centralized,450,45,135,0,94,0.47,202500,0,10,1,0,10,135,0,10,1,0,10,45,0,10,7.105089383,0.402464791,10,99.99930864,0.000255011,10,0,0,0,0,0,0.127270542,8.06E-05
centralized,450,45,135,0,95,0.475,202500,0,10,1,0,10,135,0,10,1,0,10,45,0,10,7.105089383,0.402464791,10,99.99930864,0.000255011,10,0,0,0,0,0,0.127270542,8.06E-05
centralized,450,45,135,0,96,0.48,202500,0,10,1,0,10,135,0,10,1,0,10,45,0,10,7.105089383,0.402464791,10,99.99930864,0.000255011,10,0,0,0,0,0,0.127270542,8.06E-05
centralized,450,45,135,0,97,0.485,202500,0,10,1,0,10,135,0,10,1,0,10,45,0,10,7.105089383,0.402464791,10,99.99930864,0.000255011,10,0,0,0,0,0,0.127270542,8.06E-05
centralized,450,45,135,0,98,0.49,202500,0,10,1,0,10,135,0,10,1,0,10,45,0,10,7.105089383,0.402464791,10,99.99930864,0.000255011,10,0,0,0,0,0,0.127270542,8.06E-05
centralized,450,45,135,0,99,0.495,202500,0,10,1,0,10,135,0,10,1,0,10,45,0,10,7.105089383,0.402464791,10,99.99930864,0.000255011,10,0,0,0,0,0,0.127270542,8.06E-05
centralized,450,45,135,0,100,0.5,202500,0,10,1,0,10,135,0,10,1,0,10,45,0,10,7.105089383,0.402464791,10,99.99930864,0.000255011,10,0,0,0,0,0,0.127270542,8.06E-05
centralized,450,45,135,0,101,0.505,202500,0,10,1,0,10,135,0,10,1,0,10,45,0,10,7.105089383,0.402464791,10,99.99930864,0.000255011,10,0,0,0,0,0,0.127270542,8.06E-05
centralized,450,45,135,0,102,0.51,202500,0,10,1,0,10,135,0,10,1,0,10,45,0,10,7.105089383,0.402464791,10,99.99930864,0.000255011,10,0,0,0,0,0,0.127270542,8.06E-05
centralized,450,45,135,0,103,0.515,202500,0,10,1,0,10,135,0,10,1,0,10,45,0,10,7.105089383,0.402464791,10,99.99930864,0.000255011,10,0,0,0,0,0,0.127270542,8.06E-05
centralized,450,45,135,0,104,0.52,202500,0,10,1,0,10,135,0,10,1,0,10,45,0,10,7.105089383,0.402464791,10,99.99930864,0.000255011,10,0,0,0,0,0,0.127270542,8.06E-05
centralized,450,45,135,0,105,0.525,202500,0,10,1,0,10,135,0,10,1,0,10,45,0,10,7.105089383,0.402464791,10,99.99930864,0.000255011,10,0,0,0,0,0,0.127270542,8.06E-05
centralized,450,45,135,0,106,0.53,202500,0,10,1,0,10,135,0,10,1,0,10,45,0,10,7.105089383,0.402464791,10,99.99930864,0.000255011,10,0,0,0,0,0,0.127270542,8.06E-05
centralized,450,45,135,0,107,0.535,202500,0,10,1,0,10,135,0,10,1,0,10,45,0,10,7.105089383,0.402464791,10,99.99930864,0.000255011,10,0,0,0,0,0,0.127270542,8.06E-05
centralized,450,45,135,0,108,0.54,202500,0,10,1,0,10,135,0,10,1,0,10,45,0,10,7.105089383,0.402464791,10,99.99930864,0.000255011,10,0,0,0,0,0,0.127270542,8.06E-05
centralized,450,45,135,0,109,0.545,202500,0,10,1,0,10,135,0,10,1,0,10,45,0,10,7.105089383,0.402464791,10,99.99930864,0.000255011,10,0,0,0,0,0,0.127270542,8.06E-05
centralized,450,45,135,0,110,0.55,202500,0,10,1,0,10,135,0,10,1,0,10,45,0,10,7.105089383,0.402464791,10,99.99930864,0.000255011,10,0,0,0,0,0,0.127270542,8.06E-05
centralized,450,45,135,0,111,0.555,202500,0,10,1,0,10,135,0,10,1,0,10,45,0,10,7.105089383,0.402464791,10,99.99930864,0.000255011,10,0,0,0,0,0,0.127270542,8.06E-05
centralized,450,45,135,0,112,0.56,202500,0,10,1,0,10,135,0,10,1,0,10,45,0,10,7.105089383,0.402464791,10,99.99930864,0.000255011,10,0,0,0,0,0,0.127270542,8.06E-05
centralized,450,45,135,0,113,0.565,202500,0,10,1,0,10,135,0,10,1,0,10,45,0,10,7.105089383,0.402464791,10,99.99930864,0.000255011,10,0,0,0,0,0,0.127270542,8.06E-05
centralized,450,45,135,0,114,0.57,202500,0,10,1,0,10,135,0,10,1,0,10,45,0,10,7.105089383,0.402464791,10,99.99930864,0.000255011,10,0,0,0,0,0,0.127270542,8.06E-05
centralized,450,45,135,0,115,0.575,202500,0,10,1,0,10,135,0,10,1,0,10,45,0,10,7.105089383,0.402464791,10,99.99930864,0.000255011,10,0,0,0,0,0,0.127270542,8.06E-05
centralized,450,45,135,0,116,0.58,202500,0,10,1,0,10,135,0,10,1,0,10,45,0,10,7.105089383,0.402464791,10,99.99930864,0.000255011,10,0,0,0,0,0,0.127270542,8.06E-05
centralized,450,45,135,0,117,0.585,202500,0,10,1,0,10,135,0,10,1,0,10,45,0,10,7.105089383,0.402464791,10,99.99930864,0.000255011,10,0,0,0,0,0,0.127270542,8.06E-05
centralized,450,45,135,0,118,0.59,202500,0,10,1,0,10,135,0,10,1,0,10,45,0,10,7.105089383,0.402464791,10,99.99930864,0.000255011,10,0,0,0,0,0,0.127270542,8.06E-05
centralized,450,45,135,0,119,0.595,202500,0,10,1,0,10,135,0,10,1,0,10,45,0,10,7.105089383,0.402464791,10,99.99930864,0.000255011,10,0,0,0,0,0,0.127270542,8.06E-05
centralized,450,45,135,0,120,0.6,202500,0,10,1,0,10,135,0,10,1,0,10,45,0,10,7.105089383,0.402464791,10,99.99930864,0.000255011,10,0,0,0,0,0,0.127270542,8.06E-05
centralized,450,45,135,0,121,0.605,202500,0,10,1,0,10,135,0,10,1,0,10,45,0,10,7.105089383,0.402464791,10,99.99930864,0.000255011,10,0,0,0,0,0,0.127270542,8.06E-05
centralized,450,45,135,0,122,0.61,202500,0,10,1,0,10,135,0,10,1,0,10,45,0,10,7.105089383,0.402464791,10,99.99930864,0.000255011,10,0,0,0,0,0,0.127270542,8.06E-05
centralized,450,45,135,0,123,0.615,202500,0,10,1,0,10,135,0,10,1,0,10,45,0,10,7.105089383,0.402464791,10,99.99930864,0.000255011,10,0,0,0,0,0,0.127270542,8.06E-05
centralized,450,45,135,0,124,0.62,202500,0,10,1,0,10,135,0,10,1,0,10,45,0,10,7.105089383,0.402464791,10,99.99930864,0.000255011,10,0,0,0,0,0,0.127270542,8.06E-05
centralized,450,45,135,0,125,0.625,202500,0,10,1,0,10,135,0,10,1,0,10,45,0,10,7.105089383,0.402464791,10,99.99930864,0.000255011,10,0,0,0,0,0,0.127270542,8.06E-05
centralized,450,45,135,0,126,0.63,202500,0,10,1,0,10,135,0,10,1,0,10,45,0,10,7.105089383,0.402464791,10,99.99930864,0.000255011,10,0,0,0,0,0,0.127270542,8.06E-05
centralized,450,45,135,0,127,0.635,202500,0,10,1,0,10,135,0,10,1,0,10,45,0,10,7.105089383,0.402464791,10,99.99930864,0.000255011,10,0,0,0,0,0,0.127270542,8.06E-05
centralized,450,45,135,0,128,0.64,202500,0,10,1,0,10,135,0,10,1,0,10,45,0,10,7.105089383,0.402464791,10,99.99930864,0.000255011,10,0,0,0,0,0,0.127270542,8.06E-05
centralized,450,45,135,0,129,0.645,202500,0,10,1,0,10,135,0,10,1,0,10,45,0,10,7.105089383,0.402464791,10,99.99930864,0.000255011,10,0,0,0,0,0,0.127270542,8.06E-05
centralized,450,45,135,0,130,0.65,202500,0,10,1,0,10,135,0,10,1,0,10,45,0,10,7.105089383,0.402464791,10,99.99930864,0.000255011,10,0,0,0,0,0,0.127270542,8.06E-05
centralized,450,45,135,0,131,0.655,202500,0,10,1,0,10,135,0,10,1,0,10,45,0,10,7.105089383,0.402464791,10,99.99930864,0.000255011,10,0,0,0,0,0,0.127270542,8.06E-05
centralized,450,45,135,0,132,0.66,202500,0,10,1,0,10,135,0,10,1,0,10,45,0,10,7.105089383,0.402464791,10,99.99930864,0.000255011,10,0,0,0,0,0,0.127270542,8.06E-05
centralized,450,45,135,0,133,0.665,202500,0,10,1,0,10,135,0,10,1,0,10,45,0,10,7.105089383,0.402464791,10,99.99930864,0.000255011,10,0,0,0,0,0,0.127270542,8.06E-05
centralized,450,45,135,0,134,0.67,202500,0,10,1,0,10,135,0,10,1,0,10,45,0,10,7.105089383,0.402464791,10,99.99930864,0.000255011,10,0,0,0,0,0,0.127270542,8.06E-05
centralized,450,45,135,0,135,0.675,202500,0,10,1,0,10,135,0,10,1,0,10,45,0,10,7.105089383,0.402464791,10,99.99930864,0.000255011,10,0,0,0,0,0,0.127270542,8.06E-05
centralized,450,45,135,0,136,0.68,202500,0,10,1,0,10,135,0,10,1,0,10,45,0,10,7.105089383,0.402464791,10,99.99930864,0.000255011,10,0,0,0,0,0,0.127270542,8.06E-05
centralized,450,45,135,0,137,0.685,202500,0,10,1,0,10,135,0,10,1,0,10,45,0,10,7.105089383,0.402464791,10,99.99930864,0.000255011,10,0,0,0,0,0,0.127270542,8.06E-05
centralized,450,45,135,0,138,0.69,202500,0,10,1,0,10,135,0,10,1,0,10,45,0,10,7.105089383,0.402464791,10,99.99930864,0.000255011,10,0,0,0,0,0,0.127270542,8.06E-05
centralized,450,45,135,0,139,0.695,202500,0,10,1,0,10,135,0,10,1,0,10,45,0,10,7.105089383,0.402464791,10,99.99930864,0.000255011,10,0,0,0,0,0,0.127270542,8.06E-05
centralized,450,45,135,0,140,0.7,202500,0,10,1,0,10,135,0,10,1,0,10,45,0,10,7.105089383,0.402464791,10,99.99930864,0.000255011,10,0,0,0,0,0,0.127270542,8.06E-05
centralized,450,45,135,0,141,0.705,202500,0,10,1,0,10,135,0,10,1,0,10,45,0,10,7.105089383,0.402464791,10,99.99930864,0.000255011,10,0,0,0,0,0,0.127270542,8.06E-05
centralized,450,45,135,0,142,0.71,202500,0,10,1,0,10,135,0,10,1,0,10,45,0,10,7.105089383,0.402464791,10,99.99930864,0.000255011,10,0,0,0,0,0,0.127270542,8.06E-05
centralized,450,45,135,0,143,0.715,202500,0,10,1,0,10,135,0,10,1,0,10,45,0,10,7.105089383,0.402464791,10,99.99930864,0.000255011,10,0,0,0,0,0,0.127270542,8.06E-05
centralized,450,45,135,0,144,0.72,202500,0,10,1,0,10,135,0,10,1,0,10,45,0,10,7.105089383,0.402464791,10,99.99930864,0.000255011,10,0,0,0,0,0,0.127270542,8.06E-05
centralized,450,45,135,0,145,0.725,202500,0,10,1,0,10,135,0,10,1,0,10,45,0,10,7.105089383,0.402464791,10,99.99930864,0.000255011,10,0,0,0,0,0,0.127270542,8.06E-05
centralized,450,45,135,0,146,0.73,202500,0,10,1,0,10,135,0,10,1,0,10,45,0,10,7.105089383,0.402464791,10,99.99930864,0.000255011,10,0,0,0,0,0,0.127270542,8.06E-05
centralized,450,45,135,0,147,0.735,202500,0,10,1,0,10,135,0,10,1,0,10,45,0,10,7.105089383,0.402464791,10,99.99930864,0.000255011,10,0,0,0,0,0,0.127270542,8.06E-05
centralized,450,45,135,0,148,0.74,202500,0,10,1,0,10,135,0,10,1,0,10,45,0,10,7.105089383,0.402464791,10,99.99930864,0.000255011,10,0,0,0,0,0,0.127270542,8.06E-05
centralized,450,45,135,0,149,0.745,202500,0,10,1,0,10,135,0,10,1,0,10,45,0,10,7.105089383,0.402464791,10,99.99930864,0.000255011,10,0,0,0,0,0,0.127270542,8.06E-05
centralized,450,45,135,0,150,0.75,202500,0,10,1,0,10,135,0,10,1,0,10,45,0,10,7.105089383,0.402464791,10,99.99930864,0.000255011,10,0,0,0,0,0,0.127270542,8.06E-05
centralized,450,45,135,0,151,0.755,202500,0,10,1,0,10,135,0,10,1,0,10,45,0,10,7.105089383,0.402464791,10,99.99930864,0.000255011,10,0,0,0,0,0,0.127270542,8.06E-05
centralized,450,45,135,0,152,0.76,202500,0,10,1,0,10,135,0,10,1,0,10,45,0,10,7.105089383,0.402464791,10,99.99930864,0.000255011,10,0,0,0,0,0,0.127270542,8.06E-05
centralized,450,45,135,0,153,0.765,202500,0,10,1,0,10,135,0,10,1,0,10,45,0,10,7.105089383,0.402464791,10,99.99930864,0.000255011,10,0,0,0,0,0,0.127270542,8.06E-05
centralized,450,45,135,0,154,0.77,202500,0,10,1,0,10,135,0,10,1,0,10,45,0,10,7.105089383,0.402464791,10,99.99930864,0.000255011,10,0,0,0,0,0,0.127270542,8.06E-05
centralized,450,45,135,0,155,0.775,202500,0,10,1,0,10,135,0,10,1,0,10,45,0,10,7.105089383,0.402464791,10,99.99930864,0.000255011,10,0,0,0,0,0,0.127270542,8.06E-05
centralized,450,45,135,0,156,0.78,202500,0,10,1,0,10,135,0,10,1,0,10,45,0,10,7.105089383,0.402464791,10,99.99930864,0.000255011,10,0,0,0,0,0,0.127270542,8.06E-05
centralized,450,45,135,0,157,0.785,202500,0,10,1,0,10,135,0,10,1,0,10,45,0,10,7.105089383,0.402464791,10,99.99930864,0.000255011,10,0,0,0,0,0,0.127270542,8.06E-05
centralized,450,45,135,0,158,0.79,202500,0,10,1,0,10,135,0,10,1,0,10,45,0,10,7.105089383,0.402464791,10,99.99930864,0.000255011,10,0,0,0,0,0,0.127270542,8.06E-05
centralized,450,45,135,0,159,0.795,202500,0,10,1,0,10,135,0,10,1,0,10,45,0,10,7.105089383,0.402464791,10,99.99930864,0.000255011,10,0,0,0,0,0,0.127270542,8.06E-05
centralized,450,45,135,0,160,0.8,202500,0,10,1,0,10,135,0,10,1,0,10,45,0,10,7.105089383,0.402464791,10,99.99930864,0.000255011,10,0,0,0,0,0,0.127270542,8.06E-05
centralized,450,45,135,0,161,0.805,202500,0,10,1,0,10,135,0,10,1,0,10,45,0,10,7.105089383,0.402464791,10,99.99930864,0.000255011,10,0,0,0,0,0,0.127270542,8.06E-05
centralized,450,45,135,0,162,0.81,202500,0,10,1,0,10,135,0,10,1,0,10,45,0,10,7.105089383,0.402464791,10,99.99930864,0.000255011,10,0,0,0,0,0,0.127270542,8.06E-05
centralized,450,45,135,0,163,0.815,202500,0,10,1,0,10,135,0,10,1,0,10,45,0,10,7.105089383,0.402464791,10,99.99930864,0.000255011,10,0,0,0,0,0,0.127270542,8.06E-05
centralized,450,45,135,0,164,0.82,202500,0,10,1,0,10,135,0,10,1,0,10,45,0,10,7.105089383,0.402464791,10,99.99930864,0.000255011,10,0,0,0,0,0,0.127270542,8.06E-05
centralized,450,45,135,0,165,0.825,202500,0,10,1,0,10,135,0,10,1,0,10,45,0,10,7.105089383,0.402464791,10,99.99930864,0.000255011,10,0,0,0,0,0,0.127270542,8.06E-05
centralized,450,45,135,0,166,0.83,202500,0,10,1,0,10,135,0,10,1,0,10,45,0,10,7.105089383,0.402464791,10,99.99930864,0.000255011,10,0,0,0,0,0,0.127270542,8.06E-05
centralized,450,45,135,0,167,0.835,202500,0,10,1,0,10,135,0,10,1,0,10,45,0,10,7.105089383,0.402464791,10,99.99930864,0.000255011,10,0,0,0,0,0,0.127270542,8.06E-05
centralized,450,45,135,0,168,0.84,202500,0,10,1,0,10,135,0,10,1,0,10,45,0,10,7.105089383,0.402464791,10,99.99930864,0.000255011,10,0,0,0,0,0,0.127270542,8.06E-05
centralized,450,45,135,0,169,0.845,202500,0,10,1,0,10,135,0,10,1,0,10,45,0,10,7.105089383,0.402464791,10,99.99930864,0.000255011,10,0,0,0,0,0,0.127270542,8.06E-05
centralized,450,45,135,0,170,0.85,202500,0,10,1,0,10,135,0,10,1,0,10,45,0,10,7.105089383,0.402464791,10,99.99930864,0.000255011,10,0,0,0,0,0,0.127270542,8.06E-05
centralized,450,45,135,0,171,0.855,202500,0,10,1,0,10,135,0,10,1,0,10,45,0,10,7.105089383,0.402464791,10,99.99930864,0.000255011,10,0,0,0,0,0,0.127270542,8.06E-05
centralized,450,45,135,0,172,0.86,202500,0,10,1,0,10,135,0,10,1,0,10,45,0,10,7.105089383,0.402464791,10,99.99930864,0.000255011,10,0,0,0,0,0,0.127270542,8.06E-05
centralized,450,45,135,0,173,0.865,202500,0,10,1,0,10,135,0,10,1,0,10,45,0,10,7.105089383,0.402464791,10,99.99930864,0.000255011,10,0,0,0,0,0,0.127270542,8.06E-05
centralized,450,45,135,0,174,0.87,202500,0,10,1,0,10,135,0,10,1,0,10,45,0,10,7.105089383,0.402464791,10,99.99930864,0.000255011,10,0,0,0,0,0,0.127270542,8.06E-05
centralized,450,45,135,0,175,0.875,202500,0,10,1,0,10,135,0,10,1,0,10,45,0,10,7.105089383,0.402464791,10,99.99930864,0.000255011,10,0,0,0,0,0,0.127270542,8.06E-05
centralized,450,45,135,0,176,0.88,202500,0,10,1,0,10,135,0,10,1,0,10,45,0,10,7.105089383,0.402464791,10,99.99930864,0.000255011,10,0,0,0,0,0,0.127270542,8.06E-05
centralized,450,45,135,0,177,0.885,202500,0,10,1,0,10,135,0,10,1,0,10,45,0,10,7.105089383,0.402464791,10,99.99930864,0.000255011,10,0,0,0,0,0,0.127270542,8.06E-05
centralized,450,45,135,0,178,0.89,202500,0,10,1,0,10,135,0,10,1,0,10,45,0,10,7.105089383,0.402464791,10,99.99930864,0.000255011,10,0,0,0,0,0,0.127270542,8.06E-05
centralized,450,45,135,0,179,0.895,202500,0,10,1,0,10,135,0,10,1,0,10,45,0,10,7.105089383,0.402464791,10,99.99930864,0.000255011,10,0,0,0,0,0,0.127270542,8.06E-05
centralized,450,45,135,0,180,0.9,202500,0,10,1,0,10,135,0,10,1,0,10,45,0,10,7.105089383,0.402464791,10,99.99930864,0.000255011,10,0,0,0,0,0,0.127270542,8.06E-05
centralized,450,45,135,0,181,0.905,202500,0,10,1,0,10,135,0,10,1,0,10,45,0,10,7.105089383,0.402464791,10,99.99930864,0.000255011,10,0,0,0,0,0,0.127270542,8.06E-05
centralized,450,45,135,0,182,0.91,202500,0,10,1,0,10,135,0,10,1,0,10,45,0,10,7.105089383,0.402464791,10,99.99930864,0.000255011,10,0,0,0,0,0,0.127270542,8.06E-05
centralized,450,45,135,0,183,0.915,202500,0,10,1,0,10,135,0,10,1,0,10,45,0,10,7.105089383,0.402464791,10,99.99930864,0.000255011,10,0,0,0,0,0,0.127270542,8.06E-05
centralized,450,45,135,0,184,0.92,202500,0,10,1,0,10,135,0,10,1,0,10,45,0,10,7.105089383,0.402464791,10,99.99930864,0.000255011,10,0,0,0,0,0,0.127270542,8.06E-05
centralized,450,45,135,0,185,0.925,202500,0,10,1,0,10,135,0,10,1,0,10,45,0,10,7.105089383,0.402464791,10,99.99930864,0.000255011,10,0,0,0,0,0,0.127270542,8.06E-05
centralized,450,45,135,0,186,0.93,202500,0,10,1,0,10,135,0,10,1,0,10,45,0,10,7.105089383,0.402464791,10,99.99930864,0.000255011,10,0,0,0,0,0,0.127270542,8.06E-05
centralized,450,45,135,0,187,0.935,202500,0,10,1,0,10,135,0,10,1,0,10,45,0,10,7.105089383,0.402464791,10,99.99930864,0.000255011,10,0,0,0,0,0,0.127270542,8.06E-05
centralized,450,45,135,0,188,0.94,202500,0,10,1,0,10,135,0,10,1,0,10,45,0,10,7.105089383,0.402464791,10,99.99930864,0.000255011,10,0,0,0,0,0,0.127270542,8.06E-05
centralized,450,45,135,0,189,0.945,202500,0,10,1,0,10,135,0,10,1,0,10,45,0,10,7.105089383,0.402464791,10,99.99930864,0.000255011,10,0,0,0,0,0,0.127270542,8.06E-05
centralized,450,45,135,0,190,0.95,202500,0,10,1,0,10,135,0,10,1,0,10,45,0,10,7.105089383,0.402464791,10,99.99930864,0.000255011,10,0,0,0,0,0,0.127270542,8.06E-05
centralized,450,45,135,0,191,0.955,202500,0,10,1,0,10,135,0,10,1,0,10,45,0,10,7.105089383,0.402464791,10,99.99930864,0.000255011,10,0,0,0,0,0,0.127270542,8.06E-05
centralized,450,45,135,0,192,0.96,202500,0,10,1,0,10,135,0,10,1,0,10,45,0,10,7.105089383,0.402464791,10,99.99930864,0.000255011,10,0,0,0,0,0,0.127270542,8.06E-05
centralized,450,45,135,0,193,0.965,202500,0,10,1,0,10,135,0,10,1,0,10,45,0,10,7.105089383,0.402464791,10,99.99930864,0.000255011,10,0,0,0,0,0,0.127270542,8.06E-05
centralized,450,45,135,0,194,0.97,202500,0,10,1,0,10,135,0,10,1,0,10,45,0,10,7.105089383,0.402464791,10,99.99930864,0.000255011,10,0,0,0,0,0,0.127270542,8.06E-05
centralized,450,45,135,0,195,0.975,202500,0,10,1,0,10,135,0,10,1,0,10,45,0,10,7.105089383,0.402464791,10,99.99930864,0.000255011,10,0,0,0,0,0,0.127270542,8.06E-05
centralized,450,45,135,0,196,0.98,202500,0,10,1,0,10,135,0,10,1,0,10,45,0,10,7.105089383,0.402464791,10,99.99930864,0.000255011,10,0,0,0,0,0,0.127270542,8.06E-05
centralized,450,45,135,0,197,0.985,202500,0,10,1,0,10,135,0,10,1,0,10,45,0,10,7.105089383,0.402464791,10,99.99930864,0.000255011,10,0,0,0,0,0,0.127270542,8.06E-05
centralized,450,45,135,0,198,0.99,202500,0,10,1,0,10,135,0,10,1,0,10,45,0,10,7.105089383,0.402464791,10,99.99930864,0.000255011,10,0,0,0,0,0,0.127270542,8.06E-05
centralized,450,45,135,0,199,0.995,202500,0,10,1,0,10,135,0,10,1,0,10,45,0,10,7.105089383,0.402464791,10,99.99930864,0.000255011,10,0,0,0,0,0,0.127270542,8.06E-05
centralized,450,45,135,0,200,1,202500,0,10,1,0,10,135,0,10,1,0,10,45,0,10,7.105089383,0.402464791,10,99.99930864,0.000255011,10,0,0,0,0,0,0.127270542,8.06E-05
centralized,500,50,150,0,0,0,0,0,10,0,0,10,0,0,10,0,0,10,50,0,10,0,0,10,0,0,10,0,0,0,0,0,0,0
centralized,500,50,150,0,1,0.005,33145.8,500.2985331,10,0.1325832,0.002001194,10,18.8,2.658320272,10,0.125333333,0.017722135,10,50,0,10,3.748219619,0.055370926,10,13.16308,0.198075097,10,158.2082875,0.000632833,0.840634681,0.005604231,0,0.017509824,0.062636845
centralized,500,50,150,0,2,0.01,56098.7,804.7007794,10,0.2243948,0.003218803,10,34.3,4.473378042,10,0.228666667,0.02982252,10,50,0,10,4.408557574,0.05815146,10,22.36196,0.319835761,10,254.4687298,0.001017875,1.414606345,0.009430709,0,0.018389106,0.101140948
centralized,500,50,150,0,3,0.015,75634.7,780.7691436,10,0.3025388,0.003123077,10,46.4,6.850790709,10,0.309333333,0.045671938,10,50,0,10,4.910356548,0.049352698,10,30.17948,0.310134483,10,246.900882,0.000987604,2.166410241,0.014442735,0,0.015606693,0.098073135
centralized,500,50,150,0,4,0.02,95306.2,1284.934828,10,0.3812248,0.005139739,10,57.6,7.748835038,10,0.384,0.0516589,10,50,0,10,5.205773599,0.070397377,10,38.05384,0.510438912,10,406.33207,0.001625328,2.450396793,0.016335979,0,0.022261605,0.161414957
centralized,500,50,150,0,5,0.025,115565.6,1415.793943,10,0.4622624,0.005663176,10,68.4,7.089898918,10,0.456,0.047265993,10,50,0,10,5.373619515,0.066198513,10,46.16044,0.564927541,10,447.7133557,0.001790853,2.242022896,0.014946819,0,0.020933808,0.178645774
centralized,500,50,150,0,6,0.03,135957.5,1449.447653,10,0.54383,0.005797791,10,81.9,6.657493689,10,0.546,0.044383291,10,50,0,10,5.485945253,0.058323744,10,54.3224,0.579904758,10,458.3555934,0.001833422,2.105284357,0.014035229,0,0.018443587,0.183381986
centralized,500,50,150,0,7,0.035,156271.8,1213.304469,10,0.6250872,0.004853218,10,94.7,6.429964576,10,0.631333333,0.042866431,10,50,0,10,5.571615836,0.042858729,10,62.4536,0.483829244,10,383.6805616,0.001534722,2.033333333,0.013555556,0,0.01355312,0.153000241
centralized,500,50,150,0,8,0.04,176565.3,1465.697562,10,0.7062612,0.00586279,10,106.6,6.947421584,10,0.710666667,0.046316144,10,50,0,10,5.638462466,0.046144249,10,70.576,0.583820642,10,463.4942658,0.001853977,2.196967607,0.014646451,0,0.014592093,0.184620297
centralized,500,50,150,0,9,0.045,196405.1,1712.589621,10,0.7856204,0.006850358,10,118.5,6.150880696,10,0.79,0.041005871,10,50,0,10,5.704463806,0.049095101,10,78.5176,0.684815836,10,541.5683901,0.002166274,1.945079261,0.012967195,0,0.015525234,0.216557782
centralized,500,50,150,0,10,0.05,215212.4,2035.269799,10,0.8608496,0.008141079,10,131.8,4.211096453,10,0.878666667,0.028073976,10,50,0,10,5.785418287,0.055079722,10,86.04824,0.813148136,10,643.6088218,0.002574435,1.331665624,0.008877771,0,0.017417738,0.257140019
centralized,500,50,150,0,11,0.055,231351.1,1997.690747,10,0.9254044,0.007990763,10,140.5,3.274480451,10,0.936666667,0.02182987,10,50,0,10,5.91828147,0.052625628,10,92.51284,0.799010198,10,631.7252822,0.002526901,1.035481638,0.006903211,0,0.016641685,0.25266921
centralized,500,50,150,0,12,0.06,242438.9,1539.097459,10,0.9697556,0.00615639,10,146,2.160246899,10,0.973333333,0.014401646,10,50,0,10,6.155887131,0.042043339,10,96.96096,0.616632581,10,486.7053512,0.001946821,0.683130051,0.0045542,0,0.013295271,0.194996344
centralized,500,50,150,0,13,0.065,247690.9,661.4536937,10,0.9907636,0.002645815,10,149,0.816496581,10,0.993333333,0.005443311,10,50,0,10,6.518580943,0.022375089,10,99.07124,0.26486246,10,209.1700239,0.00083668,0.25819889,0.001721326,0,0.007075625,0.083756864
centralized,500,50,150,0,14,0.07,249415,466.7592765,10,0.99766,0.001867037,10,149.7,0.483045892,10,0.998,0.003220306,10,50,0,10,6.959918051,0.020128215,10,99.7646,0.186924607,10,147.6022433,0.000590409,0.152752523,0.00101835,0,0.0063651,0.059110751
centralized,500,50,150,0,15,0.075,249880.8,233.7775771,10,0.9995232,0.00093511,10,149.9,0.316227766,10,0.999333333,0.002108185,10,50,0,10,7.356777409,0.112342715,10,99.9516,0.093860416,10,73.92696095,0.000295708,0.1,0.000666667,0,0.035525886,0.02968127
centralized,500,50,150,0,16,0.08,249980.8,60.71573108,10,0.9999232,0.000242863,10,150,0,10,1,0,10,50,0,10,7.474301576,0.254058632,10,99.99176,0.024371349,10,19.2,7.68E-05,0,0,0,0.080340394,0.007706897
centralized,500,50,150,0,17,0.085,250000,0,10,1,0,10,150,0,10,1,0,10,50,0,10,7.4934064,0.29676379,10,99.99948,0.000193218,10,0,0,0,0,0,0.09384495,6.11E-05
centralized,500,50,150,0,18,0.09,250000,0,10,1,0,10,150,0,10,1,0,10,50,0,10,7.4934064,0.29676379,10,99.99948,0.000193218,10,0,0,0,0,0,0.09384495,6.11E-05
centralized,500,50,150,0,19,0.095,250000,0,10,1,0,10,150,0,10,1,0,10,50,0,10,7.4934064,0.29676379,10,99.99948,0.000193218,10,0,0,0,0,0,0.09384495,6.11E-05
centralized,500,50,150,0,20,0.1,250000,0,10,1,0,10,150,0,10,1,0,10,50,0,10,7.4934064,0.29676379,10,99.99948,0.000193218,10,0,0,0,0,0,0.09384495,6.11E-05
centralized,500,50,150,0,21,0.105,250000,0,10,1,0,10,150,0,10,1,0,10,50,0,10,7.4934064,0.29676379,10,99.99948,0.000193218,10,0,0,0,0,0,0.09384495,6.11E-05
centralized,500,50,150,0,22,0.11,250000,0,10,1,0,10,150,0,10,1,0,10,50,0,10,7.4934064,0.29676379,10,99.99948,0.000193218,10,0,0,0,0,0,0.09384495,6.11E-05
centralized,500,50,150,0,23,0.115,250000,0,10,1,0,10,150,0,10,1,0,10,50,0,10,7.4934064,0.29676379,10,99.99948,0.000193218,10,0,0,0,0,0,0.09384495,6.11E-05
centralized,500,50,150,0,24,0.12,250000,0,10,1,0,10,150,0,10,1,0,10,50,0,10,7.4934064,0.29676379,10,99.99948,0.000193218,10,0,0,0,0,0,0.09384495,6.11E-05
centralized,500,50,150,0,25,0.125,250000,0,10,1,0,10,150,0,10,1,0,10,50,0,10,7.4934064,0.29676379,10,99.99948,0.000193218,10,0,0,0,0,0,0.09384495,6.11E-05
centralized,500,50,150,0,26,0.13,250000,0,10,1,0,10,150,0,10,1,0,10,50,0,10,7.4934064,0.29676379,10,99.99948,0.000193218,10,0,0,0,0,0,0.09384495,6.11E-05
centralized,500,50,150,0,27,0.135,250000,0,10,1,0,10,150,0,10,1,0,10,50,0,10,7.4934064,0.29676379,10,99.99948,0.000193218,10,0,0,0,0,0,0.09384495,6.11E-05
centralized,500,50,150,0,28,0.14,250000,0,10,1,0,10,150,0,10,1,0,10,50,0,10,7.4934064,0.29676379,10,99.99948,0.000193218,10,0,0,0,0,0,0.09384495,6.11E-05
centralized,500,50,150,0,29,0.145,250000,0,10,1,0,10,150,0,10,1,0,10,50,0,10,7.4934064,0.29676379,10,99.99948,0.000193218,10,0,0,0,0,0,0.09384495,6.11E-05
centralized,500,50,150,0,30,0.15,250000,0,10,1,0,10,150,0,10,1,0,10,50,0,10,7.4934064,0.29676379,10,99.99948,0.000193218,10,0,0,0,0,0,0.09384495,6.11E-05
centralized,500,50,150,0,31,0.155,250000,0,10,1,0,10,150,0,10,1,0,10,50,0,10,7.4934064,0.29676379,10,99.99948,0.000193218,10,0,0,0,0,0,0.09384495,6.11E-05
centralized,500,50,150,0,32,0.16,250000,0,10,1,0,10,150,0,10,1,0,10,50,0,10,7.4934064,0.29676379,10,99.99948,0.000193218,10,0,0,0,0,0,0.09384495,6.11E-05
centralized,500,50,150,0,33,0.165,250000,0,10,1,0,10,150,0,10,1,0,10,50,0,10,7.4934064,0.29676379,10,99.99948,0.000193218,10,0,0,0,0,0,0.09384495,6.11E-05
centralized,500,50,150,0,34,0.17,250000,0,10,1,0,10,150,0,10,1,0,10,50,0,10,7.4934064,0.29676379,10,99.99948,0.000193218,10,0,0,0,0,0,0.09384495,6.11E-05
centralized,500,50,150,0,35,0.175,250000,0,10,1,0,10,150,0,10,1,0,10,50,0,10,7.4934064,0.29676379,10,99.99948,0.000193218,10,0,0,0,0,0,0.09384495,6.11E-05
centralized,500,50,150,0,36,0.18,250000,0,10,1,0,10,150,0,10,1,0,10,50,0,10,7.4934064,0.29676379,10,99.99948,0.000193218,10,0,0,0,0,0,0.09384495,6.11E-05
centralized,500,50,150,0,37,0.185,250000,0,10,1,0,10,150,0,10,1,0,10,50,0,10,7.4934064,0.29676379,10,99.99948,0.000193218,10,0,0,0,0,0,0.09384495,6.11E-05
centralized,500,50,150,0,38,0.19,250000,0,10,1,0,10,150,0,10,1,0,10,50,0,10,7.4934064,0.29676379,10,99.99948,0.000193218,10,0,0,0,0,0,0.09384495,6.11E-05
centralized,500,50,150,0,39,0.195,250000,0,10,1,0,10,150,0,10,1,0,10,50,0,10,7.4934064,0.29676379,10,99.99948,0.000193218,10,0,0,0,0,0,0.09384495,6.11E-05
centralized,500,50,150,0,40,0.2,250000,0,10,1,0,10,150,0,10,1,0,10,50,0,10,7.4934064,0.29676379,10,99.99948,0.000193218,10,0,0,0,0,0,0.09384495,6.11E-05
centralized,500,50,150,0,41,0.205,250000,0,10,1,0,10,150,0,10,1,0,10,50,0,10,7.4934064,0.29676379,10,99.99948,0.000193218,10,0,0,0,0,0,0.09384495,6.11E-05
centralized,500,50,150,0,42,0.21,250000,0,10,1,0,10,150,0,10,1,0,10,50,0,10,7.4934064,0.29676379,10,99.99948,0.000193218,10,0,0,0,0,0,0.09384495,6.11E-05
centralized,500,50,150,0,43,0.215,250000,0,10,1,0,10,150,0,10,1,0,10,50,0,10,7.4934064,0.29676379,10,99.99948,0.000193218,10,0,0,0,0,0,0.09384495,6.11E-05
centralized,500,50,150,0,44,0.22,250000,0,10,1,0,10,150,0,10,1,0,10,50,0,10,7.4934064,0.29676379,10,99.99948,0.000193218,10,0,0,0,0,0,0.09384495,6.11E-05
centralized,500,50,150,0,45,0.225,250000,0,10,1,0,10,150,0,10,1,0,10,50,0,10,7.4934064,0.29676379,10,99.99948,0.000193218,10,0,0,0,0,0,0.09384495,6.11E-05
centralized,500,50,150,0,46,0.23,250000,0,10,1,0,10,150,0,10,1,0,10,50,0,10,7.4934064,0.29676379,10,99.99948,0.000193218,10,0,0,0,0,0,0.09384495,6.11E-05
centralized,500,50,150,0,47,0.235,250000,0,10,1,0,10,150,0,10,1,0,10,50,0,10,7.4934064,0.29676379,10,99.99948,0.000193218,10,0,0,0,0,0,0.09384495,6.11E-05
centralized,500,50,150,0,48,0.24,250000,0,10,1,0,10,150,0,10,1,0,10,50,0,10,7.4934064,0.29676379,10,99.99948,0.000193218,10,0,0,0,0,0,0.09384495,6.11E-05
centralized,500,50,150,0,49,0.245,250000,0,10,1,0,10,150,0,10,1,0,10,50,0,10,7.4934064,0.29676379,10,99.99948,0.000193218,10,0,0,0,0,0,0.09384495,6.11E-05
centralized,500,50,150,0,50,0.25,250000,0,10,1,0,10,150,0,10,1,0,10,50,0,10,7.4934064,0.29676379,10,99.99948,0.000193218,10,0,0,0,0,0,0.09384495,6.11E-05
centralized,500,50,150,0,51,0.255,250000,0,10,1,0,10,150,0,10,1,0,10,50,0,10,7.4934064,0.29676379,10,99.99948,0.000193218,10,0,0,0,0,0,0.09384495,6.11E-05
centralized,500,50,150,0,52,0.26,250000,0,10,1,0,10,150,0,10,1,0,10,50,0,10,7.4934064,0.29676379,10,99.99948,0.000193218,10,0,0,0,0,0,0.09384495,6.11E-05
centralized,500,50,150,0,53,0.265,250000,0,10,1,0,10,150,0,10,1,0,10,50,0,10,7.4934064,0.29676379,10,99.99948,0.000193218,10,0,0,0,0,0,0.09384495,6.11E-05
centralized,500,50,150,0,54,0.27,250000,0,10,1,0,10,150,0,10,1,0,10,50,0,10,7.4934064,0.29676379,10,99.99948,0.000193218,10,0,0,0,0,0,0.09384495,6.11E-05
centralized,500,50,150,0,55,0.275,250000,0,10,1,0,10,150,0,10,1,0,10,50,0,10,7.4934064,0.29676379,10,99.99948,0.000193218,10,0,0,0,0,0,0.09384495,6.11E-05
centralized,500,50,150,0,56,0.28,250000,0,10,1,0,10,150,0,10,1,0,10,50,0,10,7.4934064,0.29676379,10,99.99948,0.000193218,10,0,0,0,0,0,0.09384495,6.11E-05
centralized,500,50,150,0,57,0.285,250000,0,10,1,0,10,150,0,10,1,0,10,50,0,10,7.4934064,0.29676379,10,99.99948,0.000193218,10,0,0,0,0,0,0.09384495,6.11E-05
centralized,500,50,150,0,58,0.29,250000,0,10,1,0,10,150,0,10,1,0,10,50,0,10,7.4934064,0.29676379,10,99.99948,0.000193218,10,0,0,0,0,0,0.09384495,6.11E-05
centralized,500,50,150,0,59,0.295,250000,0,10,1,0,10,150,0,10,1,0,10,50,0,10,7.4934064,0.29676379,10,99.99948,0.000193218,10,0,0,0,0,0,0.09384495,6.11E-05
centralized,500,50,150,0,60,0.3,250000,0,10,1,0,10,150,0,10,1,0,10,50,0,10,7.4934064,0.29676379,10,99.99948,0.000193218,10,0,0,0,0,0,0.09384495,6.11E-05
centralized,500,50,150,0,61,0.305,250000,0,10,1,0,10,150,0,10,1,0,10,50,0,10,7.4934064,0.29676379,10,99.99948,0.000193218,10,0,0,0,0,0,0.09384495,6.11E-05
centralized,500,50,150,0,62,0.31,250000,0,10,1,0,10,150,0,10,1,0,10,50,0,10,7.4934064,0.29676379,10,99.99948,0.000193218,10,0,0,0,0,0,0.09384495,6.11E-05
centralized,500,50,150,0,63,0.315,250000,0,10,1,0,10,150,0,10,1,0,10,50,0,10,7.4934064,0.29676379,10,99.99948,0.000193218,10,0,0,0,0,0,0.09384495,6.11E-05
centralized,500,50,150,0,64,0.32,250000,0,10,1,0,10,150,0,10,1,0,10,50,0,10,7.4934064,0.29676379,10,99.99948,0.000193218,10,0,0,0,0,0,0.09384495,6.11E-05
centralized,500,50,150,0,65,0.325,250000,0,10,1,0,10,150,0,10,1,0,10,50,0,10,7.4934064,0.29676379,10,99.99948,0.000193218,10,0,0,0,0,0,0.09384495,6.11E-05
centralized,500,50,150,0,66,0.33,250000,0,10,1,0,10,150,0,10,1,0,10,50,0,10,7.4934064,0.29676379,10,99.99948,0.000193218,10,0,0,0,0,0,0.09384495,6.11E-05
centralized,500,50,150,0,67,0.335,250000,0,10,1,0,10,150,0,10,1,0,10,50,0,10,7.4934064,0.29676379,10,99.99948,0.000193218,10,0,0,0,0,0,0.09384495,6.11E-05
centralized,500,50,150,0,68,0.34,250000,0,10,1,0,10,150,0,10,1,0,10,50,0,10,7.4934064,0.29676379,10,99.99948,0.000193218,10,0,0,0,0,0,0.09384495,6.11E-05
centralized,500,50,150,0,69,0.345,250000,0,10,1,0,10,150,0,10,1,0,10,50,0,10,7.4934064,0.29676379,10,99.99948,0.000193218,10,0,0,0,0,0,0.09384495,6.11E-05
centralized,500,50,150,0,70,0.35,250000,0,10,1,0,10,150,0,10,1,0,10,50,0,10,7.4934064,0.29676379,10,99.99948,0.000193218,10,0,0,0,0,0,0.09384495,6.11E-05
centralized,500,50,150,0,71,0.355,250000,0,10,1,0,10,150,0,10,1,0,10,50,0,10,7.4934064,0.29676379,10,99.99948,0.000193218,10,0,0,0,0,0,0.09384495,6.11E-05
centralized,500,50,150,0,72,0.36,250000,0,10,1,0,10,150,0,10,1,0,10,50,0,10,7.4934064,0.29676379,10,99.99948,0.000193218,10,0,0,0,0,0,0.09384495,6.11E-05
centralized,500,50,150,0,73,0.365,250000,0,10,1,0,10,150,0,10,1,0,10,50,0,10,7.4934064,0.29676379,10,99.99948,0.000193218,10,0,0,0,0,0,0.09384495,6.11E-05
centralized,500,50,150,0,74,0.37,250000,0,10,1,0,10,150,0,10,1,0,10,50,0,10,7.4934064,0.29676379,10,99.99948,0.000193218,10,0,0,0,0,0,0.09384495,6.11E-05
centralized,500,50,150,0,75,0.375,250000,0,10,1,0,10,150,0,10,1,0,10,50,0,10,7.4934064,0.29676379,10,99.99948,0.000193218,10,0,0,0,0,0,0.09384495,6.11E-05
centralized,500,50,150,0,76,0.38,250000,0,10,1,0,10,150,0,10,1,0,10,50,0,10,7.4934064,0.29676379,10,99.99948,0.000193218,10,0,0,0,0,0,0.09384495,6.11E-05
centralized,500,50,150,0,77,0.385,250000,0,10,1,0,10,150,0,10,1,0,10,50,0,10,7.4934064,0.29676379,10,99.99948,0.000193218,10,0,0,0,0,0,0.09384495,6.11E-05
centralized,500,50,150,0,78,0.39,250000,0,10,1,0,10,150,0,10,1,0,10,50,0,10,7.4934064,0.29676379,10,99.99948,0.000193218,10,0,0,0,0,0,0.09384495,6.11E-05
centralized,500,50,150,0,79,0.395,250000,0,10,1,0,10,150,0,10,1,0,10,50,0,10,7.4934064,0.29676379,10,99.99948,0.000193218,10,0,0,0,0,0,0.09384495,6.11E-05
centralized,500,50,150,0,80,0.4,250000,0,10,1,0,10,150,0,10,1,0,10,50,0,10,7.4934064,0.29676379,10,99.99948,0.000193218,10,0,0,0,0,0,0.09384495,6.11E-05
centralized,500,50,150,0,81,0.405,250000,0,10,1,0,10,150,0,10,1,0,10,50,0,10,7.4934064,0.29676379,10,99.99948,0.000193218,10,0,0,0,0,0,0.09384495,6.11E-05
centralized,500,50,150,0,82,0.41,250000,0,10,1,0,10,150,0,10,1,0,10,50,0,10,7.4934064,0.29676379,10,99.99948,0.000193218,10,0,0,0,0,0,0.09384495,6.11E-05
centralized,500,50,150,0,83,0.415,250000,0,10,1,0,10,150,0,10,1,0,10,50,0,10,7.4934064,0.29676379,10,99.99948,0.000193218,10,0,0,0,0,0,0.09384495,6.11E-05
centralized,500,50,150,0,84,0.42,250000,0,10,1,0,10,150,0,10,1,0,10,50,0,10,7.4934064,0.29676379,10,99.99948,0.000193218,10,0,0,0,0,0,0.09384495,6.11E-05
centralized,500,50,150,0,85,0.425,250000,0,10,1,0,10,150,0,10,1,0,10,50,0,10,7.4934064,0.29676379,10,99.99948,0.000193218,10,0,0,0,0,0,0.09384495,6.11E-05
centralized,500,50,150,0,86,0.43,250000,0,10,1,0,10,150,0,10,1,0,10,50,0,10,7.4934064,0.29676379,10,99.99948,0.000193218,10,0,0,0,0,0,0.09384495,6.11E-05
centralized,500,50,150,0,87,0.435,250000,0,10,1,0,10,150,0,10,1,0,10,50,0,10,7.4934064,0.29676379,10,99.99948,0.000193218,10,0,0,0,0,0,0.09384495,6.11E-05
centralized,500,50,150,0,88,0.44,250000,0,10,1,0,10,150,0,10,1,0,10,50,0,10,7.4934064,0.29676379,10,99.99948,0.000193218,10,0,0,0,0,0,0.09384495,6.11E-05
centralized,500,50,150,0,89,0.445,250000,0,10,1,0,10,150,0,10,1,0,10,50,0,10,7.4934064,0.29676379,10,99.99948,0.000193218,10,0,0,0,0,0,0.09384495,6.11E-05
centralized,500,50,150,0,90,0.45,250000,0,10,1,0,10,150,0,10,1,0,10,50,0,10,7.4934064,0.29676379,10,99.99948,0.000193218,10,0,0,0,0,0,0.09384495,6.11E-05
centralized,500,50,150,0,91,0.455,250000,0,10,1,0,10,150,0,10,1,0,10,50,0,10,7.4934064,0.29676379,10,99.99948,0.000193218,10,0,0,0,0,0,0.09384495,6.11E-05
centralized,500,50,150,0,92,0.46,250000,0,10,1,0,10,150,0,10,1,0,10,50,0,10,7.4934064,0.29676379,10,99.99948,0.000193218,10,0,0,0,0,0,0.09384495,6.11E-05
centralized,500,50,150,0,93,0.465,250000,0,10,1,0,10,150,0,10,1,0,10,50,0,10,7.4934064,0.29676379,10,99.99948,0.000193218,10,0,0,0,0,0,0.09384495,6.11E-05
centralized,500,50,150,0,94,0.47,250000,0,10,1,0,10,150,0,10,1,0,10,50,0,10,7.4934064,0.29676379,10,99.99948,0.000193218,10,0,0,0,0,0,0.09384495,6.11E-05
centralized,500,50,150,0,95,0.475,250000,0,10,1,0,10,150,0,10,1,0,10,50,0,10,7.4934064,0.29676379,10,99.99948,0.000193218,10,0,0,0,0,0,0.09384495,6.11E-05
centralized,500,50,150,0,96,0.48,250000,0,10,1,0,10,150,0,10,1,0,10,50,0,10,7.4934064,0.29676379,10,99.99948,0.000193218,10,0,0,0,0,0,0.09384495,6.11E-05
centralized,500,50,150,0,97,0.485,250000,0,10,1,0,10,150,0,10,1,0,10,50,0,10,7.4934064,0.29676379,10,99.99948,0.000193218,10,0,0,0,0,0,0.09384495,6.11E-05
centralized,500,50,150,0,98,0.49,250000,0,10,1,0,10,150,0,10,1,0,10,50,0,10,7.4934064,0.29676379,10,99.99948,0.000193218,10,0,0,0,0,0,0.09384495,6.11E-05
centralized,500,50,150,0,99,0.495,250000,0,10,1,0,10,150,0,10,1,0,10,50,0,10,7.4934064,0.29676379,10,99.99948,0.000193218,10,0,0,0,0,0,0.09384495,6.11E-05
centralized,500,50,150,0,100,0.5,250000,0,10,1,0,10,150,0,10,1,0,10,50,0,10,7.4934064,0.29676379,10,99.99948,0.000193218,10,0,0,0,0,0,0.09384495,6.11E-05
centralized,500,50,150,0,101,0.505,250000,0,10,1,0,10,150,0,10,1,0,10,50,0,10,7.4934064,0.29676379,10,99.99948,0.000193218,10,0,0,0,0,0,0.09384495,6.11E-05
centralized,500,50,150,0,102,0.51,250000,0,10,1,0,10,150,0,10,1,0,10,50,0,10,7.4934064,0.29676379,10,99.99948,0.000193218,10,0,0,0,0,0,0.09384495,6.11E-05
centralized,500,50,150,0,103,0.515,250000,0,10,1,0,10,150,0,10,1,0,10,50,0,10,7.4934064,0.29676379,10,99.99948,0.000193218,10,0,0,0,0,0,0.09384495,6.11E-05
centralized,500,50,150,0,104,0.52,250000,0,10,1,0,10,150,0,10,1,0,10,50,0,10,7.4934064,0.29676379,10,99.99948,0.000193218,10,0,0,0,0,0,0.09384495,6.11E-05
centralized,500,50,150,0,105,0.525,250000,0,10,1,0,10,150,0,10,1,0,10,50,0,10,7.4934064,0.29676379,10,99.99948,0.000193218,10,0,0,0,0,0,0.09384495,6.11E-05
centralized,500,50,150,0,106,0.53,250000,0,10,1,0,10,150,0,10,1,0,10,50,0,10,7.4934064,0.29676379,10,99.99948,0.000193218,10,0,0,0,0,0,0.09384495,6.11E-05
centralized,500,50,150,0,107,0.535,250000,0,10,1,0,10,150,0,10,1,0,10,50,0,10,7.4934064,0.29676379,10,99.99948,0.000193218,10,0,0,0,0,0,0.09384495,6.11E-05
centralized,500,50,150,0,108,0.54,250000,0,10,1,0,10,150,0,10,1,0,10,50,0,10,7.4934064,0.29676379,10,99.99948,0.000193218,10,0,0,0,0,0,0.09384495,6.11E-05
centralized,500,50,150,0,109,0.545,250000,0,10,1,0,10,150,0,10,1,0,10,50,0,10,7.4934064,0.29676379,10,99.99948,0.000193218,10,0,0,0,0,0,0.09384495,6.11E-05
centralized,500,50,150,0,110,0.55,250000,0,10,1,0,10,150,0,10,1,0,10,50,0,10,7.4934064,0.29676379,10,99.99948,0.000193218,10,0,0,0,0,0,0.09384495,6.11E-05
centralized,500,50,150,0,111,0.555,250000,0,10,1,0,10,150,0,10,1,0,10,50,0,10,7.4934064,0.29676379,10,99.99948,0.000193218,10,0,0,0,0,0,0.09384495,6.11E-05
centralized,500,50,150,0,112,0.56,250000,0,10,1,0,10,150,0,10,1,0,10,50,0,10,7.4934064,0.29676379,10,99.99948,0.000193218,10,0,0,0,0,0,0.09384495,6.11E-05
centralized,500,50,150,0,113,0.565,250000,0,10,1,0,10,150,0,10,1,0,10,50,0,10,7.4934064,0.29676379,10,99.99948,0.000193218,10,0,0,0,0,0,0.09384495,6.11E-05
centralized,500,50,150,0,114,0.57,250000,0,10,1,0,10,150,0,10,1,0,10,50,0,10,7.4934064,0.29676379,10,99.99948,0.000193218,10,0,0,0,0,0,0.09384495,6.11E-05
centralized,500,50,150,0,115,0.575,250000,0,10,1,0,10,150,0,10,1,0,10,50,0,10,7.4934064,0.29676379,10,99.99948,0.000193218,10,0,0,0,0,0,0.09384495,6.11E-05
centralized,500,50,150,0,116,0.58,250000,0,10,1,0,10,150,0,10,1,0,10,50,0,10,7.4934064,0.29676379,10,99.99948,0.000193218,10,0,0,0,0,0,0.09384495,6.11E-05
centralized,500,50,150,0,117,0.585,250000,0,10,1,0,10,150,0,10,1,0,10,50,0,10,7.4934064,0.29676379,10,99.99948,0.000193218,10,0,0,0,0,0,0.09384495,6.11E-05
centralized,500,50,150,0,118,0.59,250000,0,10,1,0,10,150,0,10,1,0,10,50,0,10,7.4934064,0.29676379,10,99.99948,0.000193218,10,0,0,0,0,0,0.09384495,6.11E-05
centralized,500,50,150,0,119,0.595,250000,0,10,1,0,10,150,0,10,1,0,10,50,0,10,7.4934064,0.29676379,10,99.99948,0.000193218,10,0,0,0,0,0,0.09384495,6.11E-05
centralized,500,50,150,0,120,0.6,250000,0,10,1,0,10,150,0,10,1,0,10,50,0,10,7.4934064,0.29676379,10,99.99948,0.000193218,10,0,0,0,0,0,0.09384495,6.11E-05
centralized,500,50,150,0,121,0.605,250000,0,10,1,0,10,150,0,10,1,0,10,50,0,10,7.4934064,0.29676379,10,99.99948,0.000193218,10,0,0,0,0,0,0.09384495,6.11E-05
centralized,500,50,150,0,122,0.61,250000,0,10,1,0,10,150,0,10,1,0,10,50,0,10,7.4934064,0.29676379,10,99.99948,0.000193218,10,0,0,0,0,0,0.09384495,6.11E-05
centralized,500,50,150,0,123,0.615,250000,0,10,1,0,10,150,0,10,1,0,10,50,0,10,7.4934064,0.29676379,10,99.99948,0.000193218,10,0,0,0,0,0,0.09384495,6.11E-05
centralized,500,50,150,0,124,0.62,250000,0,10,1,0,10,150,0,10,1,0,10,50,0,10,7.4934064,0.29676379,10,99.99948,0.000193218,10,0,0,0,0,0,0.09384495,6.11E-05
centralized,500,50,150,0,125,0.625,250000,0,10,1,0,10,150,0,10,1,0,10,50,0,10,7.4934064,0.29676379,10,99.99948,0.000193218,10,0,0,0,0,0,0.09384495,6.11E-05
centralized,500,50,150,0,126,0.63,250000,0,10,1,0,10,150,0,10,1,0,10,50,0,10,7.4934064,0.29676379,10,99.99948,0.000193218,10,0,0,0,0,0,0.09384495,6.11E-05
centralized,500,50,150,0,127,0.635,250000,0,10,1,0,10,150,0,10,1,0,10,50,0,10,7.4934064,0.29676379,10,99.99948,0.000193218,10,0,0,0,0,0,0.09384495,6.11E-05
centralized,500,50,150,0,128,0.64,250000,0,10,1,0,10,150,0,10,1,0,10,50,0,10,7.4934064,0.29676379,10,99.99948,0.000193218,10,0,0,0,0,0,0.09384495,6.11E-05
centralized,500,50,150,0,129,0.645,250000,0,10,1,0,10,150,0,10,1,0,10,50,0,10,7.4934064,0.29676379,10,99.99948,0.000193218,10,0,0,0,0,0,0.09384495,6.11E-05
centralized,500,50,150,0,130,0.65,250000,0,10,1,0,10,150,0,10,1,0,10,50,0,10,7.4934064,0.29676379,10,99.99948,0.000193218,10,0,0,0,0,0,0.09384495,6.11E-05
centralized,500,50,150,0,131,0.655,250000,0,10,1,0,10,150,0,10,1,0,10,50,0,10,7.4934064,0.29676379,10,99.99948,0.000193218,10,0,0,0,0,0,0.09384495,6.11E-05
centralized,500,50,150,0,132,0.66,250000,0,10,1,0,10,150,0,10,1,0,10,50,0,10,7.4934064,0.29676379,10,99.99948,0.000193218,10,0,0,0,0,0,0.09384495,6.11E-05
centralized,500,50,150,0,133,0.665,250000,0,10,1,0,10,150,0,10,1,0,10,50,0,10,7.4934064,0.29676379,10,99.99948,0.000193218,10,0,0,0,0,0,0.09384495,6.11E-05
centralized,500,50,150,0,134,0.67,250000,0,10,1,0,10,150,0,10,1,0,10,50,0,10,7.4934064,0.29676379,10,99.99948,0.000193218,10,0,0,0,0,0,0.09384495,6.11E-05
centralized,500,50,150,0,135,0.675,250000,0,10,1,0,10,150,0,10,1,0,10,50,0,10,7.4934064,0.29676379,10,99.99948,0.000193218,10,0,0,0,0,0,0.09384495,6.11E-05
centralized,500,50,150,0,136,0.68,250000,0,10,1,0,10,150,0,10,1,0,10,50,0,10,7.4934064,0.29676379,10,99.99948,0.000193218,10,0,0,0,0,0,0.09384495,6.11E-05
centralized,500,50,150,0,137,0.685,250000,0,10,1,0,10,150,0,10,1,0,10,50,0,10,7.4934064,0.29676379,10,99.99948,0.000193218,10,0,0,0,0,0,0.09384495,6.11E-05
centralized,500,50,150,0,138,0.69,250000,0,10,1,0,10,150,0,10,1,0,10,50,0,10,7.4934064,0.29676379,10,99.99948,0.000193218,10,0,0,0,0,0,0.09384495,6.11E-05
centralized,500,50,150,0,139,0.695,250000,0,10,1,0,10,150,0,10,1,0,10,50,0,10,7.4934064,0.29676379,10,99.99948,0.000193218,10,0,0,0,0,0,0.09384495,6.11E-05
centralized,500,50,150,0,140,0.7,250000,0,10,1,0,10,150,0,10,1,0,10,50,0,10,7.4934064,0.29676379,10,99.99948,0.000193218,10,0,0,0,0,0,0.09384495,6.11E-05
centralized,500,50,150,0,141,0.705,250000,0,10,1,0,10,150,0,10,1,0,10,50,0,10,7.4934064,0.29676379,10,99.99948,0.000193218,10,0,0,0,0,0,0.09384495,6.11E-05
centralized,500,50,150,0,142,0.71,250000,0,10,1,0,10,150,0,10,1,0,10,50,0,10,7.4934064,0.29676379,10,99.99948,0.000193218,10,0,0,0,0,0,0.09384495,6.11E-05
centralized,500,50,150,0,143,0.715,250000,0,10,1,0,10,150,0,10,1,0,10,50,0,10,7.4934064,0.29676379,10,99.99948,0.000193218,10,0,0,0,0,0,0.09384495,6.11E-05
centralized,500,50,150,0,144,0.72,250000,0,10,1,0,10,150,0,10,1,0,10,50,0,10,7.4934064,0.29676379,10,99.99948,0.000193218,10,0,0,0,0,0,0.09384495,6.11E-05
centralized,500,50,150,0,145,0.725,250000,0,10,1,0,10,150,0,10,1,0,10,50,0,10,7.4934064,0.29676379,10,99.99948,0.000193218,10,0,0,0,0,0,0.09384495,6.11E-05
centralized,500,50,150,0,146,0.73,250000,0,10,1,0,10,150,0,10,1,0,10,50,0,10,7.4934064,0.29676379,10,99.99948,0.000193218,10,0,0,0,0,0,0.09384495,6.11E-05
centralized,500,50,150,0,147,0.735,250000,0,10,1,0,10,150,0,10,1,0,10,50,0,10,7.4934064,0.29676379,10,99.99948,0.000193218,10,0,0,0,0,0,0.09384495,6.11E-05
centralized,500,50,150,0,148,0.74,250000,0,10,1,0,10,150,0,10,1,0,10,50,0,10,7.4934064,0.29676379,10,99.99948,0.000193218,10,0,0,0,0,0,0.09384495,6.11E-05
centralized,500,50,150,0,149,0.745,250000,0,10,1,0,10,150,0,10,1,0,10,50,0,10,7.4934064,0.29676379,10,99.99948,0.000193218,10,0,0,0,0,0,0.09384495,6.11E-05
centralized,500,50,150,0,150,0.75,250000,0,10,1,0,10,150,0,10,1,0,10,50,0,10,7.4934064,0.29676379,10,99.99948,0.000193218,10,0,0,0,0,0,0.09384495,6.11E-05
centralized,500,50,150,0,151,0.755,250000,0,10,1,0,10,150,0,10,1,0,10,50,0,10,7.4934064,0.29676379,10,99.99948,0.000193218,10,0,0,0,0,0,0.09384495,6.11E-05
centralized,500,50,150,0,152,0.76,250000,0,10,1,0,10,150,0,10,1,0,10,50,0,10,7.4934064,0.29676379,10,99.99948,0.000193218,10,0,0,0,0,0,0.09384495,6.11E-05
centralized,500,50,150,0,153,0.765,250000,0,10,1,0,10,150,0,10,1,0,10,50,0,10,7.4934064,0.29676379,10,99.99948,0.000193218,10,0,0,0,0,0,0.09384495,6.11E-05
centralized,500,50,150,0,154,0.77,250000,0,10,1,0,10,150,0,10,1,0,10,50,0,10,7.4934064,0.29676379,10,99.99948,0.000193218,10,0,0,0,0,0,0.09384495,6.11E-05
centralized,500,50,150,0,155,0.775,250000,0,10,1,0,10,150,0,10,1,0,10,50,0,10,7.4934064,0.29676379,10,99.99948,0.000193218,10,0,0,0,0,0,0.09384495,6.11E-05
centralized,500,50,150,0,156,0.78,250000,0,10,1,0,10,150,0,10,1,0,10,50,0,10,7.4934064,0.29676379,10,99.99948,0.000193218,10,0,0,0,0,0,0.09384495,6.11E-05
centralized,500,50,150,0,157,0.785,250000,0,10,1,0,10,150,0,10,1,0,10,50,0,10,7.4934064,0.29676379,10,99.99948,0.000193218,10,0,0,0,0,0,0.09384495,6.11E-05
centralized,500,50,150,0,158,0.79,250000,0,10,1,0,10,150,0,10,1,0,10,50,0,10,7.4934064,0.29676379,10,99.99948,0.000193218,10,0,0,0,0,0,0.09384495,6.11E-05
centralized,500,50,150,0,159,0.795,250000,0,10,1,0,10,150,0,10,1,0,10,50,0,10,7.4934064,0.29676379,10,99.99948,0.000193218,10,0,0,0,0,0,0.09384495,6.11E-05
centralized,500,50,150,0,160,0.8,250000,0,10,1,0,10,150,0,10,1,0,10,50,0,10,7.4934064,0.29676379,10,99.99948,0.000193218,10,0,0,0,0,0,0.09384495,6.11E-05
centralized,500,50,150,0,161,0.805,250000,0,10,1,0,10,150,0,10,1,0,10,50,0,10,7.4934064,0.29676379,10,99.99948,0.000193218,10,0,0,0,0,0,0.09384495,6.11E-05
centralized,500,50,150,0,162,0.81,250000,0,10,1,0,10,150,0,10,1,0,10,50,0,10,7.4934064,0.29676379,10,99.99948,0.000193218,10,0,0,0,0,0,0.09384495,6.11E-05
centralized,500,50,150,0,163,0.815,250000,0,10,1,0,10,150,0,10,1,0,10,50,0,10,7.4934064,0.29676379,10,99.99948,0.000193218,10,0,0,0,0,0,0.09384495,6.11E-05
centralized,500,50,150,0,164,0.82,250000,0,10,1,0,10,150,0,10,1,0,10,50,0,10,7.4934064,0.29676379,10,99.99948,0.000193218,10,0,0,0,0,0,0.09384495,6.11E-05
centralized,500,50,150,0,165,0.825,250000,0,10,1,0,10,150,0,10,1,0,10,50,0,10,7.4934064,0.29676379,10,99.99948,0.000193218,10,0,0,0,0,0,0.09384495,6.11E-05
centralized,500,50,150,0,166,0.83,250000,0,10,1,0,10,150,0,10,1,0,10,50,0,10,7.4934064,0.29676379,10,99.99948,0.000193218,10,0,0,0,0,0,0.09384495,6.11E-05
centralized,500,50,150,0,167,0.835,250000,0,10,1,0,10,150,0,10,1,0,10,50,0,10,7.4934064,0.29676379,10,99.99948,0.000193218,10,0,0,0,0,0,0.09384495,6.11E-05
centralized,500,50,150,0,168,0.84,250000,0,10,1,0,10,150,0,10,1,0,10,50,0,10,7.4934064,0.29676379,10,99.99948,0.000193218,10,0,0,0,0,0,0.09384495,6.11E-05
centralized,500,50,150,0,169,0.845,250000,0,10,1,0,10,150,0,10,1,0,10,50,0,10,7.4934064,0.29676379,10,99.99948,0.000193218,10,0,0,0,0,0,0.09384495,6.11E-05
centralized,500,50,150,0,170,0.85,250000,0,10,1,0,10,150,0,10,1,0,10,50,0,10,7.4934064,0.29676379,10,99.99948,0.000193218,10,0,0,0,0,0,0.09384495,6.11E-05
centralized,500,50,150,0,171,0.855,250000,0,10,1,0,10,150,0,10,1,0,10,50,0,10,7.4934064,0.29676379,10,99.99948,0.000193218,10,0,0,0,0,0,0.09384495,6.11E-05
centralized,500,50,150,0,172,0.86,250000,0,10,1,0,10,150,0,10,1,0,10,50,0,10,7.4934064,0.29676379,10,99.99948,0.000193218,10,0,0,0,0,0,0.09384495,6.11E-05
centralized,500,50,150,0,173,0.865,250000,0,10,1,0,10,150,0,10,1,0,10,50,0,10,7.4934064,0.29676379,10,99.99948,0.000193218,10,0,0,0,0,0,0.09384495,6.11E-05
centralized,500,50,150,0,174,0.87,250000,0,10,1,0,10,150,0,10,1,0,10,50,0,10,7.4934064,0.29676379,10,99.99948,0.000193218,10,0,0,0,0,0,0.09384495,6.11E-05
centralized,500,50,150,0,175,0.875,250000,0,10,1,0,10,150,0,10,1,0,10,50,0,10,7.4934064,0.29676379,10,99.99948,0.000193218,10,0,0,0,0,0,0.09384495,6.11E-05
centralized,500,50,150,0,176,0.88,250000,0,10,1,0,10,150,0,10,1,0,10,50,0,10,7.4934064,0.29676379,10,99.99948,0.000193218,10,0,0,0,0,0,0.09384495,6.11E-05
centralized,500,50,150,0,177,0.885,250000,0,10,1,0,10,150,0,10,1,0,10,50,0,10,7.4934064,0.29676379,10,99.99948,0.000193218,10,0,0,0,0,0,0.09384495,6.11E-05
centralized,500,50,150,0,178,0.89,250000,0,10,1,0,10,150,0,10,1,0,10,50,0,10,7.4934064,0.29676379,10,99.99948,0.000193218,10,0,0,0,0,0,0.09384495,6.11E-05
centralized,500,50,150,0,179,0.895,250000,0,10,1,0,10,150,0,10,1,0,10,50,0,10,7.4934064,0.29676379,10,99.99948,0.000193218,10,0,0,0,0,0,0.09384495,6.11E-05
centralized,500,50,150,0,180,0.9,250000,0,10,1,0,10,150,0,10,1,0,10,50,0,10,7.4934064,0.29676379,10,99.99948,0.000193218,10,0,0,0,0,0,0.09384495,6.11E-05
centralized,500,50,150,0,181,0.905,250000,0,10,1,0,10,150,0,10,1,0,10,50,0,10,7.4934064,0.29676379,10,99.99948,0.000193218,10,0,0,0,0,0,0.09384495,6.11E-05
centralized,500,50,150,0,182,0.91,250000,0,10,1,0,10,150,0,10,1,0,10,50,0,10,7.4934064,0.29676379,10,99.99948,0.000193218,10,0,0,0,0,0,0.09384495,6.11E-05
centralized,500,50,150,0,183,0.915,250000,0,10,1,0,10,150,0,10,1,0,10,50,0,10,7.4934064,0.29676379,10,99.99948,0.000193218,10,0,0,0,0,0,0.09384495,6.11E-05
centralized,500,50,150,0,184,0.92,250000,0,10,1,0,10,150,0,10,1,0,10,50,0,10,7.4934064,0.29676379,10,99.99948,0.000193218,10,0,0,0,0,0,0.09384495,6.11E-05
centralized,500,50,150,0,185,0.925,250000,0,10,1,0,10,150,0,10,1,0,10,50,0,10,7.4934064,0.29676379,10,99.99948,0.000193218,10,0,0,0,0,0,0.09384495,6.11E-05
centralized,500,50,150,0,186,0.93,250000,0,10,1,0,10,150,0,10,1,0,10,50,0,10,7.4934064,0.29676379,10,99.99948,0.000193218,10,0,0,0,0,0,0.09384495,6.11E-05
centralized,500,50,150,0,187,0.935,250000,0,10,1,0,10,150,0,10,1,0,10,50,0,10,7.4934064,0.29676379,10,99.99948,0.000193218,10,0,0,0,0,0,0.09384495,6.11E-05
centralized,500,50,150,0,188,0.94,250000,0,10,1,0,10,150,0,10,1,0,10,50,0,10,7.4934064,0.29676379,10,99.99948,0.000193218,10,0,0,0,0,0,0.09384495,6.11E-05
centralized,500,50,150,0,189,0.945,250000,0,10,1,0,10,150,0,10,1,0,10,50,0,10,7.4934064,0.29676379,10,99.99948,0.000193218,10,0,0,0,0,0,0.09384495,6.11E-05
centralized,500,50,150,0,190,0.95,250000,0,10,1,0,10,150,0,10,1,0,10,50,0,10,7.4934064,0.29676379,10,99.99948,0.000193218,10,0,0,0,0,0,0.09384495,6.11E-05
centralized,500,50,150,0,191,0.955,250000,0,10,1,0,10,150,0,10,1,0,10,50,0,10,7.4934064,0.29676379,10,99.99948,0.000193218,10,0,0,0,0,0,0.09384495,6.11E-05
centralized,500,50,150,0,192,0.96,250000,0,10,1,0,10,150,0,10,1,0,10,50,0,10,7.4934064,0.29676379,10,99.99948,0.000193218,10,0,0,0,0,0,0.09384495,6.11E-05
centralized,500,50,150,0,193,0.965,250000,0,10,1,0,10,150,0,10,1,0,10,50,0,10,7.4934064,0.29676379,10,99.99948,0.000193218,10,0,0,0,0,0,0.09384495,6.11E-05
centralized,500,50,150,0,194,0.97,250000,0,10,1,0,10,150,0,10,1,0,10,50,0,10,7.4934064,0.29676379,10,99.99948,0.000193218,10,0,0,0,0,0,0.09384495,6.11E-05
centralized,500,50,150,0,195,0.975,250000,0,10,1,0,10,150,0,10,1,0,10,50,0,10,7.4934064,0.29676379,10,99.99948,0.000193218,10,0,0,0,0,0,0.09384495,6.11E-05
centralized,500,50,150,0,196,0.98,250000,0,10,1,0,10,150,0,10,1,0,10,50,0,10,7.4934064,0.29676379,10,99.99948,0.000193218,10,0,0,0,0,0,0.09384495,6.11E-05
centralized,500,50,150,0,197,0.985,250000,0,10,1,0,10,150,0,10,1,0,10,50,0,10,7.4934064,0.29676379,10,99.99948,0.000193218,10,0,0,0,0,0,0.09384495,6.11E-05
centralized,500,50,150,0,198,0.99,250000,0,10,1,0,10,150,0,10,1,0,10,50,0,10,7.4934064,0.29676379,10,99.99948,0.000193218,10,0,0,0,0,0,0.09384495,6.11E-05
centralized,500,50,150,0,199,0.995,250000,0,10,1,0,10,150,0,10,1,0,10,50,0,10,7.4934064,0.29676379,10,99.99948,0.000193218,10,0,0,0,0,0,0.09384495,6.11E-05
centralized,500,50,150,0,200,1,250000,0,10,1,0,10,150,0,10,1,0,10,50,0,10,7.4934064,0.29676379,10,99.99948,0.000193218,10,0,0,0,0,0,0.09384495,6.11E-05
