algorithm,grid_size,n_robots,n_targets,n_failures,sample_idx,time_fraction,coverage_cells_mean,coverage_cells_std,coverage_cells_count,coverage_fraction_mean,coverage_fraction_std,coverage_fraction_count,targets_found_mean,targets_found_std,targets_found_count,target_fraction_mean,target_fraction_std,target_fraction_count,active_robots_mean,active_robots_std,active_robots_count,avg_visits_per_covered_cell_mean,avg_visits_per_covered_cell_std,avg_visits_per_covered_cell_count,pct_revisited_cells_mean,pct_revisited_cells_std,pct_revisited_cells_count,coverage_cells_sem,coverage_fraction_sem,targets_found_sem,target_fraction_sem,active_robots_sem,avg_visits_per_covered_cell_sem,pct_revisited_cells_sem
random_walk,50,5,15,0,0,0,0,0,100,0,0,100,0,0,100,0,0,100,5,0,100,0,0,100,0,0,100,0,0,0,0,0,0,0
random_walk,50,5,15,0,1,0.005,164.08,17.47244873,100,0.065632,0.006988979,100,0.81,0.837203136,100,0.054,0.055813542,100,5,0,100,7.622702135,0.774449948,100,6.2184,0.65261358,100,1.747244873,0.000698898,0.083720314,0.005581354,0,0.077444995,0.065261358
random_walk,50,5,15,0,2,0.01,254.82,25.76207376,100,0.101928,0.01030483,100,1.35,0.936089006,100,0.09,0.062405934,100,5,0,100,9.800547973,0.972598714,100,9.904,1.003798845,100,2.576207376,0.001030483,0.093608901,0.006240593,0,0.097259871,0.100379884
random_walk,50,5,15,0,3,0.015,332.53,33.40581665,100,0.133012,0.013362327,100,1.81,1.284680521,100,0.120666667,0.085645368,100,5,0,100,11.2660852,1.147008012,100,13.0588,1.327483592,100,3.340581665,0.001336233,0.128468052,0.008564537,0,0.114700801,0.132748359
random_walk,50,5,15,0,4,0.02,400.13,39.76106796,100,0.160052,0.015904427,100,2.29,1.430511669,100,0.152666667,0.095367445,100,5,0,100,12.48139327,1.28315911,100,15.7936,1.57325855,100,3.976106796,0.001590443,0.143051167,0.009536744,0,0.128315911,0.157325855
random_walk,50,5,15,0,5,0.025,462.4,48.94874664,100,0.18496,0.019579499,100,2.72,1.544491679,100,0.181333333,0.102966112,100,5,0,100,13.51290863,1.472193459,100,18.2908,1.936677192,100,4.894874664,0.00195795,0.154449168,0.010296611,0,0.147219346,0.193667719
random_walk,50,5,15,0,6,0.03,518.64,50.99148671,100,0.207456,0.020396595,100,3.07,1.597061696,100,0.204666667,0.10647078,100,5,0,100,14.42336472,1.395451283,100,20.554,2.032164592,100,5.099148671,0.002039659,0.15970617,0.010647078,0,0.139545128,0.203216459
random_walk,50,5,15,0,7,0.035,570.32,52.69080383,100,0.228128,0.021076322,100,3.39,1.601104417,100,0.226,0.106740294,100,5,0,100,15.28390189,1.393580569,100,22.638,2.103191418,100,5.269080383,0.002107632,0.160110442,0.010674029,0,0.139358057,0.210319142
random_walk,50,5,15,0,8,0.04,619.3,62.06928354,100,0.24772,0.024827713,100,3.61,1.594783162,100,0.240666667,0.106318877,100,5,0,100,16.11553931,1.621995697,100,24.6092,2.459996584,100,6.206928354,0.002482771,0.159478316,0.010631888,0,0.16219957,0.245999658
random_walk,50,5,15,0,9,0.045,667.65,72.0474556,100,0.26706,0.028818982,100,3.99,1.592247633,100,0.266,0.106149842,100,5,0,100,16.84742618,1.827990953,100,26.548,2.872951532,100,7.20474556,0.002881898,0.159224763,0.010614984,0,0.182799095,0.287295153
random_walk,50,5,15,0,10,0.05,716.4,79.14058582,100,0.28656,0.031656234,100,4.31,1.637286496,100,0.287333333,0.109152433,100,5,0,100,17.45618795,1.944908166,100,28.5012,3.145636477,100,7.914058582,0.003165623,0.16372865,0.010915243,0,0.194490817,0.314563648
random_walk,50,5,15,0,11,0.055,759.26,85.27739881,100,0.303704,0.03411096,100,4.54,1.743211943,100,0.302666667,0.11621413,100,5,0,100,18.1249466,2.0681534,100,30.2228,3.391531962,100,8.527739881,0.003411096,0.174321194,0.011621413,0,0.20681534,0.339153196
random_walk,50,5,15,0,12,0.06,802.33,91.44364661,100,0.320932,0.036577459,100,4.82,1.87153046,100,0.321333333,0.124768697,100,5,0,100,18.72087229,2.174621126,100,31.9556,3.63849184,100,9.144364661,0.003657746,0.187153046,0.01247687,0,0.217462113,0.363849184
random_walk,50,5,15,0,13,0.065,844.67,95.72203603,100,0.337868,0.038288814,100,5.13,1.96769362,100,0.342,0.131179575,100,5,0,100,19.26377987,2.21999799,100,33.6516,3.807201236,100,9.572203603,0.003828881,0.196769362,0.013117957,0,0.221999799,0.380720124
random_walk,50,5,15,0,14,0.07,882.89,99.72050791,100,0.353156,0.039888203,100,5.33,2.025369401,100,0.355333333,0.135024627,100,5,0,100,19.84717672,2.283344938,100,35.1884,3.968544175,100,9.972050791,0.00398882,0.20253694,0.013502463,0,0.228334494,0.396854417
random_walk,50,5,15,0,15,0.075,921.34,104.7346064,100,0.368536,0.041893843,100,5.52,1.997372011,100,0.368,0.133158134,100,5,0,100,20.38336189,2.381834132,100,36.738,4.162692893,100,10.47346064,0.004189384,0.199737201,0.013315813,0,0.238183413,0.416269289
random_walk,50,5,15,0,16,0.08,958.56,110.9541101,100,0.383424,0.044381644,100,5.81,2.008542363,100,0.387333333,0.133902824,100,5,0,100,20.90599697,2.47565064,100,38.2264,4.418737769,100,11.09541101,0.004438164,0.200854236,0.013390282,0,0.247565064,0.441873777
random_walk,50,5,15,0,17,0.085,996.98,117.8950038,100,0.398792,0.047158002,100,6.01,2.037501937,100,0.400666667,0.135833462,100,5,0,100,21.36716918,2.589926021,100,39.7592,4.682521914,100,11.78950038,0.0047158,0.203750194,0.013583346,0,0.258992602,0.468252191
random_walk,50,5,15,0,18,0.09,1032.23,123.7239396,100,0.412892,0.049489576,100,6.23,1.984052582,100,0.415333333,0.132270172,100,5,0,100,21.86013642,2.694118112,100,41.1824,4.92533773,100,12.37239396,0.004948958,0.198405258,0.013227017,0,0.269411811,0.492533773
random_walk,50,5,15,0,19,0.095,1063.96,128.6105954,100,0.425584,0.051444238,100,6.5,1.99240984,100,0.433333333,0.132827323,100,5,0,100,22.38993886,2.765477927,100,42.46,5.140654362,100,12.86105954,0.005144424,0.199240984,0.013282732,0,0.276547793,0.514065436
random_walk,50,5,15,0,20,0.1,1095.25,130.2137617,100,0.4381,0.052085505,100,6.71,2.001489344,100,0.447333333,0.133432623,100,5,0,100,22.8795834,2.748213091,100,43.7112,5.195502577,100,13.02137617,0.00520855,0.200148934,0.013343262,0,0.274821309,0.519550258
random_walk,50,5,15,0,21,0.105,1127.12,133.7865993,100,0.450848,0.05351464,100,6.91,2.00047974,100,0.460666667,0.133365316,100,5,0,100,23.34085428,2.782185239,100,44.9876,5.338778115,100,13.37865993,0.005351464,0.200047974,0.013336532,0,0.278218524,0.533877811
random_walk,50,5,15,0,22,0.11,1157.12,134.8729503,100,0.462848,0.05394918,100,7.09,1.990355534,100,0.472666667,0.132690369,100,5,0,100,23.80485275,2.780459928,100,46.1904,5.385817875,100,13.48729503,0.005394918,0.199035553,0.013269037,0,0.278045993,0.538581787
random_walk,50,5,15,0,23,0.115,1184.82,138.6673499,100,0.473928,0.05546694,100,7.26,2.077391527,100,0.484,0.138492768,100,5,0,100,24.30404803,2.837709505,100,47.308,5.540265829,100,13.86673499,0.005546694,0.207739153,0.013849277,0,0.28377095,0.554026583
random_walk,50,5,15,0,24,0.12,1212.95,142.9385949,100,0.48518,0.057175438,100,7.49,2.091324069,100,0.499333333,0.139421605,100,5,0,100,24.77928473,2.928164801,100,48.4384,5.709183585,100,14.29385949,0.005717544,0.209132407,0.01394216,0,0.29281648,0.570918359
random_walk,50,5,15,0,25,0.125,1237.15,146.248051,100,0.49486,0.05849922,100,7.58,2.147020487,100,0.505333333,0.143134699,100,5,0,100,25.3076844,3.004818812,100,49.4184,5.848841847,100,14.6248051,0.005849922,0.214702049,0.01431347,0,0.300481881,0.584884185
random_walk,50,5,15,0,26,0.13,1260.42,147.6658239,100,0.504168,0.05906633,100,7.68,2.159685723,100,0.512,0.143979048,100,5,0,100,25.8301677,3.067600615,100,50.346,5.898411017,100,14.76658239,0.005906633,0.215968572,0.014397905,0,0.306760062,0.589841102
random_walk,50,5,15,0,27,0.135,1285.64,148.6438031,100,0.514256,0.059457521,100,7.84,2.196047873,100,0.522666667,0.146403192,100,5,0,100,26.29136481,3.104537942,100,51.3516,5.935010441,100,14.86438031,0.005945752,0.219604787,0.014640319,0,0.310453794,0.593501044
random_walk,50,5,15,0,28,0.14,1310.85,150.8794672,100,0.52434,0.060351787,100,7.97,2.199426004,100,0.531333333,0.1466284,100,5,0,100,26.73930208,3.170777988,100,52.3516,6.022522831,100,15.08794672,0.006035179,0.2199426,0.01466284,0,0.317077799,0.602252283
random_walk,50,5,15,0,29,0.145,1333.9,151.195071,100,0.53356,0.060478028,100,8.13,2.272608078,100,0.542,0.151507205,100,5,0,100,27.21091221,3.220508301,100,53.288,6.037247349,100,15.1195071,0.006047803,0.227260808,0.015150721,0,0.32205083,0.603724735
random_walk,50,5,15,0,30,0.15,1354.78,151.7753909,100,0.541912,0.060710156,100,8.27,2.178197754,100,0.551333333,0.145213184,100,5,0,100,27.70796495,3.256728594,100,54.1232,6.072245667,100,15.17753909,0.006071016,0.217819775,0.014521318,0,0.325672859,0.607224567
random_walk,50,5,15,0,31,0.155,1377.09,155.0064251,100,0.550836,0.06200257,100,8.45,2.090744394,100,0.563333333,0.13938296,100,5,0,100,28.17056315,3.313810919,100,55.0176,6.192247535,100,15.50064251,0.006200257,0.209074439,0.013938296,0,0.331381092,0.619224754
random_walk,50,5,15,0,32,0.16,1400.75,157.7129713,100,0.5603,0.063085189,100,8.58,2.084962999,100,0.572,0.138997533,100,5,0,100,28.5876003,3.356440407,100,55.9612,6.304916036,100,15.77129713,0.006308519,0.2084963,0.013899753,0,0.335644041,0.630491604
random_walk,50,5,15,0,33,0.165,1422.59,158.4276972,100,0.569036,0.063371079,100,8.66,2.109238936,100,0.577333333,0.140615929,100,5,0,100,29.02250603,3.389705763,100,56.84,6.335311972,100,15.84276972,0.006337108,0.210923894,0.014061593,0,0.338970576,0.633531197
random_walk,50,5,15,0,34,0.17,1443.68,161.5160423,100,0.577472,0.064606417,100,8.77,2.102691877,100,0.584666667,0.140179458,100,5,0,100,29.46912746,3.472761643,100,57.6884,6.455630182,100,16.15160423,0.006460642,0.210269188,0.014017946,0,0.347276164,0.645563018
random_walk,50,5,15,0,35,0.175,1463.99,163.4491547,100,0.585596,0.065379662,100,8.93,2.070743779,100,0.595333333,0.138049585,100,5,0,100,29.91491284,3.549896982,100,58.5052,6.533228583,100,16.34491547,0.006537966,0.207074378,0.013804959,0,0.354989698,0.653322858
random_walk,50,5,15,0,36,0.18,1483.49,166.7426793,100,0.593396,0.066697072,100,9.07,2.060964764,100,0.604666667,0.137397651,100,5,0,100,30.36919181,3.631872978,100,59.2808,6.664763316,100,16.67426793,0.006669707,0.206096476,0.013739765,0,0.363187298,0.666476332
random_walk,50,5,15,0,37,0.185,1505.81,168.2880944,100,0.602324,0.067315238,100,9.19,2.082611996,100,0.612666667,0.1388408,100,5,0,100,30.74794205,3.684624393,100,60.1796,6.729210847,100,16.82880944,0.006731524,0.2082612,0.01388408,0,0.368462439,0.672921085
random_walk,50,5,15,0,38,0.19,1527.02,169.4177778,100,0.610808,0.067767111,100,9.28,2.084478473,100,0.618666667,0.138965232,100,5,0,100,31.13853675,3.747434942,100,61.0236,6.779055314,100,16.94177778,0.006776711,0.208447847,0.013896523,0,0.374743494,0.677905531
random_walk,50,5,15,0,39,0.195,1546.69,169.5133674,100,0.618676,0.067805347,100,9.39,2.034525234,100,0.626,0.135635016,100,5,0,100,31.54090662,3.756733905,100,61.8124,6.786036037,100,16.95133674,0.006780535,0.203452523,0.013563502,0,0.375673391,0.678603604
random_walk,50,5,15,0,40,0.2,1566.59,172.144765,100,0.626636,0.068857906,100,9.49,2.052320687,100,0.632666667,0.136821379,100,5,0,100,31.94201408,3.832263875,100,62.612,6.881351758,100,17.2144765,0.006885791,0.205232069,0.013682138,0,0.383226388,0.688135176
random_walk,50,5,15,0,41,0.205,1585.66,173.0791971,100,0.634264,0.069231679,100,9.59,2.020575975,100,0.639333333,0.134705065,100,5,0,100,32.34143927,3.85274938,100,63.3804,6.931096364,100,17.30791971,0.006923168,0.202057598,0.013470507,0,0.385274938,0.693109636
random_walk,50,5,15,0,42,0.21,1602.79,172.3368967,100,0.641116,0.068934759,100,9.76,2.025693546,100,0.650666667,0.135046236,100,5,0,100,32.75872681,3.783490937,100,64.068,6.8910916,100,17.23368967,0.006893476,0.202569355,0.013504624,0,0.378349094,0.68910916
random_walk,50,5,15,0,43,0.215,1620.2,170.6976179,100,0.64808,0.068279047,100,9.88,2.056180631,100,0.658666667,0.137078709,100,5,0,100,33.15935331,3.714708488,100,64.7608,6.833892908,100,17.06976179,0.006827905,0.205618063,0.013707871,0,0.371470849,0.683389291
random_walk,50,5,15,0,44,0.22,1638.25,166.5477985,100,0.6553,0.066619119,100,9.98,2.054706349,100,0.665333333,0.136980423,100,5,0,100,33.52871761,3.610402888,100,65.4808,6.677467566,100,16.65477985,0.006661912,0.205470635,0.013698042,0,0.361040289,0.667746757
random_walk,50,5,15,0,45,0.225,1653.29,164.9387578,100,0.661316,0.065975503,100,10.05,2.046800904,100,0.67,0.136453394,100,5,0,100,33.96232171,3.572574471,100,66.0824,6.600532136,100,16.49387578,0.00659755,0.20468009,0.013645339,0,0.357257447,0.660053214
random_walk,50,5,15,0,46,0.23,1670.93,166.889745,100,0.668372,0.066755898,100,10.11,2.049365509,100,0.674,0.136624367,100,5,0,100,34.35007395,3.626798035,100,66.7916,6.671184639,100,16.6889745,0.00667559,0.204936551,0.013662437,0,0.362679804,0.667118464
random_walk,50,5,15,0,47,0.235,1687.87,166.2729686,100,0.675148,0.066509187,100,10.19,2.018575355,100,0.679333333,0.13457169,100,5,0,100,34.73230036,3.614288973,100,67.4684,6.651505901,100,16.62729686,0.006650919,0.201857536,0.013457169,0,0.361428897,0.66515059
random_walk,50,5,15,0,48,0.24,1704.12,166.7242494,100,0.681648,0.0666897,100,10.29,2.036510186,100,0.686,0.135767346,100,5,0,100,35.12973793,3.656666338,100,68.1296,6.665937221,100,16.67242494,0.00666897,0.203651019,0.013576735,0,0.365666634,0.666593722
random_walk,50,5,15,0,49,0.245,1721.01,167.0924558,100,0.688404,0.066836982,100,10.41,2.069963158,100,0.694,0.137997544,100,5,0,100,35.50595438,3.679718394,100,68.8032,6.687075863,100,16.70924558,0.006683698,0.206996316,0.013799754,0,0.367971839,0.668707586
random_walk,50,5,15,0,50,0.25,1736.6,168.4390607,100,0.69464,0.067375624,100,10.53,2.047195667,100,0.702,0.136479711,100,5,0,100,35.90725045,3.740440669,100,69.4264,6.734827845,100,16.84390607,0.006737562,0.204719567,0.013647971,0,0.374044067,0.673482784
random_walk,50,5,15,0,51,0.255,1752.34,169.387084,100,0.700936,0.067754834,100,10.62,2.083024219,100,0.708,0.138868281,100,5,0,100,36.29648868,3.785027893,100,70.058,6.777396479,100,16.9387084,0.006775483,0.208302422,0.013886828,0,0.378502789,0.677739648
random_walk,50,5,15,0,52,0.26,1767.83,170.5609317,100,0.707132,0.068224373,100,10.66,2.085156778,100,0.710666667,0.139010452,100,5,0,100,36.68550952,3.83168856,100,70.6792,6.822515262,100,17.05609317,0.006822437,0.208515678,0.013901045,0,0.383168856,0.682251526
random_walk,50,5,15,0,53,0.265,1781.12,171.3090585,100,0.712448,0.068523623,100,10.74,2.028185236,100,0.716,0.135212349,100,5,0,100,37.10870248,3.859055543,100,71.2012,6.852025474,100,17.13090585,0.006852362,0.202818524,0.013521235,0,0.385905554,0.685202547
random_walk,50,5,15,0,54,0.27,1794.2,173.0914396,100,0.71768,0.069236576,100,10.8,2,100,0.72,0.133333333,100,5,0,100,37.53578378,3.918794036,100,71.7376,6.926829864,100,17.30914396,0.006923658,0.2,0.013333333,0,0.391879404,0.692682986
random_walk,50,5,15,0,55,0.275,1807.85,174.500521,100,0.72314,0.069800208,100,10.87,2.003305349,100,0.724666667,0.13355369,100,5,0,100,37.94144036,3.956424435,100,72.2788,6.981981901,100,17.4500521,0.006980021,0.200330535,0.013355369,0,0.395642443,0.69819819
random_walk,50,5,15,0,56,0.28,1818.6,174.5362687,100,0.72744,0.069814507,100,10.91,1.995424058,100,0.727333333,0.133028271,100,5,0,100,38.39845874,3.98731478,100,72.72,6.982672927,100,17.45362687,0.006981451,0.199542406,0.013302827,0,0.398731478,0.698267293
random_walk,50,5,15,0,57,0.285,1832.25,174.5921872,100,0.7329,0.069836875,100,10.96,2.024696012,100,0.730666667,0.134979734,100,5,0,100,38.78743602,4.011251954,100,73.264,6.987069153,100,17.45921872,0.006983687,0.202469601,0.013497973,0,0.401125195,0.698706915
random_walk,50,5,15,0,58,0.29,1843.38,174.6518488,100,0.737352,0.06986074,100,11.03,2.022374842,100,0.735333333,0.134824989,100,5,0,100,39.22615073,4.046101753,100,73.7104,6.991377362,100,17.46518488,0.006986074,0.202237484,0.013482499,0,0.404610175,0.699137736
random_walk,50,5,15,0,59,0.295,1855.18,174.4473745,100,0.742072,0.06977895,100,11.11,2.064099089,100,0.740666667,0.137606606,100,5,0,100,39.64474267,4.068155281,100,74.1788,6.984546185,100,17.44473745,0.006977895,0.206409909,0.013760661,0,0.406815528,0.698454619
random_walk,50,5,15,0,60,0.3,1867.19,175.592716,100,0.746876,0.070237086,100,11.17,2.074642479,100,0.744666667,0.138309499,100,5,0,100,40.05723756,4.101252613,100,74.6608,7.025072512,100,17.5592716,0.007023709,0.207464248,0.01383095,0,0.410125261,0.702507251
random_walk,50,5,15,0,61,0.305,1877.58,175.2227546,100,0.751032,0.070089102,100,11.2,2.088931871,100,0.746666667,0.139262125,100,5,0,100,40.49367013,4.111548812,100,75.0816,7.008561391,100,17.52227546,0.00700891,0.208893187,0.013926212,0,0.411154881,0.700856139
random_walk,50,5,15,0,62,0.31,1888.93,174.7031106,100,0.755572,0.069881244,100,11.34,2.11879516,100,0.756,0.141253011,100,5,0,100,40.90213472,4.108120743,100,75.5332,6.99279642,100,17.47031106,0.006988124,0.211879516,0.014125301,0,0.410812074,0.699279642
random_walk,50,5,15,0,63,0.315,1902.3,173.643458,100,0.76092,0.069457383,100,11.44,2.061283311,100,0.762666667,0.137418887,100,5,0,100,41.259401,4.088600022,100,76.064,6.948684637,100,17.3643458,0.006945738,0.206128331,0.013741889,0,0.408860002,0.694868464
random_walk,50,5,15,0,64,0.32,1912.84,174.3473092,100,0.765136,0.069738924,100,11.5,2.052345296,100,0.766666667,0.13682302,100,5,0,100,41.6826849,4.130146016,100,76.4848,6.978656708,100,17.43473092,0.006973892,0.20523453,0.013682302,0,0.413014602,0.697865671
random_walk,50,5,15,0,65,0.325,1923.09,174.6840204,100,0.769236,0.069873608,100,11.54,2.061773288,100,0.769333333,0.137451553,100,5,0,100,42.10561789,4.161619473,100,76.9012,6.984886322,100,17.46840204,0.006987361,0.206177329,0.013745155,0,0.416161947,0.698488632
random_walk,50,5,15,0,66,0.33,1932.51,174.9035807,100,0.773004,0.069961432,100,11.58,2.060597148,100,0.772,0.137373143,100,5,0,100,42.54389557,4.197417268,100,77.2784,6.997446969,100,17.49035807,0.006996143,0.206059715,0.013737314,0,0.419741727,0.699744697
random_walk,50,5,15,0,67,0.335,1942.73,175.7440664,100,0.777092,0.070297627,100,11.63,2.077561702,100,0.775333333,0.138504113,100,5,0,100,42.96100134,4.228122761,100,77.684,7.028980126,100,17.57440664,0.007029763,0.20775617,0.013850411,0,0.422812276,0.702898013
random_walk,50,5,15,0,68,0.34,1952.47,175.4211357,100,0.780988,0.070168454,100,11.66,2.046035832,100,0.777333333,0.136402389,100,5,0,100,43.38055798,4.247863554,100,78.0728,7.020741289,100,17.54211357,0.007016845,0.204603583,0.013640239,0,0.424786355,0.702074129
random_walk,50,5,15,0,69,0.345,1962.4,175.7282107,100,0.78496,0.070291284,100,11.69,2.063120124,100,0.779333333,0.137541342,100,5,0,100,43.79495004,4.298140234,100,78.4736,7.02757563,100,17.57282107,0.007029128,0.206312012,0.013754134,0,0.429814023,0.702757563
random_walk,50,5,15,0,70,0.35,1972.68,176.6921011,100,0.789072,0.07067684,100,11.74,2.052935814,100,0.782666667,0.136862388,100,5,0,100,44.20124683,4.371186624,100,78.8856,7.067345925,100,17.66921011,0.007067684,0.205293581,0.013686239,0,0.437118662,0.706734593
random_walk,50,5,15,0,71,0.355,1982.51,177.1524194,100,0.793004,0.070860968,100,11.79,2.041464121,100,0.786,0.136097608,100,5,0,100,44.60736825,4.404046938,100,79.2788,7.090408271,100,17.71524194,0.007086097,0.204146412,0.013609761,0,0.440404694,0.709040827
random_walk,50,5,15,0,72,0.36,1991.47,176.9519969,100,0.796588,0.070780799,100,11.88,1.97601783,100,0.792,0.131734522,100,5,0,100,45.02863315,4.435197586,100,79.6356,7.081861069,100,17.69519969,0.00707808,0.197601783,0.013173452,0,0.443519759,0.708186107
random_walk,50,5,15,0,73,0.365,2001.28,176.6652418,100,0.800512,0.070666097,100,11.95,1.991776021,100,0.796666667,0.132785068,100,5,0,100,45.42526299,4.44378671,100,80.0332,7.069556996,100,17.66652418,0.00706661,0.199177602,0.013278507,0,0.444378671,0.7069557
random_walk,50,5,15,0,74,0.37,2009.94,175.8739114,100,0.803976,0.070349565,100,12.03,1.992181688,100,0.802,0.132812113,100,5,0,100,45.84193316,4.439373766,100,80.3788,7.040942212,100,17.58739114,0.007034956,0.199218169,0.013281211,0,0.443937377,0.704094221
random_walk,50,5,15,0,75,0.375,2018.1,174.6013931,100,0.80724,0.069840557,100,12.07,1.970771269,100,0.804666667,0.131384751,100,5,0,100,46.26535392,4.431049268,100,80.7024,6.987282693,100,17.46013931,0.006984056,0.197077127,0.013138475,0,0.443104927,0.698728269
random_walk,50,5,15,0,76,0.38,2027.27,175.4630155,100,0.810908,0.070185206,100,12.11,1.963788341,100,0.807333333,0.130919223,100,5,0,100,46.67118042,4.480842091,100,81.0652,7.02397316,100,17.54630155,0.007018521,0.196378834,0.013091922,0,0.448084209,0.702397316
random_walk,50,5,15,0,77,0.385,2037.59,176.1845391,100,0.815036,0.070473816,100,12.18,1.966281421,100,0.812,0.131085428,100,5,0,100,47.04436171,4.514108123,100,81.4824,7.048655882,100,17.61845391,0.007047382,0.196628142,0.013108543,0,0.451410812,0.704865588
random_walk,50,5,15,0,78,0.39,2046.42,177.4688011,100,0.818568,0.07098752,100,12.22,1.967308575,100,0.814666667,0.131153905,100,5,0,100,47.45354379,4.581125235,100,81.8332,7.099302694,100,17.74688011,0.007098752,0.196730858,0.013115391,0,0.458112524,0.709930269
random_walk,50,5,15,0,79,0.395,2054.64,177.0823309,100,0.821856,0.070832932,100,12.25,1.898298015,100,0.816666667,0.126553201,100,5,0,100,47.86509584,4.587717083,100,82.1648,7.084743671,100,17.70823309,0.007083293,0.189829801,0.01265532,0,0.458771708,0.708474367
random_walk,50,5,15,0,80,0.4,2063.58,176.142744,100,0.825432,0.070457098,100,12.28,1.880683306,100,0.818666667,0.125378887,100,5,0,100,48.25141998,4.551727173,100,82.5236,7.049951862,100,17.6142744,0.00704571,0.188068331,0.012537889,0,0.455172717,0.704995186
random_walk,50,5,15,0,81,0.405,2072.09,175.4401734,100,0.828836,0.070176069,100,12.33,1.885912688,100,0.822,0.125727513,100,5,0,100,48.64513895,4.527084848,100,82.8664,7.021654748,100,17.54401734,0.007017607,0.188591269,0.012572751,0,0.452708485,0.702165475
random_walk,50,5,15,0,82,0.41,2079.62,175.036376,100,0.831848,0.07001455,100,12.39,1.874307953,100,0.826,0.124953864,100,5,0,100,49.06303997,4.532735901,100,83.1676,7.006109184,100,17.5036376,0.007001455,0.187430795,0.012495386,0,0.45327359,0.700610918
random_walk,50,5,15,0,83,0.415,2087.75,174.97292,100,0.8351,0.069989168,100,12.45,1.871503474,100,0.83,0.124766898,100,5,0,100,49.46449984,4.547854776,100,83.49,7.00552019,100,17.497292,0.006998917,0.187150347,0.01247669,0,0.454785478,0.700552019
random_walk,50,5,15,0,84,0.42,2094.89,174.2518145,100,0.837956,0.069700726,100,12.53,1.806022473,100,0.835333333,0.120401498,100,5,0,100,49.8836614,4.545939039,100,83.7804,6.971590245,100,17.42518145,0.006970073,0.180602247,0.01204015,0,0.454593904,0.697159025
random_walk,50,5,15,0,85,0.425,2101.73,173.1640697,100,0.840692,0.069265628,100,12.6,1.775250729,100,0.84,0.118350049,100,5,0,100,50.30560058,4.536075015,100,84.0476,6.932442122,100,17.31640697,0.006926563,0.177525073,0.011835005,0,0.453607502,0.693244212
random_walk,50,5,15,0,86,0.43,2108.16,171.6041793,100,0.843264,0.068641672,100,12.63,1.744573115,100,0.842,0.116304874,100,5,0,100,50.73440476,4.520343883,100,84.31,6.872564399,100,17.16041793,0.006864167,0.174457311,0.011630487,0,0.452034388,0.68725644
random_walk,50,5,15,0,87,0.435,2114.22,170.2437694,100,0.845688,0.068097508,100,12.65,1.754503585,100,0.843333333,0.116966906,100,5,0,100,51.17113089,4.515812186,100,84.554,6.816081697,100,17.02437694,0.006809751,0.175450358,0.011696691,0,0.451581219,0.68160817
random_walk,50,5,15,0,88,0.44,2120.56,169.419229,100,0.848224,0.067767692,100,12.69,1.756344919,100,0.846,0.117089661,100,5,0,100,51.5997554,4.525707651,100,84.8064,6.788072058,100,16.9419229,0.006776769,0.175634492,0.011708966,0,0.452570765,0.678807206
random_walk,50,5,15,0,89,0.445,2127.58,168.624751,100,0.851032,0.0674499,100,12.7,1.760968512,100,0.846666667,0.117397901,100,5,0,100,52.00860775,4.534800502,100,85.0876,6.752917681,100,16.8624751,0.00674499,0.176096851,0.01173979,0,0.45348005,0.675291768
random_walk,50,5,15,0,90,0.45,2134.42,166.93894,100,0.853768,0.066775576,100,12.73,1.751507287,100,0.848666667,0.116767152,100,5,0,100,52.41533827,4.499649608,100,85.36,6.684258003,100,16.693894,0.006677558,0.175150729,0.011676715,0,0.449964961,0.6684258
random_walk,50,5,15,0,91,0.455,2141.31,165.7947919,100,0.856524,0.066317917,100,12.79,1.665423779,100,0.852666667,0.111028252,100,5,0,100,52.82037751,4.490211224,100,85.638,6.636436612,100,16.57947919,0.006631792,0.166542378,0.011102825,0,0.449021122,0.663643661
random_walk,50,5,15,0,92,0.46,2147.21,165.0363471,100,0.858884,0.066014539,100,12.84,1.661932671,100,0.856,0.110795511,100,5,0,100,53.24831176,4.497387359,100,85.8736,6.605938485,100,16.50363471,0.006601454,0.166193267,0.011079551,0,0.449738736,0.660593849
random_walk,50,5,15,0,93,0.465,2153.44,164.8571662,100,0.861376,0.065942866,100,12.85,1.659834481,100,0.856666667,0.110655632,100,5,0,100,53.66798139,4.522360457,100,86.122,6.599434013,100,16.48571662,0.006594287,0.165983448,0.011065563,0,0.452236046,0.659943401
random_walk,50,5,15,0,94,0.47,2158.27,164.3155904,100,0.863308,0.065726236,100,12.93,1.615924541,100,0.862,0.107728303,100,5,0,100,54.12020548,4.546190774,100,86.3104,6.576311625,100,16.43155904,0.006572624,0.161592454,0.01077283,0,0.454619077,0.657631162
random_walk,50,5,15,0,95,0.475,2163.86,163.3655516,100,0.865544,0.065346221,100,12.98,1.632869446,100,0.865333333,0.108857963,100,5,0,100,54.54762244,4.549598143,100,86.5396,6.539488739,100,16.33655516,0.006534622,0.163286945,0.010885796,0,0.454959814,0.653948874
random_walk,50,5,15,0,96,0.48,2168.5,163.3469691,100,0.8674,0.065338788,100,12.99,1.642214568,100,0.866,0.109480971,100,5,0,100,55.00344745,4.58669182,100,86.7284,6.538316702,100,16.33469691,0.006533879,0.164221457,0.010948097,0,0.458669182,0.65383167
random_walk,50,5,15,0,97,0.485,2174.86,162.1419767,100,0.869944,0.064856791,100,13.02,1.632869446,100,0.868,0.108857963,100,5,0,100,55.4071521,4.586085816,100,86.9796,6.491025649,100,16.21419767,0.006485679,0.163286945,0.010885796,0,0.458608582,0.649102565
random_walk,50,5,15,0,98,0.49,2179.94,161.5188528,100,0.871976,0.064607541,100,13.09,1.621166808,100,0.872666667,0.108077787,100,5,0,100,55.84288429,4.599542963,100,87.1852,6.468621148,100,16.15188528,0.006460754,0.162116681,0.010807779,0,0.459954296,0.646862115
random_walk,50,5,15,0,99,0.495,2184.98,160.3569869,100,0.873992,0.064142795,100,13.1,1.611198186,100,0.873333333,0.107413212,100,5,0,100,56.27498691,4.600429599,100,87.388,6.419202254,100,16.03569869,0.006414279,0.161119819,0.010741321,0,0.46004296,0.641920225
random_walk,50,5,15,0,100,0.5,2190.46,158.4134993,100,0.876184,0.0633654,100,13.15,1.578741348,100,0.876666667,0.105249423,100,5,0,100,56.6892641,4.561243277,100,87.6076,6.338315603,100,15.84134993,0.00633654,0.157874135,0.010524942,0,0.456124328,0.63383156
random_walk,50,5,15,0,101,0.505,2195.2,158.1095388,100,0.87808,0.063243816,100,13.18,1.585158438,100,0.878666667,0.105677229,100,5,0,100,57.13041169,4.588849305,100,87.7956,6.327789331,100,15.81095388,0.006324382,0.158515844,0.010567723,0,0.458884931,0.632778933
random_walk,50,5,15,0,102,0.51,2200.74,156.499564,100,0.880296,0.062599826,100,13.22,1.573646605,100,0.881333333,0.104909774,100,5,0,100,57.54267239,4.566153763,100,88.014,6.266688266,100,15.6499564,0.006259983,0.15736466,0.010490977,0,0.456615376,0.626668827
random_walk,50,5,15,0,103,0.515,2206.27,155.4917813,100,0.882508,0.062196713,100,13.23,1.568986033,100,0.882,0.104599069,100,5,0,100,57.95547615,4.557948425,100,88.2372,6.224345178,100,15.54917813,0.006219671,0.156898603,0.010459907,0,0.455794842,0.622434518
random_walk,50,5,15,0,104,0.52,2211.97,154.4349397,100,0.884788,0.061773976,100,13.26,1.548019262,100,0.884,0.103201284,100,5,0,100,58.36010437,4.539727997,100,88.468,6.183738858,100,15.44349397,0.006177398,0.154801926,0.010320128,0,0.4539728,0.618373886
random_walk,50,5,15,0,105,0.525,2217.35,152.5369553,100,0.88694,0.061014782,100,13.28,1.551017913,100,0.885333333,0.103401194,100,5,0,100,58.76733064,4.496372262,100,88.6824,6.110007873,100,15.25369553,0.006101478,0.155101791,0.010340119,0,0.449637226,0.611000787
random_walk,50,5,15,0,106,0.53,2223.2,151.8861881,100,0.88928,0.060754475,100,13.34,1.558424483,100,0.889333333,0.103894966,100,5,0,100,59.16696162,4.499273488,100,88.9164,6.07713408,100,15.18861881,0.006075448,0.155842448,0.010389497,0,0.449927349,0.607713408
random_walk,50,5,15,0,107,0.535,2228.23,150.7360966,100,0.891292,0.060294439,100,13.34,1.558424483,100,0.889333333,0.103894966,100,5,0,100,59.58389119,4.483189831,100,89.116,6.039165104,100,15.07360966,0.006029444,0.155842448,0.010389497,0,0.448318983,0.60391651
random_walk,50,5,15,0,108,0.54,2234,148.9314126,100,0.8936,0.059572565,100,13.4,1.510903135,100,0.893333333,0.100726876,100,5,0,100,59.97765876,4.464361162,100,89.3508,5.965416439,100,14.89314126,0.005957257,0.151090313,0.010072688,0,0.446436116,0.596541644
random_walk,50,5,15,0,109,0.545,2239.38,146.5846727,100,0.895752,0.058633869,100,13.47,1.452653441,100,0.898,0.096843563,100,5,0,100,60.37636357,4.410140431,100,89.5672,5.873292072,100,14.65846727,0.005863387,0.145265344,0.009684356,0,0.441014043,0.587329207
random_walk,50,5,15,0,110,0.55,2244.11,145.2825109,100,0.897644,0.058113004,100,13.5,1.43899516,100,0.9,0.095933011,100,5,0,100,60.79566742,4.399237149,100,89.7548,5.818220506,100,14.52825109,0.0058113,0.143899516,0.009593301,0,0.439923715,0.581822051
random_walk,50,5,15,0,111,0.555,2248.68,144.6808316,100,0.899472,0.057872333,100,13.52,1.43181738,100,0.901333333,0.095454492,100,5,0,100,61.22062539,4.413504737,100,89.9384,5.792956838,100,14.46808316,0.005787233,0.143181738,0.009545449,0,0.441350474,0.579295684
random_walk,50,5,15,0,112,0.56,2252.37,144.298418,100,0.900948,0.057719367,100,13.54,1.402883034,100,0.902666667,0.093525536,100,5,0,100,61.66842561,4.436092436,100,90.088,5.778603515,100,14.4298418,0.005771937,0.140288303,0.009352554,0,0.443609244,0.577860352
random_walk,50,5,15,0,113,0.565,2255.95,144.2511401,100,0.90238,0.057700456,100,13.57,1.416033727,100,0.904666667,0.094402248,100,5,0,100,62.11949873,4.462165587,100,90.23,5.77378926,100,14.42511401,0.005770046,0.141603373,0.009440225,0,0.446216559,0.577378926
random_walk,50,5,15,0,114,0.57,2259.56,143.4138829,100,0.903824,0.057365553,100,13.59,1.386041526,100,0.906,0.092402768,100,5,0,100,62.56575773,4.46128561,100,90.3776,5.742063318,100,14.34138829,0.005736555,0.138604153,0.009240277,0,0.446128561,0.574206332
random_walk,50,5,15,0,115,0.575,2262.62,142.7184684,100,0.905048,0.057087387,100,13.61,1.37726856,100,0.907333333,0.091817904,100,5,0,100,63.02602728,4.46428257,100,90.4976,5.713822531,100,14.27184684,0.005708739,0.137726856,0.00918179,0,0.446428257,0.571382253
random_walk,50,5,15,0,116,0.58,2266.95,142.0306821,100,0.90678,0.056812273,100,13.67,1.326154919,100,0.911333333,0.088410328,100,5,0,100,63.44990781,4.46520152,100,90.6676,5.686892091,100,14.20306821,0.005681227,0.132615492,0.008841033,0,0.446520152,0.568689209
random_walk,50,5,15,0,117,0.585,2271.29,140.8737019,100,0.908516,0.056349481,100,13.69,1.323410043,100,0.912666667,0.088227336,100,5,0,100,63.8707289,4.456630411,100,90.8436,5.641800973,100,14.08737019,0.005634948,0.132341004,0.008822734,0,0.445663041,0.564180097
random_walk,50,5,15,0,118,0.59,2274.61,139.4033386,100,0.909844,0.055761335,100,13.73,1.339794949,100,0.915333333,0.089319663,100,5,0,100,64.31764912,4.439469017,100,90.9784,5.581720295,100,13.94033386,0.005576134,0.133979495,0.008931966,0,0.443946902,0.55817203
random_walk,50,5,15,0,119,0.595,2278.29,138.3140399,100,0.911316,0.055325616,100,13.73,1.339794949,100,0.915333333,0.089319663,100,5,0,100,64.752652,4.431454313,100,91.1196,5.536323383,100,13.83140399,0.005532562,0.133979495,0.008931966,0,0.443145431,0.553632338
random_walk,50,5,15,0,120,0.6,2282.16,136.6528241,100,0.912864,0.05466113,100,13.77,1.347313076,100,0.918,0.089820872,100,5,0,100,65.17804365,4.405016299,100,91.2768,5.475831726,100,13.66528241,0.005466113,0.134731308,0.008982087,0,0.44050163,0.547583173
random_walk,50,5,15,0,121,0.605,2286.63,135.0347247,100,0.914652,0.05401389,100,13.79,1.320353488,100,0.919333333,0.088023566,100,5,0,100,65.58573524,4.381019802,100,91.456,5.407081029,100,13.50347247,0.005401389,0.132035349,0.008802357,0,0.43810198,0.540708103
random_walk,50,5,15,0,122,0.61,2290.08,133.9104691,100,0.916032,0.053564188,100,13.79,1.320353488,100,0.919333333,0.088023566,100,5,0,100,66.02349931,4.3704109,100,91.594,5.362861817,100,13.39104691,0.005356419,0.132035349,0.008802357,0,0.43704109,0.536286182
random_walk,50,5,15,0,123,0.615,2294.44,131.6513087,100,0.917776,0.052660523,100,13.79,1.320353488,100,0.919333333,0.088023566,100,5,0,100,66.42851269,4.326209545,100,91.7708,5.271244209,100,13.16513087,0.005266052,0.132035349,0.008802357,0,0.432620955,0.527124421
random_walk,50,5,15,0,124,0.62,2297.46,130.5816375,100,0.918984,0.052232655,100,13.83,1.310832876,100,0.922,0.087388858,100,5,0,100,66.87682729,4.323415599,100,91.8884,5.234864613,100,13.05816375,0.005223265,0.131083288,0.008738886,0,0.43234156,0.523486461
random_walk,50,5,15,0,125,0.625,2301.08,129.3391658,100,0.920432,0.051735666,100,13.85,1.297822574,100,0.923333333,0.086521505,100,5,0,100,67.30586972,4.313121442,100,92.0356,5.182428416,100,12.93391658,0.005173567,0.129782257,0.00865215,0,0.431312144,0.518242842
random_walk,50,5,15,0,126,0.63,2304.63,127.0125783,100,0.921852,0.050805031,100,13.87,1.284365976,100,0.924666667,0.085624398,100,5,0,100,67.73129865,4.265012898,100,92.1772,5.088766015,100,12.70125783,0.005080503,0.128436598,0.00856244,0,0.42650129,0.508876602
random_walk,50,5,15,0,127,0.635,2307.64,125.656942,100,0.923056,0.050262777,100,13.87,1.284365976,100,0.924666667,0.085624398,100,5,0,100,68.17455919,4.247652362,100,92.2988,5.034492598,100,12.5656942,0.005026278,0.128436598,0.00856244,0,0.424765236,0.50344926
random_walk,50,5,15,0,128,0.64,2310.77,123.9037469,100,0.924308,0.049561499,100,13.9,1.283146385,100,0.926666667,0.085543092,100,5,0,100,68.6118311,4.218043721,100,92.4236,4.966014909,100,12.39037469,0.00495615,0.128314639,0.008554309,0,0.421804372,0.496601491
random_walk,50,5,15,0,129,0.645,2313.49,123.2757847,100,0.925396,0.049310314,100,13.9,1.283146385,100,0.926666667,0.085543092,100,5,0,100,69.06460885,4.223736908,100,92.5352,4.937026562,100,12.32757847,0.004931031,0.128314639,0.008554309,0,0.422373691,0.493702656
random_walk,50,5,15,0,130,0.65,2315.76,123.3525882,100,0.926304,0.049341035,100,13.91,1.279954229,100,0.927333333,0.085330282,100,5,0,100,69.5317848,4.255159824,100,92.6268,4.939233343,100,12.33525882,0.004934104,0.127995423,0.008533028,0,0.425515982,0.493923334
random_walk,50,5,15,0,131,0.655,2317.43,123.4822406,100,0.926972,0.049392896,100,13.91,1.279954229,100,0.927333333,0.085330282,100,5,0,100,70.01554063,4.290041427,100,92.692,4.944866127,100,12.34822406,0.00493929,0.127995423,0.008533028,0,0.429004143,0.494486613
random_walk,50,5,15,0,132,0.66,2319.4,123.4161884,100,0.92776,0.049366475,100,13.91,1.279954229,100,0.927333333,0.085330282,100,5,0,100,70.4893507,4.319462194,100,92.7724,4.943215965,100,12.34161884,0.004936648,0.127995423,0.008533028,0,0.431946219,0.494321597
random_walk,50,5,15,0,133,0.665,2321.6,122.6527495,100,0.92864,0.0490611,100,13.92,1.276674974,100,0.928,0.085111665,100,5,0,100,70.95241848,4.32912383,100,92.8608,4.911662411,100,12.26527495,0.00490611,0.127667497,0.008511166,0,0.432912383,0.491166241
random_walk,50,5,15,0,134,0.67,2323.64,122.3206186,100,0.929456,0.048928247,100,13.94,1.261872907,100,0.929333333,0.08412486,100,5,0,100,71.41967426,4.346738398,100,92.9424,4.897317575,100,12.23206186,0.004892825,0.126187291,0.008412486,0,0.43467384,0.489731758
random_walk,50,5,15,0,135,0.675,2326.06,121.9731565,100,0.930424,0.048789263,100,13.95,1.2502525,100,0.93,0.083350167,100,5,0,100,71.87687337,4.36740997,100,93.038,4.88294124,100,12.19731565,0.004878926,0.12502525,0.008335017,0,0.436740997,0.488294124
random_walk,50,5,15,0,136,0.68,2328.51,120.956833,100,0.931404,0.048382733,100,13.96,1.196965861,100,0.930666667,0.079797724,100,5,0,100,72.32895004,4.347500718,100,93.1324,4.849251347,100,12.0956833,0.004838273,0.119696586,0.007979772,0,0.434750072,0.484925135
random_walk,50,5,15,0,137,0.685,2331.26,119.3985449,100,0.932504,0.047759418,100,13.98,1.197472085,100,0.932,0.079831472,100,5,0,100,72.76862698,4.29159411,100,93.246,4.77638763,100,11.93985449,0.004775942,0.119747208,0.007983147,0,0.429159411,0.477638763
random_walk,50,5,15,0,138,0.69,2333.02,118.7989542,100,0.933208,0.047519582,100,13.98,1.197472085,100,0.932,0.079831472,100,5,0,100,73.24271234,4.294893407,100,93.3188,4.752548127,100,11.87989542,0.004751958,0.119747208,0.007983147,0,0.429489341,0.475254813
random_walk,50,5,15,0,139,0.695,2335.56,118.5988332,100,0.934224,0.047439533,100,14,1.172065431,100,0.933333333,0.078137695,100,5,0,100,73.69131962,4.312578917,100,93.4164,4.745420657,100,11.85988332,0.004743953,0.117206543,0.00781377,0,0.431257892,0.474542066
random_walk,50,5,15,0,140,0.7,2338.25,118.4257322,100,0.9353,0.047370293,100,14.01,1.159022577,100,0.934,0.077268172,100,5,0,100,74.13510871,4.325424139,100,93.5256,4.737648976,100,11.84257322,0.004737029,0.115902258,0.007726817,0,0.432542414,0.473764898
random_walk,50,5,15,0,141,0.705,2340.22,118.2293252,100,0.936088,0.04729173,100,14.01,1.159022577,100,0.934,0.077268172,100,5,0,100,74.60167396,4.347604393,100,93.6068,4.729981075,100,11.82293252,0.004729173,0.115902258,0.007726817,0,0.434760439,0.472998107
random_walk,50,5,15,0,142,0.71,2341.84,118.4845146,100,0.936736,0.047393806,100,14.01,1.159022577,100,0.934,0.077268172,100,5,0,100,75.0794173,4.382196394,100,93.6708,4.740103924,100,11.84845146,0.004739381,0.115902258,0.007726817,0,0.438219639,0.474010392
random_walk,50,5,15,0,143,0.715,2343.63,118.8216264,100,0.937452,0.047528651,100,14.02,1.163241726,100,0.934666667,0.077549448,100,5,0,100,75.55136727,4.422217794,100,93.7432,4.753604667,100,11.88216264,0.004752865,0.116324173,0.007754945,0,0.442221779,0.475360467
random_walk,50,5,15,0,144,0.72,2345.52,118.1797535,100,0.938208,0.047271901,100,14.02,1.163241726,100,0.934666667,0.077549448,100,5,0,100,76.01583633,4.430607705,100,93.818,4.728369142,100,11.81797535,0.00472719,0.116324173,0.007754945,0,0.443060771,0.472836914
random_walk,50,5,15,0,145,0.725,2347.47,117.6683797,100,0.938988,0.047067352,100,14.02,1.163241726,100,0.934666667,0.077549448,100,5,0,100,76.47797699,4.436223036,100,93.8928,4.709417618,100,11.76683797,0.004706735,0.116324173,0.007754945,0,0.443622304,0.470941762
random_walk,50,5,15,0,146,0.73,2349.28,117.1108497,100,0.939712,0.04684434,100,14.03,1.167359102,100,0.935333333,0.07782394,100,5,0,100,76.94377421,4.444950213,100,93.9696,4.68627265,100,11.71108497,0.004684434,0.11673591,0.007782394,0,0.444495021,0.468627265
random_walk,50,5,15,0,147,0.735,2351.28,116.9991867,100,0.940512,0.046799675,100,14.05,1.131504764,100,0.936666667,0.075433651,100,5,0,100,77.40489747,4.466865222,100,94.0464,4.682617657,100,11.69991867,0.004679967,0.113150476,0.007543365,0,0.446686522,0.468261766
random_walk,50,5,15,0,148,0.74,2353.61,115.6032832,100,0.941444,0.046241313,100,14.08,1.116270848,100,0.938666667,0.074418057,100,5,0,100,77.84863075,4.441806998,100,94.1404,4.623116252,100,11.56032832,0.004624131,0.111627085,0.007441806,0,0.4441807,0.462311625
random_walk,50,5,15,0,149,0.745,2356.12,114.9751207,100,0.942448,0.045990048,100,14.1,1.114640858,100,0.94,0.074309391,100,5,0,100,78.28782637,4.451073399,100,94.24,4.60028282,100,11.49751207,0.004599005,0.111464086,0.007430939,0,0.44510734,0.460028282
random_walk,50,5,15,0,150,0.75,2358.63,114.2267508,100,0.943452,0.0456907,100,14.14,1.101147244,100,0.942666667,0.073409816,100,5,0,100,78.72600421,4.449838319,100,94.338,4.57313499,100,11.42267508,0.00456907,0.110114724,0.007340982,0,0.444983832,0.457313499
random_walk,50,5,15,0,151,0.755,2360.65,113.4344803,100,0.94426,0.045373792,100,14.17,1.044997704,100,0.944666667,0.069666514,100,5,0,100,79.17945416,4.43758201,100,94.4224,4.536274696,100,11.34344803,0.004537379,0.10449977,0.006966651,0,0.443758201,0.45362747
random_walk,50,5,15,0,152,0.76,2362.01,113.0991783,100,0.944804,0.045239671,100,14.18,1.048134466,100,0.945333333,0.069875631,100,5,0,100,79.65772624,4.452526402,100,94.4768,4.524471481,100,11.30991783,0.004523967,0.104813447,0.006987563,0,0.44525264,0.452447148
random_walk,50,5,15,0,153,0.765,2363.56,112.703089,100,0.945424,0.045081236,100,14.18,1.048134466,100,0.945333333,0.069875631,100,5,0,100,80.12865355,4.467094459,100,94.5404,4.509701309,100,11.2703089,0.004508124,0.104813447,0.006987563,0,0.446709446,0.450970131
random_walk,50,5,15,0,154,0.77,2365.2,112.2057994,100,0.94608,0.04488232,100,14.2,1.044465936,100,0.946666667,0.069631062,100,5,0,100,80.59512457,4.477763631,100,94.6064,4.488173352,100,11.22057994,0.004488232,0.104446594,0.006963106,0,0.447776363,0.448817335
random_walk,50,5,15,0,155,0.775,2367.37,111.4053165,100,0.946948,0.044562127,100,14.21,1.037625494,100,0.947333333,0.069175033,100,5,0,100,81.0401424,4.445565394,100,94.6908,4.455604048,100,11.14053165,0.004456213,0.103762549,0.006917503,0,0.444556539,0.445560405
random_walk,50,5,15,0,156,0.78,2369.22,110.7463733,100,0.947688,0.044298549,100,14.22,1.030641656,100,0.948,0.068709444,100,5,0,100,81.49595714,4.424720092,100,94.7656,4.431629274,100,11.07463733,0.004429855,0.103064166,0.006870944,0,0.442472009,0.443162927
random_walk,50,5,15,0,157,0.785,2371.43,109.6523667,100,0.948572,0.043860947,100,14.22,1.030641656,100,0.948,0.068709444,100,5,0,100,81.93663898,4.37431027,100,94.8528,4.386421214,100,10.96523667,0.004386095,0.103064166,0.006870944,0,0.437431027,0.438642121
random_walk,50,5,15,0,158,0.79,2373.29,108.224635,100,0.949316,0.043289854,100,14.22,1.030641656,100,0.948,0.068709444,100,5,0,100,82.38750736,4.317131836,100,94.9288,4.330278009,100,10.8224635,0.004328985,0.103064166,0.006870944,0,0.431713184,0.433027801
random_walk,50,5,15,0,159,0.795,2374.97,106.5118626,100,0.949988,0.042604745,100,14.22,1.030641656,100,0.948,0.068709444,100,5,0,100,82.84311578,4.232907415,100,94.996,4.260167398,100,10.65118626,0.004260475,0.103064166,0.006870944,0,0.423290742,0.42601674
random_walk,50,5,15,0,160,0.8,2376.64,104.9726775,100,0.950656,0.041989071,100,14.23,1.033333333,100,0.948666667,0.068888889,100,5,0,100,83.29969093,4.162959381,100,95.0632,4.201833866,100,10.49726775,0.004198907,0.103333333,0.006888889,0,0.416295938,0.420183387
random_walk,50,5,15,0,161,0.805,2378.64,103.8005586,100,0.951456,0.041520223,100,14.25,1.038403981,100,0.95,0.069226932,100,5,0,100,83.74647911,4.120191106,100,95.1444,4.152125005,100,10.38005586,0.004152022,0.103840398,0.006922693,0,0.412019111,0.415212501
random_walk,50,5,15,0,162,0.81,2380.27,103.2124273,100,0.952108,0.041284971,100,14.26,1.021189641,100,0.950666667,0.068079309,100,5,0,100,84.2072507,4.100472483,100,95.2084,4.128416606,100,10.32124273,0.004128497,0.102118964,0.006807931,0,0.410047248,0.412841661
random_walk,50,5,15,0,163,0.815,2381.38,103.0075784,100,0.952552,0.041203031,100,14.28,0.995748538,100,0.952,0.066383236,100,5,0,100,84.68794499,4.115406657,100,95.2524,4.122577187,100,10.30075784,0.004120303,0.099574854,0.006638324,0,0.411540666,0.412257719
random_walk,50,5,15,0,164,0.82,2383.07,101.8120922,100,0.953228,0.040724837,100,14.29,0.977473552,100,0.952666667,0.065164903,100,5,0,100,85.14344142,4.091092766,100,95.318,4.076327819,100,10.18120922,0.004072484,0.097747355,0.00651649,0,0.409109277,0.407632782
random_walk,50,5,15,0,165,0.825,2385.61,99.7301303,100,0.954244,0.039892052,100,14.31,0.971253486,100,0.954,0.064750232,100,5,0,100,85.56586977,4.022792056,100,95.4204,3.993074793,100,9.97301303,0.003989205,0.097125349,0.006475023,0,0.402279206,0.399307479
random_walk,50,5,15,0,166,0.83,2388.06,98.29083005,100,0.955224,0.039316332,100,14.35,0.957427108,100,0.956666667,0.063828474,100,5,0,100,85.99227323,3.979666613,100,95.5156,3.932632274,100,9.829083005,0.003931633,0.095742711,0.006382847,0,0.397966661,0.393263227
random_walk,50,5,15,0,167,0.835,2390.38,97.20641164,100,0.956152,0.038882565,100,14.35,0.957427108,100,0.956666667,0.063828474,100,5,0,100,86.42288909,3.957498034,100,95.612,3.890121132,100,9.720641164,0.003888256,0.095742711,0.006382847,0,0.395749803,0.389012113
random_walk,50,5,15,0,168,0.84,2392.78,96.5644789,100,0.957112,0.038625792,100,14.37,0.949800617,100,0.958,0.063320041,100,5,0,100,86.85195039,3.953514116,100,95.7056,3.861896828,100,9.65644789,0.003862579,0.094980062,0.006332004,0,0.395351412,0.386189683
random_walk,50,5,15,0,169,0.845,2394.53,96.20500575,100,0.957812,0.038482002,100,14.38,0.940449065,100,0.958666667,0.062696604,100,5,0,100,87.30420157,3.956598548,100,95.7804,3.849355166,100,9.620500575,0.0038482,0.094044907,0.00626966,0,0.395659855,0.384935517
random_walk,50,5,15,0,170,0.85,2395.47,95.50074885,100,0.958188,0.0382003,100,14.39,0.930895084,100,0.959333333,0.062059672,100,5,0,100,87.78502304,3.950546303,100,95.818,3.822072525,100,9.550074885,0.00382003,0.093089508,0.006205967,0,0.39505463,0.382207252
random_walk,50,5,15,0,171,0.855,2396.46,94.22543567,100,0.958584,0.037690174,100,14.39,0.930895084,100,0.959333333,0.062059672,100,5,0,100,88.26063646,3.905981521,100,95.8536,3.772008419,100,9.422543567,0.003769017,0.093089508,0.006205967,0,0.390598152,0.377200842
random_walk,50,5,15,0,172,0.86,2397.45,94.18243365,100,0.95898,0.037672973,100,14.39,0.930895084,100,0.959333333,0.062059672,100,5,0,100,88.74142689,3.92493597,100,95.8968,3.76701336,100,9.418243365,0.003767297,0.093089508,0.006205967,0,0.392493597,0.376701336
random_walk,50,5,15,0,173,0.865,2398.81,94.09083243,100,0.959524,0.037636333,100,14.4,0.932033727,100,0.96,0.062135582,100,5,0,100,89.20706924,3.943741502,100,95.9508,3.763122946,100,9.409083243,0.003763633,0.093203373,0.006213558,0,0.39437415,0.376312295
random_walk,50,5,15,0,174,0.87,2399.39,94.10652625,100,0.959756,0.03764261,100,14.4,0.932033727,100,0.96,0.062135582,100,5,0,100,89.70166674,3.967511668,100,95.9752,3.763921359,100,9.410652625,0.003764261,0.093203373,0.006213558,0,0.396751167,0.376392136
random_walk,50,5,15,0,175,0.875,2400.14,94.14173926,100,0.960056,0.037656696,100,14.41,0.933062731,100,0.960666667,0.062204182,100,5,0,100,90.19019471,3.990527328,100,96.0048,3.766601898,100,9.414173926,0.00376567,0.093306273,0.006220418,0,0.399052733,0.37666019
random_walk,50,5,15,0,176,0.88,2400.7,94.20014154,100,0.96028,0.037680057,100,14.41,0.933062731,100,0.960666667,0.062204182,100,5,0,100,90.685766,4.015063857,100,96.0264,3.768935096,100,9.420014154,0.003768006,0.093306273,0.006220418,0,0.401506386,0.37689351
random_walk,50,5,15,0,177,0.885,2401.82,94.20388162,100,0.960728,0.037681553,100,14.41,0.933062731,100,0.960666667,0.062204182,100,5,0,100,91.15845515,4.038423976,100,96.07,3.770046218,100,9.420388162,0.003768155,0.093306273,0.006220418,0,0.403842398,0.377004622
random_walk,50,5,15,0,178,0.89,2403.14,93.93690339,100,0.961256,0.037574761,100,14.42,0.933982458,100,0.961333333,0.062265497,100,5,0,100,91.62179734,4.049265389,100,96.124,3.75801581,100,9.393690339,0.003757476,0.093398246,0.00622655,0,0.404926539,0.375801581
random_walk,50,5,15,0,179,0.895,2404.22,93.42696386,100,0.961688,0.037370786,100,14.43,0.923924436,100,0.962,0.061594962,100,5,0,100,92.09029144,4.05312832,100,96.166,3.73662355,100,9.342696386,0.003737079,0.092392444,0.006159496,0,0.405312832,0.373662355
random_walk,50,5,15,0,180,0.9,2406.01,92.62332701,100,0.962404,0.037049331,100,14.44,0.90252172,100,0.962666667,0.060168115,100,5,0,100,92.52727096,4.044793579,100,96.236,3.707362045,100,9.262332701,0.003704933,0.090252172,0.006016811,0,0.404479358,0.370736205
random_walk,50,5,15,0,181,0.905,2407.86,91.1287268,100,0.963144,0.036451491,100,14.46,0.892392087,100,0.964,0.059492806,100,5,0,100,92.95874751,3.990036304,100,96.3104,3.652333949,100,9.11287268,0.003645149,0.089239209,0.005949281,0,0.39900363,0.365233395
random_walk,50,5,15,0,182,0.91,2409.66,89.07903879,100,0.963864,0.035631616,100,14.46,0.892392087,100,0.964,0.059492806,100,5,0,100,93.38971729,3.879956294,100,96.3832,3.563306511,100,8.907903879,0.003563162,0.089239209,0.005949281,0,0.387995629,0.356330651
random_walk,50,5,15,0,183,0.915,2410.64,88.50264163,100,0.964256,0.035401057,100,14.46,0.892392087,100,0.964,0.059492806,100,5,0,100,93.85827092,3.878026102,100,96.4228,3.53929174,100,8.850264163,0.003540106,0.089239209,0.005949281,0,0.38780261,0.353929174
random_walk,50,5,15,0,184,0.92,2412.05,86.77410299,100,0.96482,0.034709641,100,14.47,0.834302467,100,0.964666667,0.055620164,100,5,0,100,94.30446471,3.804474911,100,96.48,3.470631765,100,8.677410299,0.003470964,0.083430247,0.005562016,0,0.380447491,0.347063177
random_walk,50,5,15,0,185,0.925,2412.97,86.82996911,100,0.965188,0.034731988,100,14.48,0.8224133,100,0.965333333,0.054827553,100,5,0,100,94.77513434,3.833795689,100,96.5176,3.472260382,100,8.682996911,0.003473199,0.08224133,0.005482755,0,0.383379569,0.347226038
random_walk,50,5,15,0,186,0.93,2414.05,86.34022144,100,0.96562,0.034536089,100,14.48,0.8224133,100,0.965333333,0.054827553,100,5,0,100,95.23783739,3.833125167,100,96.5604,3.455892324,100,8.634022144,0.003453609,0.08224133,0.005482755,0,0.383312517,0.345589232
random_walk,50,5,15,0,187,0.935,2415.37,85.00619764,100,0.966148,0.034002479,100,14.49,0.810225059,100,0.966,0.054015004,100,5,0,100,95.68720572,3.785674699,100,96.6128,3.399968532,100,8.500619764,0.003400248,0.081022506,0.0054015,0,0.37856747,0.339996853
random_walk,50,5,15,0,188,0.94,2416.35,84.06171074,100,0.96654,0.033624684,100,14.5,0.810287391,100,0.966666667,0.054019159,100,5,0,100,96.15253872,3.7608136,100,96.6532,3.36241402,100,8.406171074,0.003362468,0.081028739,0.005401916,0,0.37608136,0.336241402
random_walk,50,5,15,0,189,0.945,2417.27,83.39886575,100,0.966908,0.033359546,100,14.51,0.810225059,100,0.967333333,0.054015004,100,5,0,100,96.6198955,3.744853223,100,96.6892,3.337257593,100,8.339886575,0.003335955,0.081022506,0.0054015,0,0.374485322,0.333725759
random_walk,50,5,15,0,190,0.95,2418.23,82.35729684,100,0.967292,0.032942919,100,14.52,0.810038034,100,0.968,0.054002536,100,5,0,100,97.08423843,3.712325212,100,96.7276,3.294708068,100,8.235729684,0.003294292,0.081003803,0.005400254,0,0.371232521,0.329470807
random_walk,50,5,15,0,191,0.955,2419.56,81.17922807,100,0.967824,0.032471691,100,14.53,0.758187632,100,0.968666667,0.050545842,100,5,0,100,97.53287698,3.678150882,100,96.7804,3.247025654,100,8.117922807,0.003247169,0.075818763,0.005054584,0,0.367815088,0.324702565
random_walk,50,5,15,0,192,0.96,2420.57,80.4180058,100,0.968228,0.032167202,100,14.54,0.757721198,100,0.969333333,0.050514747,100,5,0,100,97.99594347,3.672476249,100,96.822,3.215957058,100,8.04180058,0.00321672,0.07577212,0.005051475,0,0.367247625,0.321595706
random_walk,50,5,15,0,193,0.965,2421.8,79.5452987,100,0.96872,0.031818119,100,14.55,0.757121076,100,0.97,0.050474738,100,5,0,100,98.4492237,3.666640379,100,96.8704,3.182513434,100,7.95452987,0.003181812,0.075712108,0.005047474,0,0.366664038,0.318251343
random_walk,50,5,15,0,194,0.97,2422.91,78.6793897,100,0.969164,0.031471756,100,14.56,0.756386946,100,0.970666667,0.050425796,100,5,0,100,98.907458,3.656752681,100,96.9148,3.147532778,100,7.86793897,0.003147176,0.075638695,0.00504258,0,0.365675268,0.314753278
random_walk,50,5,15,0,195,0.975,2424.2,77.16242871,100,0.96968,0.030864971,100,14.56,0.756386946,100,0.970666667,0.050425796,100,5,0,100,99.35481206,3.616234186,100,96.9672,3.086661457,100,7.716242871,0.003086497,0.075638695,0.00504258,0,0.361623419,0.308666146
random_walk,50,5,15,0,196,0.98,2425.2,74.88631114,100,0.97008,0.029954524,100,14.56,0.756386946,100,0.970666667,0.050425796,100,5,0,100,99.81166245,3.518916307,100,97.0068,2.994357279,100,7.488631114,0.002995452,0.075638695,0.00504258,0,0.351891631,0.299435728
random_walk,50,5,15,0,197,0.985,2426.29,73.25357853,100,0.970516,0.029301431,100,14.56,0.756386946,100,0.970666667,0.050425796,100,5,0,100,100.2663664,3.464890753,100,97.0484,2.931631986,100,7.325357853,0.002930143,0.075638695,0.00504258,0,0.346489075,0.293163199
random_walk,50,5,15,0,198,0.99,2427.48,71.09752585,100,0.970992,0.02843901,100,14.56,0.756386946,100,0.970666667,0.050425796,100,5,0,100,100.7145271,3.382545434,100,97.096,2.845437958,100,7.109752585,0.002843901,0.075638695,0.00504258,0,0.338254543,0.284543796
random_walk,50,5,15,0,199,0.995,2428.89,69.56283331,100,0.971556,0.027825133,100,14.57,0.755518419,100,0.971333333,0.050367895,100,5,0,100,101.1564536,3.332920332,100,97.1536,2.782616863,100,6.956283331,0.002782513,0.075551842,0.005036789,0,0.333292033,0.278261686
random_walk,50,5,15,0,200,1,2429.65,69.1403747,100,0.97186,0.02765615,100,14.57,0.755518419,100,0.971333333,0.050367895,100,5,0,100,101.6284007,3.347785215,100,97.184,2.764987442,100,6.91403747,0.002765615,0.075551842,0.005036789,0,0.334778522,0.276498744
random_walk,100,10,30,0,0,0,0,0,100,0,0,100,0,0,100,0,0,100,10,0,100,0,0,100,0,0,100,0,0,0,0,0,0,0
random_walk,100,10,30,0,1,0.005,539.32,40.92068702,100,0.053932,0.004092069,100,1.36,1.096551067,100,0.045333333,0.036551702,100,10,0,100,9.266363967,0.697153347,100,5.2501,0.399318852,100,4.092068702,0.000409207,0.109655107,0.00365517,0,0.069715335,0.039931885
random_walk,100,10,30,0,2,0.01,859.36,66.01522934,100,0.085936,0.006601523,100,2.19,1.426268707,100,0.073,0.04754229,100,10,0,100,11.63630496,0.883756197,100,8.4718,0.654483187,100,6.601522934,0.000660152,0.142626871,0.004754229,0,0.08837562,0.065448319
random_walk,100,10,30,0,3,0.015,1142.53,87.84610683,100,0.114253,0.008784611,100,3.13,1.834875385,100,0.104333333,0.061162513,100,10,0,100,13.12976267,1.007361008,100,11.3144,0.873340643,100,8.784610683,0.000878461,0.183487538,0.006116251,0,0.100736101,0.087334064
random_walk,100,10,30,0,4,0.02,1397.56,109.5899907,100,0.139756,0.010958999,100,3.88,1.876381646,100,0.129333333,0.062546055,100,10,0,100,14.31694767,1.12823738,100,13.8733,1.090523973,100,10.95899907,0.0010959,0.187638165,0.006254605,0,0.112823738,0.109052397
random_walk,100,10,30,0,5,0.025,1640.48,129.9863614,100,0.164048,0.012998636,100,4.61,2.004515105,100,0.153666667,0.06681717,100,10,0,100,15.24828851,1.211083772,100,16.3081,1.29746271,100,12.99863614,0.001299864,0.200451511,0.006681717,0,0.121108377,0.129746271
random_walk,100,10,30,0,6,0.03,1875.04,145.4637947,100,0.187504,0.014546379,100,5.17,2.079505574,100,0.172333333,0.069316852,100,10,0,100,16.00556629,1.257655677,100,18.6606,1.454001667,100,14.54637947,0.001454638,0.207950557,0.006931685,0,0.125765568,0.145400167
random_walk,100,10,30,0,7,0.035,2088.16,162.3092024,100,0.208816,0.01623092,100,5.82,2.147961213,100,0.194,0.071598707,100,10,0,100,16.76676525,1.331346303,100,20.7953,1.621707826,100,16.23092024,0.001623092,0.214796121,0.007159871,0,0.13313463,0.162170783
random_walk,100,10,30,0,8,0.04,2287.49,180.33759,100,0.228749,0.018033759,100,6.38,2.241842676,100,0.212666667,0.074728089,100,10,0,100,17.49489329,1.400524347,100,22.7919,1.801122375,100,18.033759,0.001803376,0.224184268,0.007472809,0,0.140052435,0.180112237
random_walk,100,10,30,0,9,0.045,2484.17,192.4326489,100,0.248417,0.019243265,100,6.89,2.399052843,100,0.229666667,0.079968428,100,10,0,100,18.11714602,1.412183799,100,24.7609,1.924813566,100,19.24326489,0.001924326,0.239905284,0.007996843,0,0.14121838,0.192481357
random_walk,100,10,30,0,10,0.05,2669.78,206.8467729,100,0.266978,0.020684677,100,7.4,2.445362546,100,0.246666667,0.081512085,100,10,0,100,18.72861567,1.451805876,100,26.6197,2.060141927,100,20.68467729,0.002068468,0.244536255,0.008151208,0,0.145180588,0.206014193
random_walk,100,10,30,0,11,0.055,2851.37,219.9523665,100,0.285137,0.021995237,100,7.86,2.514684148,100,0.262,0.083822805,100,10,0,100,19.28830206,1.494868009,100,28.4354,2.194334035,100,21.99523665,0.002199524,0.251468415,0.00838228,0,0.149486801,0.219433404
random_walk,100,10,30,0,12,0.06,3024.79,235.206348,100,0.302479,0.023520635,100,8.51,2.583924664,100,0.283666667,0.086130822,100,10,0,100,19.83666356,1.560232078,100,30.1757,2.350277549,100,23.5206348,0.002352063,0.258392466,0.008613082,0,0.156023208,0.235027755
random_walk,100,10,30,0,13,0.065,3191.81,244.4634072,100,0.319181,0.024446341,100,9.05,2.694457461,100,0.301666667,0.089815249,100,10,0,100,20.36256996,1.573507513,100,31.85,2.441629279,100,24.44634072,0.002444634,0.269445746,0.008981525,0,0.157350751,0.244162928
random_walk,100,10,30,0,14,0.07,3348.34,251.1940865,100,0.334834,0.025119409,100,9.4,2.748737084,100,0.313333333,0.091624569,100,10,0,100,20.89864929,1.578895863,100,33.4164,2.50565805,100,25.11940865,0.002511941,0.274873708,0.009162457,0,0.157889586,0.250565805
random_walk,100,10,30,0,15,0.075,3500.23,262.18017,100,0.350023,0.026218017,100,9.9,2.787055214,100,0.33,0.09290184,100,10,0,100,21.420616,1.626338989,100,34.9408,2.612587896,100,26.218017,0.002621802,0.278705521,0.009290184,0,0.162633899,0.26125879
random_walk,100,10,30,0,16,0.08,3649.19,275.7093219,100,0.364919,0.027570932,100,10.27,2.7,100,0.342333333,0.09,100,10,0,100,21.91909345,1.688644132,100,36.4316,2.75219021,100,27.57093219,0.002757093,0.27,0.009,0,0.168864413,0.275219021
random_walk,100,10,30,0,17,0.085,3789.86,286.2999776,100,0.378986,0.028629998,100,10.67,2.700748119,100,0.355666667,0.090024937,100,10,0,100,22.42484803,1.72224407,100,37.8397,2.860192992,100,28.62999776,0.002863,0.270074812,0.009002494,0,0.172224407,0.286019299
random_walk,100,10,30,0,18,0.09,3925.95,299.8244731,100,0.392595,0.029982447,100,11.13,2.699251673,100,0.371,0.089975056,100,10,0,100,22.92347569,1.784636725,100,39.1981,2.990915435,100,29.98244731,0.002998245,0.269925167,0.008997506,0,0.178463673,0.299091544
random_walk,100,10,30,0,19,0.095,4065.3,308.726956,100,0.40653,0.030872696,100,11.64,2.754317089,100,0.388,0.09181057,100,10,0,100,23.36607927,1.810742181,100,40.5976,3.079400808,100,30.8726956,0.00308727,0.275431709,0.009181057,0,0.181074218,0.307940081
random_walk,100,10,30,0,20,0.1,4195.36,319.9391205,100,0.419536,0.031993912,100,12,2.64384171,100,0.4,0.088128057,100,10,0,100,23.83393237,1.857570723,100,41.9017,3.193892231,100,31.99391205,0.003199391,0.264384171,0.008812806,0,0.185757072,0.319389223
random_walk,100,10,30,0,21,0.105,4321.5,326.3591472,100,0.43215,0.032635915,100,12.29,2.656400694,100,0.409666667,0.08854669,100,10,0,100,24.29154693,1.864344672,100,43.1651,3.256683414,100,32.63591472,0.003263591,0.265640069,0.008854669,0,0.186434467,0.325668341
random_walk,100,10,30,0,22,0.11,4441.78,332.9264359,100,0.444178,0.033292644,100,12.64,2.584022391,100,0.421333333,0.08613408,100,10,0,100,24.75691082,1.876088326,100,44.3666,3.323604354,100,33.29264359,0.003329264,0.258402239,0.008613408,0,0.187608833,0.332360435
random_walk,100,10,30,0,23,0.115,4557.48,343.7320862,100,0.455748,0.034373209,100,13.01,2.649547322,100,0.433666667,0.088318244,100,10,0,100,25.22690788,1.929701204,100,45.5242,3.431153524,100,34.37320862,0.003437321,0.264954732,0.008831824,0,0.19297012,0.343115352
random_walk,100,10,30,0,24,0.12,4674.86,358.6349828,100,0.467486,0.035863498,100,13.34,2.701365162,100,0.444666667,0.090045505,100,10,0,100,25.66756367,1.999971066,100,46.6986,3.580725343,100,35.86349828,0.00358635,0.270136516,0.009004551,0,0.199997107,0.358072534
random_walk,100,10,30,0,25,0.125,4782.85,369.4377758,100,0.478285,0.036943778,100,13.66,2.693876333,100,0.455333333,0.089795878,100,10,0,100,26.13539902,2.053926885,100,47.7807,3.687956992,100,36.94377758,0.003694378,0.269387633,0.008979588,0,0.205392688,0.368795699
random_walk,100,10,30,0,26,0.13,4889.79,384.4317411,100,0.488979,0.038443174,100,14.14,2.73037534,100,0.471333333,0.091012511,100,10,0,100,26.59071291,2.124665797,100,48.8545,3.835801676,100,38.44317411,0.003844317,0.273037534,0.009101251,0,0.21246658,0.383580168
random_walk,100,10,30,0,27,0.135,4994.59,393.964032,100,0.499459,0.039396403,100,14.44,2.757249398,100,0.481333333,0.091908313,100,10,0,100,27.03455106,2.168831144,100,49.8999,3.932391129,100,39.3964032,0.00393964,0.27572494,0.009190831,0,0.216883114,0.393239113
random_walk,100,10,30,0,28,0.14,5097.93,402.508429,100,0.509793,0.040250843,100,14.78,2.626900466,100,0.492666667,0.087563349,100,10,0,100,27.46836298,2.213408646,100,50.9377,4.020412275,100,40.2508429,0.004025084,0.262690047,0.008756335,0,0.221340865,0.402041227
random_walk,100,10,30,0,29,0.145,5202.08,409.9373857,100,0.520208,0.040993739,100,15.13,2.631030831,100,0.504333333,0.087701028,100,10,0,100,27.87897412,2.244010069,100,51.9805,4.093874551,100,40.99373857,0.004099374,0.263103083,0.008770103,0,0.224401007,0.409387455
random_walk,100,10,30,0,30,0.15,5297.25,418.747878,100,0.529725,0.041874788,100,15.43,2.682735676,100,0.514333333,0.089424523,100,10,0,100,28.32267337,2.29108924,100,52.9294,4.184739669,100,41.8747878,0.004187479,0.268273568,0.008942452,0,0.229108924,0.418473967
random_walk,100,10,30,0,31,0.155,5389.59,427.3935356,100,0.538959,0.042739354,100,15.71,2.675345725,100,0.523666667,0.089178191,100,10,0,100,28.76699036,2.346647408,100,53.8552,4.272244101,100,42.73935356,0.004273935,0.267534572,0.008917819,0,0.234664741,0.42722441
random_walk,100,10,30,0,32,0.16,5481.52,431.2759196,100,0.548152,0.043127592,100,15.97,2.709709441,100,0.532333333,0.090323648,100,10,0,100,29.19480264,2.370867196,100,54.7767,4.3084962,100,43.12759196,0.004312759,0.270970944,0.009032365,0,0.23708672,0.43084962
random_walk,100,10,30,0,33,0.165,5569.19,434.6924536,100,0.556919,0.043469245,100,16.3,2.702411942,100,0.543333333,0.090080398,100,10,0,100,29.63090685,2.388494429,100,55.6568,4.344200332,100,43.46924536,0.004346925,0.270241194,0.00900804,0,0.238849443,0.434420033
random_walk,100,10,30,0,34,0.17,5656.61,438.2559995,100,0.565661,0.0438256,100,16.65,2.705680519,100,0.555,0.090189351,100,10,0,100,30.05416515,2.409505385,100,56.5312,4.379337683,100,43.82559995,0.00438256,0.270568052,0.009018935,0,0.240950539,0.437933768
random_walk,100,10,30,0,35,0.175,5740.05,442.281673,100,0.574005,0.044228167,100,16.87,2.787616918,100,0.562333333,0.092920564,100,10,0,100,30.4864027,2.431170093,100,57.3646,4.420148638,100,44.2281673,0.004422817,0.278761692,0.009292056,0,0.243117009,0.442014864
random_walk,100,10,30,0,36,0.18,5827.24,443.5441996,100,0.582724,0.04435442,100,17.1,2.808716591,100,0.57,0.093623886,100,10,0,100,30.88354519,2.433724382,100,58.235,4.435182913,100,44.35441996,0.004435442,0.280871659,0.009362389,0,0.243372438,0.443518291
random_walk,100,10,30,0,37,0.185,5910.29,439.8168419,100,0.591029,0.043981684,100,17.38,2.695975302,100,0.579333333,0.089865843,100,10,0,100,31.28783693,2.417991361,100,59.0691,4.396484384,100,43.98168419,0.004398168,0.26959753,0.008986584,0,0.241799136,0.439648438
random_walk,100,10,30,0,38,0.19,5987.11,444.0132152,100,0.598711,0.044401322,100,17.59,2.685896574,100,0.586333333,0.089529886,100,10,0,100,31.72042062,2.448948339,100,59.838,4.439480359,100,44.40132152,0.004440132,0.268589657,0.008952989,0,0.244894834,0.443948036
random_walk,100,10,30,0,39,0.195,6060.83,443.5296229,100,0.606083,0.044352962,100,17.86,2.640094887,100,0.595333333,0.088003163,100,10,0,100,32.1542044,2.444590285,100,60.5759,4.434423447,100,44.35296229,0.004435296,0.264009489,0.008800316,0,0.244459029,0.443442345
random_walk,100,10,30,0,40,0.2,6136.79,448.1225097,100,0.613679,0.044812251,100,18.01,2.679872604,100,0.600333333,0.089329087,100,10,0,100,32.57028979,2.481040099,100,61.3369,4.479370829,100,44.81225097,0.004481225,0.26798726,0.008932909,0,0.24810401,0.447937083
random_walk,100,10,30,0,41,0.205,6204.3,449.5490558,100,0.62043,0.044954906,100,18.21,2.727691887,100,0.607,0.090923063,100,10,0,100,33.01865222,2.489971329,100,62.0102,4.494808224,100,44.95490558,0.004495491,0.272769189,0.009092306,0,0.248997133,0.449480822
random_walk,100,10,30,0,42,0.21,6267.96,454.681283,100,0.626796,0.045468128,100,18.39,2.773958991,100,0.613,0.0924653,100,10,0,100,33.47993473,2.517136764,100,62.6515,4.543179231,100,45.4681283,0.004546813,0.277395899,0.00924653,0,0.251713676,0.454317923
random_walk,100,10,30,0,43,0.215,6326.11,457.6815508,100,0.632611,0.045768155,100,18.57,2.778906841,100,0.619,0.092630228,100,10,0,100,33.96025843,2.541618838,100,63.2344,4.576684725,100,45.76815508,0.004576816,0.277890684,0.009263023,0,0.254161884,0.457668472
random_walk,100,10,30,0,44,0.22,6387.34,463.6937168,100,0.638734,0.046369372,100,18.81,2.787761855,100,0.627,0.092925395,100,10,0,100,34.41797633,2.590817952,100,63.8451,4.636038124,100,46.36937168,0.004636937,0.278776186,0.00929254,0,0.259081795,0.463603812
random_walk,100,10,30,0,45,0.225,6451.35,469.5496956,100,0.645135,0.04695497,100,18.98,2.806845888,100,0.632666667,0.09356153,100,10,0,100,34.85279122,2.643721422,100,64.4853,4.696378242,100,46.95496956,0.004695497,0.280684589,0.009356153,0,0.264372142,0.469637824
random_walk,100,10,30,0,46,0.23,6519.26,472.0866771,100,0.651926,0.047208668,100,19.2,2.788866755,100,0.64,0.092962225,100,10,0,100,35.25394389,2.656247481,100,65.1622,4.719435547,100,47.20866771,0.004720867,0.278886676,0.009296223,0,0.265624748,0.471943555
random_walk,100,10,30,0,47,0.235,6583.79,475.2538991,100,0.658379,0.04752539,100,19.39,2.763013287,100,0.646333333,0.092100443,100,10,0,100,35.6653751,2.677330229,100,65.8109,4.753420267,100,47.52538991,0.004752539,0.276301329,0.009210044,0,0.267733023,0.475342027
random_walk,100,10,30,0,48,0.24,6647.74,475.4478085,100,0.664774,0.047544781,100,19.67,2.700748119,100,0.655666667,0.090024937,100,10,0,100,36.07009284,2.685735981,100,66.4495,4.754780556,100,47.54478085,0.004754478,0.270074812,0.009002494,0,0.268573598,0.475478056
random_walk,100,10,30,0,49,0.245,6710.41,478.4948433,100,0.671041,0.047849484,100,19.86,2.71553704,100,0.662,0.090517901,100,10,0,100,36.47572986,2.705864937,100,67.0799,4.786019517,100,47.84948433,0.004784948,0.271553704,0.00905179,0,0.270586494,0.478601952
random_walk,100,10,30,0,50,0.25,6770.03,478.8513077,100,0.677003,0.047885131,100,19.97,2.705979163,100,0.665666667,0.090199305,100,10,0,100,36.88982755,2.725581262,100,67.6751,4.790685089,100,47.88513077,0.004788513,0.270597916,0.009019931,0,0.272558126,0.479068509
random_walk,100,10,30,0,51,0.255,6830.38,475.1678019,100,0.683038,0.04751678,100,20.12,2.760764058,100,0.670666667,0.092025469,100,10,0,100,37.28981698,2.716104618,100,68.2783,4.752223521,100,47.51678019,0.004751678,0.276076406,0.009202547,0,0.271610462,0.475222352
random_walk,100,10,30,0,52,0.26,6889.43,474.424122,100,0.688943,0.047442412,100,20.24,2.752849763,100,0.674666667,0.091761659,100,10,0,100,37.69197647,2.724270937,100,68.8686,4.744940957,100,47.4424122,0.004744241,0.275284976,0.009176166,0,0.272427094,0.474494096
random_walk,100,10,30,0,53,0.265,6942.88,471.1796561,100,0.694288,0.047117966,100,20.34,2.727414138,100,0.678,0.090913805,100,10,0,100,38.11511851,2.71267954,100,69.4033,4.712111636,100,47.11796561,0.004711797,0.272741414,0.00909138,0,0.271267954,0.471211164
random_walk,100,10,30,0,54,0.27,6994.62,469.3888091,100,0.699462,0.046938881,100,20.46,2.702112903,100,0.682,0.09007043,100,10,0,100,38.54219881,2.70382893,100,69.9236,4.69325123,100,46.93888091,0.004693888,0.27021129,0.009007043,0,0.270382893,0.469325123
random_walk,100,10,30,0,55,0.275,7047.16,465.5735188,100,0.704716,0.046557352,100,20.62,2.67717626,100,0.687333333,0.089239209,100,10,0,100,38.95773067,2.683933944,100,70.4474,4.656873191,100,46.55735188,0.004655735,0.267717626,0.008923921,0,0.268393394,0.465687319
random_walk,100,10,30,0,56,0.28,7098.02,464.2157496,100,0.709802,0.046421575,100,20.72,2.670754443,100,0.690666667,0.089025148,100,10,0,100,39.37903227,2.692707768,100,70.9568,4.644635633,100,46.42157496,0.004642157,0.267075444,0.008902515,0,0.269270777,0.464463563
random_walk,100,10,30,0,57,0.285,7149.95,460.4623363,100,0.714995,0.046046234,100,20.86,2.62474626,100,0.695333333,0.087491542,100,10,0,100,39.78573092,2.677563837,100,71.479,4.607608442,100,46.04623363,0.004604623,0.262474626,0.008749154,0,0.267756384,0.460760844
random_walk,100,10,30,0,58,0.29,7203.13,457.7165029,100,0.720313,0.04577165,100,20.98,2.550420841,100,0.699333333,0.085014028,100,10,0,100,40.18013416,2.670630019,100,72.0098,4.578514377,100,45.77165029,0.004577165,0.255042084,0.008501403,0,0.267063002,0.457851438
random_walk,100,10,30,0,59,0.295,7252.7,458.0371274,100,0.72527,0.045803713,100,21.15,2.524126011,100,0.705,0.084137534,100,10,0,100,40.59146132,2.675056914,100,72.5069,4.581527401,100,45.80371274,0.004580371,0.252412601,0.008413753,0,0.267505691,0.45815274
random_walk,100,10,30,0,60,0.3,7301.74,456.5559614,100,0.730174,0.045655596,100,21.27,2.557836049,100,0.709,0.085261202,100,10,0,100,40.99937997,2.675029642,100,72.9968,4.56720034,100,45.65559614,0.00456556,0.255783605,0.00852612,0,0.267502964,0.456720034
random_walk,100,10,30,0,61,0.305,7347.87,457.9932657,100,0.734787,0.045799327,100,21.4,2.581988897,100,0.713333333,0.086066297,100,10,0,100,41.41963797,2.686568842,100,73.462,4.580438645,100,45.79932657,0.004579933,0.25819889,0.00860663,0,0.268656884,0.458043865
random_walk,100,10,30,0,62,0.31,7396.24,461.8601634,100,0.739624,0.046186016,100,21.59,2.625034872,100,0.719666667,0.087501162,100,10,0,100,41.82385233,2.716359093,100,73.9396,4.620443356,100,46.18601634,0.004618602,0.262503487,0.008750116,0,0.271635909,0.462044336
random_walk,100,10,30,0,63,0.315,7439.78,462.5803033,100,0.743978,0.04625803,100,21.68,2.569754145,100,0.722666667,0.085658471,100,10,0,100,42.24836367,2.731161373,100,74.3769,4.627080738,100,46.25803033,0.004625803,0.256975414,0.008565847,0,0.273116137,0.462708074
random_walk,100,10,30,0,64,0.32,7493.19,461.8078593,100,0.749319,0.046180786,100,21.88,2.527745033,100,0.729333333,0.084258168,100,10,0,100,42.6107756,2.737013123,100,74.9106,4.618026125,100,46.18078593,0.004618079,0.252774503,0.008425817,0,0.273701312,0.461802613
random_walk,100,10,30,0,65,0.325,7537.54,462.977745,100,0.753754,0.046297774,100,21.97,2.540400827,100,0.732333333,0.084680028,100,10,0,100,43.02044116,2.755252196,100,75.3569,4.632879353,100,46.2977745,0.004629777,0.254040083,0.008468003,0,0.27552522,0.463287935
random_walk,100,10,30,0,66,0.33,7583.54,464.7186924,100,0.758354,0.046471869,100,22.13,2.509195211,100,0.737666667,0.08363984,100,10,0,100,43.41631977,2.77620315,100,75.8164,4.650741338,100,46.47186924,0.004647187,0.250919521,0.008363984,0,0.277620315,0.465074134
random_walk,100,10,30,0,67,0.335,7625.96,460.7174449,100,0.762596,0.046071744,100,22.33,2.514824732,100,0.744333333,0.083827491,100,10,0,100,43.82445699,2.762332092,100,76.2409,4.608820944,100,46.07174449,0.004607174,0.251482473,0.008382749,0,0.276233209,0.460882094
random_walk,100,10,30,0,68,0.34,7668.51,460.8849304,100,0.766851,0.046088493,100,22.45,2.49190609,100,0.748333333,0.083063536,100,10,0,100,44.22984736,2.76799457,100,76.6676,4.610788429,100,46.08849304,0.004608849,0.249190609,0.008306354,0,0.276799457,0.461078843
random_walk,100,10,30,0,69,0.345,7711.43,464.0386664,100,0.771143,0.046403867,100,22.58,2.474843123,100,0.752666667,0.082494771,100,10,0,100,44.63114124,2.802150517,100,77.0941,4.641798697,100,46.40386664,0.004640387,0.247484312,0.008249477,0,0.280215052,0.46417987
random_walk,100,10,30,0,70,0.35,7753.5,465.0044748,100,0.77535,0.046500447,100,22.7,2.472066162,100,0.756666667,0.082402205,100,10,0,100,45.03111141,2.820736659,100,77.518,4.652650814,100,46.50044748,0.004650045,0.247206616,0.008240221,0,0.282073666,0.465265081
random_walk,100,10,30,0,71,0.355,7790.62,466.415014,100,0.779062,0.046641501,100,22.81,2.485086833,100,0.760333333,0.082836228,100,10,0,100,45.4565357,2.842499925,100,77.8909,4.66798663,100,46.6415014,0.00466415,0.248508683,0.008283623,0,0.284249992,0.466798663
random_walk,100,10,30,0,72,0.36,7824.53,465.6956663,100,0.782453,0.046569567,100,22.9,2.455667533,100,0.763333333,0.081855584,100,10,0,100,45.89532811,2.854142458,100,78.2297,4.658131471,100,46.56956663,0.004656957,0.245566753,0.008185558,0,0.285414246,0.465813147
random_walk,100,10,30,0,73,0.365,7863.45,470.6624683,100,0.786345,0.047066247,100,23.04,2.424287878,100,0.768,0.080809596,100,10,0,100,46.30449957,2.901425819,100,78.6178,4.707178181,100,47.06624683,0.004706625,0.242428788,0.00808096,0,0.290142582,0.470717818
random_walk,100,10,30,0,74,0.37,7900.76,470.8406005,100,0.790076,0.04708406,100,23.14,2.399579088,100,0.771333333,0.07998597,100,10,0,100,46.71555651,2.918214025,100,78.9903,4.709579418,100,47.08406005,0.004708406,0.239957909,0.007998597,0,0.291821402,0.470957942
random_walk,100,10,30,0,75,0.375,7935.78,471.9123052,100,0.793578,0.047191231,100,23.21,2.383847158,100,0.773666667,0.079461572,100,10,0,100,47.13748182,2.941004739,100,79.3425,4.72032664,100,47.19123052,0.004719123,0.238384716,0.007946157,0,0.294100474,0.472032664
random_walk,100,10,30,0,76,0.38,7968.95,474.0668532,100,0.796895,0.047406685,100,23.32,2.369332685,100,0.777333333,0.078977756,100,10,0,100,47.56775043,2.972524255,100,79.6738,4.741472895,100,47.40668532,0.004740669,0.236933269,0.007897776,0,0.297252425,0.474147289
random_walk,100,10,30,0,77,0.385,8001.81,474.2088296,100,0.800181,0.047420883,100,23.4,2.357022604,100,0.78,0.07856742,100,10,0,100,47.99458603,2.990705476,100,80.0013,4.74372582,100,47.42088296,0.004742088,0.23570226,0.007856742,0,0.299070548,0.474372582
random_walk,100,10,30,0,78,0.39,8034.84,472.5713183,100,0.803484,0.047257132,100,23.47,2.298242631,100,0.782333333,0.076608088,100,10,0,100,48.41559655,2.994155818,100,80.3324,4.728798963,100,47.25713183,0.004725713,0.229824263,0.007660809,0,0.299415582,0.472879896
random_walk,100,10,30,0,79,0.395,8069.13,472.842867,100,0.806913,0.047284287,100,23.63,2.290317785,100,0.787666667,0.076343926,100,10,0,100,48.82673674,3.010437362,100,80.6763,4.728173597,100,47.2842867,0.004728429,0.229031778,0.007634393,0,0.301043736,0.47281736
random_walk,100,10,30,0,80,0.4,8103.33,475.2081533,100,0.810333,0.047520815,100,23.73,2.260128717,100,0.791,0.075337624,100,10,0,100,49.23559412,3.03782412,100,81.0186,4.753243873,100,47.52081533,0.004752082,0.226012872,0.007533762,0,0.303782412,0.475324387
random_walk,100,10,30,0,81,0.405,8139.7,476.2168146,100,0.81397,0.047621681,100,23.82,2.306687686,100,0.794,0.07688959,100,10,0,100,49.62693589,3.052460304,100,81.3805,4.762335047,100,47.62168146,0.004762168,0.230668769,0.007688959,0,0.30524603,0.476233505
random_walk,100,10,30,0,82,0.41,8171.16,476.5616057,100,0.817116,0.047656161,100,23.89,2.282542442,100,0.796333333,0.076084748,100,10,0,100,50.04506412,3.071903315,100,81.6974,4.768916532,100,47.65616057,0.004765616,0.228254244,0.007608475,0,0.307190332,0.476891653
random_walk,100,10,30,0,83,0.415,8202.56,478.8117515,100,0.820256,0.047881175,100,24,2.291838837,100,0.8,0.076394628,100,10,0,100,50.46157141,3.102124534,100,82.0105,4.788935559,100,47.88117515,0.004788118,0.229183884,0.007639463,0,0.310212453,0.478893556
random_walk,100,10,30,0,84,0.42,8230.88,479.9709646,100,0.823088,0.047997096,100,24.14,2.229372335,100,0.804666667,0.074312411,100,10,0,100,50.89328363,3.126043204,100,82.2961,4.803135528,100,47.99709646,0.00479971,0.222937234,0.007431241,0,0.31260432,0.480313553
random_walk,100,10,30,0,85,0.425,8258.77,479.6217966,100,0.825877,0.04796218,100,24.2,2.247332875,100,0.806666667,0.074911096,100,10,0,100,51.3240974,3.140038412,100,82.5734,4.798343616,100,47.96217966,0.004796218,0.224733287,0.00749111,0,0.314003841,0.479834362
random_walk,100,10,30,0,86,0.43,8285.02,478.8514031,100,0.828502,0.04788514,100,24.27,2.192065582,100,0.809,0.073068853,100,10,0,100,51.76146759,3.153341492,100,82.8375,4.789877663,100,47.88514031,0.004788514,0.219206558,0.007306885,0,0.315334149,0.478987766
random_walk,100,10,30,0,87,0.435,8310.49,479.637584,100,0.831049,0.047963758,100,24.32,2.205960704,100,0.810666667,0.073532023,100,10,0,100,52.20285306,3.179410803,100,83.0919,4.797032057,100,47.9637584,0.004796376,0.22059607,0.007353202,0,0.31794108,0.479703206
random_walk,100,10,30,0,88,0.44,8336.18,481.8040882,100,0.833618,0.048180409,100,24.42,2.211905344,100,0.814,0.073730178,100,10,0,100,52.64093187,3.216326278,100,83.3492,4.820768135,100,48.18040882,0.004818041,0.221190534,0.007373018,0,0.321632628,0.482076814
random_walk,100,10,30,0,89,0.445,8364.15,480.0924443,100,0.836415,0.048009244,100,24.53,2.171695795,100,0.817666667,0.07238986,100,10,0,100,53.05896367,3.225146365,100,83.6299,4.803133761,100,48.00924443,0.004800924,0.21716958,0.007238986,0,0.322514636,0.480313376
random_walk,100,10,30,0,90,0.45,8390.96,480.7043847,100,0.839096,0.048070438,100,24.57,2.166107154,100,0.819,0.072203572,100,10,0,100,53.4831473,3.251443575,100,83.8961,4.808218531,100,48.07043847,0.004807044,0.216610715,0.007220357,0,0.325144357,0.480821853
random_walk,100,10,30,0,91,0.455,8415.46,478.3861637,100,0.841546,0.047838616,100,24.63,2.177270091,100,0.821,0.07257567,100,10,0,100,53.91746966,3.258628063,100,84.1434,4.786736561,100,47.83861637,0.004783862,0.217727009,0.007257567,0,0.325862806,0.478673656
random_walk,100,10,30,0,92,0.46,8440.09,477.1997886,100,0.844009,0.047719979,100,24.74,2.158469342,100,0.824666667,0.071948978,100,10,0,100,54.34902887,3.262155058,100,84.3876,4.774968638,100,47.71997886,0.004771998,0.215846934,0.007194898,0,0.326215506,0.477496864
random_walk,100,10,30,0,93,0.465,8462.33,476.7955125,100,0.846233,0.047679551,100,24.84,2.149559504,100,0.828,0.071651983,100,10,0,100,54.79396836,3.27828544,100,84.6111,4.768719815,100,47.67955125,0.004767955,0.21495595,0.007165198,0,0.327828544,0.476871982
random_walk,100,10,30,0,94,0.47,8483.72,474.4544359,100,0.848372,0.047445444,100,24.9,2.153221688,100,0.83,0.071774056,100,10,0,100,55.24083545,3.280150494,100,84.8264,4.748269971,100,47.44544359,0.004744544,0.215322169,0.007177406,0,0.328015049,0.474826997
random_walk,100,10,30,0,95,0.475,8506.72,471.6303355,100,0.850672,0.047163034,100,24.95,2.180607829,100,0.831666667,0.072686928,100,10,0,100,55.67511095,3.284481858,100,85.0558,4.719927062,100,47.16303355,0.004716303,0.218060783,0.007268693,0,0.328448186,0.471992706
random_walk,100,10,30,0,96,0.48,8528.92,467.5239027,100,0.852892,0.04675239,100,25.05,2.161999636,100,0.835,0.072066655,100,10,0,100,56.11036159,3.267817044,100,85.2797,4.677925478,100,46.75239027,0.004675239,0.216199964,0.007206665,0,0.326781704,0.467792548
random_walk,100,10,30,0,97,0.485,8549.95,465.1819102,100,0.854995,0.046518191,100,25.12,2.142782105,100,0.837333333,0.07142607,100,10,0,100,56.55266321,3.27473306,100,85.4888,4.654422092,100,46.51819102,0.004651819,0.214278211,0.007142607,0,0.327473306,0.465442209
random_walk,100,10,30,0,98,0.49,8571.28,462.4443855,100,0.857128,0.046244439,100,25.17,2.132267726,100,0.839,0.071075591,100,10,0,100,56.99069709,3.276017882,100,85.7019,4.627383731,100,46.24443855,0.004624444,0.213226773,0.007107559,0,0.327601788,0.462738373
random_walk,100,10,30,0,99,0.495,8588.86,462.5197134,100,0.858886,0.046251971,100,25.21,2.128664398,100,0.840333333,0.07095548,100,10,0,100,57.45445217,3.301430264,100,85.8806,4.626979472,100,46.25197134,0.004625197,0.21286644,0.007095548,0,0.330143026,0.462697947
random_walk,100,10,30,0,100,0.5,8607.27,460.176972,100,0.860727,0.046017697,100,25.25,2.119533968,100,0.841666667,0.070651132,100,10,0,100,57.90831,3.305011537,100,86.0624,4.604894217,100,46.0176972,0.00460177,0.211953397,0.007065113,0,0.330501154,0.460489422
random_walk,100,10,30,0,101,0.505,8629.24,455.7548987,100,0.862924,0.04557549,100,25.32,2.140895687,100,0.844,0.07136319,100,10,0,100,58.33400133,3.288886731,100,86.283,4.560309333,100,45.57548987,0.004557549,0.214089569,0.007136319,0,0.328888673,0.456030933
random_walk,100,10,30,0,102,0.51,8650.12,455.2985984,100,0.865012,0.04552986,100,25.39,2.15038169,100,0.846333333,0.07167939,100,10,0,100,58.76806716,3.301658399,100,86.4915,4.555834393,100,45.52985984,0.004552986,0.215038169,0.007167939,0,0.33016584,0.455583439
random_walk,100,10,30,0,103,0.515,8669.51,454.1206286,100,0.866951,0.045412063,100,25.45,2.152635218,100,0.848333333,0.071754507,100,10,0,100,59.20974359,3.307478065,100,86.686,4.543498407,100,45.41206286,0.004541206,0.215263522,0.007175451,0,0.330747807,0.454349841
random_walk,100,10,30,0,104,0.52,8687.98,455.2657783,100,0.868798,0.045526578,100,25.48,2.167156122,100,0.849333333,0.072238537,100,10,0,100,59.65765338,3.336144631,100,86.87,4.554589871,100,45.52657783,0.004552658,0.216715612,0.007223854,0,0.333614463,0.455458987
random_walk,100,10,30,0,105,0.525,8709.25,456.2675844,100,0.870925,0.045626758,100,25.54,2.176179583,100,0.851333333,0.072539319,100,10,0,100,60.08429513,3.358728288,100,87.0825,4.563462573,100,45.62675844,0.004562676,0.217617958,0.007253932,0,0.335872829,0.456346257
random_walk,100,10,30,0,106,0.53,8730.2,457.0745137,100,0.87302,0.045707451,100,25.6,2.183501035,100,0.853333333,0.072783368,100,10,0,100,60.51098223,3.388152971,100,87.2921,4.572403672,100,45.70745137,0.004570745,0.218350103,0.007278337,0,0.338815297,0.457240367
random_walk,100,10,30,0,107,0.535,8752.95,454.0166947,100,0.875295,0.045401669,100,25.66,2.212088003,100,0.855333333,0.073736267,100,10,0,100,60.92016178,3.38342635,100,87.5189,4.542454482,100,45.40166947,0.004540167,0.2212088,0.007373627,0,0.338342635,0.454245448
random_walk,100,10,30,0,108,0.54,8773.23,453.5502123,100,0.877323,0.045355021,100,25.72,2.220565039,100,0.857333333,0.074018835,100,10,0,100,61.34668164,3.401908393,100,87.7217,4.53787363,100,45.35502123,0.004535502,0.222056504,0.007401883,0,0.340190839,0.453787363
random_walk,100,10,30,0,109,0.545,8794.97,447.1939325,100,0.879497,0.044719393,100,25.79,2.207860155,100,0.859666667,0.073595339,100,10,0,100,61.75592787,3.366345323,100,87.9412,4.474768383,100,44.71939325,0.004471939,0.220786016,0.007359534,0,0.336634532,0.447476838
random_walk,100,10,30,0,110,0.55,8812.68,444.2809622,100,0.881268,0.044428096,100,25.84,2.182205353,100,0.861333333,0.072740178,100,10,0,100,62.19469424,3.36416916,100,88.1188,4.445849564,100,44.42809622,0.00444281,0.218220535,0.007274018,0,0.336416916,0.444584956
random_walk,100,10,30,0,111,0.555,8829.59,442.8224008,100,0.882959,0.04428224,100,25.91,2.151320947,100,0.863666667,0.071710698,100,10,0,100,62.63815752,3.371417366,100,88.2896,4.43095537,100,44.28224008,0.004428224,0.215132095,0.00717107,0,0.337141737,0.443095537
random_walk,100,10,30,0,112,0.56,8847.61,440.5910377,100,0.884761,0.044059104,100,25.98,2.11765069,100,0.866,0.070588356,100,10,0,100,63.07174424,3.371722234,100,88.4677,4.409247595,100,44.05910377,0.00440591,0.211765069,0.007058836,0,0.337172223,0.440924759
random_walk,100,10,30,0,113,0.565,8865.52,439.8308555,100,0.886552,0.043983086,100,26.03,2.105572213,100,0.867666667,0.07018574,100,10,0,100,63.50560118,3.384168947,100,88.6482,4.400140581,100,43.98308555,0.004398309,0.210557221,0.007018574,0,0.338416895,0.440014058
random_walk,100,10,30,0,114,0.57,8881.36,439.0809391,100,0.888136,0.043908094,100,26.08,2.028484034,100,0.869333333,0.067616134,100,10,0,100,63.95259409,3.397514629,100,88.8068,4.392393535,100,43.90809391,0.004390809,0.202848403,0.006761613,0,0.339751463,0.439239354
random_walk,100,10,30,0,115,0.575,8896.74,438.7746164,100,0.889674,0.043877462,100,26.12,2.011482191,100,0.870666667,0.067049406,100,10,0,100,64.40122221,3.411660981,100,88.959,4.388835123,100,43.87746164,0.004387746,0.201148219,0.006704941,0,0.341166098,0.438883512
random_walk,100,10,30,0,116,0.58,8912.22,436.2317654,100,0.891222,0.043623177,100,26.21,1.996436219,100,0.873666667,0.066547874,100,10,0,100,64.84536219,3.403947477,100,89.1151,4.364346016,100,43.62317654,0.004362318,0.199643622,0.006654787,0,0.340394748,0.436434602
random_walk,100,10,30,0,117,0.585,8926.53,435.3631354,100,0.892653,0.043536314,100,26.24,1.995550606,100,0.874666667,0.066518354,100,10,0,100,65.29812313,3.412711342,100,89.2593,4.355487948,100,43.53631354,0.004353631,0.199555061,0.006651835,0,0.341271134,0.435548795
random_walk,100,10,30,0,118,0.59,8941.06,434.7275199,100,0.894106,0.043472752,100,26.28,2.015495528,100,0.876,0.067183184,100,10,0,100,65.74791671,3.420585811,100,89.4048,4.350753674,100,43.47275199,0.004347275,0.201549553,0.006718318,0,0.342058581,0.435075367
random_walk,100,10,30,0,119,0.595,8957.33,432.2372631,100,0.895733,0.043223726,100,26.37,1.98812129,100,0.879,0.06627071,100,10,0,100,66.18190806,3.41401807,100,89.5669,4.324103152,100,43.22372631,0.004322373,0.198812129,0.006627071,0,0.341401807,0.432410315
random_walk,100,10,30,0,120,0.6,8974.48,433.0386056,100,0.897448,0.043303861,100,26.41,2.020575975,100,0.880333333,0.067352533,100,10,0,100,66.61025502,3.432781992,100,89.7379,4.333411257,100,43.30386056,0.004330386,0.202057598,0.006735253,0,0.343278199,0.433341126
random_walk,100,10,30,0,121,0.605,8989.21,433.3463936,100,0.898921,0.043334639,100,26.45,2.021975232,100,0.881666667,0.067399174,100,10,0,100,67.05554135,3.457385448,100,89.8869,4.336690237,100,43.33463936,0.004333464,0.202197523,0.006739917,0,0.345738545,0.433669024
random_walk,100,10,30,0,122,0.61,9004.22,431.1950643,100,0.900422,0.043119506,100,26.55,1.950783318,100,0.885,0.065026111,100,10,0,100,67.49510049,3.453017203,100,90.0365,4.315090592,100,43.11950643,0.004311951,0.195078332,0.006502611,0,0.34530172,0.431509059
random_walk,100,10,30,0,123,0.615,9017.26,428.1311189,100,0.901726,0.042813112,100,26.58,1.970386826,100,0.886,0.065679561,100,10,0,100,67.94708232,3.440926401,100,90.1681,4.283001094,100,42.81311189,0.004281311,0.197038683,0.006567956,0,0.34409264,0.428300109
random_walk,100,10,30,0,124,0.62,9032.22,427.6519301,100,0.903222,0.042765193,100,26.63,1.952232599,100,0.887666667,0.06507442,100,10,0,100,68.38502938,3.450985679,100,90.3172,4.278652691,100,42.76519301,0.004276519,0.19522326,0.006507442,0,0.345098568,0.427865269
random_walk,100,10,30,0,125,0.625,9047.79,426.7296188,100,0.904779,0.042672962,100,26.7,1.94624736,100,0.89,0.064874912,100,10,0,100,68.81629895,3.455540814,100,90.4725,4.269886894,100,42.67296188,0.004267296,0.194624736,0.006487491,0,0.345554081,0.426988689
random_walk,100,10,30,0,126,0.63,9059.47,423.655269,100,0.905947,0.042365527,100,26.74,1.915487121,100,0.891333333,0.063849571,100,10,0,100,69.27363225,3.443405288,100,90.5898,4.238564647,100,42.3655269,0.004236553,0.191548712,0.006384957,0,0.344340529,0.423856465
random_walk,100,10,30,0,127,0.635,9070.87,421.6596036,100,0.907087,0.04216596,100,26.76,1.902258095,100,0.892,0.063408603,100,10,0,100,69.7338511,3.445922657,100,90.705,4.218981518,100,42.16596036,0.004216596,0.190225809,0.00634086,0,0.344592266,0.421898152
random_walk,100,10,30,0,128,0.64,9085.52,418.3282139,100,0.908552,0.041832821,100,26.8,1.864067454,100,0.893333333,0.062135582,100,10,0,100,70.16659621,3.434761761,100,90.8484,4.186472134,100,41.83282139,0.004183282,0.186406745,0.006213558,0,0.343476176,0.418647213
random_walk,100,10,30,0,129,0.645,9103.34,413.1863429,100,0.910334,0.041318634,100,26.88,1.810630785,100,0.896,0.060354359,100,10,0,100,70.57205567,3.405084183,100,91.0273,4.135015507,100,41.31863429,0.004131863,0.181063078,0.006035436,0,0.340508418,0.413501551
random_walk,100,10,30,0,130,0.65,9119.3,411.4384842,100,0.91193,0.041143848,100,26.94,1.813640794,100,0.898,0.060454693,100,10,0,100,70.99275529,3.410271738,100,91.1889,4.115850832,100,41.14384842,0.004114385,0.181364079,0.006045469,0,0.341027174,0.411585083
random_walk,100,10,30,0,131,0.655,9133.6,405.8024847,100,0.91336,0.040580248,100,27,1.7865943,100,0.9,0.059553143,100,10,0,100,71.42176259,3.374544022,100,91.3315,4.059405931,100,40.58024847,0.004058025,0.17865943,0.005955314,0,0.337454402,0.405940593
random_walk,100,10,30,0,132,0.66,9146.66,403.5611233,100,0.914666,0.040356112,100,27.04,1.780477748,100,0.901333333,0.059349258,100,10,0,100,71.86159103,3.373542881,100,91.4619,4.036673972,100,40.35611233,0.004035611,0.178047775,0.005934926,0,0.337354288,0.403667397
random_walk,100,10,30,0,133,0.665,9159.62,398.1690362,100,0.915962,0.039816904,100,27.08,1.779115658,100,0.902666667,0.059303855,100,10,0,100,72.2989616,3.344217143,100,91.5916,3.983621955,100,39.81690362,0.00398169,0.177911566,0.005930386,0,0.334421714,0.398362195
random_walk,100,10,30,0,134,0.67,9172.87,393.731659,100,0.917287,0.039373166,100,27.12,1.765436965,100,0.904,0.058847899,100,10,0,100,72.73332654,3.322218318,100,91.7242,3.937711272,100,39.3731659,0.003937317,0.176543696,0.00588479,0,0.332221832,0.393771127
random_walk,100,10,30,0,135,0.675,9185.07,390.1984539,100,0.918507,0.039019845,100,27.17,1.746887564,100,0.905666667,0.058229585,100,10,0,100,73.17595632,3.30973297,100,91.846,3.903304221,100,39.01984539,0.003901985,0.174688756,0.005822959,0,0.330973297,0.390330422
random_walk,100,10,30,0,136,0.68,9197.81,387.0166831,100,0.919781,0.038701668,100,27.21,1.736680917,100,0.907,0.057889364,100,10,0,100,73.61324915,3.294620078,100,91.9733,3.872489622,100,38.70166831,0.003870167,0.173668092,0.005788936,0,0.329462008,0.387248962
random_walk,100,10,30,0,137,0.685,9210.18,384.4864443,100,0.921018,0.038448644,100,27.25,1.719613534,100,0.908333333,0.057320451,100,10,0,100,74.05311105,3.286789322,100,92.0971,3.846069303,100,38.44864443,0.003844864,0.171961353,0.005732045,0,0.328678932,0.38460693
random_walk,100,10,30,0,138,0.69,9220.71,381.9773989,100,0.922071,0.03819774,100,27.31,1.679917025,100,0.910333333,0.055997234,100,10,0,100,74.50686849,3.280712003,100,92.2026,3.820290491,100,38.19773989,0.003819774,0.167991703,0.005599723,0,0.3280712,0.382029049
random_walk,100,10,30,0,139,0.695,9231.53,379.0156164,100,0.923153,0.037901562,100,27.34,1.683070787,100,0.911333333,0.05610236,100,10,0,100,74.95677853,3.269551191,100,92.3114,3.791265086,100,37.90156164,0.003790156,0.168307079,0.005610236,0,0.326955119,0.379126509
random_walk,100,10,30,0,140,0.7,9239.67,379.3716776,100,0.923967,0.037937168,100,27.38,1.680428036,100,0.912666667,0.056014268,100,10,0,100,75.42976072,3.291840118,100,92.3939,3.794494921,100,37.93716776,0.003793717,0.168042804,0.005601427,0,0.329184012,0.379449492
random_walk,100,10,30,0,141,0.705,9251,377.1447757,100,0.9251,0.037714478,100,27.43,1.683280827,100,0.914333333,0.056109361,100,10,0,100,75.87374901,3.289171243,100,92.5073,3.77258314,100,37.71447757,0.003771448,0.168328083,0.005610936,0,0.328917124,0.377258314
random_walk,100,10,30,0,142,0.71,9261.08,374.2261154,100,0.926108,0.037422612,100,27.46,1.690257287,100,0.915333333,0.05634191,100,10,0,100,76.32642546,3.277553522,100,92.6074,3.743455331,100,37.42261154,0.003742261,0.169025729,0.005634191,0,0.327755352,0.374345533
random_walk,100,10,30,0,143,0.715,9272.65,372.7564367,100,0.927265,0.037275644,100,27.51,1.714436622,100,0.917,0.057147887,100,10,0,100,76.76672423,3.279679656,100,92.724,3.729238284,100,37.27564367,0.003727564,0.171443662,0.005714789,0,0.327967966,0.372923828
random_walk,100,10,30,0,144,0.72,9283.83,371.1915581,100,0.928383,0.037119156,100,27.54,1.708091261,100,0.918,0.056936375,100,10,0,100,77.20942666,3.281890563,100,92.8355,3.71279398,100,37.11915581,0.003711916,0.170809126,0.005693638,0,0.328189056,0.371279398
random_walk,100,10,30,0,145,0.725,9293.7,371.4120612,100,0.92937,0.037141206,100,27.58,1.688822434,100,0.919333333,0.056294081,100,10,0,100,77.66289404,3.301544828,100,92.9346,3.715379019,100,37.14120612,0.003714121,0.168882243,0.005629408,0,0.330154483,0.371537902
random_walk,100,10,30,0,146,0.73,9302.28,371.0811417,100,0.930228,0.037108114,100,27.61,1.681119156,100,0.920333333,0.056037305,100,10,0,100,78.12594394,3.317281446,100,93.0197,3.712420174,100,37.10811417,0.003710811,0.168111916,0.005603731,0,0.331728145,0.371242017
random_walk,100,10,30,0,147,0.735,9311.08,371.3864735,100,0.931108,0.037138647,100,27.64,1.678864455,100,0.921333333,0.055962149,100,10,0,100,78.58680709,3.33537494,100,93.1081,3.714849724,100,37.13864735,0.003713865,0.167886446,0.005596215,0,0.333537494,0.371484972
random_walk,100,10,30,0,148,0.74,9320.98,370.3080612,100,0.932098,0.037030806,100,27.7,1.678744119,100,0.923333333,0.055958137,100,10,0,100,79.0362917,3.338397352,100,93.2075,3.704518501,100,37.03080612,0.003703081,0.167874412,0.005595814,0,0.333839735,0.37045185
random_walk,100,10,30,0,149,0.745,9329.24,368.4804483,100,0.932924,0.036848045,100,27.75,1.635311109,100,0.925,0.05451037,100,10,0,100,79.49818078,3.339055704,100,93.2891,3.685803257,100,36.84804483,0.003684804,0.163531111,0.005451037,0,0.33390557,0.368580326
random_walk,100,10,30,0,150,0.75,9337.26,366.8552578,100,0.933726,0.036685526,100,27.76,1.633735263,100,0.925333333,0.054457842,100,10,0,100,79.9617101,3.340321556,100,93.3704,3.669499435,100,36.68552578,0.003668553,0.163373526,0.005445784,0,0.334032156,0.366949943
random_walk,100,10,30,0,151,0.755,9344.95,365.0787483,100,0.934495,0.036507875,100,27.81,1.624900929,100,0.927,0.054163364,100,10,0,100,80.42713932,3.340509223,100,93.4468,3.652287475,100,36.50787483,0.003650787,0.162490093,0.005416336,0,0.334050922,0.365228747
random_walk,100,10,30,0,152,0.76,9354.68,362.522556,100,0.935468,0.036252256,100,27.83,1.614673873,100,0.927666667,0.053822462,100,10,0,100,80.8736497,3.334368827,100,93.5438,3.626172198,100,36.2522556,0.003625226,0.161467387,0.005382246,0,0.333436883,0.36261722
random_walk,100,10,30,0,153,0.765,9363.02,360.3728703,100,0.936302,0.036037287,100,27.85,1.629122587,100,0.928333333,0.054304086,100,10,0,100,81.3314873,3.328687343,100,93.6274,3.604176483,100,36.03728703,0.003603729,0.162912259,0.005430409,0,0.332868734,0.360417648
random_walk,100,10,30,0,154,0.77,9371.69,359.3708783,100,0.937169,0.035937088,100,27.88,1.616080806,100,0.929333333,0.05386936,100,10,0,100,81.78657885,3.333523045,100,93.7138,3.594703112,100,35.93708783,0.003593709,0.161608081,0.005386936,0,0.333352304,0.359470311
random_walk,100,10,30,0,155,0.775,9380.04,358.7598144,100,0.938004,0.035875981,100,27.89,1.613672642,100,0.929666667,0.053789088,100,10,0,100,82.24392359,3.343784767,100,93.7975,3.589428748,100,35.87598144,0.003587598,0.161367264,0.005378909,0,0.334378477,0.358942875
random_walk,100,10,30,0,156,0.78,9386.8,355.8974713,100,0.93868,0.035589747,100,27.91,1.614924084,100,0.930333333,0.053830803,100,10,0,100,82.71250055,3.330249705,100,93.8657,3.560833024,100,35.58974713,0.003558975,0.161492408,0.00538308,0,0.333024971,0.356083302
random_walk,100,10,30,0,157,0.785,9393.66,354.4285547,100,0.939366,0.035442855,100,27.91,1.614924084,100,0.930333333,0.053830803,100,10,0,100,83.18001284,3.328711245,100,93.9335,3.546017079,100,35.44285547,0.003544286,0.161492408,0.00538308,0,0.332871125,0.354601708
random_walk,100,10,30,0,158,0.79,9401.88,350.6186532,100,0.940188,0.035061865,100,27.93,1.615924541,100,0.931,0.053864151,100,10,0,100,83.63351711,3.302866957,100,94.0165,3.507836069,100,35.06186532,0.003506187,0.161592454,0.005386415,0,0.330286696,0.350783607
random_walk,100,10,30,0,159,0.795,9409.35,349.5904494,100,0.940935,0.034959045,100,27.96,1.582224492,100,0.932,0.052740816,100,10,0,100,84.09528451,3.308695237,100,94.09,3.497030775,100,34.95904494,0.003495904,0.158222449,0.005274082,0,0.330869524,0.349703078
random_walk,100,10,30,0,160,0.8,9417.73,346.9257731,100,0.941773,0.034692577,100,27.96,1.582224492,100,0.932,0.052740816,100,10,0,100,84.54654875,3.295593264,100,94.1749,3.470436032,100,34.69257731,0.003469258,0.158222449,0.005274082,0,0.329559326,0.347043603
random_walk,100,10,30,0,161,0.805,9424.38,344.1665318,100,0.942438,0.034416653,100,27.97,1.579253116,100,0.932333333,0.052641771,100,10,0,100,85.01281623,3.285484436,100,94.2407,3.443166635,100,34.41665318,0.003441665,0.157925312,0.005264177,0,0.328548444,0.344316663
random_walk,100,10,30,0,162,0.81,9432.48,343.0222327,100,0.943248,0.034302223,100,28.01,1.547203407,100,0.933666667,0.051573447,100,10,0,100,85.46625461,3.29089573,100,94.3225,3.431258677,100,34.30222327,0.003430222,0.154720341,0.005157345,0,0.329089573,0.343125868
random_walk,100,10,30,0,163,0.815,9440.69,340.1836312,100,0.944069,0.034018363,100,28.05,1.5594288,100,0.935,0.05198096,100,10,0,100,85.91667088,3.279352456,100,94.4039,3.403580674,100,34.01836312,0.003401836,0.15594288,0.005198096,0,0.327935246,0.340358067
random_walk,100,10,30,0,164,0.82,9449.97,337.7581603,100,0.944997,0.033775816,100,28.1,1.527525232,100,0.936666667,0.050917508,100,10,0,100,86.35703695,3.268724112,100,94.4971,3.378521969,100,33.77581603,0.003377582,0.152752523,0.005091751,0,0.326872411,0.337852197
random_walk,100,10,30,0,165,0.825,9458.46,335.6725322,100,0.945846,0.033567253,100,28.13,1.508594904,100,0.937666667,0.050286497,100,10,0,100,86.80394464,3.264474923,100,94.5825,3.357351161,100,33.56725322,0.003356725,0.15085949,0.00502865,0,0.326447492,0.335735116
random_walk,100,10,30,0,166,0.83,9466.49,332.6518335,100,0.946649,0.033265183,100,28.15,1.506718959,100,0.938333333,0.050223965,100,10,0,100,87.2540895,3.250192401,100,94.6627,3.328541057,100,33.26518335,0.003326518,0.150671896,0.005022397,0,0.32501924,0.332854106
random_walk,100,10,30,0,167,0.835,9476.05,330.2018169,100,0.947605,0.033020182,100,28.16,1.502321436,100,0.938666667,0.050077381,100,10,0,100,87.68977369,3.239533908,100,94.7577,3.302888193,100,33.02018169,0.003302018,0.150232144,0.005007738,0,0.323953391,0.330288819
random_walk,100,10,30,0,168,0.84,9483.52,327.6456105,100,0.948352,0.032764561,100,28.17,1.511270788,100,0.939,0.050375693,100,10,0,100,88.14379305,3.228616607,100,94.8336,3.277710312,100,32.76456105,0.003276456,0.151127079,0.005037569,0,0.322861661,0.327771031
random_walk,100,10,30,0,169,0.845,9488.72,325.4638983,100,0.948872,0.03254639,100,28.21,1.512874046,100,0.940333333,0.050429135,100,10,0,100,88.6185916,3.223020484,100,94.8851,3.256389367,100,32.54638983,0.003254639,0.151287405,0.005042913,0,0.322302048,0.325638937
random_walk,100,10,30,0,170,0.85,9495.84,323.0022898,100,0.949584,0.032300229,100,28.23,1.51660839,100,0.941,0.050553613,100,10,0,100,89.07476318,3.215514568,100,94.9562,3.231264186,100,32.30022898,0.003230023,0.151660839,0.005055361,0,0.321551457,0.323126419
random_walk,100,10,30,0,171,0.855,9501.51,322.8971283,100,0.950151,0.032289713,100,28.24,1.525010349,100,0.941333333,0.050833678,100,10,0,100,89.54551398,3.230903746,100,95.0133,3.229681804,100,32.28971283,0.003228971,0.152501035,0.005083368,0,0.323090375,0.32296818
random_walk,100,10,30,0,172,0.86,9507.42,321.9851047,100,0.950742,0.03219851,100,28.25,1.520067782,100,0.941666667,0.050668926,100,10,0,100,90.01276565,3.23739626,100,95.0722,3.221241551,100,32.19851047,0.003219851,0.152006778,0.005066893,0,0.323739626,0.322124155
random_walk,100,10,30,0,173,0.865,9513.31,319.8965961,100,0.951331,0.03198966,100,28.28,1.511437873,100,0.942666667,0.050381262,100,10,0,100,90.47897358,3.229800278,100,95.1311,3.199670404,100,31.98965961,0.003198966,0.151143787,0.005038126,0,0.322980028,0.31996704
random_walk,100,10,30,0,174,0.87,9520.24,317.815305,100,0.952024,0.03178153,100,28.29,1.512874046,100,0.943,0.050429135,100,10,0,100,90.93457844,3.222103644,100,95.2005,3.179252302,100,31.7815305,0.003178153,0.151287405,0.005042913,0,0.322210364,0.31792523
random_walk,100,10,30,0,175,0.875,9527.08,314.6675552,100,0.952708,0.031466756,100,28.31,1.515542374,100,0.943666667,0.050518079,100,10,0,100,91.38987818,3.205245097,100,95.2683,3.148186605,100,31.46675552,0.003146676,0.151554237,0.005051808,0,0.32052451,0.31481866
random_walk,100,10,30,0,176,0.88,9532.84,312.5560546,100,0.953284,0.031255605,100,28.34,1.505679484,100,0.944666667,0.050189316,100,10,0,100,91.85561978,3.199700579,100,95.3269,3.126412633,100,31.25560546,0.003125561,0.150567948,0.005018932,0,0.319970058,0.312641263
random_walk,100,10,30,0,177,0.885,9538.33,312.0509236,100,0.953833,0.031205092,100,28.36,1.487455967,100,0.945333333,0.049581866,100,10,0,100,92.32418258,3.210782803,100,95.381,3.121184863,100,31.20509236,0.003120509,0.148745597,0.004958187,0,0.32107828,0.312118486
random_walk,100,10,30,0,178,0.89,9543.52,310.1204224,100,0.954352,0.031012042,100,28.37,1.495143654,100,0.945666667,0.049838122,100,10,0,100,92.79398209,3.205553322,100,95.4333,3.102697118,100,31.01204224,0.003101204,0.149514365,0.004983812,0,0.320555332,0.310269712
random_walk,100,10,30,0,179,0.895,9548.9,307.6725762,100,0.95489,0.030767258,100,28.38,1.4959879,100,0.946,0.049866263,100,10,0,100,93.2611283,3.192272341,100,95.4868,3.078692783,100,30.76725762,0.003076726,0.14959879,0.004986626,0,0.319227234,0.307869278
random_walk,100,10,30,0,180,0.9,9553.43,305.9207415,100,0.955343,0.030592074,100,28.4,1.497472618,100,0.946666667,0.049915754,100,10,0,100,93.73706926,3.189364624,100,95.533,3.060068495,100,30.59207415,0.003059207,0.149747262,0.004991575,0,0.318936462,0.306006849
random_walk,100,10,30,0,181,0.905,9559.7,304.3234424,100,0.95597,0.030432344,100,28.43,1.485655316,100,0.947666667,0.049521844,100,10,0,100,94.19523269,3.188899636,100,95.5944,3.045177117,100,30.43234424,0.003043234,0.148565532,0.004952184,0,0.318889964,0.304517712
random_walk,100,10,30,0,182,0.91,9565.47,302.7411621,100,0.956547,0.030274116,100,28.46,1.438433491,100,0.948666667,0.047947783,100,10,0,100,94.65688965,3.186323807,100,95.6524,3.029111321,100,30.27411621,0.003027412,0.143843349,0.004794778,0,0.318632381,0.302911132
random_walk,100,10,30,0,183,0.915,9571.92,301.6389801,100,0.957192,0.030163898,100,28.48,1.452827268,100,0.949333333,0.048427576,100,10,0,100,95.11155672,3.186818954,100,95.7167,3.01746601,100,30.16389801,0.00301639,0.145282727,0.004842758,0,0.318681895,0.301746601
random_walk,100,10,30,0,184,0.92,9577.36,301.2533925,100,0.957736,0.030125339,100,28.49,1.452931554,100,0.949666667,0.048431052,100,10,0,100,95.57655581,3.198344079,100,95.7717,3.013791215,100,30.12533925,0.003012534,0.145293155,0.004843105,0,0.319834408,0.301379121
random_walk,100,10,30,0,185,0.925,9582.59,299.737363,100,0.958259,0.029973736,100,28.49,1.452931554,100,0.949666667,0.048431052,100,10,0,100,96.04278932,3.198596642,100,95.8247,2.998325949,100,29.9737363,0.002997374,0.145293155,0.004843105,0,0.319859664,0.299832595
random_walk,100,10,30,0,186,0.93,9587.23,298.3492244,100,0.958723,0.029834922,100,28.5,1.445997611,100,0.95,0.04819992,100,10,0,100,96.51452584,3.19875339,100,95.8709,2.984427629,100,29.83492244,0.002983492,0.144599761,0.004819992,0,0.319875339,0.298442763
random_walk,100,10,30,0,187,0.935,9592.76,297.3179477,100,0.959276,0.029731795,100,28.53,1.431641002,100,0.951,0.047721367,100,10,0,100,96.97716866,3.202895239,100,95.9262,2.97399462,100,29.73179477,0.002973179,0.1431641,0.004772137,0,0.320289524,0.297399462
random_walk,100,10,30,0,188,0.94,9597.56,296.7989599,100,0.959756,0.029679896,100,28.54,1.417210234,100,0.951333333,0.047240341,100,10,0,100,97.44679554,3.212501419,100,95.9737,2.970090518,100,29.67989599,0.00296799,0.141721023,0.004724034,0,0.321250142,0.297009052
random_walk,100,10,30,0,189,0.945,9604.53,295.2547079,100,0.960453,0.029525471,100,28.6,1.421338109,100,0.953333333,0.047377937,100,10,0,100,97.89335933,3.20985493,100,96.0433,2.953851468,100,29.52547079,0.002952547,0.142133811,0.004737794,0,0.320985493,0.295385147
random_walk,100,10,30,0,190,0.95,9611.08,293.1915525,100,0.961108,0.029319155,100,28.64,1.417922794,100,0.954666667,0.047264093,100,10,0,100,98.3430331,3.201254624,100,96.1084,2.933115942,100,29.31915525,0.002931916,0.141792279,0.004726409,0,0.320125462,0.293311594
random_walk,100,10,30,0,191,0.955,9617.26,292.0451958,100,0.961726,0.02920452,100,28.65,1.416889466,100,0.955,0.047229649,100,10,0,100,98.79628025,3.202668684,100,96.171,2.921470676,100,29.20451958,0.002920452,0.141688947,0.004722965,0,0.320266868,0.292147068
random_walk,100,10,30,0,192,0.96,9624.34,292.5801356,100,0.962434,0.029258014,100,28.66,1.415784039,100,0.955333333,0.047192801,100,10,0,100,99.24030282,3.224310908,100,96.2414,2.926915162,100,29.25801356,0.002925801,0.141578404,0.00471928,0,0.322431091,0.292691516
random_walk,100,10,30,0,193,0.965,9629.12,291.0123146,100,0.962912,0.029101231,100,28.68,1.406191217,100,0.956,0.046873041,100,10,0,100,99.70672239,3.224146194,100,96.2896,2.91106906,100,29.10123146,0.002910123,0.140619122,0.004687304,0,0.322414619,0.291106906
random_walk,100,10,30,0,194,0.97,9634.18,289.243436,100,0.963418,0.028924344,100,28.71,1.387498294,100,0.957,0.046249943,100,10,0,100,100.1693857,3.219882455,100,96.3398,2.893626916,100,28.9243436,0.002892434,0.138749829,0.004624994,0,0.321988245,0.289362692
random_walk,100,10,30,0,195,0.975,9640.09,287.9261653,100,0.964009,0.028792617,100,28.73,1.339794949,100,0.957666667,0.044659832,100,10,0,100,100.6231375,3.217660122,100,96.3993,2.880212273,100,28.79261653,0.002879262,0.133979495,0.004465983,0,0.321766012,0.288021227
random_walk,100,10,30,0,196,0.98,9644.82,287.0842758,100,0.964482,0.028708428,100,28.74,1.345550092,100,0.958,0.04485167,100,10,0,100,101.0893169,3.224075767,100,96.4465,2.872060948,100,28.70842758,0.002870843,0.134555009,0.004485167,0,0.322407577,0.287206095
random_walk,100,10,30,0,197,0.985,9649.19,285.9196643,100,0.964919,0.028591966,100,28.77,1.332234396,100,0.959,0.044407813,100,10,0,100,101.5583723,3.226107563,100,96.4904,2.860145479,100,28.59196643,0.002859197,0.13322344,0.004440781,0,0.322610756,0.286014548
random_walk,100,10,30,0,198,0.99,9651.83,285.1814257,100,0.965183,0.028518143,100,28.81,1.323410043,100,0.960333333,0.044113668,100,10,0,100,102.0451406,3.233463031,100,96.5174,2.853139196,100,28.51814257,0.002851814,0.132341004,0.004411367,0,0.323346303,0.28531392
random_walk,100,10,30,0,199,0.995,9655.64,282.9067205,100,0.965564,0.028290672,100,28.83,1.271720381,100,0.961,0.042390679,100,10,0,100,102.5185724,3.223221298,100,96.5552,2.830498218,100,28.29067205,0.002829067,0.127172038,0.004239068,0,0.32232213,0.283049822
random_walk,100,10,30,0,200,1,9660.07,281.3971009,100,0.966007,0.02813971,100,28.85,1.258305739,100,0.961666667,0.041943525,100,10,0,100,102.9856718,3.222685877,100,96.5991,2.815508672,100,28.13971009,0.002813971,0.125830574,0.004194352,0,0.322268588,0.281550867
random_walk,150,15,45,0,0,0,0,0,100,0,0,100,0,0,100,0,0,100,15,0,100,0,0,100,0,0,100,0,0,0,0,0,0,0
random_walk,150,15,45,0,1,0.005,1089.59,64.94194688,100,0.048426222,0.002886309,100,2.34,1.312103716,100,0.052,0.02915786,100,15,0,100,10.31702126,0.606166198,100,4.753288889,0.282917122,100,6.494194688,0.000288631,0.131210372,0.002915786,0,0.06061662,0.028291712
random_walk,150,15,45,0,2,0.01,1769.45,105.3837983,100,0.078642222,0.004683724,100,3.69,1.818507547,100,0.082,0.040411279,100,15,0,100,12.70698754,0.741249834,100,7.790044444,0.463093851,100,10.53837983,0.000468372,0.181850755,0.004041128,0,0.074124983,0.046309385
random_walk,150,15,45,0,3,0.015,2356.78,151.3763508,100,0.104745778,0.006727838,100,4.92,2.13049053,100,0.109333333,0.047344234,100,15,0,100,14.3182326,0.923935958,100,10.40844444,0.669870193,100,15.13763508,0.000672784,0.213049053,0.004734423,0,0.092393596,0.066987019
random_walk,150,15,45,0,4,0.02,2896.82,191.3675072,100,0.128747556,0.008505223,100,5.78,2.359506882,100,0.128444444,0.052433486,100,15,0,100,15.53792626,1.051580152,100,12.81377778,0.846223066,100,19.13675072,0.000850522,0.235950688,0.005243349,0,0.105158015,0.084622307
random_walk,150,15,45,0,5,0.025,3399.53,236.6305331,100,0.151090222,0.010516913,100,6.77,2.481670177,100,0.150444444,0.055148226,100,15,0,100,16.55832483,1.184005385,100,15.05137778,1.045132294,100,23.66305331,0.001051691,0.248167018,0.005514823,0,0.118400538,0.104513229
random_walk,150,15,45,0,6,0.03,3874.59,269.6017675,100,0.172204,0.011982301,100,7.77,2.666117368,100,0.172666667,0.059247053,100,15,0,100,17.43436084,1.247937483,100,17.16484444,1.191761568,100,26.96017675,0.00119823,0.266611737,0.005924705,0,0.124793748,0.119176157
random_walk,150,15,45,0,7,0.035,4336.47,311.1023235,100,0.192732,0.01382677,100,8.72,2.878271086,100,0.193777778,0.06396158,100,15,0,100,18.18027765,1.342881025,100,19.22146667,1.377381798,100,31.11023235,0.001382677,0.287827109,0.006396158,0,0.134288103,0.13773818
random_walk,150,15,45,0,8,0.04,4772.95,352.0083899,100,0.212131111,0.015644817,100,9.63,3.01730698,100,0.214,0.067051266,100,15,0,100,18.88393102,1.436452221,100,21.164,1.55827993,100,35.20083899,0.001564482,0.301730698,0.006705127,0,0.143645222,0.155827993
random_walk,150,15,45,0,9,0.045,5191.13,384.9033633,100,0.230716889,0.017106816,100,10.5,3.102621895,100,0.233333333,0.068947153,100,15,0,100,19.53607797,1.498918485,100,23.02231111,1.70693425,100,38.49033633,0.001710682,0.31026219,0.006894715,0,0.149891848,0.170693425
random_walk,150,15,45,0,10,0.05,5579.43,424.2668603,100,0.247974667,0.018856305,100,11.31,3.212019724,100,0.251333333,0.071378216,100,15,0,100,20.20312487,1.594151774,100,24.75173333,1.881240741,100,42.42668603,0.00188563,0.321201972,0.007137822,0,0.159415177,0.188124074
random_walk,150,15,45,0,11,0.055,5955.96,461.9344464,100,0.264709333,0.02053042,100,12.12,3.364340631,100,0.269333333,0.074763125,100,15,0,100,20.82481505,1.692928704,100,26.42622222,2.051235148,100,46.19344464,0.002053042,0.336434063,0.007476313,0,0.16929287,0.205123515
random_walk,150,15,45,0,12,0.06,6320.77,504.3307768,100,0.280923111,0.022414701,100,12.79,3.376373645,100,0.284222222,0.075030525,100,15,0,100,21.41493574,1.791151383,100,28.05137778,2.239198841,100,50.43307768,0.00224147,0.337637364,0.007503053,0,0.179115138,0.223919884
random_walk,150,15,45,0,13,0.065,6671.23,533.3965087,100,0.296499111,0.023706511,100,13.48,3.517574922,100,0.299555556,0.078168332,100,15,0,100,21.9816374,1.850109645,100,29.60688889,2.365564351,100,53.33965087,0.002370651,0.351757492,0.007816833,0,0.185010964,0.236556435
random_walk,150,15,45,0,14,0.07,7011.04,573.1789595,100,0.311601778,0.02547462,100,14.2,3.423035454,100,0.315555556,0.076067455,100,15,0,100,22.53160479,1.938833026,100,31.12111111,2.544290665,100,57.31789595,0.002547462,0.342303545,0.007606745,0,0.193883303,0.254429067
random_walk,150,15,45,0,15,0.075,7348.49,600.8642008,100,0.326599556,0.026705076,100,14.88,3.403147681,100,0.330666667,0.075625504,100,15,0,100,23.03144214,1.975226474,100,32.62257778,2.668399488,100,60.08642008,0.002670508,0.340314768,0.00756255,0,0.197522647,0.266839949
random_walk,150,15,45,0,16,0.08,7666.89,618.4850814,100,0.340750667,0.027488226,100,15.5,3.424510582,100,0.344444444,0.076100235,100,15,0,100,23.54151169,1.983751327,100,34.03648889,2.7449102,100,61.84850814,0.002748823,0.342451058,0.007610024,0,0.198375133,0.27449102
random_walk,150,15,45,0,17,0.085,7961.68,635.0319149,100,0.353852444,0.028223641,100,16.18,3.562940563,100,0.359555556,0.079176457,100,15,0,100,24.08393309,2.02030605,100,35.35004444,2.818456558,100,63.50319149,0.002822364,0.356294056,0.007917646,0,0.202030605,0.281845656
random_walk,150,15,45,0,18,0.09,8246.53,660.2286481,100,0.366512444,0.029343495,100,16.64,3.549135618,100,0.369777778,0.07886968,100,15,0,100,24.62277147,2.094507871,100,36.61724444,2.932396019,100,66.02286481,0.00293435,0.354913562,0.007886968,0,0.209450787,0.293239602
random_walk,150,15,45,0,19,0.095,8533.22,689.7410373,100,0.379254222,0.030655157,100,17.16,3.757067414,100,0.381333333,0.083490387,100,15,0,100,25.12155681,2.167894755,100,37.89328889,3.062097443,100,68.97410373,0.003065516,0.375706741,0.008349039,0,0.216789475,0.306209744
random_walk,150,15,45,0,20,0.1,8818.96,721.5421884,100,0.391953778,0.032068542,100,17.76,3.755453946,100,0.394666667,0.083454532,100,15,0,100,25.59249125,2.249655251,100,39.16177778,3.202732902,100,72.15421884,0.003206854,0.375545395,0.008345453,0,0.224965525,0.32027329
random_walk,150,15,45,0,21,0.105,9095.71,750.2084868,100,0.404253778,0.033342599,100,18.23,3.845120219,100,0.405111111,0.085447116,100,15,0,100,26.05736053,2.316622535,100,40.39395556,3.331890119,100,75.02084868,0.00333426,0.384512022,0.008544712,0,0.231662253,0.333189012
random_walk,150,15,45,0,22,0.11,9356,772.602659,100,0.415822222,0.034337896,100,18.8,3.858612301,100,0.417777778,0.08574694,100,15,0,100,26.53971345,2.372313066,100,41.55168889,3.429542721,100,77.2602659,0.00343379,0.38586123,0.008574694,0,0.237231307,0.342954272
random_walk,150,15,45,0,23,0.115,9612.37,798.2137338,100,0.427216444,0.035476166,100,19.43,3.817172786,100,0.431777778,0.084826062,100,15,0,100,27.00869899,2.433078244,100,42.69284444,3.544465302,100,79.82137338,0.003547617,0.381717279,0.008482606,0,0.243307824,0.35444653
random_walk,150,15,45,0,24,0.12,9850.25,815.924553,100,0.437788889,0.036263313,100,19.89,3.889626193,100,0.442,0.086436138,100,15,0,100,27.5004776,2.465676031,100,43.75088889,3.623814231,100,81.5924553,0.003626331,0.388962619,0.008643614,0,0.246567603,0.362381423
random_walk,150,15,45,0,25,0.125,10093.07,843.8348282,100,0.448580889,0.03750377,100,20.34,3.882673243,100,0.452,0.086281628,100,15,0,100,27.96095822,2.527246596,100,44.83071111,3.746394346,100,84.38348282,0.003750377,0.388267324,0.008628163,0,0.25272466,0.374639435
random_walk,150,15,45,0,26,0.13,10330.99,871.88474,100,0.459155111,0.038750433,100,20.9,3.872983346,100,0.464444444,0.086066297,100,15,0,100,28.41409139,2.604045961,100,45.88826667,3.869292555,100,87.188474,0.003875043,0.387298335,0.00860663,0,0.260404596,0.386929255
random_walk,150,15,45,0,27,0.135,10562.65,893.8380005,100,0.469451111,0.039726133,100,21.48,4.03389678,100,0.477333333,0.089642151,100,15,0,100,28.86091938,2.65254022,100,46.91764444,3.96918297,100,89.38380005,0.003972613,0.403389678,0.008964215,0,0.265254022,0.396918297
random_walk,150,15,45,0,28,0.14,10790.01,916.350772,100,0.479556,0.040726701,100,21.9,4.031442081,100,0.486666667,0.089587602,100,15,0,100,29.30003553,2.698559005,100,47.92813333,4.067632302,100,91.6350772,0.00407267,0.403144208,0.00895876,0,0.2698559,0.40676323
random_walk,150,15,45,0,29,0.145,11022.83,941.8961539,100,0.489903556,0.041862051,100,22.43,4.020791922,100,0.498444444,0.089350932,100,15,0,100,29.70792829,2.747915554,100,48.96551111,4.180340028,100,94.18961539,0.004186205,0.402079192,0.008935093,0,0.274791555,0.418034003
random_walk,150,15,45,0,30,0.15,11233.87,958.8350324,100,0.499283111,0.04261489,100,22.95,4.100689767,100,0.51,0.091126439,100,15,0,100,30.15360799,2.775612099,100,49.90377778,4.258549489,100,95.88350324,0.004261489,0.410068977,0.009112644,0,0.27756121,0.425854949
random_walk,150,15,45,0,31,0.155,11440.22,986.1812235,100,0.508454222,0.043830277,100,23.36,4.120704069,100,0.519111111,0.091571202,100,15,0,100,30.60105729,2.837536108,100,50.82235556,4.378216888,100,98.61812235,0.004383028,0.412070407,0.00915712,0,0.283753611,0.437821689
random_walk,150,15,45,0,32,0.16,11648.26,1004.402155,100,0.517700444,0.044640096,100,23.74,4.152691716,100,0.527555556,0.092282038,100,15,0,100,31.02423011,2.87880857,100,51.7452,4.459967238,100,100.4402155,0.00446401,0.415269172,0.009228204,0,0.287880857,0.445996724
random_walk,150,15,45,0,33,0.165,11855.45,1019.592218,100,0.526908889,0.04531521,100,24.19,4.103939965,100,0.537555556,0.091198666,100,15,0,100,31.4337243,2.914424666,100,52.66777778,4.527086225,100,101.9592218,0.004531521,0.410393996,0.009119867,0,0.291442467,0.452708623
random_walk,150,15,45,0,34,0.17,12066.44,1034.333156,100,0.536286222,0.045970362,100,24.57,4.127402881,100,0.546,0.091720064,100,15,0,100,31.8185542,2.941813421,100,53.6056,4.593275701,100,103.4333156,0.004597036,0.412740288,0.009172006,0,0.294181342,0.45932757
random_walk,150,15,45,0,35,0.175,12262.62,1051.597378,100,0.545005333,0.046737661,100,24.9,4.19354964,100,0.553333333,0.093189992,100,15,0,100,32.23145961,2.985485994,100,54.47946667,4.671656881,100,105.1597378,0.004673766,0.419354964,0.009318999,0,0.298548599,0.467165688
random_walk,150,15,45,0,36,0.18,12448.74,1064.021774,100,0.553277333,0.047289857,100,25.16,4.239592128,100,0.559111111,0.094213158,100,15,0,100,32.65521254,3.022615632,100,55.30626667,4.726569775,100,106.4021774,0.004728986,0.423959213,0.009421316,0,0.302261563,0.472656978
random_walk,150,15,45,0,37,0.185,12629.23,1079.708657,100,0.561299111,0.047987051,100,25.5,4.269932462,100,0.566666667,0.094887388,100,15,0,100,33.08369024,3.076746101,100,56.1108,4.795648535,100,107.9708657,0.004798705,0.426993246,0.009488739,0,0.30767461,0.479564853
random_walk,150,15,45,0,38,0.19,12809.09,1095.476531,100,0.569292889,0.048687846,100,25.81,4.237149318,100,0.573555556,0.094158874,100,15,0,100,33.50087945,3.116634936,100,56.90955556,4.865339851,100,109.5476531,0.004868785,0.423714932,0.009415887,0,0.311663494,0.486533985
random_walk,150,15,45,0,39,0.195,12996.73,1107.21912,100,0.577632444,0.049209739,100,26.15,4.193248542,100,0.581111111,0.093183301,100,15,0,100,33.88430503,3.147166935,100,57.74133333,4.918767954,100,110.721912,0.004920974,0.419324854,0.00931833,0,0.314716694,0.491876795
random_walk,150,15,45,0,40,0.2,13174.87,1120.131636,100,0.585549778,0.049783628,100,26.52,4.193501466,100,0.589333333,0.093188921,100,15,0,100,34.28138773,3.170332128,100,58.53622222,4.975505349,100,112.0131636,0.004978363,0.419350147,0.009318892,0,0.317033213,0.497550535
random_walk,150,15,45,0,41,0.205,13343.41,1128.928213,100,0.593040444,0.050174587,100,26.84,4.305786569,100,0.596444444,0.095684146,100,15,0,100,34.6913336,3.188802409,100,59.28573333,5.014810549,100,112.8928213,0.005017459,0.430578657,0.009568415,0,0.318880241,0.501481055
random_walk,150,15,45,0,42,0.21,13513.44,1137.893742,100,0.600597333,0.050573055,100,27.18,4.333053604,100,0.604,0.09629008,100,15,0,100,35.08721467,3.205313943,100,60.04168889,5.055745995,100,113.7893742,0.005057306,0.43330536,0.009629008,0,0.320531394,0.505574599
random_walk,150,15,45,0,43,0.215,13663.45,1148.776955,100,0.607264444,0.051056754,100,27.47,4.377294492,100,0.610444444,0.097273211,100,15,0,100,35.52743014,3.240804141,100,60.71048889,5.103268859,100,114.8776955,0.005105675,0.437729449,0.009727321,0,0.324080414,0.510326886
random_walk,150,15,45,0,44,0.22,13805.55,1157.569287,100,0.61358,0.051447524,100,27.78,4.340506883,100,0.617333333,0.096455709,100,15,0,100,35.97810033,3.278066266,100,61.34137778,5.142280548,100,115.7569287,0.005144752,0.434050688,0.009645571,0,0.327806627,0.514228055
random_walk,150,15,45,0,45,0.225,13955.15,1166.021886,100,0.620228889,0.051823195,100,28.07,4.3,100,0.623777778,0.095555556,100,15,0,100,36.39953622,3.310276766,100,62.00471111,5.179167449,100,116.6021886,0.005182319,0.43,0.009555556,0,0.331027677,0.517916745
random_walk,150,15,45,0,46,0.23,14119.06,1173.354974,100,0.627513778,0.05214911,100,28.31,4.428317965,100,0.629111111,0.098407066,100,15,0,100,36.77287505,3.322221006,100,62.73453333,5.212191062,100,117.3354974,0.005214911,0.442831797,0.009840707,0,0.332222101,0.521219106
random_walk,150,15,45,0,47,0.235,14277.92,1183.038672,100,0.634574222,0.052579497,100,28.65,4.330710162,100,0.636666667,0.096238004,100,15,0,100,37.1522091,3.342481688,100,63.43844444,5.254628715,100,118.3038672,0.00525795,0.433071016,0.0096238,0,0.334248169,0.525462872
random_walk,150,15,45,0,48,0.24,14425.82,1190.588144,100,0.641147556,0.052915029,100,28.97,4.333228437,100,0.643777778,0.096293965,100,15,0,100,37.55169134,3.367219832,100,64.09711111,5.28946064,100,119.0588144,0.005291503,0.433322844,0.009629397,0,0.336721983,0.528946064
random_walk,150,15,45,0,49,0.245,14576.01,1201.913974,100,0.647822667,0.053418399,100,29.18,4.340041428,100,0.648444444,0.096445365,100,15,0,100,37.93913704,3.405856078,100,64.76728889,5.33821776,100,120.1913974,0.00534184,0.434004143,0.009644537,0,0.340585608,0.533821776
random_walk,150,15,45,0,50,0.25,14720.03,1218.043616,100,0.654223556,0.054135272,100,29.47,4.328563809,100,0.654888889,0.096190307,100,15,0,100,38.33639541,3.450014871,100,65.40746667,5.411023739,100,121.8043616,0.005413527,0.432856381,0.009619031,0,0.345001487,0.541102374
random_walk,150,15,45,0,51,0.255,14855.73,1225.834392,100,0.660254667,0.054481529,100,29.8,4.353101762,100,0.662222222,0.096735595,100,15,0,100,38.74477324,3.480029521,100,66.0104,5.447667961,100,122.5834392,0.005448153,0.435310176,0.009673559,0,0.348002952,0.544766796
random_walk,150,15,45,0,52,0.26,14993.17,1229.012284,100,0.666363111,0.054622768,100,30.01,4.377386795,100,0.666888889,0.097275262,100,15,0,100,39.13831249,3.488958384,100,66.62048889,5.461193829,100,122.9012284,0.005462277,0.437738679,0.009727526,0,0.348895838,0.546119383
random_walk,150,15,45,0,53,0.265,15127.47,1228.595054,100,0.672332,0.054604225,100,30.34,4.297568023,100,0.674222222,0.095501512,100,15,0,100,39.53195198,3.49701218,100,67.21848889,5.458764273,100,122.8595054,0.005460422,0.429756802,0.009550151,0,0.349701218,0.545876427
random_walk,150,15,45,0,54,0.27,15258.38,1237.208431,100,0.678150222,0.054987041,100,30.55,4.323707257,100,0.678888889,0.096082383,100,15,0,100,39.9303917,3.514713807,100,67.80151111,5.496876741,100,123.7208431,0.005498704,0.432370726,0.009608238,0,0.351471381,0.549687674
random_walk,150,15,45,0,55,0.275,15388.42,1239.704984,100,0.683929778,0.055097999,100,30.79,4.300093962,100,0.684222222,0.095557644,100,15,0,100,40.32199256,3.521387429,100,68.37933333,5.508834633,100,123.9704984,0.0055098,0.430009396,0.009555764,0,0.352138743,0.550883463
random_walk,150,15,45,0,56,0.28,15508.15,1242.826417,100,0.689251111,0.05523673,100,31.05,4.319032346,100,0.69,0.095978497,100,15,0,100,40.73470287,3.532952167,100,68.91244444,5.523131293,100,124.2826417,0.005523673,0.431903235,0.00959785,0,0.353295217,0.552313129
random_walk,150,15,45,0,57,0.285,15626.91,1242.712641,100,0.694529333,0.055231673,100,31.32,4.258989305,100,0.696,0.094644207,100,15,0,100,41.14263356,3.538298614,100,69.43946667,5.522453817,100,124.2712641,0.005523167,0.42589893,0.009464421,0,0.353829861,0.552245382
random_walk,150,15,45,0,58,0.29,15744.41,1249.442179,100,0.699751556,0.055530764,100,31.63,4.193922972,100,0.702888889,0.093198288,100,15,0,100,41.55028131,3.561904354,100,69.96182222,5.553123529,100,124.9442179,0.005553076,0.419392297,0.009319829,0,0.356190435,0.555312353
random_walk,150,15,45,0,59,0.295,15863.73,1246.471374,100,0.705054667,0.055398728,100,31.87,4.143036021,100,0.708222222,0.092067467,100,15,0,100,41.94269042,3.555198481,100,70.49293333,5.539898605,100,124.6471374,0.005539873,0.414303602,0.009206747,0,0.355519848,0.553989861
random_walk,150,15,45,0,60,0.3,15977.37,1238.00158,100,0.710105333,0.055022292,100,32.08,4.172250804,100,0.712888889,0.092716685,100,15,0,100,42.3430179,3.544677114,100,71.00022222,5.501170622,100,123.800158,0.005502229,0.41722508,0.009271668,0,0.354467711,0.550117062
random_walk,150,15,45,0,61,0.305,16084.4,1242.246653,100,0.714862222,0.055210962,100,32.26,4.138071575,100,0.716888889,0.091957146,100,15,0,100,42.76166347,3.579318326,100,71.47435556,5.519406083,100,124.2246653,0.005521096,0.413807158,0.009195715,0,0.357931833,0.551940608
random_walk,150,15,45,0,62,0.31,16194.32,1242.686905,100,0.719747556,0.055230529,100,32.44,4.120213783,100,0.720888889,0.091560306,100,15,0,100,43.16436735,3.589596717,100,71.96217778,5.521904333,100,124.2686905,0.005523053,0.412021378,0.009156031,0,0.358959672,0.552190433
random_walk,150,15,45,0,63,0.315,16299.45,1247.942892,100,0.72442,0.055464129,100,32.65,4.130142952,100,0.725555556,0.091780954,100,15,0,100,43.57729984,3.627185059,100,72.43097778,5.546423865,100,124.7942892,0.005546413,0.413014295,0.009178095,0,0.362718506,0.554642386
random_walk,150,15,45,0,64,0.32,16401.65,1253.143686,100,0.728962222,0.055695275,100,32.83,4.156180745,100,0.729555556,0.092359572,100,15,0,100,43.99279512,3.663506636,100,72.8852,5.567666621,100,125.3143686,0.005569527,0.415618074,0.009235957,0,0.366350664,0.556766662
random_walk,150,15,45,0,65,0.325,16503.6,1257.185449,100,0.733493333,0.055874909,100,33.02,4.102179761,100,0.733777778,0.09115955,100,15,0,100,44.40327965,3.697578081,100,73.33813333,5.586704673,100,125.7185449,0.005587491,0.410217976,0.009115955,0,0.369757808,0.558670467
random_walk,150,15,45,0,66,0.33,16599.02,1259.903892,100,0.737734222,0.055995729,100,33.19,4.039439405,100,0.737555556,0.08976532,100,15,0,100,44.82527033,3.724867239,100,73.76355556,5.599712247,100,125.9903892,0.005599573,0.403943941,0.008976532,0,0.372486724,0.559971225
random_walk,150,15,45,0,67,0.335,16692.89,1260.147281,100,0.741906222,0.056006546,100,33.28,4.042901248,100,0.739555556,0.08984225,100,15,0,100,45.24544868,3.74020333,100,74.18026667,5.600526664,100,126.0147281,0.005600655,0.404290125,0.008984225,0,0.374020333,0.560052666
random_walk,150,15,45,0,68,0.34,16791.7,1261.468012,100,0.746297778,0.056065245,100,33.53,4.018781664,100,0.745111111,0.089306259,100,15,0,100,45.64809171,3.757729276,100,74.61964444,5.606284546,100,126.1468012,0.005606524,0.401878166,0.008930626,0,0.375772928,0.560628455
random_walk,150,15,45,0,69,0.345,16879.47,1266.012514,100,0.750198667,0.056267223,100,33.66,4.005602138,100,0.748,0.089013381,100,15,0,100,46.07809628,3.789477173,100,75.00986667,5.625714945,100,126.6012514,0.005626722,0.400560214,0.008901338,0,0.378947717,0.562571495
random_walk,150,15,45,0,70,0.35,16970.52,1263.468079,100,0.754245333,0.056154137,100,33.97,4.013751614,100,0.754888889,0.08919448,100,15,0,100,46.49067174,3.792455979,100,75.4156,5.616162431,100,126.3468079,0.005615414,0.401375161,0.008919448,0,0.379245598,0.561616243
random_walk,150,15,45,0,71,0.355,17056.4,1262.2396,100,0.758062222,0.056099538,100,34.08,4.026879384,100,0.757333333,0.089486209,100,15,0,100,46.9143524,3.804852753,100,75.7972,5.609893765,100,126.22396,0.005609954,0.402687938,0.008948621,0,0.380485275,0.560989377
random_walk,150,15,45,0,72,0.36,17142.66,1261.918631,100,0.761896,0.056085272,100,34.26,4.00156535,100,0.761333333,0.088923674,100,15,0,100,47.33276881,3.817001128,100,76.18133333,5.60817215,100,126.1918631,0.005608527,0.400156535,0.008892367,0,0.381700113,0.560817215
random_walk,150,15,45,0,73,0.365,17220.61,1256.779939,100,0.765360444,0.055856886,100,34.39,3.971858075,100,0.764222222,0.088263513,100,15,0,100,47.76838923,3.82043904,100,76.52671111,5.583989351,100,125.6779939,0.005585689,0.397185807,0.008826351,0,0.382043904,0.558398935
random_walk,150,15,45,0,74,0.37,17304.92,1257.063258,100,0.769107556,0.055869478,100,34.51,3.96320195,100,0.766888889,0.088071154,100,15,0,100,48.18399071,3.832142665,100,76.90151111,5.587290326,100,125.7063258,0.005586948,0.396320195,0.008807115,0,0.383214267,0.558729033
random_walk,150,15,45,0,75,0.375,17385.34,1255.909725,100,0.772681778,0.05581821,100,34.59,4.012845536,100,0.768666667,0.089174345,100,15,0,100,48.6060952,3.844773309,100,77.2592,5.582701727,100,125.5909725,0.005581821,0.401284554,0.008917435,0,0.384477331,0.558270173
random_walk,150,15,45,0,76,0.38,17460.43,1255.935936,100,0.776019111,0.055819375,100,34.72,4.022863948,100,0.771555556,0.089396977,100,15,0,100,49.0402212,3.863528079,100,77.59346667,5.581675771,100,125.5935936,0.005581937,0.402286395,0.008939698,0,0.386352808,0.558167577
random_walk,150,15,45,0,77,0.385,17541.41,1246.503142,100,0.779618222,0.05540014,100,34.9,3.958114029,100,0.775555556,0.08795809,100,15,0,100,49.44942345,3.848441023,100,77.95337778,5.540263272,100,124.6503142,0.005540014,0.395811403,0.008795809,0,0.384844102,0.554026327
random_walk,150,15,45,0,78,0.39,17614.65,1242.608485,100,0.782873333,0.055227044,100,35.1,3.935079222,100,0.78,0.087446205,100,15,0,100,49.87929435,3.856333852,100,78.27835556,5.522022096,100,124.2608485,0.005522704,0.393507922,0.00874462,0,0.385633385,0.55220221
random_walk,150,15,45,0,79,0.395,17687.35,1239.97598,100,0.786104444,0.055110044,100,35.24,3.900582707,100,0.783111111,0.086679616,100,15,0,100,50.30783996,3.869391193,100,78.60253333,5.510559592,100,123.997598,0.005511004,0.390058271,0.008667962,0,0.386939119,0.551055959
random_walk,150,15,45,0,80,0.4,17761.18,1235.441698,100,0.789385778,0.05490852,100,35.45,3.896061207,100,0.787777778,0.086579138,100,15,0,100,50.72849431,3.870360763,100,78.92991111,5.490017736,100,123.5441698,0.005490852,0.389606121,0.008657914,0,0.387036076,0.549001774
random_walk,150,15,45,0,81,0.405,17834.79,1228.966925,100,0.792657333,0.054620752,100,35.59,3.879745384,100,0.790888889,0.086216564,100,15,0,100,51.14541885,3.865783238,100,79.25791111,5.462055247,100,122.8966925,0.005462075,0.387974538,0.008621656,0,0.386578324,0.546205525
random_walk,150,15,45,0,82,0.41,17907.11,1225.06896,100,0.795871556,0.054447509,100,35.78,3.847024299,100,0.795111111,0.085489429,100,15,0,100,51.56371878,3.864958245,100,79.57995556,5.444061939,100,122.506896,0.005444751,0.38470243,0.008548943,0,0.386495824,0.544406194
random_walk,150,15,45,0,83,0.415,17974.27,1222.874704,100,0.798856444,0.054349987,100,35.9,3.86253698,100,0.797777778,0.085834155,100,15,0,100,51.99448587,3.871300363,100,79.87791111,5.435081602,100,122.2874704,0.005434999,0.386253698,0.008583416,0,0.387130036,0.54350816
random_walk,150,15,45,0,84,0.42,18044.4,1219.13083,100,0.801973333,0.054183592,100,36.03,3.804449814,100,0.800666667,0.084543329,100,15,0,100,52.41286657,3.875648438,100,80.19031111,5.4182908,100,121.913083,0.005418359,0.380444981,0.008454333,0,0.387564844,0.54182908
random_walk,150,15,45,0,85,0.425,18118.07,1219.317968,100,0.805247556,0.05419191,100,36.15,3.790938158,100,0.803333333,0.08424307,100,15,0,100,52.81900313,3.888740257,100,80.51684444,5.418713158,100,121.9317968,0.005419191,0.379093816,0.008424307,0,0.388874026,0.541871316
random_walk,150,15,45,0,86,0.43,18183.83,1218.455779,100,0.808170222,0.05415359,100,36.3,3.748400332,100,0.806666667,0.083297785,100,15,0,100,53.24493388,3.903479169,100,80.81013333,5.415808062,100,121.8455779,0.005415359,0.374840033,0.008329779,0,0.390347917,0.541580806
random_walk,150,15,45,0,87,0.435,18252.51,1217.268041,100,0.811222667,0.054100802,100,36.44,3.690884211,100,0.809777778,0.082019649,100,15,0,100,53.65929394,3.919550882,100,81.11431111,5.410901766,100,121.7268041,0.00541008,0.369088421,0.008201965,0,0.391955088,0.541090177
random_walk,150,15,45,0,88,0.44,18322.99,1214.872321,100,0.814355111,0.053994325,100,36.63,3.600378768,100,0.814,0.080008417,100,15,0,100,54.0640536,3.921306951,100,81.4284,5.398716909,100,121.4872321,0.005399433,0.360037877,0.008000842,0,0.392130695,0.539871691
random_walk,150,15,45,0,89,0.445,18386.51,1214.891079,100,0.817178222,0.053995159,100,36.79,3.596561208,100,0.817555556,0.079923582,100,15,0,100,54.48748886,3.934501191,100,81.71093333,5.398214109,100,121.4891079,0.005399516,0.359656121,0.007992358,0,0.393450119,0.539821411
random_walk,150,15,45,0,90,0.45,18442.47,1207.811448,100,0.819665333,0.053680509,100,36.89,3.601052035,100,0.819777778,0.080023379,100,15,0,100,54.92778611,3.931741947,100,81.96022222,5.367675046,100,120.7811448,0.005368051,0.360105203,0.008002338,0,0.393174195,0.536767505
random_walk,150,15,45,0,91,0.455,18507.59,1201.229632,100,0.822559556,0.053387984,100,37.04,3.60112216,100,0.823111111,0.080024937,100,15,0,100,55.33867894,3.932032959,100,82.24951111,5.338277171,100,120.1229632,0.005338798,0.360112216,0.008002494,0,0.393203296,0.533827717
random_walk,150,15,45,0,92,0.46,18571.37,1196.394294,100,0.825394222,0.05317308,100,37.14,3.550558357,100,0.825333333,0.078901297,100,15,0,100,55.75122347,3.935635597,100,82.53271111,5.317329787,100,119.6394294,0.005317308,0.355055836,0.00789013,0,0.39356356,0.531732979
random_walk,150,15,45,0,93,0.465,18632.21,1194.269028,100,0.828098222,0.053078623,100,37.27,3.538689479,100,0.828222222,0.078637544,100,15,0,100,56.17079131,3.946996698,100,82.80315556,5.307192025,100,119.4269028,0.005307862,0.353868948,0.007863754,0,0.39469967,0.530719202
random_walk,150,15,45,0,94,0.47,18689.11,1195.471699,100,0.830627111,0.053132076,100,37.41,3.53080241,100,0.831333333,0.078462276,100,15,0,100,56.60067822,3.96671075,100,83.0572,5.312970805,100,119.5471699,0.005313208,0.353080241,0.007846228,0,0.396671075,0.53129708
random_walk,150,15,45,0,95,0.475,18743.66,1199.859446,100,0.833051556,0.053327087,100,37.53,3.554638455,100,0.834,0.078991966,100,15,0,100,57.03669781,4.004566172,100,83.29911111,5.331948885,100,119.9859446,0.005332709,0.355463845,0.007899197,0,0.400456617,0.533194889
random_walk,150,15,45,0,96,0.48,18799.27,1198.73546,100,0.835523111,0.053277132,100,37.67,3.527825896,100,0.837111111,0.078396131,100,15,0,100,57.46471497,4.027174267,100,83.54617778,5.32723774,100,119.873546,0.005327713,0.35278259,0.007839613,0,0.402717427,0.532723774
random_walk,150,15,45,0,97,0.485,18850.81,1196.989673,100,0.837813778,0.053199541,100,37.77,3.535833878,100,0.839333333,0.078574086,100,15,0,100,57.90269508,4.043829957,100,83.77573333,5.319719565,100,119.6989673,0.005319954,0.353583388,0.007857409,0,0.404382996,0.531971957
random_walk,150,15,45,0,98,0.49,18905.24,1197.284336,100,0.840232889,0.053212637,100,37.97,3.511755151,100,0.843777778,0.078039003,100,15,0,100,58.32958603,4.059769505,100,84.01808889,5.320932694,100,119.7284336,0.005321264,0.351175515,0.0078039,0,0.405976951,0.532093269
random_walk,150,15,45,0,99,0.495,18957.44,1193.899428,100,0.842552889,0.053062197,100,38.07,3.548381335,100,0.846,0.078852919,100,15,0,100,58.75989395,4.069612757,100,84.2504,5.306413439,100,119.3899428,0.00530622,0.354838134,0.007885292,0,0.406961276,0.530641344
random_walk,150,15,45,0,100,0.5,19007.17,1196.642982,100,0.844763111,0.053184133,100,38.14,3.4728965,100,0.847555556,0.077175478,100,15,0,100,59.19817401,4.104940225,100,84.4712,5.318344744,100,119.6642982,0.005318413,0.34728965,0.007717548,0,0.410494023,0.531834474
random_walk,150,15,45,0,101,0.505,19057.64,1200.679071,100,0.847006222,0.053363514,100,38.24,3.502149412,100,0.849777778,0.077825542,100,15,0,100,59.63237924,4.145231667,100,84.69573333,5.336707889,100,120.0679071,0.005336351,0.350214941,0.007782554,0,0.414523167,0.533670789
random_walk,150,15,45,0,102,0.51,19103.49,1199.970391,100,0.849044,0.053332017,100,38.32,3.512977384,100,0.851555556,0.078066164,100,15,0,100,60.07727904,4.169836601,100,84.8996,5.333514928,100,119.9970391,0.005333202,0.351297738,0.007806616,0,0.41698366,0.533351493
random_walk,150,15,45,0,103,0.515,19147.45,1197.340752,100,0.850997778,0.053215145,100,38.39,3.513020514,100,0.853111111,0.078067123,100,15,0,100,60.52538576,4.192884268,100,85.09475556,5.321138392,100,119.7340752,0.005321514,0.351302051,0.007806712,0,0.419288427,0.532113839
random_walk,150,15,45,0,104,0.52,19190.43,1195.329474,100,0.852908,0.053125754,100,38.5,3.424510582,100,0.855555556,0.076100235,100,15,0,100,60.97425523,4.211206366,100,85.28644444,5.31309615,100,119.5329474,0.005312575,0.342451058,0.007610024,0,0.421120637,0.531309615
random_walk,150,15,45,0,105,0.525,19237.36,1198.20495,100,0.854993778,0.053253553,100,38.61,3.428622835,100,0.858,0.076191619,100,15,0,100,61.41018485,4.242549788,100,85.4952,5.325723422,100,119.820495,0.005325355,0.342862284,0.007619162,0,0.424254979,0.532572342
random_walk,150,15,45,0,106,0.53,19276.92,1200.244139,100,0.856752,0.053344184,100,38.72,3.455576667,100,0.860444444,0.076790593,100,15,0,100,61.86767228,4.27537949,100,85.67035556,5.334229482,100,120.0244139,0.005334418,0.345557667,0.007679059,0,0.427537949,0.533422948
random_walk,150,15,45,0,107,0.535,19320.07,1198.635034,100,0.858669778,0.053272668,100,38.8,3.449491252,100,0.862222222,0.076655361,100,15,0,100,62.30999337,4.294428926,100,85.86177778,5.327091877,100,119.8635034,0.005327267,0.344949125,0.007665536,0,0.429442893,0.532709188
random_walk,150,15,45,0,108,0.54,19362.1,1199.1502,100,0.860537778,0.053295564,100,38.88,3.426810515,100,0.864,0.076151345,100,15,0,100,62.75474811,4.321638138,100,86.0488,5.329241228,100,119.91502,0.005329556,0.342681051,0.007615134,0,0.432163814,0.532924123
random_walk,150,15,45,0,109,0.545,19409.23,1201.441767,100,0.862632444,0.053397412,100,38.98,3.411152239,100,0.866222222,0.075803383,100,15,0,100,63.18156632,4.35031202,100,86.25808889,5.339412818,100,120.1441767,0.005339741,0.341115224,0.007580338,0,0.435031202,0.533941282
random_walk,150,15,45,0,110,0.55,19451.45,1200.649432,100,0.864508889,0.053362197,100,39.08,3.371538629,100,0.868444444,0.074923081,100,15,0,100,63.62110549,4.366586737,100,86.44675556,5.336114818,100,120.0649432,0.00533622,0.337153863,0.007492308,0,0.436658674,0.533611482
random_walk,150,15,45,0,111,0.555,19487.33,1196.834377,100,0.866103556,0.053192639,100,39.13,3.371463729,100,0.869555556,0.074921416,100,15,0,100,64.07857203,4.37588388,100,86.60613333,5.320046629,100,119.6834377,0.005319264,0.337146373,0.007492142,0,0.437588388,0.532004663
random_walk,150,15,45,0,112,0.56,19528.26,1192.327209,100,0.867922667,0.05299232,100,39.24,3.399702898,100,0.872,0.075548953,100,15,0,100,64.5174549,4.38325436,100,86.78751111,5.299232647,100,119.2327209,0.005299232,0.33997029,0.007554895,0,0.438325436,0.529923265
random_walk,150,15,45,0,113,0.565,19570.41,1190.083641,100,0.869796,0.052892606,100,39.31,3.368586311,100,0.873555556,0.074857474,100,15,0,100,64.9512743,4.396347673,100,86.97462222,5.288854607,100,119.0083641,0.005289261,0.336858631,0.007485747,0,0.439634767,0.528885461
random_walk,150,15,45,0,114,0.57,19613.21,1186.511535,100,0.871698222,0.052733846,100,39.38,3.374832581,100,0.875111111,0.07499628,100,15,0,100,65.3803217,4.403310155,100,87.16453333,5.273625751,100,118.6511535,0.005273385,0.337483258,0.007499628,0,0.440331015,0.527362575
random_walk,150,15,45,0,115,0.575,19656.03,1179.954557,100,0.873601333,0.052442425,100,39.4,3.372497201,100,0.875555556,0.074944382,100,15,0,100,65.80614575,4.400617618,100,87.35542222,5.243762913,100,117.9954557,0.005244242,0.33724972,0.007494438,0,0.440061762,0.524376291
random_walk,150,15,45,0,116,0.58,19698.15,1173.488948,100,0.875473333,0.052155064,100,39.49,3.394871355,100,0.877555556,0.075441586,100,15,0,100,66.23257377,4.391809345,100,87.54311111,5.216014822,100,117.3488948,0.005215506,0.339487135,0.007544159,0,0.439180935,0.521601482
random_walk,150,15,45,0,117,0.585,19735.85,1164.494379,100,0.877148889,0.051755306,100,39.55,3.379603109,100,0.878888889,0.075102291,100,15,0,100,66.67139864,4.381199804,100,87.71133333,5.175955166,100,116.4494379,0.005175531,0.337960311,0.007510229,0,0.43811998,0.517595517
random_walk,150,15,45,0,118,0.59,19775.14,1156.371249,100,0.878895111,0.051394278,100,39.63,3.356450145,100,0.880666667,0.074587781,100,15,0,100,67.10365647,4.371152121,100,87.88582222,5.139807354,100,115.6371249,0.005139428,0.335645014,0.007458778,0,0.437115212,0.513980735
random_walk,150,15,45,0,119,0.595,19812.49,1149.729397,100,0.880555111,0.051099084,100,39.67,3.345598646,100,0.881555556,0.074346637,100,15,0,100,67.54098865,4.363066478,100,88.05102222,5.110229075,100,114.9729397,0.005109908,0.334559865,0.007434664,0,0.436306648,0.511022907
random_walk,150,15,45,0,120,0.6,19852.79,1143.279081,100,0.882346222,0.050812404,100,39.74,3.307841922,100,0.883111111,0.073507598,100,15,0,100,67.9660279,4.348714484,100,88.2308,5.080376366,100,114.3279081,0.00508124,0.330784192,0.00735076,0,0.434871448,0.508037637
random_walk,150,15,45,0,121,0.605,19887.88,1140.122271,100,0.883905778,0.050672101,100,39.82,3.291801877,100,0.884888889,0.073151153,100,15,0,100,68.40946677,4.3533814,100,88.3868,5.067764484,100,114.0122271,0.00506721,0.329180188,0.007315115,0,0.43533814,0.506776448
random_walk,150,15,45,0,122,0.61,19925.24,1135.919644,100,0.885566222,0.050485317,100,39.88,3.242022065,100,0.886222222,0.072044935,100,15,0,100,68.84297833,4.35381684,100,88.55288889,5.048731839,100,113.5919644,0.005048532,0.324202207,0.007204493,0,0.435381684,0.504873184
random_walk,150,15,45,0,123,0.615,19960.44,1134.038839,100,0.887130667,0.050401726,100,39.97,3.245680891,100,0.888222222,0.072126242,100,15,0,100,69.28315799,4.361854525,100,88.70968889,5.040498548,100,113.4038839,0.005040173,0.324568089,0.007212624,0,0.436185453,0.504049855
random_walk,150,15,45,0,124,0.62,19993.4,1133.113348,100,0.888595556,0.050360593,100,40.04,3.219009196,100,0.889777778,0.071533538,100,15,0,100,69.73008012,4.382320943,100,88.8552,5.036501385,100,113.3113348,0.005036059,0.32190092,0.007153354,0,0.438232094,0.503650138
random_walk,150,15,45,0,125,0.625,20030.09,1132.644569,100,0.890226222,0.050339759,100,40.14,3.216183823,100,0.892,0.071470752,100,15,0,100,70.16260153,4.403971871,100,89.01835556,5.034523265,100,113.2644569,0.005033976,0.321618382,0.007147075,0,0.440397187,0.503452326
random_walk,150,15,45,0,126,0.63,20064.64,1128.56901,100,0.891761778,0.050158623,100,40.23,3.196762883,100,0.894,0.071039175,100,15,0,100,70.5996502,4.411957018,100,89.17262222,5.016267806,100,112.856901,0.005015862,0.319676288,0.007103918,0,0.441195702,0.501626781
random_walk,150,15,45,0,127,0.635,20100.01,1127.628857,100,0.893333778,0.050116838,100,40.33,3.156058788,100,0.896222222,0.07013464,100,15,0,100,71.03364328,4.429996834,100,89.32991111,5.01136607,100,112.7628857,0.005011684,0.315605879,0.007013464,0,0.442999683,0.501136607
random_walk,150,15,45,0,128,0.64,20131.27,1126.11541,100,0.894723111,0.050049574,100,40.37,3.145158216,100,0.897111111,0.069892405,100,15,0,100,71.48093647,4.448925474,100,89.46848889,5.005857354,100,112.611541,0.005004957,0.314515822,0.00698924,0,0.444892547,0.500585735
random_walk,150,15,45,0,129,0.645,20165.6,1121.911608,100,0.896248889,0.049862738,100,40.43,3.134219733,100,0.898444444,0.069649327,100,15,0,100,71.91439818,4.455838497,100,89.62097778,4.987055451,100,112.1911608,0.004986274,0.313421973,0.006964933,0,0.44558385,0.498705545
random_walk,150,15,45,0,130,0.65,20199.09,1115.52613,100,0.897737333,0.049578939,100,40.52,3.141382312,100,0.900444444,0.069808496,100,15,0,100,72.34837153,4.450741691,100,89.76982222,4.957727186,100,111.552613,0.004957894,0.314138231,0.00698085,0,0.445074169,0.495772719
random_walk,150,15,45,0,131,0.655,20232.7,1108.536696,100,0.899231111,0.049268298,100,40.59,3.111058802,100,0.902,0.06913464,100,15,0,100,72.77996701,4.442589593,100,89.91986667,4.927138018,100,110.8536696,0.00492683,0.31110588,0.006913464,0,0.444258959,0.492713802
random_walk,150,15,45,0,132,0.66,20264.5,1103.859872,100,0.900644444,0.049060439,100,40.64,3.115682068,100,0.903111111,0.069237379,100,15,0,100,73.21801258,4.447448893,100,90.0612,4.907016036,100,110.3859872,0.004906044,0.311568207,0.006923738,0,0.444744889,0.490701604
random_walk,150,15,45,0,133,0.665,20295.85,1100.939877,100,0.902037778,0.048930661,100,40.7,3.083026193,100,0.904444444,0.068511693,100,15,0,100,73.65683539,4.454427163,100,90.2012,4.893279117,100,110.0939877,0.004893066,0.308302619,0.006851169,0,0.445442716,0.489327912
random_walk,150,15,45,0,134,0.67,20331.62,1093.355273,100,0.903627556,0.048593568,100,40.76,3.06534886,100,0.905777778,0.068118864,100,15,0,100,74.07585736,4.443115215,100,90.35906667,4.8603228,100,109.3355273,0.004859357,0.306534886,0.006811886,0,0.444311521,0.48603228
random_walk,150,15,45,0,135,0.675,20364.1,1085.493385,100,0.905071111,0.04824415,100,40.81,3.0573475,100,0.906888889,0.067941056,100,15,0,100,74.50514846,4.428291326,100,90.50382222,4.824543004,100,108.5493385,0.004824415,0.30573475,0.006794106,0,0.442829133,0.4824543
random_walk,150,15,45,0,136,0.68,20394.62,1083.253795,100,0.906427556,0.048144613,100,40.85,3.062892935,100,0.907777778,0.068064287,100,15,0,100,74.94301976,4.438959143,100,90.63955556,4.814483387,100,108.3253795,0.004814461,0.306289294,0.006806429,0,0.443895914,0.481448339
random_walk,150,15,45,0,137,0.685,20423.68,1076.578605,100,0.907719111,0.047847938,100,40.96,3.008137113,100,0.910222222,0.066847491,100,15,0,100,75.38314347,4.431697487,100,90.76844444,4.785584935,100,107.6578605,0.004784794,0.300813711,0.006684749,0,0.443169749,0.478558493
random_walk,150,15,45,0,138,0.69,20454.59,1071.498263,100,0.909092889,0.047622145,100,40.98,3.00833858,100,0.910666667,0.066851968,100,15,0,100,75.81588135,4.429509935,100,90.90555556,4.762155688,100,107.1498263,0.004762215,0.300833858,0.006685197,0,0.442950994,0.476215569
random_walk,150,15,45,0,139,0.695,20483.01,1065.7015,100,0.910356,0.047364511,100,41.04,2.977762702,100,0.912,0.066172504,100,15,0,100,76.25619742,4.425205651,100,91.03266667,4.736935694,100,106.57015,0.004736451,0.29777627,0.00661725,0,0.442520565,0.473693569
random_walk,150,15,45,0,140,0.7,20514.99,1058.975897,100,0.911777333,0.047065595,100,41.11,2.960668093,100,0.913555556,0.065792624,100,15,0,100,76.68128973,4.414721143,100,91.17453333,4.707040694,100,105.8975897,0.00470656,0.296066809,0.006579262,0,0.441472114,0.470704069
random_walk,150,15,45,0,141,0.705,20545.45,1052.280759,100,0.913131111,0.046768034,100,41.16,2.929198187,100,0.914666667,0.065093293,100,15,0,100,77.11143863,4.407010571,100,91.3104,4.676662854,100,105.2280759,0.004676803,0.292919819,0.006509329,0,0.440701057,0.467666285
random_walk,150,15,45,0,142,0.71,20573.13,1044.530871,100,0.914361333,0.046423594,100,41.24,2.857278496,100,0.916444444,0.063495078,100,15,0,100,77.55022169,4.392100981,100,91.43404444,4.642135909,100,104.4530871,0.004642359,0.28572785,0.006349508,0,0.439210098,0.464213591
random_walk,150,15,45,0,143,0.715,20599.38,1037.288664,100,0.915528,0.046101718,100,41.29,2.864957207,100,0.917555556,0.063665716,100,15,0,100,77.99348165,4.381011657,100,91.55004444,4.610587927,100,103.7288664,0.004610172,0.286495721,0.006366572,0,0.438101166,0.461058793
random_walk,150,15,45,0,144,0.72,20624.46,1028.23461,100,0.916642667,0.045699316,100,41.34,2.81130474,100,0.918666667,0.062473439,100,15,0,100,78.43927958,4.360109993,100,91.66142222,4.570980292,100,102.823461,0.004569932,0.281130474,0.006247344,0,0.436010999,0.457098029
random_walk,150,15,45,0,145,0.725,20647.82,1022.334211,100,0.917680889,0.045437076,100,41.4,2.748737084,100,0.92,0.061083046,100,15,0,100,78.89172369,4.352278656,100,91.76511111,4.544786192,100,102.2334211,0.004543708,0.274873708,0.006108305,0,0.435227866,0.454478619
random_walk,150,15,45,0,146,0.73,20675.9,1008.313368,100,0.918928889,0.044813927,100,41.46,2.72815474,100,0.921333333,0.060625661,100,15,0,100,79.32088964,4.298037525,100,91.89057778,4.481796657,100,100.8313368,0.004481393,0.272815474,0.006062566,0,0.429803752,0.448179666
random_walk,150,15,45,0,147,0.735,20701.47,999.0550228,100,0.920065333,0.044402445,100,41.52,2.657104066,100,0.922666667,0.059046757,100,15,0,100,79.76084993,4.270551243,100,92.004,4.441701758,100,99.90550228,0.004440245,0.265710407,0.005904676,0,0.427055124,0.444170176
random_walk,150,15,45,0,148,0.74,20727.29,987.0078474,100,0.921212889,0.043867015,100,41.54,2.637798286,100,0.923111111,0.05861774,100,15,0,100,80.19801108,4.231114427,100,92.11902222,4.387230826,100,98.70078474,0.004386702,0.263779829,0.005861774,0,0.423111443,0.438723083
random_walk,150,15,45,0,149,0.745,20753.03,976.7323326,100,0.922356889,0.043410326,100,41.58,2.60992666,100,0.924,0.05799837,100,15,0,100,80.63449689,4.200464618,100,92.23231111,4.341543271,100,97.67323326,0.004341033,0.260992666,0.005799837,0,0.420046462,0.434154327
random_walk,150,15,45,0,150,0.75,20780.07,963.6364654,100,0.923558667,0.042828287,100,41.59,2.601844722,100,0.924222222,0.057818772,100,15,0,100,81.06400786,4.154683413,100,92.35342222,4.283150606,100,96.36364654,0.004282829,0.260184472,0.005781877,0,0.415468341,0.428315061
random_walk,150,15,45,0,151,0.755,20805.93,954.5251742,100,0.924708,0.042423341,100,41.61,2.60494867,100,0.924666667,0.057887748,100,15,0,100,81.49869593,4.127274669,100,92.46813333,4.242862942,100,95.45251742,0.004242334,0.260494867,0.005788775,0,0.412727467,0.424286294
random_walk,150,15,45,0,152,0.76,20833.1,943.8039569,100,0.925915556,0.041946843,100,41.67,2.550717863,100,0.926,0.056682619,100,15,0,100,81.92665268,4.095353339,100,92.58862222,4.195716499,100,94.38039569,0.004194684,0.255071786,0.005668262,0,0.409535334,0.41957165
random_walk,150,15,45,0,153,0.765,20855.99,928.9492869,100,0.926932889,0.041286635,100,41.7,2.556433753,100,0.926666667,0.056809639,100,15,0,100,82.36850292,4.039456201,100,92.6908,4.129223558,100,92.89492869,0.004128663,0.255643375,0.005680964,0,0.40394562,0.412922356
random_walk,150,15,45,0,154,0.77,20879.15,922.0151665,100,0.927962222,0.040978452,100,41.75,2.57169912,100,0.927777778,0.057148869,100,15,0,100,82.81172642,4.017174686,100,92.79346667,4.098658141,100,92.20151665,0.004097845,0.257169912,0.005714887,0,0.401717469,0.409865814
random_walk,150,15,45,0,155,0.775,20900.42,911.7740747,100,0.928907556,0.040523292,100,41.8,2.470022288,100,0.928888889,0.054889384,100,15,0,100,83.26037282,3.98084612,100,92.88826667,4.052639397,100,91.17740747,0.004052329,0.247002229,0.005488938,0,0.398084612,0.40526394
random_walk,150,15,45,0,156,0.78,20921.72,902.6289894,100,0.929854222,0.040116844,100,41.84,2.468876979,100,0.929777778,0.054863933,100,15,0,100,83.70850469,3.95461784,100,92.9824,4.01239466,100,90.26289894,0.004011684,0.246887698,0.005486393,0,0.395461784,0.401239466
random_walk,150,15,45,0,157,0.785,20946.82,894.688348,100,0.930969778,0.039763927,100,41.89,2.473679629,100,0.930888889,0.054970658,100,15,0,100,84.14076807,3.932563752,100,93.0944,3.977093615,100,89.4688348,0.003976393,0.247367963,0.005497066,0,0.393256375,0.397709362
random_walk,150,15,45,0,158,0.79,20971.81,887.0474882,100,0.932080444,0.039424333,100,41.96,2.407563838,100,0.932444444,0.053501419,100,15,0,100,84.57309394,3.913898842,100,93.20586667,3.942729651,100,88.70474882,0.003942433,0.240756384,0.005350142,0,0.391389884,0.394272965
random_walk,150,15,45,0,159,0.795,20994.06,878.3149825,100,0.933069333,0.039036221,100,42.03,2.33313852,100,0.934,0.051847523,100,15,0,100,85.01455037,3.890811623,100,93.30462222,3.90416828,100,87.83149825,0.003903622,0.233313852,0.005184752,0,0.389081162,0.390416828
random_walk,150,15,45,0,160,0.8,21013.62,872.3792126,100,0.933938667,0.038772409,100,42.06,2.321702615,100,0.934666667,0.051593391,100,15,0,100,85.46724324,3.881242769,100,93.39195556,3.877808306,100,87.23792126,0.003877241,0.232170261,0.005159339,0,0.388124277,0.387780831
random_walk,150,15,45,0,161,0.805,21035.32,866.1458911,100,0.934903111,0.038495373,100,42.07,2.319243172,100,0.934888889,0.051538737,100,15,0,100,85.9103207,3.871322016,100,93.48795556,3.84984119,100,86.61458911,0.003849537,0.231924317,0.005153874,0,0.387132202,0.384984119
random_walk,150,15,45,0,162,0.81,21054.43,860.831079,100,0.935752444,0.038259159,100,42.1,2.311586975,100,0.935555556,0.051368599,100,15,0,100,86.36318865,3.86333267,100,93.5728,3.826298001,100,86.0831079,0.003825916,0.231158698,0.00513686,0,0.386333267,0.3826298
random_walk,150,15,45,0,163,0.815,21070.52,853.7405572,100,0.936467556,0.037944025,100,42.15,2.293491009,100,0.936666667,0.050966467,100,15,0,100,86.82696382,3.845982634,100,93.64484444,3.794718738,100,85.37405572,0.003794402,0.229349101,0.005096647,0,0.384598263,0.379471874
random_walk,150,15,45,0,164,0.82,21089.45,848.7966928,100,0.937308889,0.037724297,100,42.22,2.281148036,100,0.938222222,0.050692179,100,15,0,100,87.27885712,3.836967385,100,93.72857778,3.773286893,100,84.87966928,0.00377243,0.228114804,0.005069218,0,0.383696739,0.377328689
random_walk,150,15,45,0,165,0.825,21108.58,842.6593807,100,0.938159111,0.037451528,100,42.24,2.279110229,100,0.938666667,0.050646894,100,15,0,100,87.72875763,3.82342483,100,93.81342222,3.746369415,100,84.26593807,0.003745153,0.227911023,0.005064689,0,0.382342483,0.374636941
random_walk,150,15,45,0,166,0.83,21129.87,837.1288191,100,0.939105333,0.037205725,100,42.27,2.260128717,100,0.939333333,0.050225083,100,15,0,100,88.16917507,3.81471372,100,93.90826667,3.720992833,100,83.71288191,0.003720573,0.226012872,0.005022508,0,0.381471372,0.372099283
random_walk,150,15,45,0,167,0.835,21148.67,833.4204325,100,0.939940889,0.037040908,100,42.3,2.245084417,100,0.94,0.049890765,100,15,0,100,88.61971795,3.812849216,100,93.99213333,3.704472747,100,83.34204325,0.003704091,0.224508442,0.004989076,0,0.381284922,0.370447275
random_walk,150,15,45,0,168,0.84,21166.3,828.7695455,100,0.940724444,0.036834202,100,42.31,2.245961583,100,0.940222222,0.049910257,100,15,0,100,89.07398064,3.803005826,100,94.07017778,3.683683171,100,82.87695455,0.00368342,0.224596158,0.004991026,0,0.380300583,0.368368317
random_walk,150,15,45,0,169,0.845,21184.81,824.040289,100,0.941547111,0.036624013,100,42.32,2.24679345,100,0.940444444,0.049928743,100,15,0,100,89.52370514,3.794456142,100,94.1524,3.663092598,100,82.4040289,0.003662401,0.224679345,0.004992874,0,0.379445614,0.36630926
random_walk,150,15,45,0,170,0.85,21201.75,822.135632,100,0.9423,0.036539361,100,42.38,2.163890996,100,0.941777778,0.048086467,100,15,0,100,89.98057661,3.801715174,100,94.22733333,3.654419645,100,82.2135632,0.003653936,0.2163891,0.004808647,0,0.380171517,0.365441964
random_walk,150,15,45,0,171,0.855,21221.19,818.5965903,100,0.943164,0.036382071,100,42.49,2.12486482,100,0.944222222,0.047219218,100,15,0,100,90.42575313,3.800922378,100,94.31395556,3.638557865,100,81.85965903,0.003638207,0.212486482,0.004721922,0,0.380092238,0.363855787
random_walk,150,15,45,0,172,0.86,21236.15,812.9626872,100,0.943828889,0.036131675,100,42.51,2.08648852,100,0.944666667,0.046366412,100,15,0,100,90.88841789,3.792771075,100,94.38106667,3.613616604,100,81.29626872,0.003613167,0.208648852,0.004636641,0,0.379277108,0.36136166
random_walk,150,15,45,0,173,0.865,21251.71,810.0207042,100,0.944520444,0.03600092,100,42.54,2.105404301,100,0.945333333,0.046786762,100,15,0,100,91.34839872,3.79372686,100,94.45008889,3.600233485,100,81.00207042,0.003600092,0.21054043,0.004678676,0,0.379372686,0.360023349
random_walk,150,15,45,0,174,0.87,21267.33,806.6505264,100,0.945214667,0.035851135,100,42.57,2.123723621,100,0.946,0.047193858,100,15,0,100,91.80772839,3.792855005,100,94.51982222,3.585436946,100,80.66505264,0.003585113,0.212372362,0.004719386,0,0.379285501,0.358543695
random_walk,150,15,45,0,175,0.875,21280.74,805.2795188,100,0.945810667,0.035790201,100,42.58,2.118604458,100,0.946222222,0.047080099,100,15,0,100,92.27692294,3.803973422,100,94.57928889,3.579426893,100,80.52795188,0.00357902,0.211860446,0.00470801,0,0.380397342,0.357942689
random_walk,150,15,45,0,176,0.88,21292.28,804.0016343,100,0.946323556,0.035733406,100,42.6,2.10338832,100,0.946666667,0.046741963,100,15,0,100,92.75353672,3.817196963,100,94.63066667,3.573397965,100,80.40016343,0.003573341,0.210338832,0.004674196,0,0.381719696,0.357339796
random_walk,150,15,45,0,177,0.885,21305.24,803.5760745,100,0.946899556,0.035714492,100,42.6,2.10338832,100,0.946666667,0.046741963,100,15,0,100,93.2237187,3.833459622,100,94.68831111,3.571639137,100,80.35760745,0.003571449,0.210338832,0.004674196,0,0.383345962,0.357163914
random_walk,150,15,45,0,178,0.89,21317.13,803.7090364,100,0.947428,0.035720402,100,42.65,2.076199909,100,0.947777778,0.046137776,100,15,0,100,93.69830243,3.85231502,100,94.74133333,3.572528009,100,80.37090364,0.00357204,0.207619991,0.004613778,0,0.385231502,0.357252801
random_walk,150,15,45,0,179,0.895,21327.66,803.0436699,100,0.947896,0.03569083,100,42.66,2.03117123,100,0.948,0.045137138,100,15,0,100,94.1779312,3.865657088,100,94.78808889,3.569090785,100,80.30436699,0.003569083,0.203117123,0.004513714,0,0.386565709,0.356909078
random_walk,150,15,45,0,180,0.9,21340.14,799.0912139,100,0.948450667,0.035515165,100,42.7,2.042478194,100,0.948888889,0.045388404,100,15,0,100,94.64717831,3.86289985,100,94.84373333,3.551887486,100,79.90912139,0.003551517,0.204247819,0.00453884,0,0.386289985,0.355188749
random_walk,150,15,45,0,181,0.905,21355.47,793.7753347,100,0.949132,0.035278904,100,42.72,2.005447128,100,0.949333333,0.044565492,100,15,0,100,95.10251301,3.852954612,100,94.91182222,3.528259575,100,79.37753347,0.00352789,0.200544713,0.004456549,0,0.385295461,0.352825957
random_walk,150,15,45,0,182,0.91,21367.97,789.8758176,100,0.949687556,0.035105592,100,42.73,2.014367585,100,0.949555556,0.044763724,100,15,0,100,95.57038627,3.8488655,100,94.9672,3.510924474,100,78.98758176,0.003510559,0.201436759,0.004476372,0,0.38488655,0.351092447
random_walk,150,15,45,0,183,0.915,21380.8,785.1779442,100,0.950257778,0.034896798,100,42.74,2.013188837,100,0.949777778,0.04473753,100,15,0,100,96.03552931,3.840522326,100,95.02417778,3.490245024,100,78.51779442,0.00348968,0.201318884,0.004473753,0,0.384052233,0.349024502
random_walk,150,15,45,0,184,0.92,21393.47,782.4970579,100,0.950820889,0.034777647,100,42.76,2.020700948,100,0.950222222,0.044904466,100,15,0,100,96.50186829,3.844066608,100,95.08075556,3.478080898,100,78.24970579,0.003477765,0.202070095,0.004490447,0,0.384406661,0.34780809
random_walk,150,15,45,0,185,0.925,21404.36,782.0185681,100,0.951304889,0.034756381,100,42.77,2.024371707,100,0.950444444,0.044986038,100,15,0,100,96.97661933,3.859038532,100,95.12915556,3.475803828,100,78.20185681,0.003475638,0.202437171,0.004498604,0,0.385903853,0.347580383
random_walk,150,15,45,0,186,0.93,21417.06,777.5502429,100,0.951869333,0.034557789,100,42.78,2.027986014,100,0.950666667,0.045066356,100,15,0,100,97.44119492,3.85213983,100,95.18524444,3.456168159,100,77.75502429,0.003455779,0.202798601,0.004506636,0,0.385213983,0.345616816
random_walk,150,15,45,0,187,0.935,21427.02,773.4909711,100,0.952312,0.034377376,100,42.82,1.991801377,100,0.951555556,0.044262253,100,15,0,100,97.91785271,3.847040779,100,95.22991111,3.438288107,100,77.34909711,0.003437738,0.199180138,0.004426225,0,0.384704078,0.343828811
random_walk,150,15,45,0,188,0.94,21439.9,770.3337923,100,0.952884444,0.034237057,100,42.83,1.98507054,100,0.951777778,0.044112679,100,15,0,100,98.38109197,3.846591063,100,95.28697778,3.423867097,100,77.03337923,0.003423706,0.198507054,0.004411268,0,0.384659106,0.34238671
random_walk,150,15,45,0,189,0.945,21450.99,767.6996005,100,0.953377333,0.034119982,100,42.84,1.983365164,100,0.952,0.044074781,100,15,0,100,98.85212168,3.846649944,100,95.33622222,3.411812546,100,76.76996005,0.003411998,0.198336516,0.004407478,0,0.384664994,0.341181255
random_walk,150,15,45,0,190,0.95,21464.92,765.5448008,100,0.953996444,0.034024213,100,42.89,1.979159091,100,0.953111111,0.043981313,100,15,0,100,99.30957159,3.849867559,100,95.39808889,3.402554721,100,76.55448008,0.003402421,0.197915909,0.004398131,0,0.384986756,0.340255472
random_walk,150,15,45,0,191,0.955,21479.19,761.3992926,100,0.954630667,0.033839969,100,42.91,1.98527407,100,0.953555556,0.044117202,100,15,0,100,99.76414577,3.842319889,100,95.46146667,3.384771427,100,76.13992926,0.003383997,0.198527407,0.00441172,0,0.384231989,0.338477143
random_walk,150,15,45,0,192,0.96,21491.88,758.8534451,100,0.955194667,0.03372682,100,42.95,1.95595439,100,0.954444444,0.043465653,100,15,0,100,100.2259475,3.843207584,100,95.51804444,3.372755692,100,75.88534451,0.003372682,0.195595439,0.004346565,0,0.384320758,0.337275569
random_walk,150,15,45,0,193,0.965,21502.71,758.4666789,100,0.955676,0.03370963,100,42.97,1.966666667,100,0.954888889,0.043703704,100,15,0,100,100.6968212,3.858490608,100,95.5664,3.371152479,100,75.84666789,0.003370963,0.196666667,0.00437037,0,0.385849061,0.337115248
random_walk,150,15,45,0,194,0.97,21512.31,755.1778798,100,0.956102667,0.033563461,100,42.97,1.966666667,100,0.954888889,0.043703704,100,15,0,100,101.1719463,3.856873956,100,95.60911111,3.356608385,100,75.51778798,0.003356346,0.196666667,0.00437037,0,0.385687396,0.335660839
random_walk,150,15,45,0,195,0.975,21523.08,753.6918519,100,0.956581333,0.033497416,100,42.98,1.974483694,100,0.955111111,0.043877415,100,15,0,100,101.6420193,3.864708625,100,95.65648889,3.34997723,100,75.36918519,0.003349742,0.197448369,0.004387742,0,0.386470863,0.334997723
random_walk,150,15,45,0,196,0.98,21532.24,751.9605771,100,0.956988444,0.03342047,100,43.02,1.948736965,100,0.956,0.043305266,100,15,0,100,102.1190559,3.87277492,100,95.69777778,3.342051539,100,75.19605771,0.003342047,0.194873696,0.004330527,0,0.387277492,0.334205154
random_walk,150,15,45,0,197,0.985,21543.5,751.3105519,100,0.957488889,0.03339158,100,43.02,1.948736965,100,0.956,0.043305266,100,15,0,100,102.5859583,3.88622843,100,95.74733333,3.33946972,100,75.13105519,0.003339158,0.194873696,0.004330527,0,0.388622843,0.333946972
random_walk,150,15,45,0,198,0.99,21555.12,746.7532185,100,0.958005333,0.033189032,100,43.04,1.958766877,100,0.956444444,0.043528153,100,15,0,100,103.0490436,3.874564415,100,95.79911111,3.319750793,100,74.67532185,0.003318903,0.195876688,0.004352815,0,0.387456441,0.331975079
random_walk,150,15,45,0,199,0.995,21567.63,744.7262076,100,0.958561333,0.033098943,100,43.08,1.952361947,100,0.957333333,0.043385821,100,15,0,100,103.508491,3.878521446,100,95.85466667,3.310259654,100,74.47262076,0.003309894,0.195236195,0.004338582,0,0.387852145,0.331025965
random_walk,150,15,45,0,200,1,21577.37,742.6535505,100,0.958994222,0.033006824,100,43.11,1.943104878,100,0.958,0.043180108,100,15,0,100,103.9810144,3.88261269,100,95.89835556,3.300790711,100,74.26535505,0.003300682,0.194310488,0.004318011,0,0.388261269,0.330079071
random_walk,200,20,60,0,0,0,0,0,100,0,0,100,0,0,100,0,0,100,20,0,100,0,0,100,0,0,100,0,0,0,0,0,0,0
random_walk,200,20,60,0,1,0.005,1779.53,90.93992411,100,0.04448825,0.002273498,100,2.36,1.425028796,100,0.039333333,0.02375048,100,20,0,100,11.22870705,0.56118062,100,4.385975,0.226008373,100,9.093992411,0.00022735,0.14250288,0.002375048,0,0.056118062,0.022600837
random_walk,200,20,60,0,2,0.01,2944.77,155.3646642,100,0.07361925,0.003884117,100,4.16,1.818646405,100,0.069333333,0.030310773,100,20,0,100,13.57607428,0.710316295,100,7.3083,0.38415654,100,15.53646642,0.000388412,0.181864641,0.003031077,0,0.07103163,0.038415654
random_walk,200,20,60,0,3,0.015,3968.42,219.6018978,100,0.0992105,0.005490047,100,5.67,2.010351997,100,0.0945,0.033505867,100,20,0,100,15.11449442,0.846572559,100,9.8734,0.549057448,100,21.96018978,0.000549005,0.2010352,0.003350587,0,0.084657256,0.054905745
random_walk,200,20,60,0,4,0.02,4870.98,275.9320653,100,0.1217745,0.006898302,100,7.1,2.488356725,100,0.118333333,0.041472612,100,20,0,100,16.42195236,0.957969865,100,12.133825,0.687277921,100,27.59320653,0.00068983,0.248835673,0.004147261,0,0.095796986,0.068727792
random_walk,200,20,60,0,5,0.025,5755.62,334.1697016,100,0.1438905,0.008354243,100,8.5,2.622744341,100,0.141666667,0.043712406,100,20,0,100,17.37570903,1.02435816,100,14.34565,0.834864927,100,33.41697016,0.000835424,0.262274434,0.004371241,0,0.102435816,0.083486493
random_walk,200,20,60,0,6,0.03,6583.17,402.1923269,100,0.16457925,0.010054808,100,9.71,2.563516367,100,0.161833333,0.042725273,100,20,0,100,18.23651253,1.121345719,100,16.417225,1.003689966,100,40.21923269,0.001005481,0.256351637,0.004272527,0,0.112134572,0.100368997
random_walk,200,20,60,0,7,0.035,7373.41,448.4544974,100,0.18433525,0.011211362,100,10.87,2.653965967,100,0.181166667,0.044232766,100,20,0,100,18.99484659,1.165298969,100,18.3944,1.117360827,100,44.84544974,0.001121136,0.265396597,0.004423277,0,0.116529897,0.111736083
random_walk,200,20,60,0,8,0.04,8126.23,497.930847,100,0.20315575,0.012448271,100,11.85,2.735383562,100,0.1975,0.045589726,100,20,0,100,19.69920612,1.221767231,100,20.2779,1.24292669,100,49.7930847,0.001244827,0.273538356,0.004558973,0,0.122176723,0.124292669
random_walk,200,20,60,0,9,0.045,8840.63,548.7076213,100,0.22101575,0.013717691,100,12.89,2.773958991,100,0.214833333,0.04623265,100,20,0,100,20.3724985,1.265533962,100,22.065825,1.368322124,100,54.87076213,0.001371769,0.277395899,0.004623265,0,0.126553396,0.136832212
random_walk,200,20,60,0,10,0.05,9522.68,609.4085538,100,0.238067,0.015235214,100,14.01,2.797888814,100,0.2335,0.04663148,100,20,0,100,21.02136586,1.346408634,100,23.774125,1.520547498,100,60.94085538,0.001523521,0.279788881,0.004663148,0,0.134640863,0.15205475
random_walk,200,20,60,0,11,0.055,10168.86,656.8344044,100,0.2542215,0.01642086,100,14.88,2.94830888,100,0.248,0.049138481,100,20,0,100,21.65651166,1.407409414,100,25.3883,1.639339871,100,65.68344044,0.001642086,0.294830888,0.004913848,0,0.140740941,0.163933987
random_walk,200,20,60,0,12,0.06,10807.98,694.9535844,100,0.2701995,0.01737384,100,15.72,3.015381444,100,0.262,0.050256357,100,20,0,100,22.22698347,1.434226211,100,26.988575,1.735938174,100,69.49535844,0.001737384,0.301538144,0.005025636,0,0.143422621,0.173593817
random_walk,200,20,60,0,13,0.065,11417.03,730.3130152,100,0.28542575,0.018257825,100,16.63,3.12905898,100,0.277166667,0.052150983,100,20,0,100,22.79358775,1.466248457,100,28.512525,1.825001781,100,73.03130152,0.001825783,0.312905898,0.005215098,0,0.146624846,0.182500178
random_walk,200,20,60,0,14,0.07,12009.08,751.0498064,100,0.300227,0.018776245,100,17.51,3.125312106,100,0.291833333,0.052088535,100,20,0,100,23.33242051,1.467735451,100,29.993975,1.876500211,100,75.10498064,0.001877625,0.312531211,0.005208854,0,0.146773545,0.187650021
random_walk,200,20,60,0,15,0.075,12579.44,779.2360325,100,0.314486,0.019480901,100,18.28,3.088198455,100,0.304666667,0.051469974,100,20,0,100,23.86441534,1.498348899,100,31.419025,1.946663518,100,77.92360325,0.00194809,0.308819845,0.005146997,0,0.14983489,0.194666352
random_walk,200,20,60,0,16,0.08,13146.63,819.1651904,100,0.32866575,0.02047913,100,19.24,3.363860216,100,0.320666667,0.056064337,100,20,0,100,24.35873785,1.545228622,100,32.837975,2.045853212,100,81.91651904,0.002047913,0.336386022,0.005606434,0,0.154522862,0.204585321
random_walk,200,20,60,0,17,0.085,13695.01,849.207313,100,0.34237525,0.021230183,100,20.15,3.409360259,100,0.335833333,0.056822671,100,20,0,100,24.84379858,1.570259212,100,34.21125,2.121314883,100,84.9207313,0.002123018,0.340936026,0.005682267,0,0.157025921,0.212131488
random_walk,200,20,60,0,18,0.09,14216.51,877.2703244,100,0.35541275,0.021931758,100,21.03,3.661028723,100,0.3505,0.061017145,100,20,0,100,25.33966759,1.596130995,100,35.51505,2.191017647,100,87.72703244,0.002193176,0.366102872,0.006101715,0,0.1596131,0.219101765
random_walk,200,20,60,0,19,0.095,14698.96,917.6317445,100,0.367474,0.022940794,100,21.7,3.791271208,100,0.361666667,0.063187853,100,20,0,100,25.87199257,1.650802901,100,36.723325,2.291517132,100,91.76317445,0.002294079,0.379127121,0.006318785,0,0.16508029,0.229151713
random_walk,200,20,60,0,20,0.1,15191.72,927.124381,100,0.379793,0.02317811,100,22.44,4.048493921,100,0.374,0.067474899,100,20,0,100,26.34599738,1.64348661,100,37.955725,2.316237869,100,92.7124381,0.002317811,0.404849392,0.00674749,0,0.164348661,0.231623787
random_walk,200,20,60,0,21,0.105,15657.08,944.4241865,100,0.391427,0.023610605,100,23.06,4.054726635,100,0.384333333,0.067578777,100,20,0,100,26.83920452,1.655789866,100,39.11865,2.36003492,100,94.44241865,0.00236106,0.405472663,0.006757878,0,0.165578987,0.236003492
random_walk,200,20,60,0,22,0.11,16132.96,971.2697814,100,0.403324,0.024281745,100,23.7,3.883401612,100,0.395,0.06472336,100,20,0,100,27.28821299,1.685072588,100,40.308725,2.428248826,100,97.12697814,0.002428174,0.388340161,0.006472336,0,0.168507259,0.242824883
random_walk,200,20,60,0,23,0.115,16600.69,1003.080998,100,0.41501725,0.025077025,100,24.46,3.947688238,100,0.407666667,0.065794804,100,20,0,100,27.72543267,1.719695598,100,41.47925,2.507166509,100,100.3080998,0.002507702,0.394768824,0.00657948,0,0.17196956,0.250716651
random_walk,200,20,60,0,24,0.12,17053.28,1030.332065,100,0.426332,0.025758302,100,25.19,4.02691701,100,0.419833333,0.067115284,100,20,0,100,28.16278738,1.742684276,100,42.608575,2.574118174,100,103.0332065,0.00257583,0.402691701,0.006711528,0,0.174268428,0.257411817
random_walk,200,20,60,0,25,0.125,17495.19,1052.211271,100,0.43737975,0.026305282,100,25.92,4.096512436,100,0.432,0.068275207,100,20,0,100,28.59379824,1.756834459,100,43.71695,2.628350761,100,105.2211271,0.002630528,0.409651244,0.006827521,0,0.175683446,0.262835076
random_walk,200,20,60,0,26,0.13,17928.97,1076.736966,100,0.44822425,0.026918424,100,26.52,4.212727229,100,0.442,0.07021212,100,20,0,100,29.01803396,1.773594465,100,44.802,2.690396642,100,107.6736966,0.002691842,0.421272723,0.007021212,0,0.177359447,0.269039664
random_walk,200,20,60,0,27,0.135,18364.65,1105.356731,100,0.45911625,0.027633918,100,27.26,4.263114051,100,0.454333333,0.071051901,100,20,0,100,29.41984441,1.805879582,100,45.891175,2.761998559,100,110.5356731,0.002763392,0.426311405,0.00710519,0,0.180587958,0.276199856
random_walk,200,20,60,0,28,0.14,18790.69,1132.861334,100,0.46976725,0.028321533,100,27.88,4.295358077,100,0.464666667,0.071589301,100,20,0,100,29.81799596,1.835465634,100,46.95595,2.831183582,100,113.2861334,0.002832153,0.429535808,0.00715893,0,0.183546563,0.283118358
random_walk,200,20,60,0,29,0.145,19186.54,1149.858704,100,0.4796635,0.028746468,100,28.45,4.210076897,100,0.474166667,0.070167948,100,20,0,100,30.2444545,1.849982409,100,47.9476,2.873375934,100,114.9858704,0.002874647,0.42100769,0.007016795,0,0.184998241,0.287337593
random_walk,200,20,60,0,30,0.15,19565.96,1182.313756,100,0.489149,0.029557844,100,28.95,4.234001379,100,0.4825,0.07056669,100,20,0,100,30.68272781,1.893862577,100,48.895775,2.953739064,100,118.2313756,0.002955784,0.423400138,0.007056669,0,0.189386258,0.295373906
random_walk,200,20,60,0,31,0.155,19933.51,1211.510882,100,0.49833775,0.030287772,100,29.38,4.270594783,100,0.489666667,0.07117658,100,20,0,100,31.12232941,1.936643329,100,49.816125,3.027857474,100,121.1510882,0.003028777,0.427059478,0.007117658,0,0.193664333,0.302785747
random_walk,200,20,60,0,32,0.16,20298.09,1236.170121,100,0.50745225,0.030904253,100,30.03,4.219854466,100,0.5005,0.070330908,100,20,0,100,31.5496685,1.968639933,100,50.72635,3.089162843,100,123.6170121,0.003090425,0.421985447,0.007033091,0,0.196863993,0.308916284
random_walk,200,20,60,0,33,0.165,20671.22,1254.090596,100,0.5167805,0.031352265,100,30.65,4.319032346,100,0.510833333,0.071983872,100,20,0,100,31.94745278,1.992995789,100,51.660225,3.133817844,100,125.4090596,0.003135226,0.431903235,0.007198387,0,0.199299579,0.313381784
random_walk,200,20,60,0,34,0.17,21030.78,1279.602886,100,0.5257695,0.031990072,100,31.17,4.332295913,100,0.5195,0.072204932,100,20,0,100,32.35364279,2.026771999,100,52.560075,3.196621884,100,127.9602886,0.003199007,0.433229591,0.007220493,0,0.2026772,0.319662188
random_walk,200,20,60,0,35,0.175,21364.16,1304.553283,100,0.534104,0.032613832,100,31.65,4.427587984,100,0.5275,0.073793133,100,20,0,100,32.78639769,2.068244038,100,53.393625,3.260513654,100,130.4553283,0.003261383,0.442758798,0.007379313,0,0.206824404,0.326051365
random_walk,200,20,60,0,36,0.18,21692.25,1316.310296,100,0.54230625,0.032907757,100,32.17,4.460952926,100,0.536166667,0.074349215,100,20,0,100,33.21158418,2.085564661,100,54.2146,3.289827789,100,131.6310296,0.003290776,0.446095293,0.007434922,0,0.208556466,0.328982779
random_walk,200,20,60,0,37,0.185,22007.24,1342.349833,100,0.550181,0.033558746,100,32.6,4.406148138,100,0.543333333,0.073435802,100,20,0,100,33.64682406,2.127620866,100,55.001575,3.35414062,100,134.2349833,0.003355875,0.440614814,0.00734358,0,0.212762087,0.335414062
random_walk,200,20,60,0,38,0.19,22326.36,1352.888369,100,0.558159,0.033822209,100,33.01,4.42329691,100,0.550166667,0.073721615,100,20,0,100,34.06060662,2.13824649,100,55.8002,3.38040797,100,135.2888369,0.003382221,0.442329691,0.007372162,0,0.213824649,0.338040797
random_walk,200,20,60,0,39,0.195,22631.56,1361.676123,100,0.565789,0.034041903,100,33.56,4.325914395,100,0.559333333,0.072098573,100,20,0,100,34.4835341,2.148000785,100,56.56475,3.403236492,100,136.1676123,0.00340419,0.43259144,0.007209857,0,0.214800078,0.340323649
random_walk,200,20,60,0,40,0.2,22940.82,1373.351084,100,0.5735205,0.034333777,100,33.98,4.32044704,100,0.566333333,0.072007451,100,20,0,100,34.88948675,2.156096754,100,57.337775,3.432988176,100,137.3351084,0.003433378,0.432044704,0.007200745,0,0.215609675,0.343298818
random_walk,200,20,60,0,41,0.205,23237.87,1379.326908,100,0.58094675,0.034483173,100,34.43,4.31875169,100,0.573833333,0.071979195,100,20,0,100,35.30264826,2.161994237,100,58.079875,3.447682804,100,137.9326908,0.003448317,0.431875169,0.007197919,0,0.216199424,0.34476828
random_walk,200,20,60,0,42,0.21,23533.88,1383.249886,100,0.588347,0.034581247,100,34.92,4.20840909,100,0.582,0.070140152,100,20,0,100,35.70640726,2.162473942,100,58.8209,3.456602114,100,138.3249886,0.003458125,0.420840909,0.007014015,0,0.216247394,0.345660211
random_walk,200,20,60,0,43,0.215,23821.35,1384.310348,100,0.59553375,0.034607759,100,35.34,4.178395613,100,0.589,0.069639927,100,20,0,100,36.11344338,2.167801358,100,59.539175,3.460604805,100,138.4310348,0.003460776,0.417839561,0.006963993,0,0.216780136,0.34606048
random_walk,200,20,60,0,44,0.22,24104.45,1388.65226,100,0.60261125,0.034716306,100,35.74,4.138071575,100,0.595666667,0.06896786,100,20,0,100,36.51786413,2.180323035,100,60.247325,3.471516517,100,138.865226,0.003471631,0.413807158,0.006896786,0,0.218032303,0.347151652
random_walk,200,20,60,0,45,0.225,24372.52,1398.848253,100,0.609313,0.034971206,100,36.18,4.159399724,100,0.603,0.069323329,100,20,0,100,36.93609193,2.197277171,100,60.917375,3.496808743,100,139.8848253,0.003497121,0.415939972,0.006932333,0,0.219727717,0.349680874
random_walk,200,20,60,0,46,0.23,24639.32,1410.4986,100,0.615983,0.035262465,100,36.6,4.182696438,100,0.61,0.069711607,100,20,0,100,37.34756547,2.218004631,100,61.58525,3.525125213,100,141.04986,0.003526247,0.418269644,0.006971161,0,0.221800463,0.352512521
random_walk,200,20,60,0,47,0.235,24898.31,1409.847944,100,0.62245775,0.035246199,100,36.98,4.170555761,100,0.616333333,0.069509263,100,20,0,100,37.75995346,2.2183673,100,62.232675,3.52264269,100,140.9847944,0.00352462,0.417055576,0.006950926,0,0.22183673,0.352264269
random_walk,200,20,60,0,48,0.24,25149.43,1405.557887,100,0.62873575,0.035138947,100,37.3,4.212775184,100,0.621666667,0.07021292,100,20,0,100,38.1753721,2.211125683,100,62.861,3.512273304,100,140.5557887,0.003513895,0.421277518,0.007021292,0,0.221112568,0.35122733
random_walk,200,20,60,0,49,0.245,25385.9,1408.990523,100,0.6346475,0.035224763,100,37.6,4.211576158,100,0.626666667,0.070192936,100,20,0,100,38.60635824,2.220539959,100,63.452075,3.520542189,100,140.8990523,0.003522476,0.421157616,0.007019294,0,0.222053996,0.352054219
random_walk,200,20,60,0,50,0.25,25623.24,1416.759092,100,0.640581,0.035418977,100,37.97,4.227029427,100,0.632833333,0.07045049,100,20,0,100,39.02851396,2.235767303,100,64.04675,3.540702694,100,141.6759092,0.003541898,0.422702943,0.007045049,0,0.22357673,0.354070269
random_walk,200,20,60,0,51,0.255,25862.05,1430.867212,100,0.64655125,0.03577168,100,38.32,4.213686215,100,0.638666667,0.070228104,100,20,0,100,39.44210186,2.263950445,100,64.64355,3.576092052,100,143.0867212,0.003577168,0.421368621,0.00702281,0,0.226395044,0.357609205
random_walk,200,20,60,0,52,0.26,26095.88,1449.827487,100,0.652397,0.036245687,100,38.75,4.260163131,100,0.645833333,0.071002719,100,20,0,100,39.85637346,2.300470034,100,65.227525,3.624192116,100,144.9827487,0.003624569,0.426016313,0.007100272,0,0.230047003,0.362419212
random_walk,200,20,60,0,53,0.265,26316.18,1455.644315,100,0.6579045,0.036391108,100,39.08,4.232343,100,0.651333333,0.07053905,100,20,0,100,40.28195136,2.31338045,100,65.77925,3.637998057,100,145.5644315,0.003639111,0.4232343,0.007053905,0,0.231338045,0.363799806
random_walk,200,20,60,0,54,0.27,26528.32,1479.35017,100,0.663208,0.036983754,100,39.37,4.298590326,100,0.656166667,0.071643172,100,20,0,100,40.71637539,2.359157495,100,66.309875,3.697602321,100,147.935017,0.003698375,0.429859033,0.007164317,0,0.235915749,0.369760232
random_walk,200,20,60,0,55,0.275,26748.1,1481.20708,100,0.6687025,0.037030177,100,39.71,4.337515464,100,0.661833333,0.072291924,100,20,0,100,41.12787218,2.36530097,100,66.8585,3.702274673,100,148.120708,0.003703018,0.433751546,0.007229192,0,0.236530097,0.370227467
random_walk,200,20,60,0,56,0.28,26967.53,1491.644286,100,0.67418825,0.037291107,100,39.99,4.319312983,100,0.6665,0.07198855,100,20,0,100,41.53484774,2.38879062,100,67.407625,3.728090599,100,149.1644286,0.003729111,0.431931298,0.007198855,0,0.238879062,0.37280906
random_walk,200,20,60,0,57,0.285,27175.93,1500.920682,100,0.67939825,0.037523017,100,40.28,4.394854659,100,0.671333333,0.073247578,100,20,0,100,41.95235092,2.411206117,100,67.92975,3.751172771,100,150.0920682,0.003752302,0.439485466,0.007324758,0,0.241120612,0.375117277
random_walk,200,20,60,0,58,0.29,27366.66,1514.845642,100,0.6841665,0.037871141,100,40.6,4.346134937,100,0.676666667,0.072435582,100,20,0,100,42.39179395,2.443588645,100,68.405775,3.785276328,100,151.4845642,0.003787114,0.434613494,0.007243558,0,0.244358864,0.378527633
random_walk,200,20,60,0,59,0.295,27561.99,1524.710454,100,0.68904975,0.038117761,100,40.87,4.289180657,100,0.681166667,0.071486344,100,20,0,100,42.81715924,2.466868981,100,68.89515,3.810748353,100,152.4710454,0.003811776,0.428918066,0.007148634,0,0.246686898,0.381074835
random_walk,200,20,60,0,60,0.3,27750.15,1535.128964,100,0.69375375,0.038378224,100,41.16,4.30109218,100,0.686,0.07168487,100,20,0,100,43.24786889,2.495181539,100,69.365025,3.836807508,100,153.5128964,0.003837822,0.430109218,0.007168487,0,0.249518154,0.383680751
random_walk,200,20,60,0,61,0.305,27942.26,1544.630207,100,0.6985565,0.038615755,100,41.38,4.244497329,100,0.689666667,0.070741622,100,20,0,100,43.66618422,2.521372966,100,69.84615,3.859754981,100,154.4630207,0.003861576,0.424449733,0.007074162,0,0.252137297,0.385975498
random_walk,200,20,60,0,62,0.31,28137.55,1549.770966,100,0.70343875,0.038744274,100,41.58,4.228761549,100,0.693,0.070479359,100,20,0,100,44.07314271,2.540519408,100,70.334175,3.872620792,100,154.9770966,0.003874427,0.422876155,0.007047936,0,0.254051941,0.387262079
random_walk,200,20,60,0,63,0.315,28328.61,1565.072031,100,0.70821525,0.039126801,100,41.88,4.290652278,100,0.698,0.071510871,100,20,0,100,44.48277178,2.574671407,100,70.811975,3.91158478,100,156.5072031,0.00391268,0.429065228,0.007151087,0,0.257467141,0.391158478
random_walk,200,20,60,0,64,0.32,28507.79,1563.478789,100,0.71269475,0.03908697,100,42.04,4.303909428,100,0.700666667,0.071731824,100,20,0,100,44.90297108,2.577521311,100,71.260475,3.907884653,100,156.3478789,0.003908697,0.430390943,0.007173182,0,0.257752131,0.390788465
random_walk,200,20,60,0,65,0.325,28695.5,1563.530617,100,0.7173875,0.039088265,100,42.35,4.262533509,100,0.705833333,0.071042225,100,20,0,100,45.30455143,2.586063652,100,71.729775,3.908030325,100,156.3530617,0.003908827,0.426253351,0.007104223,0,0.258606365,0.390803033
random_walk,200,20,60,0,66,0.33,28865.12,1565.131784,100,0.721628,0.039128295,100,42.63,4.26082697,100,0.7105,0.071013783,100,20,0,100,45.73016256,2.60197899,100,72.1549,3.912359897,100,156.5131784,0.003912829,0.426082697,0.007101378,0,0.260197899,0.39123599
random_walk,200,20,60,0,67,0.335,29027.46,1576.448793,100,0.7256865,0.03941122,100,42.9,4.215172211,100,0.715,0.07025287,100,20,0,100,46.16414497,2.63861296,100,72.56025,3.94017017,100,157.6448793,0.003941122,0.421517221,0.007025287,0,0.263861296,0.394017017
random_walk,200,20,60,0,68,0.34,29194.54,1574.855917,100,0.7298635,0.039371398,100,43.22,4.159885391,100,0.720333333,0.069331423,100,20,0,100,46.58324487,2.650251029,100,72.978375,3.937281746,100,157.4855917,0.00393714,0.415988539,0.006933142,0,0.265025103,0.393728175
random_walk,200,20,60,0,69,0.345,29363.63,1566.877089,100,0.73409075,0.039171927,100,43.46,4.207784993,100,0.724333333,0.07012975,100,20,0,100,46.99322533,2.64919713,100,73.400275,3.917092561,100,156.6877089,0.003917193,0.420778499,0.007012975,0,0.264919713,0.391709256
random_walk,200,20,60,0,70,0.35,29519.66,1557.669382,100,0.7379915,0.038941735,100,43.73,4.313134743,100,0.728833333,0.071885579,100,20,0,100,47.41953477,2.643549344,100,73.7918,3.893490522,100,155.7669382,0.003894173,0.431313474,0.007188558,0,0.264354934,0.389349052
random_walk,200,20,60,0,71,0.355,29665.92,1569.046205,100,0.741648,0.039226155,100,43.99,4.302911864,100,0.733166667,0.071715198,100,20,0,100,47.86056898,2.675017677,100,74.15725,3.922018627,100,156.9046205,0.003922616,0.430291186,0.00717152,0,0.267501768,0.392201863
random_walk,200,20,60,0,72,0.36,29824.67,1569.104905,100,0.74561675,0.039227623,100,44.21,4.23381052,100,0.736833333,0.070563509,100,20,0,100,48.27509573,2.684049983,100,74.553875,3.921621405,100,156.9104905,0.003922762,0.423381052,0.007056351,0,0.268404998,0.39216214
random_walk,200,20,60,0,73,0.365,29977.59,1569.761,100,0.74943975,0.039244025,100,44.44,4.190706408,100,0.740666667,0.069845107,100,20,0,100,48.69447392,2.693833711,100,74.936375,3.924056252,100,156.9761,0.003924403,0.419070641,0.006984511,0,0.269383371,0.392405625
random_walk,200,20,60,0,74,0.37,30139.56,1564.102733,100,0.753489,0.039102568,100,44.65,4.127696547,100,0.744166667,0.068794942,100,20,0,100,49.0938116,2.690096007,100,75.341425,3.909968551,100,156.4102733,0.003910257,0.412769655,0.006879494,0,0.269009601,0.390996855
random_walk,200,20,60,0,75,0.375,30301.77,1565.324834,100,0.75754425,0.039133121,100,44.91,4.17567511,100,0.7485,0.069594585,100,20,0,100,49.48960146,2.702191278,100,75.746825,3.912945764,100,156.5324834,0.003913312,0.417567511,0.006959459,0,0.270219128,0.391294576
random_walk,200,20,60,0,76,0.38,30457.95,1562.605926,100,0.76144875,0.039065148,100,45.12,4.151864617,100,0.752,0.069197744,100,20,0,100,49.89019341,2.703745028,100,76.1378,3.905878538,100,156.2605926,0.003906515,0.415186462,0.006919774,0,0.270374503,0.390587854
random_walk,200,20,60,0,77,0.385,30601.63,1564.529462,100,0.76504075,0.039113237,100,45.38,4.072028259,100,0.756333333,0.067867138,100,20,0,100,50.30850112,2.717684032,100,76.496975,3.910905745,100,156.4529462,0.003911324,0.407202826,0.006786714,0,0.271768403,0.391090575
random_walk,200,20,60,0,78,0.39,30745.12,1556.37191,100,0.768628,0.038909298,100,45.56,3.952546807,100,0.759333333,0.06587578,100,20,0,100,50.7211814,2.71234375,100,76.856325,3.891038192,100,155.637191,0.00389093,0.395254681,0.006587578,0,0.271234375,0.389103819
random_walk,200,20,60,0,79,0.395,30890.29,1554.410768,100,0.77225725,0.038860269,100,45.75,3.960346378,100,0.7625,0.066005773,100,20,0,100,51.12793562,2.712912506,100,77.218875,3.885394017,100,155.4410768,0.003886027,0.396034638,0.006600577,0,0.271291251,0.388539402
random_walk,200,20,60,0,80,0.4,31024.69,1560.123769,100,0.77561725,0.039003094,100,45.93,3.962590215,100,0.7655,0.06604317,100,20,0,100,51.55050493,2.735556999,100,77.5547,3.899473211,100,156.0123769,0.003900309,0.396259022,0.006604317,0,0.2735557,0.389947321
random_walk,200,20,60,0,81,0.405,31152.78,1556.567258,100,0.7788195,0.038914181,100,46.09,3.987594399,100,0.768166667,0.066459907,100,20,0,100,51.97836952,2.74006706,100,77.87535,3.890569763,100,155.6567258,0.003891418,0.39875944,0.006645991,0,0.274006706,0.389056976
random_walk,200,20,60,0,82,0.41,31281.8,1569.466698,100,0.782045,0.039236667,100,46.26,3.948199948,100,0.771,0.065803332,100,20,0,100,52.40403735,2.774236372,100,78.1985,3.923024418,100,156.9466698,0.003923667,0.394819995,0.006580333,0,0.277423637,0.392302442
random_walk,200,20,60,0,83,0.415,31413.06,1577.653704,100,0.7853265,0.039441343,100,46.47,3.92468232,100,0.7745,0.065411372,100,20,0,100,52.82184487,2.7978106,100,78.526425,3.943491365,100,157.7653704,0.003944134,0.392468232,0.006541137,0,0.27978106,0.394349137
random_walk,200,20,60,0,84,0.42,31542.78,1586.822106,100,0.7885695,0.039670553,100,46.64,3.893843885,100,0.777333333,0.064897398,100,20,0,100,53.23849083,2.821536374,100,78.85115,3.966389814,100,158.6822106,0.003967055,0.389384389,0.00648974,0,0.282153637,0.396638981
random_walk,200,20,60,0,85,0.425,31669.49,1594.547233,100,0.79173725,0.039863681,100,46.8,3.93636247,100,0.78,0.065606041,100,20,0,100,53.65687534,2.84411442,100,79.168175,3.985847182,100,159.4547233,0.003986368,0.393636247,0.006560604,0,0.284411442,0.398584718
random_walk,200,20,60,0,86,0.43,31790.35,1605.241858,100,0.79475875,0.040131046,100,46.98,3.944001967,100,0.783,0.065733366,100,20,0,100,54.08268086,2.872257727,100,79.47025,4.012747215,100,160.5241858,0.004013105,0.394400197,0.006573337,0,0.287225773,0.401274722
random_walk,200,20,60,0,87,0.435,31920.04,1604.691524,100,0.798001,0.040117288,100,47.21,3.957590839,100,0.786833333,0.065959847,100,20,0,100,54.48801868,2.876628434,100,79.7942,4.011143661,100,160.4691524,0.004011729,0.395759084,0.006595985,0,0.287662843,0.401114366
random_walk,200,20,60,0,88,0.44,32041.36,1599.880283,100,0.801034,0.039997007,100,47.43,3.947266027,100,0.7905,0.065787767,100,20,0,100,54.90336204,2.871742453,100,80.09755,3.999922221,100,159.9880283,0.003999701,0.394726603,0.006578777,0,0.287174245,0.399992222
random_walk,200,20,60,0,89,0.445,32167.67,1593.749933,100,0.80419175,0.039843748,100,47.69,3.917572429,100,0.794833333,0.065292874,100,20,0,100,55.30692342,2.868264796,100,80.41365,3.983979557,100,159.3749933,0.003984375,0.391757243,0.006529287,0,0.28682648,0.398397956
random_walk,200,20,60,0,90,0.45,32286.51,1595.356459,100,0.80716275,0.039883911,100,47.85,3.898652966,100,0.7975,0.064977549,100,20,0,100,55.7215736,2.882769545,100,80.7108,3.988000101,100,159.5356459,0.003988391,0.389865297,0.006497755,0,0.288276955,0.39880001
random_walk,200,20,60,0,91,0.455,32418.8,1602.374532,100,0.81047,0.040059363,100,48,3.887301263,100,0.8,0.064788354,100,20,0,100,56.11075965,2.905607972,100,81.040975,4.005235067,100,160.2374532,0.004005936,0.388730126,0.006478835,0,0.290560797,0.400523507
random_walk,200,20,60,0,92,0.46,32541.49,1596.894002,100,0.81353725,0.03992235,100,48.23,3.84774629,100,0.803833333,0.064129105,100,20,0,100,56.5115749,2.909334901,100,81.34815,3.991969822,100,159.6894002,0.003992235,0.384774629,0.00641291,0,0.29093349,0.399196982
random_walk,200,20,60,0,93,0.465,32665.27,1595.173167,100,0.81663175,0.039879329,100,48.37,3.901967905,100,0.806166667,0.065032798,100,20,0,100,56.9082251,2.918548706,100,81.658,3.987426118,100,159.5173167,0.003987933,0.390196791,0.00650328,0,0.291854871,0.398742612
random_walk,200,20,60,0,94,0.47,32782.54,1593.802818,100,0.8195635,0.03984507,100,48.56,3.929479365,100,0.809333333,0.065491323,100,20,0,100,57.31329413,2.929222774,100,81.95115,3.984061244,100,159.3802818,0.003984507,0.392947937,0.006549132,0,0.292922277,0.398406124
random_walk,200,20,60,0,95,0.475,32895.97,1597.565044,100,0.82239925,0.039939126,100,48.71,3.944808633,100,0.811833333,0.065746811,100,20,0,100,57.7230371,2.949790819,100,82.234675,3.993721519,100,159.7565044,0.003993913,0.394480863,0.006574681,0,0.294979082,0.399372152
random_walk,200,20,60,0,96,0.48,33007.44,1597.657429,100,0.825186,0.039941436,100,48.88,3.972837065,100,0.814666667,0.066213951,100,20,0,100,58.13276844,2.964295685,100,82.514225,3.994097929,100,159.7657429,0.003994144,0.397283706,0.006621395,0,0.296429569,0.399409793
random_walk,200,20,60,0,97,0.485,33110.89,1591.529897,100,0.82777225,0.039788247,100,49.06,3.935900549,100,0.817666667,0.065598342,100,20,0,100,58.55279163,2.967256305,100,82.772875,3.978848042,100,159.1529897,0.003978825,0.393590055,0.006559834,0,0.29672563,0.397884804
random_walk,200,20,60,0,98,0.49,33217.16,1585.113033,100,0.830429,0.039627826,100,49.2,3.967035888,100,0.82,0.066117265,100,20,0,100,58.96493221,2.962625618,100,83.038375,3.96215972,100,158.5113033,0.003962783,0.396703589,0.006611726,0,0.296262562,0.396215972
random_walk,200,20,60,0,99,0.495,33314.9,1582.334885,100,0.8328725,0.039558372,100,49.3,3.99115183,100,0.821666667,0.066519197,100,20,0,100,59.39040039,2.970620075,100,83.28275,3.955585881,100,158.2334885,0.003955837,0.399115183,0.00665192,0,0.297062008,0.395558588
random_walk,200,20,60,0,100,0.5,33417.2,1583.589804,100,0.83543,0.039589745,100,49.42,3.959848992,100,0.823666667,0.065997483,100,20,0,100,59.80617924,2.986999999,100,83.538475,3.958463712,100,158.3589804,0.003958975,0.395984899,0.006599748,0,0.2987,0.395846371
random_walk,200,20,60,0,101,0.505,33512.74,1584.329738,100,0.8378185,0.039608243,100,49.55,3.965444171,100,0.825833333,0.066090736,100,20,0,100,60.23115843,3.001606863,100,83.777975,3.961025316,100,158.4329738,0.003960824,0.396544417,0.006609074,0,0.300160686,0.396102532
random_walk,200,20,60,0,102,0.51,33607.95,1579.992081,100,0.84019875,0.039499802,100,49.71,3.90362432,100,0.8285,0.065060405,100,20,0,100,60.65350706,3.007328896,100,84.015475,3.949750962,100,157.9992081,0.00394998,0.390362432,0.006506041,0,0.30073289,0.394975096
random_walk,200,20,60,0,103,0.515,33705.9,1574.39757,100,0.8426475,0.039359939,100,49.92,3.847286857,100,0.832,0.064121448,100,20,0,100,61.06848818,3.006469729,100,84.26065,3.93590667,100,157.439757,0.003935994,0.384728686,0.006412145,0,0.300646973,0.393590667
random_walk,200,20,60,0,104,0.52,33797.89,1570.864228,100,0.84494725,0.039271606,100,50.1,3.883401612,100,0.835,0.06472336,100,20,0,100,61.49257451,3.014710691,100,84.4907,3.926845141,100,157.0864228,0.003927161,0.388340161,0.006472336,0,0.301471069,0.392684514
random_walk,200,20,60,0,105,0.525,33887.89,1561.062762,100,0.84719725,0.039026569,100,50.28,3.887509135,100,0.838,0.064791819,100,20,0,100,61.91651481,3.006270629,100,84.7155,3.902567547,100,156.1062762,0.003902657,0.388750913,0.006479182,0,0.300627063,0.390256755
random_walk,200,20,60,0,106,0.53,33971.27,1553.545264,100,0.84928175,0.038838632,100,50.49,3.838915567,100,0.8415,0.063981926,100,20,0,100,62.35081794,3.003997044,100,84.924025,3.883624435,100,155.3545264,0.003883863,0.383891557,0.006398193,0,0.300399704,0.388362443
random_walk,200,20,60,0,107,0.535,34061.64,1548.547417,100,0.851541,0.038713685,100,50.6,3.816497945,100,0.843333333,0.063608299,100,20,0,100,62.77051951,3.008120724,100,85.149875,3.871710307,100,154.8547417,0.003871369,0.381649795,0.00636083,0,0.300812072,0.387171031
random_walk,200,20,60,0,108,0.54,34143.63,1543.731571,100,0.85359075,0.038593289,100,50.75,3.726441149,100,0.845833333,0.062107352,100,20,0,100,63.20367801,3.011840216,100,85.355275,3.859318071,100,154.3731571,0.003859329,0.372644115,0.006210735,0,0.301184022,0.385931807
random_walk,200,20,60,0,109,0.545,34225.11,1542.622566,100,0.85562775,0.038565564,100,50.92,3.729976846,100,0.848666667,0.062166281,100,20,0,100,63.63615599,3.02143199,100,85.55855,3.855963409,100,154.2622566,0.003856556,0.372997685,0.006216628,0,0.302143199,0.385596341
random_walk,200,20,60,0,110,0.55,34314.25,1542.609054,100,0.85785625,0.038565226,100,51.13,3.69453596,100,0.852166667,0.061575599,100,20,0,100,64.05240454,3.0302269,100,85.78155,3.856389716,100,154.2609054,0.003856523,0.369453596,0.00615756,0,0.30302269,0.385638972
random_walk,200,20,60,0,111,0.555,34400.91,1538.297938,100,0.86002275,0.038457448,100,51.32,3.66495828,100,0.855333333,0.061082638,100,20,0,100,64.47054397,3.03106047,100,85.99795,3.845714284,100,153.8297938,0.003845745,0.366495828,0.006108264,0,0.303106047,0.384571428
random_walk,200,20,60,0,112,0.56,34485.57,1527.217793,100,0.86213925,0.038180445,100,51.47,3.65826862,100,0.857833333,0.060971144,100,20,0,100,64.88888758,3.018235139,100,86.2104,3.817970991,100,152.7217793,0.003818044,0.365826862,0.006097114,0,0.301823514,0.381797099
random_walk,200,20,60,0,113,0.565,34572.34,1520.637893,100,0.8643085,0.038015947,100,51.57,3.663235309,100,0.8595,0.061053922,100,20,0,100,65.30221835,3.018371574,100,86.426325,3.801599684,100,152.0637893,0.003801595,0.366323531,0.006105392,0,0.301837157,0.380159968
random_walk,200,20,60,0,114,0.57,34659.25,1511.105371,100,0.86648125,0.037777634,100,51.67,3.629439114,100,0.861166667,0.060490652,100,20,0,100,65.71257171,3.008926406,100,86.643925,3.778045785,100,151.1105371,0.003777763,0.362943911,0.006049065,0,0.300892641,0.377804579
random_walk,200,20,60,0,115,0.575,34737.05,1504.575932,100,0.86842625,0.037614398,100,51.78,3.602972959,100,0.863,0.060049549,100,20,0,100,66.13859782,3.00778333,100,86.838975,3.761641863,100,150.4575932,0.00376144,0.360297296,0.006004955,0,0.300778333,0.376164186
random_walk,200,20,60,0,116,0.58,34818.76,1496.932852,100,0.870469,0.037423321,100,51.88,3.590897583,100,0.864666667,0.059848293,100,20,0,100,66.55519841,3.005198344,100,87.043175,3.742294792,100,149.6932852,0.003742332,0.359089758,0.005984829,0,0.300519834,0.374229479
random_walk,200,20,60,0,117,0.585,34899.18,1495.630399,100,0.8724795,0.03739076,100,51.98,3.564641169,100,0.866333333,0.059410686,100,20,0,100,66.97329603,3.013865092,100,87.244375,3.739164453,100,149.5630399,0.003739076,0.356464117,0.005941069,0,0.301386509,0.373916445
random_walk,200,20,60,0,118,0.59,34973.16,1492.684834,100,0.874329,0.037317121,100,52.09,3.56779931,100,0.868166667,0.059463322,100,20,0,100,67.40180027,3.022297697,100,87.429375,3.731460779,100,149.2684834,0.003731712,0.356779931,0.005946332,0,0.30222977,0.373146078
random_walk,200,20,60,0,119,0.595,35047.69,1499.702925,100,0.87619225,0.037492573,100,52.22,3.625331751,100,0.870333333,0.060422196,100,20,0,100,67.82918616,3.051442882,100,87.615325,3.74888791,100,149.9702925,0.003749257,0.362533175,0.00604222,0,0.305144288,0.374888791
random_walk,200,20,60,0,120,0.6,35113.76,1500.333499,100,0.877844,0.037508337,100,52.35,3.545875396,100,0.8725,0.059097923,100,20,0,100,68.26985228,3.067639971,100,87.7814,3.750768445,100,150.0333499,0.003750834,0.35458754,0.005909792,0,0.306763997,0.375076845
random_walk,200,20,60,0,121,0.605,35189.82,1497.956469,100,0.8797455,0.037448912,100,52.48,3.549021774,100,0.874666667,0.059150363,100,20,0,100,68.68884635,3.075739616,100,87.9713,3.745118734,100,149.7956469,0.003744891,0.354902177,0.005915036,0,0.307573962,0.374511873
random_walk,200,20,60,0,122,0.61,35263.01,1495.480785,100,0.88157525,0.03738702,100,52.58,3.505205364,100,0.876333333,0.058420089,100,20,0,100,69.11158613,3.084741841,100,88.1539,3.73952931,100,149.5480785,0.003738702,0.350520536,0.005842009,0,0.308474184,0.373952931
random_walk,200,20,60,0,123,0.615,35331.97,1496.413851,100,0.88329925,0.037410346,100,52.7,3.483003464,100,0.878333333,0.058050058,100,20,0,100,69.54201667,3.104616696,100,88.32625,3.741328315,100,149.6413851,0.003741035,0.348300346,0.005805006,0,0.31046167,0.374132832
random_walk,200,20,60,0,124,0.62,35399.14,1493.149015,100,0.8849785,0.037328725,100,52.86,3.496087279,100,0.881,0.058268121,100,20,0,100,69.97358232,3.118171573,100,88.495,3.733392586,100,149.3149015,0.003732873,0.349608728,0.005826812,0,0.311817157,0.373339259
random_walk,200,20,60,0,125,0.625,35459.56,1490.271552,100,0.886489,0.037256789,100,52.91,3.510719515,100,0.881833333,0.058511992,100,20,0,100,70.41694044,3.132315583,100,88.64595,3.725682108,100,149.0271552,0.003725679,0.351071952,0.005851199,0,0.313231558,0.372568211
random_walk,200,20,60,0,126,0.63,35520.38,1490.556494,100,0.8880095,0.037263912,100,53.01,3.450940437,100,0.8835,0.057515674,100,20,0,100,70.85847943,3.15092729,100,88.798125,3.726367239,100,149.0556494,0.003726391,0.345094044,0.005751567,0,0.315092729,0.372636724
random_walk,200,20,60,0,127,0.635,35577.87,1490.399083,100,0.88944675,0.037259977,100,53.15,3.379603109,100,0.885833333,0.056326718,100,20,0,100,71.30508089,3.167449057,100,88.942125,3.726233634,100,149.0399083,0.003725998,0.337960311,0.005632672,0,0.316744906,0.372623363
random_walk,200,20,60,0,128,0.64,35636.63,1487.0143,100,0.89091575,0.037175357,100,53.28,3.351706937,100,0.888,0.055861782,100,20,0,100,71.74693319,3.173930473,100,89.0894,3.717761205,100,148.70143,0.003717536,0.335170694,0.005586178,0,0.317393047,0.37177612
random_walk,200,20,60,0,129,0.645,35695.1,1482.212484,100,0.8923775,0.037055312,100,53.42,3.352008293,100,0.890333333,0.055866805,100,20,0,100,72.18802205,3.181096344,100,89.235025,3.70614991,100,148.2212484,0.003705531,0.335200829,0.00558668,0,0.318109634,0.370614991
random_walk,200,20,60,0,130,0.65,35754.93,1474.740225,100,0.89387325,0.036868506,100,53.5,3.358992153,100,0.891666667,0.055983203,100,20,0,100,72.6241429,3.1814243,100,89.384525,3.687629688,100,147.4740225,0.003686851,0.335899215,0.00559832,0,0.31814243,0.368762969
random_walk,200,20,60,0,131,0.655,35816.42,1466.355988,100,0.8954105,0.0366589,100,53.56,3.355441834,100,0.892666667,0.055924031,100,20,0,100,73.05535366,3.180327342,100,89.5385,3.66577546,100,146.6355988,0.00366589,0.335544183,0.005592403,0,0.318032734,0.366577546
random_walk,200,20,60,0,132,0.66,35874.6,1459.368509,100,0.896865,0.036484213,100,53.66,3.312724168,100,0.894333333,0.055212069,100,20,0,100,73.49173734,3.178494114,100,89.68405,3.648581359,100,145.9368509,0.003648421,0.331272417,0.005521207,0,0.317849411,0.364858136
random_walk,200,20,60,0,133,0.665,35935.84,1449.834987,100,0.898396,0.036245875,100,53.71,3.306849335,100,0.895166667,0.055114156,100,20,0,100,73.91972904,3.1679612,100,89.8367,3.625173836,100,144.9834987,0.003624587,0.330684934,0.005511416,0,0.31679612,0.362517384
random_walk,200,20,60,0,134,0.67,35997.01,1436.982933,100,0.89992525,0.035924573,100,53.81,3.271224402,100,0.896833333,0.054520407,100,20,0,100,74.34597115,3.153373264,100,89.990075,3.593201519,100,143.6982933,0.003592457,0.32712244,0.005452041,0,0.315337326,0.359320152
random_walk,200,20,60,0,135,0.675,36052.03,1426.221613,100,0.90130075,0.03565554,100,53.87,3.249413311,100,0.897833333,0.054156889,100,20,0,100,74.78397599,3.143166675,100,90.128025,3.565850999,100,142.6221613,0.003565554,0.324941331,0.005415689,0,0.314316667,0.3565851
random_walk,200,20,60,0,136,0.68,36102.78,1417.971154,100,0.9025695,0.035449279,100,53.95,3.282567977,100,0.899166667,0.054709466,100,20,0,100,75.23022426,3.13858368,100,90.254825,3.545489011,100,141.7971154,0.003544928,0.328256798,0.005470947,0,0.313858368,0.354548901
random_walk,200,20,60,0,137,0.685,36157.78,1404.599692,100,0.9039445,0.035114992,100,54.01,3.217675301,100,0.900166667,0.053627922,100,20,0,100,75.66514032,3.118909517,100,90.392,3.512288295,100,140.4599692,0.003511499,0.32176753,0.005362792,0,0.311890952,0.351228829
random_walk,200,20,60,0,138,0.69,36211.5,1397.351683,100,0.9052875,0.034933792,100,54.06,3.234348482,100,0.901,0.053905808,100,20,0,100,76.10278246,3.116905219,100,90.5264,3.49340559,100,139.7351683,0.003493379,0.323434848,0.005390581,0,0.311690522,0.349340559
random_walk,200,20,60,0,139,0.695,36265.57,1392.134835,100,0.90663925,0.034803371,100,54.11,3.247049943,100,0.901833333,0.054117499,100,20,0,100,76.53874386,3.11995994,100,90.661725,3.480292037,100,139.2134835,0.003480337,0.324704994,0.00541175,0,0.311995994,0.348029204
random_walk,200,20,60,0,140,0.7,36314.68,1382.625324,100,0.907867,0.034565633,100,54.17,3.222568773,100,0.902833333,0.05370948,100,20,0,100,76.98311207,3.111867755,100,90.784375,3.457111529,100,138.2625324,0.003456563,0.322256877,0.005370948,0,0.311186775,0.345711153
random_walk,200,20,60,0,141,0.705,36365.19,1373.316745,100,0.90912975,0.034332919,100,54.27,3.168197397,100,0.9045,0.05280329,100,20,0,100,77.42304578,3.103485553,100,90.9109,3.433644486,100,137.3316745,0.003433292,0.31681974,0.005280329,0,0.310348555,0.343364449
random_walk,200,20,60,0,142,0.71,36413.23,1368.356102,100,0.91033075,0.034208903,100,54.35,3.169854854,100,0.905833333,0.052830914,100,20,0,100,77.86821052,3.108006685,100,91.03115,3.421202669,100,136.8356102,0.00342089,0.316985485,0.005283091,0,0.310800669,0.342120267
random_walk,200,20,60,0,143,0.715,36458.8,1364.587532,100,0.91147,0.034114688,100,54.42,3.178780657,100,0.907,0.052979678,100,20,0,100,78.3176525,3.116774626,100,91.145025,3.411657683,100,136.4587532,0.003411469,0.317878066,0.005297968,0,0.311677463,0.341165768
random_walk,200,20,60,0,144,0.72,36498.89,1360.166002,100,0.91247225,0.03400415,100,54.47,3.16692184,100,0.907833333,0.052782031,100,20,0,100,78.7777994,3.124878815,100,91.245275,3.4005864,100,136.0166002,0.003400415,0.316692184,0.005278203,0,0.312487882,0.34005864
random_walk,200,20,60,0,145,0.725,36545.26,1350.362276,100,0.9136315,0.033759057,100,54.57,3.111578248,100,0.9095,0.051859637,100,20,0,100,79.22229497,3.117696774,100,91.36115,3.37622515,100,135.0362276,0.003375906,0.311157825,0.005185964,0,0.311769677,0.337622515
random_walk,200,20,60,0,146,0.73,36587.78,1343.470018,100,0.9146945,0.03358675,100,54.66,3.065678365,100,0.911,0.051094639,100,20,0,100,79.67441033,3.117835454,100,91.467625,3.358812384,100,134.3470018,0.003358675,0.306567837,0.005109464,0,0.311783545,0.335881238
random_walk,200,20,60,0,147,0.735,36630.86,1335.697684,100,0.9157715,0.033392442,100,54.73,3.047950131,100,0.912166667,0.050799169,100,20,0,100,80.12400367,3.114496312,100,91.575075,3.33955496,100,133.5697684,0.003339244,0.304795013,0.005079917,0,0.311449631,0.333955496
random_walk,200,20,60,0,148,0.74,36674.61,1332.700645,100,0.91686525,0.033317516,100,54.78,3.070156118,100,0.913,0.051169269,100,20,0,100,80.5720182,3.123688188,100,91.6847,3.331792092,100,133.2700645,0.003331752,0.307015612,0.005116927,0,0.312368819,0.333179209
random_walk,200,20,60,0,149,0.745,36725.34,1331.177289,100,0.9181335,0.033279432,100,54.85,3.036395391,100,0.914166667,0.05060659,100,20,0,100,81.00378622,3.137347681,100,91.81115,3.328035191,100,133.1177289,0.003327943,0.303639539,0.005060659,0,0.313734768,0.332803519
random_walk,200,20,60,0,150,0.75,36767.5,1329.634525,100,0.9191875,0.033240863,100,54.88,2.978983624,100,0.914666667,0.049649727,100,20,0,100,81.45340857,3.150514148,100,91.916775,3.323892223,100,132.9634525,0.003324086,0.297898362,0.004964973,0,0.315051415,0.332389222
random_walk,200,20,60,0,151,0.755,36811.15,1325.468809,100,0.92027875,0.03313672,100,54.94,2.967228411,100,0.915666667,0.049453807,100,20,0,100,81.89805904,3.153512647,100,92.025875,3.313955367,100,132.5468809,0.003313672,0.296722841,0.004945381,0,0.315351265,0.331395537
random_walk,200,20,60,0,152,0.76,36859.16,1320.144373,100,0.921479,0.033003609,100,54.99,2.942187052,100,0.9165,0.049036451,100,20,0,100,82.33188118,3.152723098,100,92.14565,3.30077022,100,132.0144373,0.003300361,0.294218705,0.004903645,0,0.31527231,0.330077022
random_walk,200,20,60,0,153,0.765,36906.95,1312.757152,100,0.92267375,0.032818929,100,55.05,2.955477708,100,0.9175,0.049257962,100,20,0,100,82.76484483,3.150043927,100,92.265225,3.282195678,100,131.2757152,0.003281893,0.295547771,0.004925796,0,0.315004393,0.328219568
random_walk,200,20,60,0,154,0.77,36952.8,1309.254272,100,0.92382,0.032731357,100,55.13,2.859169195,100,0.918833333,0.04765282,100,20,0,100,83.20147632,3.156970376,100,92.38015,3.273295219,100,130.9254272,0.003273136,0.285916919,0.004765282,0,0.315697038,0.327329522
random_walk,200,20,60,0,155,0.775,37002.12,1312.289589,100,0.925053,0.03280724,100,55.23,2.835044047,100,0.9205,0.047250734,100,20,0,100,83.63025936,3.178900994,100,92.503025,3.280709675,100,131.2289589,0.003280724,0.283504405,0.004725073,0,0.317890099,0.328070967
random_walk,200,20,60,0,156,0.78,37043.43,1309.23568,100,0.92608575,0.032730892,100,55.29,2.825908274,100,0.9215,0.047098471,100,20,0,100,84.07520795,3.187985386,100,92.606775,3.273260069,100,130.923568,0.003273089,0.282590827,0.004709847,0,0.318798539,0.327326007
random_walk,200,20,60,0,157,0.785,37091.32,1307.400048,100,0.927283,0.032685001,100,55.33,2.839316321,100,0.922166667,0.047321939,100,20,0,100,84.50439598,3.199705365,100,92.726575,3.268625102,100,130.7400048,0.0032685,0.283931632,0.004732194,0,0.319970537,0.32686251
random_walk,200,20,60,0,158,0.79,37141.27,1300.363313,100,0.92853175,0.032509083,100,55.39,2.802938573,100,0.923166667,0.046715643,100,20,0,100,84.92718583,3.197155985,100,92.851325,3.251280603,100,130.0363313,0.003250908,0.280293857,0.004671564,0,0.319715598,0.32512806
random_walk,200,20,60,0,159,0.795,37185.68,1294.717035,100,0.929642,0.032367926,100,55.46,2.761276238,100,0.924333333,0.046021271,100,20,0,100,85.36160228,3.197473475,100,92.962425,3.237296705,100,129.4717035,0.003236793,0.276127624,0.004602127,0,0.319747348,0.323729671
random_walk,200,20,60,0,160,0.8,37229.84,1290.623252,100,0.930746,0.032265581,100,55.58,2.742040824,100,0.926333333,0.04570068,100,20,0,100,85.79548631,3.202608888,100,93.072975,3.226908579,100,129.0623252,0.003226558,0.274204082,0.004570068,0,0.320260889,0.322690858
random_walk,200,20,60,0,161,0.805,37265.89,1286.021183,100,0.93164725,0.03215053,100,55.67,2.734201636,100,0.927833333,0.045570027,100,20,0,100,86.24736383,3.207547146,100,93.16325,3.215384293,100,128.6021183,0.003215053,0.273420164,0.004557003,0,0.320754715,0.321538429
random_walk,200,20,60,0,162,0.81,37297.42,1281.564654,100,0.9324355,0.032039116,100,55.72,2.67453385,100,0.928666667,0.044575564,100,20,0,100,86.7088519,3.211865482,100,93.241925,3.204401839,100,128.1564654,0.003203912,0.267453385,0.004457556,0,0.321186548,0.320440184
random_walk,200,20,60,0,163,0.815,37330.45,1277.707546,100,0.93326125,0.031942689,100,55.78,2.611474292,100,0.929666667,0.043524572,100,20,0,100,87.16612952,3.219907731,100,93.324475,3.194614536,100,127.7707546,0.003194269,0.261147429,0.004352457,0,0.321990773,0.319461454
random_walk,200,20,60,0,164,0.82,37362.32,1276.129564,100,0.934058,0.031903239,100,55.83,2.53880987,100,0.9305,0.042313498,100,20,0,100,87.6255241,3.231491737,100,93.404325,3.190829067,100,127.6129564,0.003190324,0.253880987,0.00423135,0,0.323149174,0.319082907
random_walk,200,20,60,0,165,0.825,37395.59,1274.363561,100,0.93488975,0.031859089,100,55.88,2.547646963,100,0.931333333,0.042460783,100,20,0,100,88.08101623,3.243735797,100,93.487375,3.186050331,100,127.4363561,0.003185909,0.254764696,0.004246078,0,0.32437358,0.318605033
random_walk,200,20,60,0,166,0.83,37429.38,1270.836293,100,0.9357345,0.031770907,100,55.94,2.505831582,100,0.932333333,0.04176386,100,20,0,100,88.5341176,3.251334195,100,93.571825,3.177289019,100,127.0836293,0.003177091,0.250583158,0.004176386,0,0.32513342,0.317728902
random_walk,200,20,60,0,167,0.835,37465.7,1266.781657,100,0.9366425,0.031669541,100,56.03,2.508389962,100,0.933833333,0.041806499,100,20,0,100,88.98040419,3.259272486,100,93.662425,3.167160935,100,126.6781657,0.003166954,0.250838996,0.00418065,0,0.325927249,0.316716094
random_walk,200,20,60,0,168,0.84,37502.13,1264.476429,100,0.93755325,0.031611911,100,56.12,2.531737935,100,0.935333333,0.042195632,100,20,0,100,89.42600432,3.272014511,100,93.75345,3.161658835,100,126.4476429,0.003161191,0.253173793,0.004219563,0,0.327201451,0.316165883
random_walk,200,20,60,0,169,0.845,37536.4,1264.14151,100,0.93841,0.031603538,100,56.22,2.500828146,100,0.937,0.041680469,100,20,0,100,89.87620758,3.289302269,100,93.839275,3.160450843,100,126.414151,0.003160354,0.250082815,0.004168047,0,0.328930227,0.316045084
random_walk,200,20,60,0,170,0.85,37571.48,1260.840713,100,0.939287,0.031521018,100,56.32,2.489898785,100,0.938666667,0.041498313,100,20,0,100,90.32282555,3.297053171,100,93.927,3.152103635,100,126.0840713,0.003152102,0.248989879,0.004149831,0,0.329705317,0.315210363
random_walk,200,20,60,0,171,0.855,37603.66,1257.68541,100,0.9400915,0.031442135,100,56.35,2.5,100,0.939166667,0.041666667,100,20,0,100,90.77582063,3.302059325,100,94.007675,3.144664056,100,125.768541,0.003144214,0.25,0.004166667,0,0.330205932,0.314466406
random_walk,200,20,60,0,172,0.86,37631.56,1254.664262,100,0.940789,0.031366607,100,56.39,2.469592859,100,0.939833333,0.041159881,100,20,0,100,91.23824137,3.307754254,100,94.0778,3.13675215,100,125.4664262,0.003136661,0.246959286,0.004115988,0,0.330775425,0.313675215
random_walk,200,20,60,0,173,0.865,37659.34,1253.072847,100,0.9414835,0.031326821,100,56.45,2.438640953,100,0.940833333,0.040644016,100,20,0,100,91.70071676,3.320575589,100,94.146825,3.133017853,100,125.3072847,0.003132682,0.243864095,0.004064402,0,0.332057559,0.313301785
random_walk,200,20,60,0,174,0.87,37689.62,1250.521417,100,0.9422405,0.031263035,100,56.5,2.439158656,100,0.941666667,0.040652644,100,20,0,100,92.15635906,3.329027096,100,94.22295,3.126375604,100,125.0521417,0.003126304,0.243915866,0.004065264,0,0.33290271,0.31263756
random_walk,200,20,60,0,175,0.875,37716.77,1242.839896,100,0.94291925,0.031070997,100,56.52,2.426620046,100,0.942,0.040443667,100,20,0,100,92.61787415,3.321180054,100,94.290625,3.107091644,100,124.2839896,0.0031071,0.242662005,0.004044367,0,0.332118005,0.310709164
random_walk,200,20,60,0,176,0.88,37744.66,1237.025524,100,0.9436165,0.030925638,100,56.57,2.438143854,100,0.942833333,0.040635731,100,20,0,100,93.07707171,3.321213908,100,94.360525,3.092819423,100,123.7025524,0.003092564,0.243814385,0.004063573,0,0.332121391,0.309281942
random_walk,200,20,60,0,177,0.885,37773.28,1229.434165,100,0.944332,0.030735854,100,56.62,2.419533305,100,0.943666667,0.040325555,100,20,0,100,93.53361709,3.316341961,100,94.4322,3.073673695,100,122.9434165,0.003073585,0.241953331,0.004032556,0,0.331634196,0.30736737
random_walk,200,20,60,0,178,0.89,37800.91,1226.195711,100,0.94502275,0.030654893,100,56.65,2.413660617,100,0.944166667,0.040227677,100,20,0,100,93.99287372,3.323893032,100,94.5008,3.065533261,100,122.6195711,0.003065489,0.241366062,0.004022768,0,0.332389303,0.306553326
random_walk,200,20,60,0,179,0.895,37828.19,1221.282483,100,0.94570475,0.030532062,100,56.68,2.403196524,100,0.944666667,0.040053275,100,20,0,100,94.45184003,3.326144776,100,94.56935,3.053333532,100,122.1282483,0.003053206,0.240319652,0.004005328,0,0.332614478,0.305333353
random_walk,200,20,60,0,180,0.9,37857.63,1210.516491,100,0.94644075,0.030262912,100,56.7,2.414183677,100,0.945,0.040236395,100,20,0,100,94.90357636,3.307955119,100,94.64245,3.026401023,100,121.0516491,0.003026291,0.241418368,0.004023639,0,0.330795512,0.302640102
random_walk,200,20,60,0,181,0.905,37881.02,1205.566651,100,0.9470255,0.030139166,100,56.74,2.385223874,100,0.945666667,0.039753731,100,20,0,100,95.37097629,3.308598435,100,94.701475,3.014023936,100,120.5566651,0.003013917,0.238522387,0.003975373,0,0.330859843,0.301402394
random_walk,200,20,60,0,182,0.91,37906.74,1196.340756,100,0.9476685,0.029908519,100,56.76,2.391567678,100,0.946,0.039859461,100,20,0,100,95.83089979,3.29472034,100,94.765475,2.991187809,100,119.6340756,0.002990852,0.239156768,0.003985946,0,0.329472034,0.299118781
random_walk,200,20,60,0,183,0.915,37932.71,1182.297876,100,0.94831775,0.029557447,100,56.83,2.370078633,100,0.947166667,0.039501311,100,20,0,100,96.28883694,3.265062879,100,94.83055,2.956401046,100,118.2297876,0.002955745,0.237007863,0.003950131,0,0.326506288,0.295640105
random_walk,200,20,60,0,184,0.92,37957.09,1170.651861,100,0.94892725,0.029266297,100,56.89,2.326374906,100,0.948166667,0.038772915,100,20,0,100,96.75067841,3.241332835,100,94.8916,2.926861458,100,117.0651861,0.00292663,0.232637491,0.003877292,0,0.324133283,0.292686146
random_walk,200,20,60,0,185,0.925,37982.82,1160.710113,100,0.9495705,0.029017753,100,56.94,2.321702615,100,0.949,0.038695044,100,20,0,100,97.20872729,3.223571816,100,94.9559,2.902323815,100,116.0710113,0.002901775,0.232170261,0.003869504,0,0.322357182,0.290232381
random_walk,200,20,60,0,186,0.93,38009.46,1151.578876,100,0.9502365,0.028789472,100,56.99,2.307191217,100,0.949833333,0.038453187,100,20,0,100,97.66417691,3.20912056,100,95.022475,2.879318945,100,115.1578876,0.002878947,0.230719122,0.003845319,0,0.320912056,0.287931895
random_walk,200,20,60,0,187,0.935,38032.6,1139.204117,100,0.950815,0.028480103,100,57.02,2.322398621,100,0.950333333,0.038706644,100,20,0,100,98.12730008,3.183845337,100,95.080375,2.848750332,100,113.9204117,0.00284801,0.232239862,0.003870664,0,0.318384534,0.284875033
random_walk,200,20,60,0,188,0.94,38054.53,1132.590474,100,0.95136325,0.028314762,100,57.08,2.29042804,100,0.951333333,0.038173801,100,20,0,100,98.59376794,3.176685757,100,95.1353,2.83195328,100,113.2590474,0.002831476,0.229042804,0.00381738,0,0.317668576,0.283195328
random_walk,200,20,60,0,189,0.945,38077.58,1125.592425,100,0.9519395,0.028139811,100,57.14,2.251912767,100,0.952333333,0.037531879,100,20,0,100,99.05714674,3.171106251,100,95.192875,2.814427754,100,112.5592425,0.002813981,0.225191277,0.003753188,0,0.317110625,0.281442775
random_walk,200,20,60,0,190,0.95,38099.85,1119.535396,100,0.95249625,0.027988385,100,57.2,2.238325492,100,0.953333333,0.037305425,100,20,0,100,99.52190472,3.16555274,100,95.2485,2.799024519,100,111.9535396,0.002798838,0.223832549,0.003730542,0,0.316555274,0.279902452
random_walk,200,20,60,0,191,0.955,38122.25,1111.878957,100,0.95305625,0.027796974,100,57.23,2.224087601,100,0.953833333,0.037068127,100,20,0,100,99.98550154,3.15445585,100,95.30445,2.779871545,100,111.1878957,0.002779697,0.22240876,0.003706813,0,0.315445585,0.277987154
random_walk,200,20,60,0,192,0.96,38145.49,1104.968517,100,0.95363725,0.027624213,100,57.26,2.204769852,100,0.954333333,0.036746164,100,20,0,100,100.446458,3.148320164,100,95.3624,2.762892961,100,110.4968517,0.002762421,0.220476985,0.003674616,0,0.314832016,0.276289296
random_walk,200,20,60,0,193,0.965,38167.39,1096.245612,100,0.95418475,0.02740614,100,57.27,2.214985692,100,0.9545,0.036916428,100,20,0,100,100.9100882,3.137392538,100,95.417475,2.740898103,100,109.6245612,0.002740614,0.221498569,0.003691643,0,0.313739254,0.27408981
random_walk,200,20,60,0,194,0.97,38187.49,1092.980934,100,0.95468725,0.027324523,100,57.3,2.204220011,100,0.955,0.036737,100,20,0,100,101.3787071,3.142944485,100,95.467775,2.732682293,100,109.2980934,0.002732452,0.220422001,0.0036737,0,0.314294449,0.273268229
random_walk,200,20,60,0,195,0.975,38210.22,1081.57228,100,0.9552555,0.027039307,100,57.33,2.188376087,100,0.9555,0.036472935,100,20,0,100,101.8386579,3.118531598,100,95.524575,2.70461297,100,108.157228,0.002703931,0.218837609,0.003647293,0,0.31185316,0.270461297
random_walk,200,20,60,0,196,0.98,38232.89,1074.162957,100,0.95582225,0.026854074,100,57.35,2.152635218,100,0.955833333,0.035877254,100,20,0,100,102.2988928,3.105782681,100,95.581325,2.68563447,100,107.4162957,0.002685407,0.215263522,0.003587725,0,0.310578268,0.268563447
random_walk,200,20,60,0,197,0.985,38254.37,1069.892807,100,0.95635925,0.02674732,100,57.41,2.156011094,100,0.956833333,0.035933518,100,20,0,100,102.7623339,3.104681618,100,95.634925,2.674753587,100,106.9892807,0.002674732,0.215601109,0.003593352,0,0.310468162,0.267475359
random_walk,200,20,60,0,198,0.99,38277.53,1061.721049,100,0.95693825,0.026543026,100,57.47,2.138889545,100,0.957833333,0.035648159,100,20,0,100,103.2201074,3.091305197,100,95.692975,2.654564838,100,106.1721049,0.002654303,0.213888954,0.003564816,0,0.30913052,0.265456484
random_walk,200,20,60,0,199,0.995,38299.24,1054.958969,100,0.957481,0.026373974,100,57.5,2.134374746,100,0.958333333,0.035572912,100,20,0,100,103.6814655,3.080551974,100,95.74735,2.637550416,100,105.4958969,0.002637397,0.213437475,0.003557291,0,0.308055197,0.263755042
random_walk,200,20,60,0,200,1,38322.63,1044.87477,100,0.95806575,0.026121869,100,57.56,2.128783026,100,0.959333333,0.035479717,100,20,0,100,104.137011,3.061427193,100,95.805575,2.612381718,100,104.487477,0.002612187,0.212878303,0.003547972,0,0.306142719,0.261238172
random_walk,250,25,75,0,0,0,0,0,100,0,0,100,0,0,100,0,0,100,25,0,100,0,0,100,0,0,100,0,0,0,0,0,0,0
random_walk,250,25,75,0,1,0.005,2631.82,103.0887016,100,0.04210912,0.001649419,100,2.68,1.489898647,100,0.035733333,0.019865315,100,25,0,100,11.85919573,0.461676826,100,4.163184,0.163163632,100,10.30887016,0.000164942,0.148989865,0.001986532,0,0.046167683,0.016316363
random_walk,250,25,75,0,2,0.01,4353.58,198.6555407,100,0.06965728,0.003178489,100,4.88,2.001413642,100,0.065066667,0.026685515,100,25,0,100,14.34631928,0.655636554,100,6.926208,0.315643171,100,19.86555407,0.000317849,0.200141364,0.002668552,0,0.065563655,0.031564317
random_walk,250,25,75,0,3,0.015,5898.61,281.263703,100,0.09437776,0.004500219,100,6.59,2.454001062,100,0.087866667,0.032720014,100,25,0,100,15.88493021,0.753516146,100,9.40112,0.449556114,100,28.1263703,0.000450022,0.245400106,0.003272001,0,0.075351615,0.044955611
random_walk,250,25,75,0,4,0.02,7326.18,339.3974869,100,0.11721888,0.00543036,100,8.06,2.66977092,100,0.107466667,0.035596946,100,25,0,100,17.0515222,0.790528308,100,11.687408,0.541659214,100,33.93974869,0.000543036,0.266977092,0.003559695,0,0.079052831,0.054165921
random_walk,250,25,75,0,5,0.025,8635.14,383.6469868,100,0.13816224,0.006138352,100,9.74,2.876656308,100,0.129866667,0.038355417,100,25,0,100,18.08105137,0.813410047,100,13.783664,0.612234791,100,38.36469868,0.000613835,0.287665631,0.003835542,0,0.081341005,0.061223479
random_walk,250,25,75,0,6,0.03,9868.19,430.1590426,100,0.15789104,0.006882545,100,11.17,2.968028288,100,0.148933333,0.039573711,100,25,0,100,18.98624006,0.842993865,100,15.759232,0.686655222,100,43.01590426,0.000688254,0.296802829,0.003957371,0,0.084299386,0.068665522
random_walk,250,25,75,0,7,0.035,11068.89,482.5126553,100,0.17710224,0.007720202,100,12.68,3.253219074,100,0.169066667,0.043376254,100,25,0,100,19.74781655,0.872861373,100,17.680768,0.771635486,100,48.25126553,0.00077202,0.325321907,0.004337625,0,0.087286137,0.077163549
random_walk,250,25,75,0,8,0.04,12227.68,549.9367067,100,0.19564288,0.008798987,100,14.22,3.383202714,100,0.1896,0.04510937,100,25,0,100,20.43271146,0.923320109,100,19.535936,0.878163091,100,54.99367067,0.000879899,0.338320271,0.004510937,0,0.092332011,0.087816309
random_walk,250,25,75,0,9,0.045,13300.56,614.4887884,100,0.21280896,0.009831821,100,15.48,3.574545249,100,0.2064,0.047660603,100,25,0,100,21.13549828,0.977355236,100,21.25376,0.982144013,100,61.44887884,0.000983182,0.357454525,0.00476606,0,0.097735524,0.098214401
random_walk,250,25,75,0,10,0.05,14351.49,669.0615091,100,0.22962384,0.010704984,100,16.82,3.745380994,100,0.224266667,0.049938413,100,25,0,100,21.76528063,1.024200309,100,22.936784,1.06888897,100,66.90615091,0.001070498,0.374538099,0.004993841,0,0.102420031,0.106888897
random_walk,250,25,75,0,11,0.055,15347.86,726.9081058,100,0.24556576,0.01163053,100,17.94,3.800106325,100,0.2392,0.050668084,100,25,0,100,22.3900338,1.072009759,100,24.53176,1.162751965,100,72.69081058,0.001163053,0.380010632,0.005066808,0,0.107200976,0.116275197
random_walk,250,25,75,0,12,0.06,16341.26,769.396072,100,0.26146016,0.012310337,100,19.21,3.846275911,100,0.256133333,0.051283679,100,25,0,100,22.94030259,1.087326587,100,26.120592,1.229822442,100,76.9396072,0.001231034,0.384627591,0.005128368,0,0.108732659,0.122982244
random_walk,250,25,75,0,13,0.065,17315.75,814.5939854,100,0.277052,0.013033504,100,20.38,3.765285346,100,0.271733333,0.050203805,100,25,0,100,23.4530106,1.106713093,100,27.6816,1.302309341,100,81.45939854,0.00130335,0.376528535,0.00502038,0,0.110671309,0.130230934
random_walk,250,25,75,0,14,0.07,18253.21,867.9495202,100,0.29205136,0.013887192,100,21.48,3.817768135,100,0.2864,0.050903575,100,25,0,100,23.9611819,1.143505565,100,29.181744,1.388746135,100,86.79495202,0.001388719,0.381776814,0.005090358,0,0.114350557,0.138874613
random_walk,250,25,75,0,15,0.075,19163.29,920.3170874,100,0.30661264,0.014725073,100,22.41,3.93660624,100,0.2988,0.052488083,100,25,0,100,24.45520028,1.184198104,100,30.640096,1.471267799,100,92.03170874,0.001472507,0.393660624,0.005248808,0,0.11841981,0.14712678
random_walk,250,25,75,0,16,0.08,20036,955.7116234,100,0.320576,0.015291386,100,23.31,3.963711657,100,0.3108,0.052849489,100,25,0,100,24.94860802,1.20094862,100,32.03672,1.529189791,100,95.57116234,0.001529139,0.396371166,0.005284949,0,0.120094862,0.152918979
random_walk,250,25,75,0,17,0.085,20867.74,1035.345681,100,0.33388384,0.016565531,100,24.37,4.232283334,100,0.324933333,0.056430444,100,25,0,100,25.45653049,1.280089574,100,33.368192,1.655496068,100,103.5345681,0.001656553,0.423228333,0.005643044,0,0.128008957,0.165549607
random_walk,250,25,75,0,18,0.09,21688.63,1089.099031,100,0.34701808,0.017425585,100,25.37,4.336024805,100,0.338266667,0.057813664,100,25,0,100,25.9357606,1.329843071,100,34.681104,1.742264828,100,108.9099031,0.001742558,0.433602481,0.005781366,0,0.132984307,0.174226483
random_walk,250,25,75,0,19,0.095,22479.88,1122.371824,100,0.35967808,0.017957949,100,26.5,4.20076953,100,0.353333333,0.05601026,100,25,0,100,26.41177552,1.347048722,100,35.948864,1.795478686,100,112.2371824,0.001795795,0.420076953,0.005601026,0,0.134704872,0.179547869
random_walk,250,25,75,0,20,0.1,23234.57,1162.217345,100,0.37175312,0.018595478,100,27.53,4.497934431,100,0.367066667,0.059972459,100,25,0,100,26.8988785,1.373698537,100,37.156144,1.858432583,100,116.2217345,0.001859548,0.449793443,0.005997246,0,0.137369854,0.185843258
random_walk,250,25,75,0,21,0.105,24010.76,1189.655345,100,0.38417216,0.019034486,100,28.56,4.663028885,100,0.3808,0.062173718,100,25,0,100,27.32945432,1.380771009,100,38.398608,1.902455989,100,118.9655345,0.001903449,0.466302889,0.006217372,0,0.138077101,0.190245599
random_walk,250,25,75,0,22,0.11,24743.75,1238.613997,100,0.3959,0.019817824,100,29.57,4.667218582,100,0.394266667,0.062229581,100,25,0,100,27.78388023,1.415874461,100,39.57232,1.980846076,100,123.8613997,0.001981782,0.466721858,0.006222958,0,0.141587446,0.198084608
random_walk,250,25,75,0,23,0.115,25442.2,1277.856823,100,0.4070752,0.020445709,100,30.38,4.794314815,100,0.405066667,0.063924198,100,25,0,100,28.25014362,1.447577465,100,40.690112,2.043671485,100,127.7856823,0.002044571,0.479431482,0.00639242,0,0.144757746,0.204367148
random_walk,250,25,75,0,24,0.12,26147.62,1299.737594,100,0.41836192,0.020795802,100,31.25,4.837511256,100,0.416666667,0.06450015,100,25,0,100,28.68167051,1.455215425,100,41.819088,2.078228881,100,129.9737594,0.00207958,0.483751126,0.006450015,0,0.145521542,0.207822888
random_walk,250,25,75,0,25,0.125,26836.9,1316.709953,100,0.4293904,0.021067359,100,32.09,4.75053426,100,0.427866667,0.063340457,100,25,0,100,29.10786963,1.456449371,100,42.922432,2.106427426,100,131.6709953,0.002106736,0.475053426,0.006334046,0,0.145644937,0.210642743
random_walk,250,25,75,0,26,0.13,27502.66,1331.578096,100,0.44004256,0.02130525,100,32.85,4.810289897,100,0.438,0.064137199,100,25,0,100,29.53750134,1.4528283,100,43.987792,2.129629896,100,133.1578096,0.002130525,0.48102899,0.00641372,0,0.14528283,0.21296299
random_walk,250,25,75,0,27,0.135,28140.06,1340.81717,100,0.45024096,0.021453075,100,33.68,4.863552345,100,0.449066667,0.064847365,100,25,0,100,29.97659174,1.448613953,100,45.008528,2.145545519,100,134.081717,0.002145307,0.486355235,0.006484736,0,0.144861395,0.214554552
random_walk,250,25,75,0,28,0.14,28757.94,1355.140224,100,0.46012704,0.021682244,100,34.4,4.964520586,100,0.458666667,0.066193608,100,25,0,100,30.41785038,1.456587182,100,45.996896,2.167374859,100,135.5140224,0.002168224,0.496452059,0.006619361,0,0.145658718,0.216737486
random_walk,250,25,75,0,29,0.145,29374.23,1354.272415,100,0.46998768,0.021668359,100,35.08,4.896257074,100,0.467733333,0.065283428,100,25,0,100,30.84068036,1.444994446,100,46.983488,2.165471772,100,135.4272415,0.002166836,0.489625707,0.006528343,0,0.144499445,0.216547177
random_walk,250,25,75,0,30,0.15,29979,1386.06153,100,0.479664,0.022176984,100,35.75,4.985585282,100,0.476666667,0.06647447,100,25,0,100,31.26113787,1.469810048,100,47.952,2.217498189,100,138.606153,0.002217698,0.498558528,0.006647447,0,0.146981005,0.221749819
random_walk,250,25,75,0,31,0.155,30541.71,1401.921714,100,0.48866736,0.022430747,100,36.43,4.981288219,100,0.485733333,0.066417176,100,25,0,100,31.70677305,1.476528106,100,48.852176,2.242347721,100,140.1921714,0.002243075,0.498128822,0.006641718,0,0.147652811,0.224234772
random_walk,250,25,75,0,32,0.16,31104.22,1427.141096,100,0.49766752,0.022834258,100,37.19,4.927135747,100,0.495866667,0.065695143,100,25,0,100,32.1370074,1.488604482,100,49.75272,2.283077237,100,142.7141096,0.002283426,0.492713575,0.006569514,0,0.148860448,0.228307724
random_walk,250,25,75,0,33,0.165,31654.05,1456.694386,100,0.5064648,0.02330711,100,37.89,4.97852966,100,0.5052,0.066380395,100,25,0,100,32.56593523,1.512680615,100,50.632656,2.33134742,100,145.6694386,0.002330711,0.497852966,0.00663804,0,0.151268061,0.233134742
random_walk,250,25,75,0,34,0.17,32200.56,1478.13474,100,0.51520896,0.023650156,100,38.61,4.842770307,100,0.5148,0.064570271,100,25,0,100,32.98321015,1.526607669,100,51.507328,2.36523257,100,147.813474,0.002365016,0.484277031,0.006457027,0,0.152660767,0.236523257
random_walk,250,25,75,0,35,0.175,32724.36,1505.19186,100,0.52358976,0.02408307,100,39.27,4.581153752,100,0.5236,0.06108205,100,25,0,100,33.41018823,1.54500718,100,52.345616,2.407555241,100,150.519186,0.002408307,0.458115375,0.006108205,0,0.154500718,0.240755524
random_walk,250,25,75,0,36,0.18,33228.24,1528.409975,100,0.53165184,0.02445456,100,39.91,4.508342435,100,0.532133333,0.060111232,100,25,0,100,33.84394585,1.565474084,100,53.152048,2.444884323,100,152.8409975,0.002445456,0.450834244,0.006011123,0,0.156547408,0.244488432
random_walk,250,25,75,0,37,0.185,33736.97,1558.293987,100,0.53979152,0.024932704,100,40.61,4.412779879,100,0.541466667,0.058837065,100,25,0,100,34.26025377,1.589084329,100,53.96656,2.493239567,100,155.8293987,0.00249327,0.441277988,0.005883707,0,0.158908433,0.249323957
random_walk,250,25,75,0,38,0.19,34242.64,1584.231627,100,0.54788224,0.025347706,100,41.31,4.373231244,100,0.5508,0.05830975,100,25,0,100,34.66698417,1.609717457,100,54.775008,2.534824358,100,158.4231627,0.002534771,0.437323124,0.005830975,0,0.160971746,0.253482436
random_walk,250,25,75,0,39,0.195,34738.71,1622.815015,100,0.55581936,0.02596504,100,41.97,4.344868098,100,0.5596,0.057931575,100,25,0,100,35.07260725,1.645602829,100,55.569312,2.595811552,100,162.2815015,0.002596504,0.43448681,0.005793157,0,0.164560283,0.259581155
random_walk,250,25,75,0,40,0.2,35228.65,1642.69846,100,0.5636584,0.026283175,100,42.49,4.427861741,100,0.566533333,0.059038157,100,25,0,100,35.47138037,1.663277783,100,56.3532,2.62879269,100,164.269846,0.002628318,0.442786174,0.005903816,0,0.166327778,0.262879269
random_walk,250,25,75,0,41,0.205,35716.34,1647.262585,100,0.57146144,0.026356201,100,43.02,4.322784363,100,0.5736,0.057637125,100,25,0,100,35.86003075,1.663034261,100,57.133696,2.6354998,100,164.7262585,0.00263562,0.432278436,0.005763712,0,0.166303426,0.26354998
random_walk,250,25,75,0,42,0.21,36209.38,1667.486761,100,0.57935008,0.026679788,100,43.5,4.217567876,100,0.58,0.056234238,100,25,0,100,36.23419005,1.676865203,100,57.922864,2.668034532,100,166.7486761,0.002667979,0.421756788,0.005623424,0,0.16768652,0.266803453
random_walk,250,25,75,0,43,0.215,36664.12,1679.910491,100,0.58662592,0.026878568,100,44.1,4.246210432,100,0.588,0.056616139,100,25,0,100,36.63584749,1.686339502,100,58.651328,2.68784918,100,167.9910491,0.002687857,0.424621043,0.005661614,0,0.16863395,0.268784918
random_walk,250,25,75,0,44,0.22,37093.11,1696.362025,100,0.59348976,0.027141792,100,44.44,4.276598289,100,0.592533333,0.057021311,100,25,0,100,37.05357839,1.699366406,100,59.337488,2.713877776,100,169.6362025,0.002714179,0.427659829,0.005702131,0,0.169936641,0.271387778
random_walk,250,25,75,0,45,0.225,37527.83,1718.595915,100,0.60044528,0.027497535,100,44.99,4.33798119,100,0.599866667,0.057839749,100,25,0,100,37.45674182,1.715964828,100,60.033824,2.749061471,100,171.8595915,0.002749753,0.433798119,0.005783975,0,0.171596483,0.274906147
random_walk,250,25,75,0,46,0.23,37932.61,1738.787491,100,0.60692176,0.0278206,100,45.44,4.381596038,100,0.605866667,0.058421281,100,25,0,100,37.88049526,1.736761165,100,60.682288,2.781403245,100,173.8787491,0.00278206,0.438159604,0.005842128,0,0.173676116,0.278140325
random_walk,250,25,75,0,47,0.235,38334.06,1764.037236,100,0.61334496,0.028224596,100,45.83,4.364815708,100,0.611066667,0.058197543,100,25,0,100,38.29949612,1.76297681,100,61.325008,2.822473713,100,176.4037236,0.00282246,0.436481571,0.005819754,0,0.176297681,0.282247371
random_walk,250,25,75,0,48,0.24,38744.86,1792.078264,100,0.61991776,0.028673252,100,46.31,4.475962737,100,0.617466667,0.059679503,100,25,0,100,38.70077205,1.794161696,100,61.98152,2.867169466,100,179.2078264,0.002867325,0.447596274,0.00596795,0,0.17941617,0.286716947
random_walk,250,25,75,0,49,0.245,39147.41,1799.40827,100,0.62635856,0.028790532,100,46.79,4.411406244,100,0.623866667,0.05881875,100,25,0,100,39.09973733,1.799493428,100,62.625712,2.878670843,100,179.940827,0.002879053,0.441140624,0.005881875,0,0.179949343,0.287867084
random_walk,250,25,75,0,50,0.25,39542.82,1802.882739,100,0.63268512,0.028846124,100,47.19,4.39167026,100,0.6292,0.058555603,100,25,0,100,39.49742537,1.804771652,100,63.258912,2.884423488,100,180.2882739,0.002884612,0.439167026,0.00585556,0,0.180477165,0.288442349
random_walk,250,25,75,0,51,0.255,39932.3,1828.536642,100,0.6389168,0.029256586,100,47.73,4.437796796,100,0.6364,0.059170624,100,25,0,100,39.8953067,1.834403636,100,63.882128,2.925536923,100,182.8536642,0.002925659,0.44377968,0.005917062,0,0.183440364,0.292553692
random_walk,250,25,75,0,52,0.26,40293.7,1855.637931,100,0.6446992,0.029690207,100,48.18,4.316704692,100,0.6424,0.057556063,100,25,0,100,40.31371739,1.867088346,100,64.460432,2.968570344,100,185.5637931,0.002969021,0.431670469,0.005755606,0,0.186708835,0.296857034
random_walk,250,25,75,0,53,0.265,40661.25,1879.424645,100,0.65058,0.030070794,100,48.62,4.258752129,100,0.648266667,0.056783362,100,25,0,100,40.71842717,1.895384158,100,65.048752,3.006732683,100,187.9424645,0.003007079,0.425875213,0.005678336,0,0.189538416,0.300673268
random_walk,250,25,75,0,54,0.27,41005.89,1889.500997,100,0.65609424,0.030232016,100,49.04,4.206584545,100,0.653866667,0.056087794,100,25,0,100,41.13741542,1.908887217,100,65.600192,3.023245742,100,188.9500997,0.003023202,0.420658455,0.005608779,0,0.190888722,0.302324574
random_walk,250,25,75,0,55,0.275,41343.71,1912.656138,100,0.66149936,0.030602498,100,49.39,4.242390693,100,0.658533333,0.056565209,100,25,0,100,41.55761258,1.933365586,100,66.141056,3.060359239,100,191.2656138,0.00306025,0.424239069,0.005656521,0,0.193336559,0.306035924
random_walk,250,25,75,0,56,0.28,41680.06,1923.533968,100,0.66688096,0.030776543,100,49.78,4.366030488,100,0.663733333,0.05821374,100,25,0,100,41.97134706,1.947236438,100,66.67928,3.077925551,100,192.3533968,0.003077654,0.436603049,0.005821374,0,0.194723644,0.307792555
random_walk,250,25,75,0,57,0.285,42029.96,1927.193432,100,0.67247936,0.030835095,100,50.16,4.34548413,100,0.6688,0.057939788,100,25,0,100,42.36412905,1.953689919,100,67.238768,3.083020023,100,192.7193432,0.003083509,0.434548413,0.005793979,0,0.195368992,0.308302002
random_walk,250,25,75,0,58,0.29,42369.71,1930.399212,100,0.67791536,0.030886387,100,50.63,4.315007871,100,0.675066667,0.057533438,100,25,0,100,42.76076899,1.961236001,100,67.783136,3.08861642,100,193.0399212,0.003088639,0.431500787,0.005753344,0,0.1961236,0.308861642
random_walk,250,25,75,0,59,0.295,42700.12,1949.842181,100,0.68320192,0.031197475,100,50.92,4.249016523,100,0.678933333,0.056653554,100,25,0,100,43.16179761,1.982715871,100,68.312208,3.119540087,100,194.9842181,0.003119747,0.424901652,0.005665355,0,0.198271587,0.311954009
random_walk,250,25,75,0,60,0.3,43012.51,1965.206302,100,0.68820016,0.031443301,100,51.29,4.236195644,100,0.683866667,0.056482609,100,25,0,100,43.57457668,2.002453318,100,68.811824,3.144483499,100,196.5206302,0.00314433,0.423619564,0.005648261,0,0.200245332,0.31444835
random_walk,250,25,75,0,61,0.305,43325.53,1971.722989,100,0.69320848,0.031547568,100,51.64,4.231961123,100,0.688533333,0.056426148,100,25,0,100,43.97999558,2.011149612,100,69.312352,3.154516119,100,197.1722989,0.003154757,0.423196112,0.005642615,0,0.201114961,0.315451612
random_walk,250,25,75,0,62,0.31,43629.59,1991.146384,100,0.69807344,0.031858342,100,51.96,4.194561173,100,0.6928,0.055927482,100,25,0,100,44.38991438,2.033992629,100,69.800064,3.18499954,100,199.1146384,0.003185834,0.419456117,0.005592748,0,0.203399263,0.318499954
random_walk,250,25,75,0,63,0.315,43927.45,2001.842512,100,0.7028392,0.03202948,100,52.43,4.190549734,100,0.699066667,0.055873996,100,25,0,100,44.79994231,2.048151706,100,70.276224,3.203172428,100,200.1842512,0.003202948,0.419054973,0.0055874,0,0.204815171,0.320317243
random_walk,250,25,75,0,64,0.32,44215.63,1997.329357,100,0.70745008,0.03195727,100,52.77,4.19199574,100,0.7036,0.055893277,100,25,0,100,45.21272995,2.048873808,100,70.737584,3.196035431,100,199.7329357,0.003195727,0.419199574,0.005589328,0,0.204887381,0.319603543
random_walk,250,25,75,0,65,0.325,44503,1995.566343,100,0.712048,0.031929061,100,53.26,4.169683756,100,0.710133333,0.055595783,100,25,0,100,45.62135975,2.051967654,100,71.197632,3.192840787,100,199.5566343,0.003192906,0.416968376,0.005559578,0,0.205196765,0.319284079
random_walk,250,25,75,0,66,0.33,44796.8,1990.727561,100,0.7167488,0.031851641,100,53.59,4.124563032,100,0.714533333,0.054994174,100,25,0,100,46.01794677,2.052010855,100,71.667168,3.185426313,100,199.0727561,0.003185164,0.412456303,0.005499417,0,0.205201085,0.318542631
random_walk,250,25,75,0,67,0.335,45078.61,1980.207044,100,0.72125776,0.031683313,100,53.84,4.133431084,100,0.717866667,0.055112414,100,25,0,100,46.42121654,2.045350502,100,72.118912,3.168704649,100,198.0207044,0.003168331,0.413343108,0.005511241,0,0.20453505,0.316870465
random_walk,250,25,75,0,68,0.34,45357.1,1961.023122,100,0.7257136,0.03137637,100,54.1,4.128002427,100,0.721333333,0.055040032,100,25,0,100,46.82199408,2.029811389,100,72.564096,3.137858384,100,196.1023122,0.003137637,0.412800243,0.005504003,0,0.202981139,0.313785838
random_walk,250,25,75,0,69,0.345,45631.54,1954.521954,100,0.73010464,0.031272351,100,54.46,4.118006775,100,0.726133333,0.054906757,100,25,0,100,47.22308504,2.029976049,100,73.003952,3.127102806,100,195.4521954,0.003127235,0.411800677,0.005490676,0,0.202997605,0.312710281
random_walk,250,25,75,0,70,0.35,45892.67,1967.707024,100,0.73428272,0.031483312,100,54.77,4.11662066,100,0.730266667,0.054888275,100,25,0,100,47.63510574,2.050789543,100,73.422112,3.147992172,100,196.7707024,0.003148331,0.411662066,0.005488828,0,0.205078954,0.314799217
random_walk,250,25,75,0,71,0.355,46143.61,1969.802558,100,0.73829776,0.031516841,100,55.07,4.161524099,100,0.734266667,0.055486988,100,25,0,100,48.05196306,2.060454732,100,73.823056,3.15188069,100,196.9802558,0.003151684,0.41615241,0.005548699,0,0.206045473,0.315188069
random_walk,250,25,75,0,72,0.36,46404.1,1965.615469,100,0.7424656,0.031449848,100,55.55,4.156958387,100,0.740666667,0.055426112,100,25,0,100,48.45363143,2.061627687,100,74.239872,3.145308055,100,196.5615469,0.003144985,0.415695839,0.005542611,0,0.206162769,0.314530806
random_walk,250,25,75,0,73,0.365,46652.48,1970.095703,100,0.74643968,0.031521531,100,55.83,4.187656224,100,0.7444,0.055835416,100,25,0,100,48.86441853,2.073755275,100,74.63736,3.151853134,100,197.0095703,0.003152153,0.418765622,0.005583542,0,0.207375528,0.315185313
random_walk,250,25,75,0,74,0.37,46917.39,1974.585505,100,0.75067824,0.031593368,100,56.12,4.231388243,100,0.748266667,0.05641851,100,25,0,100,49.25363285,2.083091208,100,75.061088,3.159153451,100,197.4585505,0.003159337,0.423138824,0.005641851,0,0.208309121,0.315915345
random_walk,250,25,75,0,75,0.375,47179.3,1971.200268,100,0.7548688,0.031539204,100,56.36,4.243878539,100,0.751466667,0.056585047,100,25,0,100,49.64072886,2.08420015,100,75.480976,3.154429393,100,197.1200268,0.00315392,0.424387854,0.005658505,0,0.208420015,0.315442939
random_walk,250,25,75,0,76,0.38,47415.68,1947.122398,100,0.75865088,0.031153958,100,56.62,4.249254242,100,0.754933333,0.056656723,100,25,0,100,50.04882964,2.065238879,100,75.859376,3.116264181,100,194.7122398,0.003115396,0.424925424,0.005665672,0,0.206523888,0.311626418
random_walk,250,25,75,0,77,0.385,47646.63,1930.143652,100,0.76234608,0.030882298,100,56.83,4.214105702,100,0.757733333,0.056188076,100,25,0,100,50.45921213,2.053304605,100,76.228416,3.088764493,100,193.0143652,0.00308823,0.42141057,0.005618808,0,0.205330461,0.308876449
random_walk,250,25,75,0,78,0.39,47887.86,1917.116601,100,0.76620576,0.030673866,100,57.16,4.21809474,100,0.762133333,0.056241263,100,25,0,100,50.85496374,2.043764403,100,76.61488,3.06718152,100,191.7116601,0.003067387,0.421809474,0.005624126,0,0.20437644,0.306718152
random_walk,250,25,75,0,79,0.395,48129.59,1926.857766,100,0.77007344,0.030829724,100,57.47,4.103349211,100,0.766266667,0.054711323,100,25,0,100,51.24802409,2.059227467,100,77.001312,3.08286624,100,192.6857766,0.003082972,0.410334921,0.005471132,0,0.205922747,0.308286624
random_walk,250,25,75,0,80,0.4,48366.2,1919.863632,100,0.7738592,0.030717818,100,57.74,4.088960254,100,0.769866667,0.05451947,100,25,0,100,51.64127317,2.057143881,100,77.380448,3.072092251,100,191.9863632,0.003071782,0.408896025,0.005451947,0,0.205714388,0.307209225
random_walk,250,25,75,0,81,0.405,48584.68,1916.131471,100,0.77735488,0.030658104,100,57.92,4.054377856,100,0.772266667,0.054058371,100,25,0,100,52.05058764,2.059718305,100,77.730016,3.066255088,100,191.6131471,0.00306581,0.405437786,0.005405837,0,0.205971831,0.306625509
random_walk,250,25,75,0,82,0.41,48801.91,1917.813207,100,0.78083056,0.030685011,100,58.14,4.117025503,100,0.7752,0.054893673,100,25,0,100,52.45803004,2.068019963,100,78.077792,3.068389181,100,191.7813207,0.003068501,0.41170255,0.005489367,0,0.206801996,0.306838918
random_walk,250,25,75,0,83,0.415,49015.24,1912.442635,100,0.78424384,0.030599082,100,58.4,4.020151261,100,0.778666667,0.053602017,100,25,0,100,52.86550787,2.068352003,100,78.419152,3.060392401,100,191.2442635,0.003059908,0.402015126,0.005360202,0,0.2068352,0.30603924
random_walk,250,25,75,0,84,0.42,49211.63,1913.063214,100,0.78738608,0.030609011,100,58.7,4.003786087,100,0.782666667,0.053383814,100,25,0,100,53.28840484,2.077773079,100,78.733376,3.060629762,100,191.3063214,0.003060901,0.400378609,0.005338381,0,0.207777308,0.306062976
random_walk,250,25,75,0,85,0.425,49417.38,1897.892312,100,0.79067808,0.030366277,100,59.04,4.119233036,100,0.7872,0.054923107,100,25,0,100,53.69642635,2.067038528,100,79.06256,3.036671305,100,189.7892312,0.003036628,0.411923304,0.005492311,0,0.206703853,0.30366713
random_walk,250,25,75,0,86,0.43,49608.15,1896.534966,100,0.7937304,0.030344559,100,59.24,4.134408462,100,0.789866667,0.055125446,100,25,0,100,54.11834779,2.074685581,100,79.367984,3.034326951,100,189.6534966,0.003034456,0.413440846,0.005512545,0,0.207468558,0.303432695
random_walk,250,25,75,0,87,0.435,49798.92,1896.238108,100,0.79678272,0.03033981,100,59.48,4.152351166,100,0.793066667,0.055364682,100,25,0,100,54.53708807,2.083819732,100,79.673376,3.034255063,100,189.6238108,0.003033981,0.415235117,0.005536468,0,0.208381973,0.303425506
random_walk,250,25,75,0,88,0.44,49989.4,1889.303158,100,0.7998304,0.030228851,100,59.66,4.141975325,100,0.795466667,0.055226338,100,25,0,100,54.95244167,2.084933946,100,79.978112,3.02291968,100,188.9303158,0.003022885,0.414197533,0.005522634,0,0.208493395,0.302291968
random_walk,250,25,75,0,89,0.445,50175.29,1877.93905,100,0.80280464,0.030047025,100,59.93,4.14937016,100,0.799066667,0.055324935,100,25,0,100,55.36915389,2.080525151,100,80.276224,3.004687198,100,187.793905,0.003004702,0.414937016,0.005532494,0,0.208052515,0.30046872
random_walk,250,25,75,0,90,0.45,50339.45,1872.55972,100,0.8054312,0.029960956,100,60.14,4.119478245,100,0.801866667,0.054926377,100,25,0,100,55.80745814,2.084950547,100,80.539024,2.996530827,100,187.255972,0.002996096,0.411947824,0.005492638,0,0.208495055,0.299653083
random_walk,250,25,75,0,91,0.455,50505.07,1878.190679,100,0.80808112,0.030051051,100,60.29,4.07330556,100,0.803866667,0.054310741,100,25,0,100,56.24230021,2.099925059,100,80.803952,3.005252702,100,187.8190679,0.003005105,0.407330556,0.005431074,0,0.209992506,0.30052527
random_walk,250,25,75,0,92,0.46,50680.84,1879.826704,100,0.81089344,0.030077227,100,60.53,4.038839217,100,0.807066667,0.05385119,100,25,0,100,56.66258901,2.109106837,100,81.085408,3.007735632,100,187.9826704,0.003007723,0.403883922,0.005385119,0,0.210910684,0.300773563
random_walk,250,25,75,0,93,0.465,50849.42,1891.268091,100,0.81359072,0.030260289,100,60.75,4.038639135,100,0.81,0.053848522,100,25,0,100,57.08893804,2.129532457,100,81.354816,3.026345655,100,189.1268091,0.003026029,0.403863913,0.005384852,0,0.212953246,0.302634566
random_walk,250,25,75,0,94,0.47,51016.58,1889.979238,100,0.81626528,0.030239668,100,60.99,4.031429553,100,0.8132,0.053752394,100,25,0,100,57.51303966,2.138274029,100,81.622672,3.024244339,100,188.9979238,0.003023967,0.403142955,0.005375239,0,0.213827403,0.302424434
random_walk,250,25,75,0,95,0.475,51184.64,1883.22384,100,0.81895424,0.030131581,100,61.3,4.021407362,100,0.817333333,0.053618765,100,25,0,100,57.93305624,2.140789072,100,81.891136,3.013262338,100,188.322384,0.003013158,0.402140736,0.005361876,0,0.214078907,0.301326234
random_walk,250,25,75,0,96,0.48,51347.71,1887.127673,100,0.82156336,0.030194043,100,61.51,4.043937975,100,0.820133333,0.053919173,100,25,0,100,58.35672675,2.154862635,100,82.152112,3.019486337,100,188.7127673,0.003019404,0.404393797,0.005391917,0,0.215486263,0.301948634
random_walk,250,25,75,0,97,0.485,51508.63,1893.833175,100,0.82413808,0.030301331,100,61.7,4.038951759,100,0.822666667,0.05385269,100,25,0,100,58.78018486,2.169820665,100,82.40984,3.030761724,100,189.3833175,0.003030133,0.403895176,0.005385269,0,0.216982067,0.303076172
random_walk,250,25,75,0,98,0.49,51658.43,1887.146921,100,0.82653488,0.030194351,100,61.91,4.000239892,100,0.825466667,0.053336532,100,25,0,100,59.21274097,2.172427,100,82.649024,3.019349031,100,188.7146921,0.003019435,0.400023989,0.005333653,0,0.2172427,0.301934903
random_walk,250,25,75,0,99,0.495,51801.84,1888.753251,100,0.82882944,0.030220052,100,62.07,3.954935543,100,0.8276,0.052732474,100,25,0,100,59.6511211,2.186581086,100,82.878896,3.022131454,100,188.8753251,0.003022005,0.395493554,0.005273247,0,0.218658109,0.302213145
random_walk,250,25,75,0,100,0.5,51949.29,1886.814301,100,0.83118864,0.030189029,100,62.19,3.994175052,100,0.8292,0.053255667,100,25,0,100,60.08220406,2.197083631,100,83.115152,3.019418615,100,188.6814301,0.003018903,0.399417505,0.005325567,0,0.219708363,0.301941861
random_walk,250,25,75,0,101,0.505,52102.15,1888.379576,100,0.8336344,0.030214073,100,62.39,3.979480195,100,0.831866667,0.053059736,100,25,0,100,60.50489835,2.208802794,100,83.359536,3.021856538,100,188.8379576,0.003021407,0.39794802,0.005305974,0,0.220880279,0.302185654
random_walk,250,25,75,0,102,0.51,52242.9,1884.376673,100,0.8358864,0.030150027,100,62.55,4.038639135,100,0.834,0.053848522,100,25,0,100,60.93854257,2.215164866,100,83.58464,3.015392378,100,188.4376673,0.003015003,0.403863913,0.005384852,0,0.221516487,0.301539238
random_walk,250,25,75,0,103,0.515,52390.62,1877.219563,100,0.83824992,0.030035513,100,62.8,3.954284213,100,0.837333333,0.05272379,100,25,0,100,61.36148674,2.216476584,100,83.821328,3.003768931,100,187.7219563,0.003003551,0.395428421,0.005272379,0,0.221647658,0.300376893
random_walk,250,25,75,0,104,0.52,52527.55,1865.274385,100,0.8404408,0.02984439,100,63.02,3.98223327,100,0.840266667,0.053096444,100,25,0,100,61.79433592,2.212809025,100,84.040752,2.98459623,100,186.5274385,0.002984439,0.398223327,0.005309644,0,0.221280902,0.298459623
random_walk,250,25,75,0,105,0.525,52660.45,1858.242644,100,0.8425672,0.029731882,100,63.19,3.917572429,100,0.842533333,0.052234299,100,25,0,100,62.23014761,2.215522371,100,84.25328,2.973283865,100,185.8242644,0.002973188,0.391757243,0.00522343,0,0.221552237,0.297328387
random_walk,250,25,75,0,106,0.53,52794.29,1850.106037,100,0.84470864,0.029601697,100,63.3,3.883401612,100,0.844,0.051778688,100,25,0,100,62.66265825,2.21649109,100,84.467024,2.960488651,100,185.0106037,0.00296017,0.388340161,0.005177869,0,0.221649109,0.296048865
random_walk,250,25,75,0,107,0.535,52926.89,1836.72484,100,0.84683024,0.029387597,100,63.51,3.870361349,100,0.8468,0.051604818,100,25,0,100,63.09389491,2.210801792,100,84.679408,2.938853434,100,183.672484,0.00293876,0.387036135,0.005160482,0,0.221080179,0.293885343
random_walk,250,25,75,0,108,0.54,53050.73,1834.47011,100,0.84881168,0.029351522,100,63.69,3.818336938,100,0.8492,0.050911159,100,25,0,100,63.5344133,2.220259204,100,84.877744,2.935374154,100,183.447011,0.002935152,0.381833694,0.005091116,0,0.22202592,0.293537415
random_walk,250,25,75,0,109,0.545,53174.47,1825.46031,100,0.85079152,0.029207365,100,63.85,3.814843418,100,0.851333333,0.050864579,100,25,0,100,63.97241713,2.21982685,100,85.075744,2.921231563,100,182.546031,0.002920736,0.381484342,0.005086458,0,0.221982685,0.292123156
random_walk,250,25,75,0,110,0.55,53296.41,1823.280948,100,0.85274256,0.029172495,100,64.02,3.80584346,100,0.8536,0.050744579,100,25,0,100,64.41111061,2.229765445,100,85.271152,2.91754832,100,182.3280948,0.00291725,0.380584346,0.005074458,0,0.222976544,0.291754832
random_walk,250,25,75,0,111,0.555,53414.49,1824.031851,100,0.85463184,0.02918451,100,64.17,3.755279112,100,0.8556,0.050070388,100,25,0,100,64.85285247,2.242224212,100,85.459936,2.918580434,100,182.4031851,0.002918451,0.375527911,0.005007039,0,0.224222421,0.291858043
random_walk,250,25,75,0,112,0.56,53528.76,1827.699803,100,0.85646016,0.029243197,100,64.26,3.71896586,100,0.8568,0.049586211,100,25,0,100,65.29754583,2.258438654,100,85.64296,2.924427263,100,182.7699803,0.00292432,0.371896586,0.004958621,0,0.225843865,0.292442726
random_walk,250,25,75,0,113,0.565,53649.69,1834.346572,100,0.85839504,0.029349545,100,64.45,3.742669603,100,0.859333333,0.049902261,100,25,0,100,65.73247269,2.279020107,100,85.836352,2.935119386,100,183.4346572,0.002934955,0.37426696,0.004990226,0,0.227902011,0.293511939
random_walk,250,25,75,0,114,0.57,53769.88,1834.206648,100,0.86031808,0.029347306,100,64.54,3.723851596,100,0.860533333,0.049651355,100,25,0,100,66.1655682,2.288053457,100,86.029008,2.934886338,100,183.4206648,0.002934731,0.37238516,0.004965135,0,0.228805346,0.293488634
random_walk,250,25,75,0,115,0.575,53891.1,1830.386461,100,0.8622576,0.029286183,100,64.64,3.69143152,100,0.861866667,0.049219087,100,25,0,100,66.59530236,2.293752021,100,86.222736,2.928766749,100,183.0386461,0.002928618,0.369143152,0.004921909,0,0.229375202,0.292876675
random_walk,250,25,75,0,116,0.58,54005.99,1826.754463,100,0.86409584,0.029228071,100,64.82,3.63868108,100,0.864266667,0.048515748,100,25,0,100,67.03087331,2.29886538,100,86.406384,2.922841822,100,182.6754463,0.002922807,0.363868108,0.004851575,0,0.229886538,0.292284182
random_walk,250,25,75,0,117,0.585,54125.51,1816.582475,100,0.86600816,0.02906532,100,64.98,3.595676416,100,0.8664,0.047942352,100,25,0,100,67.45827838,2.294683797,100,86.59768,2.906696081,100,181.6582475,0.002906532,0.359567642,0.004794235,0,0.22946838,0.290669608
random_walk,250,25,75,0,118,0.59,54250.9,1821.722719,100,0.8680144,0.029147564,100,65.14,3.60700777,100,0.868533333,0.048093437,100,25,0,100,67.87772617,2.31006217,100,86.798336,2.915025596,100,182.1722719,0.002914756,0.360700777,0.004809344,0,0.231006217,0.29150256
random_walk,250,25,75,0,119,0.595,54372.49,1811.57178,100,0.86995984,0.028985148,100,65.29,3.571195086,100,0.870533333,0.047615934,100,25,0,100,68.29879077,2.30867053,100,86.993056,2.89881042,100,181.157178,0.002898515,0.357119509,0.004761593,0,0.230867053,0.289881042
random_walk,250,25,75,0,120,0.6,54488.76,1809.17389,100,0.87182016,0.028946782,100,65.42,3.519584457,100,0.872266667,0.046927793,100,25,0,100,68.72539493,2.315966033,100,87.179056,2.894458916,100,180.917389,0.002894678,0.351958446,0.004692779,0,0.231596603,0.289445892
random_walk,250,25,75,0,121,0.605,54594.18,1812.898585,100,0.87350688,0.029006377,100,65.55,3.53446237,100,0.874,0.047126165,100,25,0,100,69.16455042,2.332439119,100,87.348128,2.900744496,100,181.2898585,0.002900638,0.353446237,0.004712616,0,0.233243912,0.29007445
random_walk,250,25,75,0,122,0.61,54699.97,1812.41423,100,0.87519952,0.028998628,100,65.66,3.53687644,100,0.875466667,0.047158353,100,25,0,100,69.60110454,2.342360889,100,87.517184,2.899965338,100,181.241423,0.002899863,0.353687644,0.004715835,0,0.234236089,0.289996534
random_walk,250,25,75,0,123,0.615,54804.5,1810.848757,100,0.876872,0.02897358,100,65.84,3.463285064,100,0.877866667,0.046177134,100,25,0,100,70.03744357,2.351038759,100,87.68432,2.89738907,100,181.0848757,0.002897358,0.346328506,0.004617713,0,0.235103876,0.289738907
random_walk,250,25,75,0,124,0.62,54913.47,1810.070474,100,0.87861552,0.028961128,100,65.94,3.492618479,100,0.8792,0.046568246,100,25,0,100,70.46646751,2.359768251,100,87.85888,2.896052422,100,181.0070474,0.002896113,0.349261848,0.004656825,0,0.235976825,0.289605242
random_walk,250,25,75,0,125,0.625,55013.71,1810.439013,100,0.88021936,0.028967024,100,66.03,3.505997747,100,0.8804,0.046746637,100,25,0,100,70.90531616,2.370779261,100,88.019376,2.896997936,100,181.0439013,0.002896702,0.350599775,0.004674664,0,0.237077926,0.289699794
random_walk,250,25,75,0,126,0.63,55111.84,1808.980458,100,0.88178944,0.028943687,100,66.18,3.514414761,100,0.8824,0.046858863,100,25,0,100,71.34507947,2.378685305,100,88.176528,2.894651379,100,180.8980458,0.002894369,0.351441476,0.004685886,0,0.23786853,0.289465138
random_walk,250,25,75,0,127,0.635,55212.97,1806.466239,100,0.88340752,0.02890346,100,66.32,3.460834255,100,0.884266667,0.046144457,100,25,0,100,71.77926364,2.386023294,100,88.338192,2.890678346,100,180.6466239,0.002890346,0.346083425,0.004614446,0,0.238602329,0.289067835
random_walk,250,25,75,0,128,0.64,55308.39,1800.402799,100,0.88493424,0.028806445,100,66.42,3.455868965,100,0.8856,0.046078253,100,25,0,100,72.21900914,2.389496241,100,88.490928,2.880779531,100,180.0402799,0.002880644,0.345586896,0.004607825,0,0.238949624,0.288077953
random_walk,250,25,75,0,129,0.645,55401.05,1794.943708,100,0.8864168,0.028719099,100,66.55,3.409360259,100,0.887333333,0.045458137,100,25,0,100,72.66069832,2.39284978,100,88.639552,2.872259912,100,179.4943708,0.00287191,0.340936026,0.004545814,0,0.239284978,0.287225991
random_walk,250,25,75,0,130,0.65,55489.24,1787.51403,100,0.88782784,0.028600224,100,66.63,3.395347381,100,0.8884,0.045271298,100,25,0,100,73.10678345,2.394841409,100,88.780672,2.860190238,100,178.751403,0.002860022,0.339534738,0.00452713,0,0.239484141,0.286019024
random_walk,250,25,75,0,131,0.655,55581.79,1775.904665,100,0.88930864,0.028414475,100,66.76,3.324594606,100,0.890133333,0.044327928,100,25,0,100,73.54540005,2.391524855,100,88.928336,2.841760832,100,177.5904665,0.002841447,0.332459461,0.004432793,0,0.239152485,0.284176083
random_walk,250,25,75,0,132,0.66,55676.8,1769.64954,100,0.8908288,0.028314393,100,66.88,3.33418171,100,0.891733333,0.044455756,100,25,0,100,73.97960195,2.392633233,100,89.080816,2.831556758,100,176.964954,0.002831439,0.333418171,0.004445576,0,0.239263323,0.283155676
random_walk,250,25,75,0,133,0.665,55777.98,1759.006515,100,0.89244768,0.028144104,100,66.99,3.328769603,100,0.8932,0.044383595,100,25,0,100,74.40368442,2.388307985,100,89.242288,2.81491579,100,175.9006515,0.00281441,0.33287696,0.004438359,0,0.238830798,0.281491579
random_walk,250,25,75,0,134,0.67,55874.02,1751.237917,100,0.89398432,0.028019807,100,67.06,3.317599229,100,0.894133333,0.044234656,100,25,0,100,74.83357638,2.387924149,100,89.395904,2.802361023,100,175.1237917,0.002801981,0.331759923,0.004423466,0,0.238792415,0.280236102
random_walk,250,25,75,0,135,0.675,55966.08,1745.863629,100,0.89545728,0.027933818,100,67.16,3.28977602,100,0.895466667,0.04386368,100,25,0,100,75.2675215,2.392693296,100,89.543648,2.793911918,100,174.5863629,0.002793382,0.328977602,0.004386368,0,0.23926933,0.279391192
random_walk,250,25,75,0,136,0.68,56060.52,1731.317689,100,0.89696832,0.027701083,100,67.25,3.260956667,100,0.896666667,0.043479422,100,25,0,100,75.69577773,2.382224214,100,89.694368,2.770578697,100,173.1317689,0.002770108,0.326095667,0.004347942,0,0.238222421,0.27705787
random_walk,250,25,75,0,137,0.685,56153.11,1718.878292,100,0.89844976,0.027502053,100,67.34,3.269757351,100,0.897866667,0.043596765,100,25,0,100,76.125424,2.373744111,100,89.842832,2.75054552,100,171.8878292,0.002750205,0.326975735,0.004359676,0,0.237374411,0.275054552
random_walk,250,25,75,0,138,0.69,56247.15,1703.039602,100,0.8999544,0.027248634,100,67.44,3.220264121,100,0.8992,0.042936855,100,25,0,100,76.55122587,2.359971554,100,89.993296,2.725112919,100,170.3039602,0.002724863,0.322026412,0.004293685,0,0.235997155,0.272511292
random_walk,250,25,75,0,139,0.695,56337.72,1691.998275,100,0.90140352,0.027071972,100,67.59,3.194360561,100,0.9012,0.042591474,100,25,0,100,76.98076668,2.354385629,100,90.138448,2.707729704,100,169.1998275,0.002707197,0.319436056,0.004259147,0,0.235438563,0.27077297
random_walk,250,25,75,0,140,0.7,56421.09,1680.615046,100,0.90273744,0.026889841,100,67.7,3.192478534,100,0.902666667,0.04256638,100,25,0,100,77.41891203,2.34904507,100,90.271984,2.689150552,100,168.0615046,0.002688984,0.319247853,0.004256638,0,0.234904507,0.268915055
random_walk,250,25,75,0,141,0.705,56504.72,1670.094264,100,0.90407552,0.026721508,100,67.77,3.152215831,100,0.9036,0.042029544,100,25,0,100,77.85540446,2.344759916,100,90.405584,2.67243165,100,167.0094264,0.002672151,0.315221583,0.004202954,0,0.234475992,0.267243165
random_walk,250,25,75,0,142,0.71,56587.11,1661.384508,100,0.90539376,0.026582152,100,67.87,3.06051755,100,0.904933333,0.040806901,100,25,0,100,78.29249252,2.341979668,100,90.537648,2.658549639,100,166.1384508,0.002658215,0.306051755,0.00408069,0,0.234197967,0.265854964
random_walk,250,25,75,0,143,0.715,56664.98,1648.286634,100,0.90663968,0.026372586,100,67.95,3.056290086,100,0.906,0.040750534,100,25,0,100,78.73413412,2.333277283,100,90.6624,2.637581114,100,164.8286634,0.002637259,0.305629009,0.004075053,0,0.233327728,0.263758111
random_walk,250,25,75,0,144,0.72,56733.08,1646.0236,100,0.90772928,0.026336378,100,68.01,3.053380309,100,0.9068,0.040711737,100,25,0,100,79.18923438,2.340765195,100,90.771216,2.634197819,100,164.60236,0.002633638,0.305338031,0.004071174,0,0.234076519,0.263419782
random_walk,250,25,75,0,145,0.725,56807.61,1636.847962,100,0.90892176,0.026189567,100,68.1,3.013437917,100,0.908,0.040179172,100,25,0,100,79.63361639,2.337494959,100,90.890352,2.619291024,100,163.6847962,0.002618957,0.301343792,0.004017917,0,0.233749496,0.261929102
random_walk,250,25,75,0,146,0.73,56881.62,1626.778696,100,0.91010592,0.026028459,100,68.12,3.032750527,100,0.908266667,0.040436674,100,25,0,100,80.07766857,2.334240331,100,91.008704,2.603140467,100,162.6778696,0.002602846,0.303275053,0.004043667,0,0.233424033,0.260314047
random_walk,250,25,75,0,147,0.735,56949.81,1616.631038,100,0.91119696,0.025866097,100,68.26,3.089964205,100,0.910133333,0.041199523,100,25,0,100,80.52873319,2.331319662,100,91.118144,2.586699134,100,161.6631038,0.00258661,0.30899642,0.004119952,0,0.233131966,0.258669913
random_walk,250,25,75,0,148,0.74,57027.02,1603.705444,100,0.91243232,0.025659287,100,68.4,3.055050463,100,0.912,0.040734006,100,25,0,100,80.96569098,2.322958888,100,91.241552,2.566397486,100,160.3705444,0.002565929,0.305505046,0.004073401,0,0.232295889,0.256639749
random_walk,250,25,75,0,149,0.745,57107.01,1601.509102,100,0.91371216,0.025624146,100,68.49,3.046756845,100,0.9132,0.040623425,100,25,0,100,81.39809176,2.32898378,100,91.369136,2.562602418,100,160.1509102,0.002562415,0.304675685,0.004062342,0,0.232898378,0.256260242
random_walk,250,25,75,0,150,0.75,57180.49,1599.816407,100,0.91488784,0.025597063,100,68.58,3.052338067,100,0.9144,0.040697841,100,25,0,100,81.83881242,2.335409996,100,91.487216,2.559872436,100,159.9816407,0.002559706,0.305233807,0.004069784,0,0.233541,0.255987244
random_walk,250,25,75,0,151,0.755,57251.75,1595.495993,100,0.916028,0.025527936,100,68.72,3.008674328,100,0.916266667,0.040115658,100,25,0,100,82.28139409,2.338641164,100,91.601056,2.553156299,100,159.5495993,0.002552794,0.300867433,0.004011566,0,0.233864116,0.25531563
random_walk,250,25,75,0,152,0.76,57321.86,1587.634884,100,0.91714976,0.025402158,100,68.82,2.996226583,100,0.9176,0.039949688,100,25,0,100,82.72425363,2.336960697,100,91.713392,2.540828462,100,158.7634884,0.002540216,0.299622658,0.003994969,0,0.23369607,0.254082846
random_walk,250,25,75,0,153,0.765,57387.77,1571.161771,100,0.91820432,0.025138588,100,68.9,2.952485684,100,0.918666667,0.039366476,100,25,0,100,83.1714471,2.322536828,100,91.818752,2.514212283,100,157.1161771,0.002513859,0.295248568,0.003936648,0,0.232253683,0.251421228
random_walk,250,25,75,0,154,0.77,57461.23,1566.081534,100,0.91937968,0.025057305,100,69.06,2.932988961,100,0.9208,0.039106519,100,25,0,100,83.60754449,2.325032779,100,91.93608,2.505904466,100,156.6081534,0.00250573,0.293298896,0.003910652,0,0.232503278,0.250590447
random_walk,250,25,75,0,155,0.775,57528.66,1562.967368,100,0.92045856,0.025007478,100,69.18,2.921117816,100,0.9224,0.038948238,100,25,0,100,84.05136644,2.331294113,100,92.044256,2.500838969,100,156.2967368,0.002500748,0.292111782,0.003894824,0,0.233129411,0.250083897
random_walk,250,25,75,0,156,0.78,57597.43,1557.895053,100,0.92155888,0.024926321,100,69.23,2.908903087,100,0.923066667,0.038785374,100,25,0,100,84.49208907,2.333665586,100,92.154624,2.492862825,100,155.7895053,0.002492632,0.290890309,0.003878537,0,0.233366559,0.249286283
random_walk,250,25,75,0,157,0.785,57656.31,1552.987383,100,0.92250096,0.024847798,100,69.33,2.923450984,100,0.9244,0.038979346,100,25,0,100,84.94640885,2.335944198,100,92.248416,2.485263098,100,155.2987383,0.00248478,0.292345098,0.003897935,0,0.23359442,0.24852631
random_walk,250,25,75,0,158,0.79,57719.31,1541.583816,100,0.92350896,0.024665341,100,69.39,2.898606422,100,0.9252,0.038648086,100,25,0,100,85.3931299,2.328912568,100,92.34944,2.466651293,100,154.1583816,0.002466534,0.289860642,0.003864809,0,0.232891257,0.246665129
random_walk,250,25,75,0,159,0.795,57775.24,1534.440036,100,0.92440384,0.024551041,100,69.47,2.917917481,100,0.926266667,0.038905566,100,25,0,100,85.84970263,2.328484941,100,92.438896,2.455204237,100,153.4440036,0.002455104,0.291791748,0.003890557,0,0.232848494,0.245520424
random_walk,250,25,75,0,160,0.8,57835.98,1522.339255,100,0.92537568,0.024357428,100,69.53,2.928284222,100,0.927066667,0.03904379,100,25,0,100,86.2980364,2.319968981,100,92.53608,2.43618768,100,152.2339255,0.002435743,0.292828422,0.003904379,0,0.231996898,0.243618768
random_walk,250,25,75,0,161,0.805,57899.02,1509.951842,100,0.92638432,0.024159229,100,69.59,2.892327014,100,0.927866667,0.03856436,100,25,0,100,86.74187566,2.31072347,100,92.636832,2.416099643,100,150.9951842,0.002415923,0.289232701,0.003856436,0,0.231072347,0.241609964
random_walk,250,25,75,0,162,0.81,57967.18,1503.980633,100,0.92747488,0.02406369,100,69.68,2.849348676,100,0.929066667,0.037991316,100,25,0,100,87.1774777,2.309528497,100,92.746032,2.4065234,100,150.3980633,0.002406369,0.284934868,0.003799132,0,0.23095285,0.24065234
random_walk,250,25,75,0,163,0.815,58028.98,1493.763865,100,0.92846368,0.023900222,100,69.79,2.864957207,100,0.930533333,0.038199429,100,25,0,100,87.62143368,2.302221479,100,92.844816,2.39010645,100,149.3763865,0.002390022,0.286495721,0.003819943,0,0.230222148,0.239010645
random_walk,250,25,75,0,164,0.82,58085.17,1489.903475,100,0.92936272,0.023838456,100,69.88,2.815110741,100,0.931733333,0.03753481,100,25,0,100,88.07337471,2.306013323,100,92.934688,2.384113133,100,148.9903475,0.002383846,0.281511074,0.003753481,0,0.230601332,0.238411313
random_walk,250,25,75,0,165,0.825,58141.31,1488.390675,100,0.93026096,0.023814251,100,69.93,2.818607006,100,0.9324,0.037581427,100,25,0,100,88.52478172,2.312420016,100,93.024864,2.381730224,100,148.8390675,0.002381425,0.281860701,0.003758143,0,0.231242002,0.238173022
random_walk,250,25,75,0,166,0.83,58198.51,1483.674877,100,0.93117616,0.023738798,100,69.95,2.808267017,100,0.932666667,0.03744356,100,25,0,100,88.97330238,2.314395473,100,93.115984,2.374084288,100,148.3674877,0.00237388,0.280826702,0.003744356,0,0.231439547,0.237408429
random_walk,250,25,75,0,167,0.835,58260.73,1474.493262,100,0.93217168,0.023591892,100,69.98,2.770625135,100,0.933066667,0.036941668,100,25,0,100,89.41300832,2.309549257,100,93.215792,2.359290526,100,147.4493262,0.002359189,0.277062513,0.003694167,0,0.230954926,0.235929053
random_walk,250,25,75,0,168,0.84,58320.19,1465.588431,100,0.93312304,0.023449415,100,70.07,2.745998006,100,0.934266667,0.036613307,100,25,0,100,89.8560413,2.305004,100,93.311024,2.345180101,100,146.5588431,0.002344941,0.274599801,0.003661331,0,0.2305004,0.23451801
random_walk,250,25,75,0,169,0.845,58373.12,1459.613096,100,0.93396992,0.02335381,100,70.16,2.769677077,100,0.935466667,0.036929028,100,25,0,100,90.30852667,2.306126177,100,93.395568,2.335954369,100,145.9613096,0.002335381,0.276967708,0.003692903,0,0.230612618,0.233595437
random_walk,250,25,75,0,170,0.85,58429.52,1454.856093,100,0.93487232,0.023277697,100,70.22,2.76916645,100,0.936266667,0.036922219,100,25,0,100,90.75488783,2.308400739,100,93.485968,2.327991751,100,145.4856093,0.00232777,0.276916645,0.003692222,0,0.230840074,0.232799175
random_walk,250,25,75,0,171,0.855,58485.59,1443.827112,100,0.93576944,0.023101234,100,70.26,2.794728082,100,0.9368,0.037263041,100,25,0,100,91.20021803,2.298937685,100,93.57584,2.310399513,100,144.3827112,0.002310123,0.279472808,0.003726304,0,0.229893769,0.231039951
random_walk,250,25,75,0,172,0.86,58537.49,1436.171359,100,0.93659984,0.022978742,100,70.33,2.778179769,100,0.937733333,0.037042397,100,25,0,100,91.65165924,2.29540414,100,93.658736,2.298129235,100,143.6171359,0.002297874,0.277817977,0.00370424,0,0.229540414,0.229812924
random_walk,250,25,75,0,173,0.865,58590.81,1430.048355,100,0.93745296,0.022880774,100,70.37,2.802073547,100,0.938266667,0.037360981,100,25,0,100,92.10018792,2.294415509,100,93.743968,2.288202339,100,143.0048355,0.002288077,0.280207355,0.003736098,0,0.229441551,0.228820234
random_walk,250,25,75,0,174,0.87,58642.28,1415.850097,100,0.93827648,0.022653602,100,70.44,2.771864413,100,0.9392,0.036958192,100,25,0,100,92.55021255,2.280647582,100,93.826448,2.265649928,100,141.5850097,0.00226536,0.277186441,0.003695819,0,0.228064758,0.226564993
random_walk,250,25,75,0,175,0.875,58691.67,1406.961581,100,0.93906672,0.022511385,100,70.48,2.783356015,100,0.939733333,0.037111414,100,25,0,100,93.00326953,2.275845402,100,93.905408,2.251487465,100,140.6961581,0.002251139,0.278335602,0.003711141,0,0.22758454,0.225148747
random_walk,250,25,75,0,176,0.88,58744.11,1396.496322,100,0.93990576,0.022343941,100,70.59,2.745409392,100,0.9412,0.036605459,100,25,0,100,93.4504944,2.268522914,100,93.989312,2.234745119,100,139.6496322,0.002234394,0.274540939,0.003660546,0,0.226852291,0.223474512
random_walk,250,25,75,0,177,0.885,58798.81,1390.877426,100,0.94078096,0.022254039,100,70.65,2.709411207,100,0.942,0.036125483,100,25,0,100,93.89368606,2.267963635,100,94.07664,2.225908025,100,139.0877426,0.002225404,0.270941121,0.003612548,0,0.226796363,0.222590803
random_walk,250,25,75,0,178,0.89,58848.58,1385.484448,100,0.94157728,0.022167751,100,70.71,2.682886279,100,0.9428,0.035771817,100,25,0,100,94.34376565,2.268496643,100,94.156352,2.21692385,100,138.5484448,0.002216775,0.268288628,0.003577182,0,0.226849664,0.221692385
random_walk,250,25,75,0,179,0.895,58897.25,1377.41058,100,0.942356,0.022038569,100,70.74,2.684109619,100,0.9432,0.035788128,100,25,0,100,94.79456669,2.263831107,100,94.23424,2.204154719,100,137.741058,0.002203857,0.268410962,0.003578813,0,0.226383111,0.220415472
random_walk,250,25,75,0,180,0.9,58943.83,1367.815674,100,0.94310128,0.021885051,100,70.79,2.671567466,100,0.943866667,0.0356209,100,25,0,100,95.24798842,2.257090396,100,94.308896,2.188654692,100,136.7815674,0.002188505,0.267156747,0.00356209,0,0.22570904,0.218865469
random_walk,250,25,75,0,181,0.905,58995.66,1358.4416,100,0.94393056,0.021735066,100,70.87,2.646343007,100,0.944933333,0.035284573,100,25,0,100,95.69217636,2.249707679,100,94.391872,2.173632636,100,135.84416,0.002173507,0.264634301,0.003528457,0,0.224970768,0.217363264
random_walk,250,25,75,0,182,0.91,59046.16,1349.285151,100,0.94473856,0.021588562,100,70.93,2.660048606,100,0.945733333,0.035467315,100,25,0,100,96.13778907,2.242281804,100,94.47256,2.159005034,100,134.9285151,0.002158856,0.266004861,0.003546731,0,0.22422818,0.215900503
random_walk,250,25,75,0,183,0.915,59091.44,1340.3905,100,0.94546304,0.021446248,100,70.96,2.60116524,100,0.946133333,0.034682203,100,25,0,100,96.59140265,2.234430528,100,94.545136,2.144766795,100,134.03905,0.002144625,0.260116524,0.00346822,0,0.223443053,0.21447668
random_walk,250,25,75,0,184,0.92,59140.73,1323.96038,100,0.94625168,0.021183366,100,71.02,2.613021008,100,0.946933333,0.03484028,100,25,0,100,97.0371094,2.214333015,100,94.62392,2.118539412,100,132.396038,0.002118337,0.261302101,0.003484028,0,0.221433302,0.211853941
random_walk,250,25,75,0,185,0.925,59186.81,1303.723205,100,0.94698896,0.020859571,100,71.11,2.573740743,100,0.948133333,0.034316543,100,25,0,100,97.48682502,2.186873099,100,94.697504,2.08639447,100,130.3723205,0.002085957,0.257374074,0.003431654,0,0.21868731,0.208639447
random_walk,250,25,75,0,186,0.93,59229.28,1295.678326,100,0.94766848,0.020730853,100,71.14,2.56637149,100,0.948533333,0.034218287,100,25,0,100,97.942805,2.180680121,100,94.765648,2.073392575,100,129.5678326,0.002073085,0.256637149,0.003421829,0,0.218068012,0.207339258
random_walk,250,25,75,0,187,0.935,59268.5,1287.677421,100,0.948296,0.020602839,100,71.17,2.554674859,100,0.948933333,0.034062331,100,25,0,100,98.40357803,2.1751062,100,94.828496,2.060570195,100,128.7677421,0.002060284,0.255467486,0.003406233,0,0.21751062,0.206057019
random_walk,250,25,75,0,188,0.94,59309.88,1272.983272,100,0.94895808,0.020367732,100,71.26,2.480713485,100,0.950133333,0.03307618,100,25,0,100,98.85959548,2.157222256,100,94.894544,2.037000387,100,127.2983272,0.002036773,0.248071348,0.003307618,0,0.215722226,0.203700039
random_walk,250,25,75,0,189,0.945,59354.27,1260.35076,100,0.94966832,0.020165612,100,71.32,2.493952281,100,0.950933333,0.033252697,100,25,0,100,99.31008508,2.14298327,100,94.96568,2.016911199,100,126.035076,0.002016561,0.249395228,0.00332527,0,0.214298327,0.20169112
random_walk,250,25,75,0,190,0.95,59393.84,1251.42552,100,0.95030144,0.020022808,100,71.36,2.476230436,100,0.951466667,0.033016406,100,25,0,100,99.76822655,2.135750774,100,95.029072,2.002503291,100,125.142552,0.002002281,0.247623044,0.003301641,0,0.213575077,0.200250329
random_walk,250,25,75,0,191,0.955,59434.47,1246.567096,100,0.95095152,0.019945074,100,71.4,2.46182982,100,0.952,0.032824398,100,25,0,100,100.2242555,2.135403902,100,95.094096,1.994565283,100,124.6567096,0.001994507,0.246182982,0.00328244,0,0.21354039,0.199456528
random_walk,250,25,75,0,192,0.96,59473.74,1249.058317,100,0.95157984,0.019984933,100,71.44,2.479491639,100,0.952533333,0.033059889,100,25,0,100,100.6825745,2.147905997,100,95.156912,1.998769027,100,124.9058317,0.001998493,0.247949164,0.003305989,0,0.2147906,0.199876903
random_walk,250,25,75,0,193,0.965,59515.79,1240.920873,100,0.95225264,0.019854734,100,71.51,2.43913795,100,0.953466667,0.032521839,100,25,0,100,101.134698,2.141400415,100,95.224064,1.985930152,100,124.0920873,0.001985473,0.243913795,0.003252184,0,0.214140041,0.198593015
random_walk,250,25,75,0,194,0.97,59555.24,1234.520601,100,0.95288384,0.01975233,100,71.51,2.43913795,100,0.953466667,0.032521839,100,25,0,100,101.5910035,2.139322242,100,95.2872,1.975599505,100,123.4520601,0.001975233,0.243913795,0.003252184,0,0.213932224,0.19755995
random_walk,250,25,75,0,195,0.975,59597.61,1229.453906,100,0.95356176,0.019671262,100,71.54,2.397052062,100,0.953866667,0.031960694,100,25,0,100,102.0417858,2.137743598,100,95.354928,1.967555808,100,122.9453906,0.001967126,0.239705206,0.003196069,0,0.21377436,0.196755581
random_walk,250,25,75,0,196,0.98,59641.02,1218.903763,100,0.95425632,0.01950246,100,71.62,2.364638482,100,0.954933333,0.031528513,100,25,0,100,102.4896577,2.126975597,100,95.42448,1.950588362,100,121.8903763,0.001950246,0.236463848,0.003152851,0,0.21269756,0.195058836
random_walk,250,25,75,0,197,0.985,59676.31,1212.35359,100,0.95482096,0.019397657,100,71.67,2.352969325,100,0.9556,0.031372924,100,25,0,100,102.9511347,2.12309425,100,95.481168,1.940005818,100,121.235359,0.001939766,0.235296933,0.003137292,0,0.212309425,0.194000582
random_walk,250,25,75,0,198,0.99,59712.47,1199.295622,100,0.95539952,0.01918873,100,71.72,2.344475561,100,0.956266667,0.031259674,100,25,0,100,103.4100512,2.10669335,100,95.538896,1.91913029,100,119.9295622,0.001918873,0.234447556,0.003125967,0,0.210669335,0.191913029
random_walk,250,25,75,0,199,0.995,59746.04,1192.343401,100,0.95593664,0.019077494,100,71.74,2.333852756,100,0.956533333,0.031118037,100,25,0,100,103.8732701,2.102291027,100,95.59264,1.907977809,100,119.2343401,0.001907749,0.233385276,0.003111804,0,0.210229103,0.190797781
random_walk,250,25,75,0,200,1,59783.05,1177.971415,100,0.9565288,0.018847543,100,71.76,2.331687731,100,0.9568,0.03108917,100,25,0,100,104.3295851,2.083289472,100,95.651984,1.884878495,100,117.7971415,0.001884754,0.233168773,0.003108917,0,0.208328947,0.188487849
random_walk,300,30,90,0,0,0,0,0,100,0,0,100,0,0,100,0,0,100,30,0,100,0,0,100,0,0,100,0,0,0,0,0,0,0
random_walk,300,30,90,0,1,0.005,3629.88,143.6005458,100,0.040332,0.001595562,100,3.34,1.990989805,100,0.037111111,0.022122109,100,30,0,100,12.39245795,0.498690253,100,3.992644444,0.158504576,100,14.36005458,0.000159556,0.199098981,0.002212211,0,0.049869025,0.015850458
random_walk,300,30,90,0,2,0.01,6110.79,255.9972891,100,0.067897667,0.002844414,100,5.49,2.660959803,100,0.061,0.02956622,100,30,0,100,14.72311264,0.609051911,100,6.753811111,0.284367679,100,25.59972891,0.000284441,0.26609598,0.002956622,0,0.060905191,0.028436768
random_walk,300,30,90,0,3,0.015,8331.95,378.955539,100,0.092577222,0.004210617,100,7.77,3.031334673,100,0.086333333,0.033681496,100,30,0,100,16.20271151,0.729369584,100,9.2252,0.4200665,100,37.8955539,0.000421062,0.303133467,0.00336815,0,0.072936958,0.04200665
random_walk,300,30,90,0,4,0.02,10384.25,483.7979454,100,0.115380556,0.005375533,100,9.77,3.225075365,100,0.108555556,0.035834171,100,30,0,100,17.3347585,0.801781223,100,11.50831111,0.536940929,100,48.37979454,0.000537553,0.322507537,0.003583417,0,0.080178122,0.053694093
random_walk,300,30,90,0,5,0.025,12245.72,556.3791869,100,0.136063556,0.006181991,100,11.66,3.207377859,100,0.129555556,0.035637532,100,30,0,100,18.37227662,0.830445047,100,13.57788889,0.616953695,100,55.63791869,0.000618199,0.320737786,0.003563753,0,0.083044505,0.06169537
random_walk,300,30,90,0,6,0.03,14038.11,599.0188931,100,0.155979,0.006655765,100,13.48,3.421500645,100,0.149777778,0.038016674,100,30,0,100,19.22650024,0.815338664,100,15.57041111,0.664914901,100,59.90188931,0.000665577,0.342150065,0.003801667,0,0.081533866,0.06649149
random_walk,300,30,90,0,7,0.035,15733.75,637.3198359,100,0.174819444,0.007081332,100,15.07,3.613261209,100,0.167444444,0.040147347,100,30,0,100,20.00919509,0.797950587,100,17.45591111,0.706813612,100,63.73198359,0.000708133,0.361326121,0.004014735,0,0.079795059,0.070681361
random_walk,300,30,90,0,8,0.04,17336.63,702.7256409,100,0.192629222,0.007808063,100,16.61,3.892222237,100,0.184555556,0.043246914,100,30,0,100,20.75394524,0.836185167,100,19.23885556,0.779392527,100,70.27256409,0.000780806,0.389222224,0.004324691,0,0.083618517,0.077939253
random_walk,300,30,90,0,9,0.045,18865.03,776.403655,100,0.209611444,0.008626707,100,18.17,4.005186032,100,0.201888889,0.044502067,100,30,0,100,21.45794325,0.890005545,100,20.93715556,0.861006979,100,77.6403655,0.000862671,0.400518603,0.004450207,0,0.089000555,0.086100698
random_walk,300,30,90,0,10,0.05,20349.7,853.2150901,100,0.226107778,0.009480168,100,19.77,4.104333753,100,0.219666667,0.045603708,100,30,0,100,22.10375512,0.939470992,100,22.58798889,0.947219146,100,85.32150901,0.000948017,0.410433375,0.004560371,0,0.093947099,0.094721915
random_walk,300,30,90,0,11,0.055,21787.08,902.5261705,100,0.242078667,0.010028069,100,21.1,4.31698548,100,0.234444444,0.047966505,100,30,0,100,22.70905761,0.954223634,100,24.18637778,1.002525575,100,90.25261705,0.001002807,0.431698548,0.004796651,0,0.095422363,0.100252558
random_walk,300,30,90,0,12,0.06,23178.93,954.0828719,100,0.257543667,0.010600921,100,22.49,4.361204078,100,0.249888889,0.048457823,100,30,0,100,23.28599572,0.973794905,100,25.7327,1.058513515,100,95.40828719,0.001060092,0.436120408,0.004845782,0,0.097379491,0.105851351
random_walk,300,30,90,0,13,0.065,24518.07,1012.120599,100,0.272423,0.011245784,100,23.85,4.504487101,100,0.265,0.050049857,100,30,0,100,23.8489968,0.998493849,100,27.22154444,1.123769543,100,101.2120599,0.001124578,0.45044871,0.005004986,0,0.099849385,0.112376954
random_walk,300,30,90,0,14,0.07,25842.77,1062.951426,100,0.287141889,0.011810571,100,25.01,4.43242187,100,0.277888889,0.049249132,100,30,0,100,24.36656758,1.013502103,100,28.69383333,1.180767782,100,106.2951426,0.001181057,0.443242187,0.004924913,0,0.10135021,0.118076778
random_walk,300,30,90,0,15,0.075,27131.58,1121.826678,100,0.301462,0.012464741,100,26.14,4.523831397,100,0.290444444,0.050264793,100,30,0,100,24.86748694,1.033371299,100,30.12662222,1.24509658,100,112.1826678,0.001246474,0.45238314,0.005026479,0,0.10333713,0.124509658
random_walk,300,30,90,0,16,0.08,28360.15,1176.886016,100,0.315112778,0.013076511,100,27.48,4.613287791,100,0.305333333,0.051258753,100,30,0,100,25.37683442,1.058034218,100,31.49195556,1.306637263,100,117.6886016,0.001307651,0.461328779,0.005125875,0,0.105803422,0.130663726
random_walk,300,30,90,0,17,0.085,29560.2,1235.263739,100,0.328446667,0.013725153,100,28.62,4.739219558,100,0.318,0.052657995,100,30,0,100,25.86892143,1.0854513,100,32.82568889,1.371388904,100,123.5263739,0.001372515,0.473921956,0.0052658,0,0.10854513,0.13713889
random_walk,300,30,90,0,18,0.09,30712.17,1267.036573,100,0.341246333,0.014078184,100,29.78,4.82120736,100,0.330888889,0.053568971,100,30,0,100,26.36227737,1.090905206,100,34.10606667,1.406536266,100,126.7036573,0.001407818,0.482120736,0.005356897,0,0.109090521,0.140653627
random_walk,300,30,90,0,19,0.095,31830.24,1298.059804,100,0.353669333,0.014422887,100,30.8,4.892789995,100,0.342222222,0.054364333,100,30,0,100,26.84871338,1.097200822,100,35.34931111,1.441534735,100,129.8059804,0.001442289,0.489279,0.005436433,0,0.109720082,0.144153473
random_walk,300,30,90,0,20,0.1,32907.63,1356.691413,100,0.365640333,0.015074349,100,31.97,5.040151914,100,0.355222222,0.056001688,100,30,0,100,27.33709419,1.129599007,100,36.54668889,1.506924583,100,135.6691413,0.001507435,0.504015191,0.005600169,0,0.112959901,0.150692458
random_walk,300,30,90,0,21,0.105,33982.2,1406.655716,100,0.37758,0.015629508,100,33.16,5.112314307,100,0.368444444,0.056803492,100,30,0,100,27.79672824,1.154397084,100,37.74033333,1.562264309,100,140.6655716,0.001562951,0.511231431,0.005680349,0,0.115439708,0.156226431
random_walk,300,30,90,0,22,0.11,35019.38,1448.071659,100,0.389104222,0.016089685,100,34.06,5.155795014,100,0.378444444,0.057286611,100,30,0,100,28.25845837,1.178019447,100,38.89374444,1.608272755,100,144.8071659,0.001608969,0.515579501,0.005728661,0,0.117801945,0.160827276
random_walk,300,30,90,0,23,0.115,36058.71,1487.938309,100,0.400652333,0.016532648,100,35.04,5.000848413,100,0.389333333,0.055564982,100,30,0,100,28.69137174,1.194567049,100,40.0498,1.652642753,100,148.7938309,0.001653265,0.500084841,0.005556498,0,0.119456705,0.165264275
random_walk,300,30,90,0,24,0.12,37039.6,1524.719911,100,0.411551111,0.016941332,100,35.86,5.02924779,100,0.398444444,0.055880531,100,30,0,100,29.14554288,1.209789019,100,41.13941111,1.694124898,100,152.4719911,0.001694133,0.502924779,0.005588053,0,0.120978902,0.16941249
random_walk,300,30,90,0,25,0.125,38007.46,1577.408022,100,0.422305111,0.017526756,100,36.91,5.059434631,100,0.410111111,0.05621594,100,30,0,100,29.58766133,1.240291139,100,42.21588889,1.752119088,100,157.7408022,0.001752676,0.505943463,0.005621594,0,0.124029114,0.175211909
random_walk,300,30,90,0,26,0.13,38949.2,1627.815994,100,0.432768889,0.018086844,100,37.96,5.17554467,100,0.421777778,0.057506052,100,30,0,100,30.02766396,1.268823217,100,43.26211111,1.808385764,100,162.7815994,0.001808684,0.517554467,0.005750605,0,0.126882322,0.180838576
random_walk,300,30,90,0,27,0.135,39883.4,1671.037632,100,0.443148889,0.018567085,100,38.94,5.147952422,100,0.432666667,0.057199471,100,30,0,100,30.45209618,1.288826676,100,44.30054444,1.856145685,100,167.1037632,0.001856708,0.514795242,0.005719947,0,0.128882668,0.185614569
random_walk,300,30,90,0,28,0.14,40817.01,1709.264332,100,0.453522333,0.018991826,100,39.89,5.165728165,100,0.443222222,0.05739698,100,30,0,100,30.85703296,1.299737109,100,45.33803333,1.899200716,100,170.9264332,0.001899183,0.516572817,0.005739698,0,0.129973711,0.189920072
random_walk,300,30,90,0,29,0.145,41698,1755.416489,100,0.463311111,0.019504628,100,40.66,5.213076022,100,0.451777778,0.057923067,100,30,0,100,31.28451789,1.326545576,100,46.31828889,1.950321459,100,175.5416489,0.001950463,0.521307602,0.005792307,0,0.132654558,0.195032146
random_walk,300,30,90,0,30,0.15,42545.42,1781.908528,100,0.472726889,0.019798984,100,41.71,5.162598594,100,0.463444444,0.057362207,100,30,0,100,31.71821829,1.338441117,100,47.25927778,1.979712911,100,178.1908528,0.001979898,0.516259859,0.005736221,0,0.133844112,0.197971291
random_walk,300,30,90,0,31,0.155,43394.37,1789.570292,100,0.482159667,0.019884114,100,42.51,5.282895977,100,0.472333333,0.058698844,100,30,0,100,32.13261539,1.333133417,100,48.20305556,1.988194264,100,178.9570292,0.001988411,0.528289598,0.005869884,0,0.133313342,0.198819426
random_walk,300,30,90,0,32,0.16,44214.73,1791.023757,100,0.491274778,0.019900264,100,43.41,5.262973389,100,0.482333333,0.058477482,100,30,0,100,32.55177634,1.327016237,100,49.1146,1.990011571,100,179.1023757,0.001990026,0.526297339,0.005847748,0,0.132701624,0.199001157
random_walk,300,30,90,0,33,0.165,45029.51,1789.033916,100,0.500327889,0.019878155,100,44.23,5.185167268,100,0.491444444,0.05761297,100,30,0,100,32.95953061,1.317963954,100,50.01991111,1.98773845,100,178.9033916,0.001987815,0.518516727,0.005761297,0,0.131796395,0.198773845
random_walk,300,30,90,0,34,0.17,45823.06,1795.583295,100,0.509145111,0.019950926,100,45.05,5.190074054,100,0.500555556,0.057667489,100,30,0,100,33.36891999,1.315938318,100,50.90192222,1.995111221,100,179.5583295,0.001995093,0.519007405,0.005766749,0,0.131593832,0.199511122
random_walk,300,30,90,0,35,0.175,46620.67,1801.726843,100,0.518007444,0.020019187,100,45.92,5.287072093,100,0.510222222,0.058745245,100,30,0,100,33.76120577,1.31012867,100,51.78871111,2.002099613,100,180.1726843,0.002001919,0.528707209,0.005874525,0,0.131012867,0.200209961
random_walk,300,30,90,0,36,0.18,47392.2,1812.595243,100,0.52658,0.020139947,100,46.65,5.392428287,100,0.518333333,0.05991587,100,30,0,100,34.15959701,1.310215971,100,52.64565556,2.014127285,100,181.2595243,0.002013995,0.539242829,0.005991587,0,0.131021597,0.201412728
random_walk,300,30,90,0,37,0.185,48152.82,1843.167653,100,0.535031333,0.020479641,100,47.32,5.4751597,100,0.525777778,0.060835108,100,30,0,100,34.55393585,1.323383909,100,53.49161111,2.047294331,100,184.3167653,0.002047964,0.54751597,0.006083511,0,0.132338391,0.204729433
random_walk,300,30,90,0,38,0.19,48893.88,1897.919123,100,0.543265333,0.02108799,100,48.19,5.598872542,100,0.535444444,0.062209695,100,30,0,100,34.95153134,1.355366144,100,54.31521111,2.108615772,100,189.7919123,0.002108799,0.559887254,0.006220969,0,0.135536614,0.210861577
random_walk,300,30,90,0,39,0.195,49641.74,1940.379806,100,0.551574889,0.021559776,100,48.85,5.618107449,100,0.542777778,0.062423416,100,30,0,100,35.33169916,1.37875377,100,55.14661111,2.15564503,100,194.0379806,0.002155978,0.561810745,0.006242342,0,0.137875377,0.215564503
random_walk,300,30,90,0,40,0.2,50361.96,1984.14793,100,0.559577333,0.022046088,100,49.65,5.563907863,100,0.551666667,0.061821198,100,30,0,100,35.72053325,1.406987721,100,55.94667778,2.204393851,100,198.414793,0.002204609,0.556390786,0.00618212,0,0.140698772,0.220439385
random_walk,300,30,90,0,41,0.205,51093.05,2008.998214,100,0.567700556,0.022322202,100,50.39,5.584782716,100,0.559888889,0.062053141,100,30,0,100,36.08952894,1.420579469,100,56.75994444,2.232649623,100,200.8998214,0.00223222,0.558478272,0.006205314,0,0.142057947,0.223264962
random_walk,300,30,90,0,42,0.21,51771.09,2041.501389,100,0.575234333,0.022683349,100,51.05,5.815991538,100,0.567222222,0.064622128,100,30,0,100,36.4861202,1.441461766,100,57.51313333,2.26833926,100,204.1501389,0.002268335,0.581599154,0.006462213,0,0.144146177,0.226833926
random_walk,300,30,90,0,43,0.215,52450.67,2086.344791,100,0.582785222,0.023181609,100,51.76,5.705074828,100,0.575111111,0.06338972,100,30,0,100,36.87202949,1.470857356,100,58.26892222,2.31818504,100,208.6344791,0.002318161,0.570507483,0.006338972,0,0.147085736,0.231818504
random_walk,300,30,90,0,44,0.22,53093.66,2119.531677,100,0.589929556,0.023550352,100,52.45,5.709065978,100,0.582777778,0.063434066,100,30,0,100,37.27307347,1.492053466,100,58.9831,2.354610786,100,211.9531677,0.002355035,0.570906598,0.006343407,0,0.149205347,0.235461079
random_walk,300,30,90,0,45,0.225,53705.09,2143.848079,100,0.596723222,0.023820534,100,53.02,5.754190392,100,0.589111111,0.063935449,100,30,0,100,37.68622723,1.507146403,100,59.66342222,2.381781805,100,214.3848079,0.002382053,0.575419039,0.006393545,0,0.15071464,0.23817818
random_walk,300,30,90,0,46,0.23,54306.88,2185.886628,100,0.603409778,0.024287629,100,53.67,5.717340273,100,0.596333333,0.063526003,100,30,0,100,38.09791548,1.535581404,100,60.33168889,2.42845012,100,218.5886628,0.002428763,0.571734027,0.0063526,0,0.15355814,0.242845012
random_walk,300,30,90,0,47,0.235,54872.79,2217.523745,100,0.609697667,0.024639153,100,54.28,5.660567127,100,0.603111111,0.06289519,100,30,0,100,38.52517966,1.559055947,100,60.96044444,2.463609029,100,221.7523745,0.002463915,0.566056713,0.006289519,0,0.155905595,0.246360903
random_walk,300,30,90,0,48,0.24,55449.12,2239.31406,100,0.616101333,0.024881267,100,54.88,5.723035149,100,0.609777778,0.063589279,100,30,0,100,38.93598427,1.573438739,100,61.60067778,2.487745899,100,223.931406,0.002488127,0.572303515,0.006358928,0,0.157343874,0.24877459
random_walk,300,30,90,0,49,0.245,56023.42,2269.899794,100,0.622482444,0.025221109,100,55.41,5.740332233,100,0.615666667,0.063781469,100,30,0,100,39.34019045,1.595020276,100,62.23902222,2.521772721,100,226.9899794,0.002522111,0.574033223,0.006378147,0,0.159502028,0.252177272
random_walk,300,30,90,0,50,0.25,56590.08,2305.257832,100,0.628778667,0.025613976,100,56.05,5.746101006,100,0.622777778,0.063845567,100,30,0,100,39.74186733,1.621430251,100,62.86897778,2.560750678,100,230.5257832,0.002561398,0.574610101,0.006384557,0,0.162143025,0.256075068
random_walk,300,30,90,0,51,0.255,57132.16,2339.909766,100,0.634801778,0.025998997,100,56.64,5.695151225,100,0.629333333,0.063279458,100,30,0,100,40.15269159,1.647941242,100,63.47167778,2.599709498,100,233.9909766,0.0025999,0.569515122,0.006327946,0,0.164794124,0.25997095
random_walk,300,30,90,0,52,0.26,57672.19,2374.736386,100,0.640802111,0.02638596,100,57.21,5.682322402,100,0.635666667,0.063136916,100,30,0,100,40.55732674,1.675012499,100,64.07172222,2.638192169,100,237.4736386,0.002638596,0.56823224,0.006313692,0,0.16750125,0.263819217
random_walk,300,30,90,0,53,0.265,58204.86,2391.048732,100,0.646720667,0.026567208,100,57.77,5.633333333,100,0.641888889,0.062592593,100,30,0,100,40.95851019,1.685776648,100,64.664,2.656358551,100,239.1048732,0.002656721,0.563333333,0.006259259,0,0.168577665,0.265635855
random_walk,300,30,90,0,54,0.27,58734.1,2403.970724,100,0.652601111,0.026710786,100,58.29,5.52916053,100,0.647666667,0.061435117,100,30,0,100,41.35464409,1.696150477,100,65.25171111,2.670817292,100,240.3970724,0.002671079,0.552916053,0.006143512,0,0.169615048,0.267081729
random_walk,300,30,90,0,55,0.275,59261.12,2418.73033,100,0.658456889,0.026874781,100,58.89,5.473342192,100,0.654333333,0.060814913,100,30,0,100,41.74567169,1.707205251,100,65.83735556,2.686922057,100,241.873033,0.002687478,0.547334219,0.006081491,0,0.170720525,0.268692206
random_walk,300,30,90,0,56,0.28,59783.26,2419.12731,100,0.664258444,0.026879192,100,59.53,5.545869334,100,0.661444444,0.06162077,100,30,0,100,42.13223973,1.707353946,100,66.41787778,2.687665628,100,241.912731,0.002687919,0.554586933,0.006162077,0,0.170735395,0.268766563
random_walk,300,30,90,0,57,0.285,60283.68,2410.746424,100,0.669818667,0.026786071,100,60.18,5.58565985,100,0.668666667,0.062062887,100,30,0,100,42.52690291,1.700951408,100,66.97418889,2.677934853,100,241.0746424,0.002678607,0.558565985,0.006206289,0,0.170095141,0.267793485
random_walk,300,30,90,0,58,0.29,60789.05,2422.48697,100,0.675433889,0.026916522,100,60.78,5.513216444,100,0.675333333,0.06125796,100,30,0,100,42.91275986,1.708920414,100,67.53595556,2.691476343,100,242.248697,0.002691652,0.551321644,0.006125796,0,0.170892041,0.269147634
random_walk,300,30,90,0,59,0.295,61277.17,2419.35319,100,0.680857444,0.026881702,100,61.28,5.455198614,100,0.680888889,0.060613318,100,30,0,100,43.3035489,1.705924947,100,68.0785,2.687596142,100,241.935319,0.00268817,0.545519861,0.006061332,0,0.170592495,0.268759614
random_walk,300,30,90,0,60,0.3,61761.14,2426.600569,100,0.686234889,0.026962229,100,61.83,5.484698642,100,0.687,0.060941096,100,30,0,100,43.69174415,1.712936242,100,68.616,2.69607727,100,242.6600569,0.002696223,0.548469864,0.00609411,0,0.171293624,0.269607727
random_walk,300,30,90,0,61,0.305,62221.7,2401.830192,100,0.691352222,0.026687002,100,62.29,5.405375177,100,0.692111111,0.060059724,100,30,0,100,44.08878714,1.697513734,100,69.12771111,2.668688323,100,240.1830192,0.0026687,0.540537518,0.006005972,0,0.169751373,0.266868832
random_walk,300,30,90,0,62,0.31,62689.89,2401.137533,100,0.696554333,0.026679306,100,62.75,5.521994589,100,0.697222222,0.061355495,100,30,0,100,44.47596419,1.701415728,100,69.64852222,2.667225171,100,240.1137533,0.002667931,0.552199459,0.00613555,0,0.170141573,0.266722517
random_walk,300,30,90,0,63,0.315,63129.8,2397.366122,100,0.701442222,0.026637401,100,63.13,5.600604224,100,0.701444444,0.062228936,100,30,0,100,44.87732578,1.702283705,100,70.13772222,2.663121958,100,239.7366122,0.00266374,0.560060422,0.006222894,0,0.17022837,0.266312196
random_walk,300,30,90,0,64,0.32,63556.35,2372.887481,100,0.706181667,0.026365416,100,63.58,5.615958502,100,0.706444444,0.062399539,100,30,0,100,45.28169101,1.689041317,100,70.61154444,2.636393723,100,237.2887481,0.002636542,0.56159585,0.006239954,0,0.168904132,0.263639372
random_walk,300,30,90,0,65,0.325,63995.19,2364.801035,100,0.711057667,0.026275567,100,63.89,5.61544587,100,0.709888889,0.062393843,100,30,0,100,45.6726456,1.685985761,100,71.09933333,2.627511387,100,236.4801035,0.002627557,0.561544587,0.006239384,0,0.168598576,0.262751139
random_walk,300,30,90,0,66,0.33,64405.82,2345.501606,100,0.715620222,0.026061129,100,64.26,5.622142372,100,0.714,0.062468249,100,30,0,100,46.07807682,1.677680059,100,71.55543333,2.605582709,100,234.5501606,0.002606113,0.562214237,0.006246825,0,0.167768006,0.260558271
random_walk,300,30,90,0,67,0.335,64829.21,2334.635612,100,0.720324556,0.025940396,100,64.77,5.544776412,100,0.719666667,0.061608627,100,30,0,100,46.46946603,1.674665329,100,72.02634444,2.593938426,100,233.4635612,0.00259404,0.554477641,0.006160863,0,0.167466533,0.259393843
random_walk,300,30,90,0,68,0.34,65232.32,2317.884441,100,0.724803556,0.025754272,100,65.1,5.547772326,100,0.723333333,0.061641915,100,30,0,100,46.87001581,1.666810593,100,72.47438889,2.575267763,100,231.7884441,0.002575427,0.554777233,0.006164191,0,0.166681059,0.257526776
random_walk,300,30,90,0,69,0.345,65624.27,2315.885296,100,0.729158556,0.025732059,100,65.61,5.553950273,100,0.729,0.061710559,100,30,0,100,47.27439463,1.670686369,100,72.90994444,2.573093103,100,231.5885296,0.002573206,0.555395027,0.006171056,0,0.167068637,0.25730931
random_walk,300,30,90,0,70,0.35,65999.49,2316.92171,100,0.733327667,0.025743575,100,66.02,5.475344185,100,0.733555556,0.060837158,100,30,0,100,47.68647905,1.67850847,100,73.32692222,2.574074466,100,231.692171,0.002574357,0.547534418,0.006083716,0,0.167850847,0.257407447
random_walk,300,30,90,0,71,0.355,66380.99,2310.054455,100,0.737566556,0.025667272,100,66.48,5.549556357,100,0.738666667,0.061661737,100,30,0,100,48.08879555,1.677510759,100,73.75074444,2.566711239,100,231.0054455,0.002566727,0.554955636,0.006166174,0,0.167751076,0.256671124
random_walk,300,30,90,0,72,0.36,66780.84,2296.466265,100,0.742009333,0.025516292,100,66.91,5.497648717,100,0.743444444,0.061084986,100,30,0,100,48.47280574,1.670539203,100,74.19517778,2.551317431,100,229.6466265,0.002551629,0.549764872,0.006108499,0,0.16705392,0.255131743
random_walk,300,30,90,0,73,0.365,67159.5,2288.604438,100,0.746216667,0.025428938,100,67.31,5.472973081,100,0.747888889,0.060810812,100,30,0,100,48.86778979,1.669389484,100,74.61575556,2.542498795,100,228.8604438,0.002542894,0.547297308,0.006081081,0,0.166938948,0.254249879
random_walk,300,30,90,0,74,0.37,67519.87,2275.890234,100,0.750220778,0.025287669,100,67.71,5.472234784,100,0.752333333,0.060802609,100,30,0,100,49.27142269,1.664899168,100,75.01634444,2.528485296,100,227.5890234,0.002528767,0.547223478,0.006080261,0,0.166489917,0.25284853
random_walk,300,30,90,0,75,0.375,67865.86,2274.189593,100,0.754065111,0.025268773,100,68.08,5.400486323,100,0.756444444,0.060005404,100,30,0,100,49.6822202,1.668064116,100,75.40124444,2.526407718,100,227.4189593,0.002526877,0.540048632,0.00600054,0,0.166806412,0.252640772
random_walk,300,30,90,0,76,0.38,68217.3,2272.880416,100,0.75797,0.025254227,100,68.41,5.470019297,100,0.760111111,0.060777992,100,30,0,100,50.08491566,1.673314294,100,75.7918,2.52495539,100,227.2880416,0.002525423,0.54700193,0.006077799,0,0.167331429,0.252495539
random_walk,300,30,90,0,77,0.385,68532.67,2271.223908,100,0.761474111,0.025235821,100,68.71,5.451892452,100,0.763444444,0.060576583,100,30,0,100,50.50993802,1.678605922,100,76.14251111,2.523455834,100,227.1223908,0.002523582,0.545189245,0.006057658,0,0.167860592,0.252345583
random_walk,300,30,90,0,78,0.39,68856.9,2254.028965,100,0.765076667,0.025044766,100,69.05,5.488969655,100,0.767222222,0.060988552,100,30,0,100,50.92382053,1.670940188,100,76.50276667,2.503880677,100,225.4028965,0.002504477,0.548896966,0.006098855,0,0.167094019,0.250388068
random_walk,300,30,90,0,79,0.395,69176.74,2228.962089,100,0.768630444,0.024766245,100,69.37,5.353475224,100,0.770777778,0.059483058,100,30,0,100,51.33664291,1.657701567,100,76.858,2.476778915,100,222.8962089,0.002476625,0.535347522,0.005948306,0,0.165770157,0.247677892
random_walk,300,30,90,0,80,0.4,69495.74,2218.920707,100,0.772174889,0.024654675,100,69.75,5.31317212,100,0.775,0.059035246,100,30,0,100,51.74675123,1.654784996,100,77.2127,2.465026468,100,221.8920707,0.002465467,0.531317212,0.005903525,0,0.1654785,0.246502647
random_walk,300,30,90,0,81,0.405,69815.03,2208.675857,100,0.775722556,0.024540843,100,70.06,5.314018054,100,0.778444444,0.059044645,100,30,0,100,52.15295008,1.65208202,100,77.56752222,2.453890965,100,220.8675857,0.002454084,0.531401805,0.005904465,0,0.165208202,0.245389096
random_walk,300,30,90,0,82,0.41,70135.61,2214.166382,100,0.779284556,0.024601849,100,70.38,5.334810402,100,0.782,0.059275671,100,30,0,100,52.55520826,1.66171172,100,77.92346667,2.459763428,100,221.4166382,0.002460185,0.53348104,0.005927567,0,0.166171172,0.245976343
random_walk,300,30,90,0,83,0.415,70435.1,2227.399124,100,0.782612222,0.024748879,100,70.76,5.226428566,100,0.786222222,0.058071429,100,30,0,100,52.97018291,1.678831839,100,78.25675556,2.474220452,100,222.7399124,0.002474888,0.522642857,0.005807143,0,0.167883184,0.247422045
random_walk,300,30,90,0,84,0.42,70746.42,2230.250836,100,0.786071333,0.024780565,100,71.01,5.107916217,100,0.789,0.056754625,100,30,0,100,53.3721532,1.686809377,100,78.60283333,2.477889875,100,223.0250836,0.002478056,0.510791622,0.005675462,0,0.168680938,0.247788987
random_walk,300,30,90,0,85,0.425,71054.99,2240.89393,100,0.789499889,0.024898821,100,71.29,5.029800084,100,0.792111111,0.055886668,100,30,0,100,53.77293849,1.700563293,100,78.9455,2.489536854,100,224.089393,0.002489882,0.502980008,0.005588667,0,0.170056329,0.248953685
random_walk,300,30,90,0,86,0.43,71359.39,2240.384603,100,0.792882111,0.024893162,100,71.61,4.984612687,100,0.795666667,0.055384585,100,30,0,100,54.17291861,1.707277279,100,79.28371111,2.489047049,100,224.0384603,0.002489316,0.498461269,0.005538459,0,0.170727728,0.248904705
random_walk,300,30,90,0,87,0.435,71657.61,2234.66258,100,0.796195667,0.024829584,100,71.93,4.928283656,100,0.799222222,0.054758707,100,30,0,100,54.57406415,1.708891103,100,79.61528889,2.482753793,100,223.466258,0.002482958,0.492828366,0.005475871,0,0.17088911,0.248275379
random_walk,300,30,90,0,88,0.44,71928.93,2233.791031,100,0.799210333,0.0248199,100,72.21,4.85193911,100,0.802333333,0.053910435,100,30,0,100,54.99274411,1.715322531,100,79.91703333,2.48162656,100,223.3791031,0.00248199,0.485193911,0.005391043,0,0.171532253,0.248162656
random_walk,300,30,90,0,89,0.445,72209.38,2227.398831,100,0.802326444,0.024748876,100,72.48,4.820997843,100,0.805333333,0.053566643,100,30,0,100,55.40085684,1.718139298,100,80.22842222,2.474493403,100,222.7398831,0.002474888,0.482099784,0.005356664,0,0.17181393,0.24744934
random_walk,300,30,90,0,90,0.45,72487.86,2219.485999,100,0.805420667,0.024660956,100,72.75,4.691223269,100,0.808333333,0.052124703,100,30,0,100,55.80732406,1.717971201,100,80.5376,2.465748187,100,221.9485999,0.002466096,0.469122327,0.00521247,0,0.17179712,0.246574819
random_walk,300,30,90,0,91,0.455,72769.23,2215.017139,100,0.808547,0.024611302,100,73.02,4.572601761,100,0.811333333,0.050806686,100,30,0,100,56.20871333,1.720047191,100,80.85072222,2.460995332,100,221.5017139,0.00246113,0.457260176,0.005080669,0,0.172004719,0.246099533
random_walk,300,30,90,0,92,0.46,73053.48,2215.467288,100,0.811705333,0.024616303,100,73.43,4.56657819,100,0.815888889,0.050739758,100,30,0,100,56.60509488,1.727008454,100,81.16623333,2.461418558,100,221.5467288,0.00246163,0.456657819,0.005073976,0,0.172700845,0.246141856
random_walk,300,30,90,0,93,0.465,73317.97,2219.056904,100,0.814644111,0.024656188,100,73.66,4.535427324,100,0.818444444,0.050393637,100,30,0,100,57.01382624,1.736739295,100,81.46066667,2.465087957,100,221.9056904,0.002465619,0.453542732,0.005039364,0,0.17367393,0.246508796
random_walk,300,30,90,0,94,0.47,73557.99,2219.221851,100,0.817311,0.024658021,100,73.91,4.532921104,100,0.821222222,0.05036579,100,30,0,100,57.43846952,1.744697182,100,81.72737778,2.465433775,100,221.9221851,0.002465802,0.45329211,0.005036579,0,0.174469718,0.246543378
random_walk,300,30,90,0,95,0.475,73797.85,2235.369169,100,0.819976111,0.024837435,100,74.08,4.518603521,100,0.823111111,0.050206706,100,30,0,100,57.86126917,1.765913745,100,81.99386667,2.48308696,100,223.5369169,0.002483744,0.451860352,0.005020671,0,0.176591375,0.248308696
random_walk,300,30,90,0,96,0.48,74039.19,2245.893027,100,0.822657667,0.024954367,100,74.35,4.461677449,100,0.826111111,0.049574194,100,30,0,100,58.28000221,1.782084991,100,82.26192222,2.495383041,100,224.5893027,0.002495437,0.446167745,0.004957419,0,0.178208499,0.249538304
random_walk,300,30,90,0,97,0.485,74280.51,2249.05134,100,0.825339,0.024989459,100,74.58,4.429424114,100,0.828666667,0.049215823,100,30,0,100,58.69552555,1.791411697,100,82.53037778,2.498709327,100,224.905134,0.002498946,0.442942411,0.004921582,0,0.17914117,0.249870933
random_walk,300,30,90,0,98,0.49,74519.25,2259.156987,100,0.827991667,0.025101744,100,74.83,4.512731709,100,0.831444444,0.050141463,100,30,0,100,59.11060158,1.804579337,100,82.79554444,2.509875303,100,225.9156987,0.002510174,0.451273171,0.005014146,0,0.180457934,0.25098753
random_walk,300,30,90,0,99,0.495,74762.2,2260.485163,100,0.830691111,0.025116502,100,75.1,4.500280575,100,0.834444444,0.050003117,100,30,0,100,59.51938946,1.811477499,100,83.06533333,2.511501365,100,226.0485163,0.00251165,0.450028057,0.005000312,0,0.18114775,0.251150137
random_walk,300,30,90,0,100,0.5,75000.53,2248.919029,100,0.833339222,0.024987989,100,75.28,4.463273247,100,0.836444444,0.049591925,100,30,0,100,59.92867073,1.80943835,100,83.33096667,2.498642518,100,224.8919029,0.002498799,0.446327325,0.004959192,0,0.180943835,0.249864252
random_walk,300,30,90,0,101,0.505,75234.93,2236.054449,100,0.835943667,0.024845049,100,75.56,4.459288343,100,0.839555556,0.049547648,100,30,0,100,60.3384728,1.80525635,100,83.59132222,2.484334114,100,223.6054449,0.002484505,0.445928834,0.004954765,0,0.180525635,0.248433411
random_walk,300,30,90,0,102,0.51,75461.69,2214.934291,100,0.838463222,0.024610381,100,75.81,4.380154972,100,0.842333333,0.048668389,100,30,0,100,60.75145728,1.794263473,100,83.84305556,2.461123023,100,221.4934291,0.002461038,0.438015497,0.004866839,0,0.179426347,0.246112302
random_walk,300,30,90,0,103,0.515,75683.22,2181.066057,100,0.840924667,0.024234067,100,76.04,4.292158695,100,0.844888889,0.047690652,100,30,0,100,61.16545101,1.77322717,100,84.08917778,2.423302967,100,218.1066057,0.002423407,0.429215869,0.004769065,0,0.177322717,0.242330297
random_walk,300,30,90,0,104,0.52,75911.44,2161.435519,100,0.843460444,0.02401595,100,76.26,4.244116546,100,0.847333333,0.047156851,100,30,0,100,61.5723925,1.763716859,100,84.34301111,2.401830512,100,216.1435519,0.002401595,0.424411655,0.004715685,0,0.176371686,0.240183051
random_walk,300,30,90,0,105,0.525,76125.8,2152.671702,100,0.845842222,0.023918574,100,76.49,4.20796503,100,0.849888889,0.046755167,100,30,0,100,61.98862213,1.763167788,100,84.58096667,2.39184477,100,215.2671702,0.002391857,0.420796503,0.004675517,0,0.176316779,0.239184477
random_walk,300,30,90,0,106,0.53,76321.74,2137.859983,100,0.848019333,0.023754,100,76.69,4.179543738,100,0.852111111,0.046439375,100,30,0,100,62.41740824,1.75925543,100,84.79871111,2.375224122,100,213.7859983,0.0023754,0.417954374,0.004643937,0,0.175925543,0.237522412
random_walk,300,30,90,0,107,0.535,76515.78,2127.210468,100,0.850175333,0.023635672,100,76.9,4.191140246,100,0.854444444,0.046568225,100,30,0,100,62.84565562,1.758630489,100,85.01466667,2.36312736,100,212.7210468,0.002363567,0.419114025,0.004656822,0,0.175863049,0.236312736
random_walk,300,30,90,0,108,0.54,76714.46,2123.937883,100,0.852382889,0.02359931,100,77.11,4.155791869,100,0.856777778,0.046175465,100,30,0,100,63.26828306,1.763445708,100,85.2351,2.359791556,100,212.3937883,0.002359931,0.415579187,0.004617547,0,0.176344571,0.235979156
random_walk,300,30,90,0,109,0.545,76914.72,2099.378571,100,0.854608,0.023326429,100,77.35,4.142353306,100,0.859444444,0.046026148,100,30,0,100,63.68645132,1.751008461,100,85.4578,2.332706607,100,209.9378571,0.002332643,0.414235331,0.004602615,0,0.175100846,0.233270661
random_walk,300,30,90,0,110,0.55,77107.29,2078.891645,100,0.856747667,0.023098796,100,77.51,4.068839459,100,0.861222222,0.045209327,100,30,0,100,64.10890131,1.740815456,100,85.67188889,2.309800314,100,207.8891645,0.00230988,0.406883946,0.004520933,0,0.174081546,0.230980031
random_walk,300,30,90,0,111,0.555,77304.11,2077.856514,100,0.858934556,0.023087295,100,77.7,4.036450086,100,0.863333333,0.044849445,100,30,0,100,64.52671201,1.747051863,100,85.89063333,2.308537246,100,207.7856514,0.002308729,0.403645009,0.004484945,0,0.174705186,0.230853725
random_walk,300,30,90,0,112,0.56,77486.37,2064.160037,100,0.860959667,0.022935112,100,77.85,4.036137267,100,0.865,0.04484597,100,30,0,100,64.95400611,1.742884639,100,86.09303333,2.293311332,100,206.4160037,0.002293511,0.403613727,0.004484597,0,0.174288464,0.229331133
random_walk,300,30,90,0,113,0.565,77672.2,2042.891603,100,0.863024444,0.022698796,100,78.05,3.98069838,100,0.867222222,0.044229982,100,30,0,100,65.37589832,1.731602944,100,86.29956667,2.270124109,100,204.2891603,0.00226988,0.398069838,0.004422998,0,0.173160294,0.227012411
random_walk,300,30,90,0,114,0.57,77871.8,2032.570647,100,0.865242222,0.022584118,100,78.24,3.992720649,100,0.869333333,0.044363563,100,30,0,100,65.7845289,1.728376458,100,86.52123333,2.258394546,100,203.2570647,0.002258412,0.399272065,0.004436356,0,0.172837646,0.225839455
random_walk,300,30,90,0,115,0.575,78071.65,2022.1115,100,0.867462778,0.022467906,100,78.44,3.960206096,100,0.871555556,0.04400229,100,30,0,100,66.19095959,1.726211812,100,86.7433,2.246736584,100,202.21115,0.002246791,0.39602061,0.004400229,0,0.172621181,0.224673658
random_walk,300,30,90,0,116,0.58,78253.27,2007.578515,100,0.869480778,0.022306428,100,78.66,3.924077451,100,0.874,0.043600861,100,30,0,100,66.61060466,1.721252511,100,86.94545556,2.230885543,100,200.7578515,0.002230643,0.392407745,0.004360086,0,0.172125251,0.223088554
random_walk,300,30,90,0,117,0.585,78439.59,2002.202772,100,0.871551,0.022246697,100,78.83,3.903003247,100,0.875888889,0.043366703,100,30,0,100,67.0248252,1.722977137,100,87.1527,2.22485086,100,200.2202772,0.00222467,0.390300325,0.00433667,0,0.172297714,0.222485086
random_walk,300,30,90,0,118,0.59,78622.09,1972.372535,100,0.873578778,0.02191525,100,79,3.876893477,100,0.877777778,0.043076594,100,30,0,100,67.43934406,1.704554668,100,87.35542222,2.191588281,100,197.2372535,0.002191525,0.387689348,0.004307659,0,0.170455467,0.219158828
random_walk,300,30,90,0,119,0.595,78787.22,1958.644339,100,0.875413556,0.021762715,100,79.18,3.880487317,100,0.879777778,0.043116526,100,30,0,100,67.86761663,1.700472342,100,87.53883333,2.176021804,100,195.8644339,0.002176271,0.388048732,0.004311653,0,0.170047234,0.21760218
random_walk,300,30,90,0,120,0.6,78960.31,1945.088223,100,0.877336778,0.021612091,100,79.36,3.878248068,100,0.881777778,0.043091645,100,30,0,100,68.2871196,1.696424738,100,87.73123333,2.161186381,100,194.5088223,0.002161209,0.387824807,0.004309165,0,0.169642474,0.216118638
random_walk,300,30,90,0,121,0.605,79120.69,1925.180273,100,0.879118778,0.021390892,100,79.45,3.867437227,100,0.882777778,0.042971525,100,30,0,100,68.71560409,1.686020289,100,87.90945556,2.139232558,100,192.5180273,0.002139089,0.386743723,0.004297152,0,0.168602029,0.213923256
random_walk,300,30,90,0,122,0.61,79281.34,1912.297958,100,0.880903778,0.021247755,100,79.69,3.823624068,100,0.885444444,0.042484712,100,30,0,100,69.14244085,1.682277089,100,88.08815556,2.124916132,100,191.2297958,0.002124776,0.382362407,0.004248471,0,0.168227709,0.212491613
random_walk,300,30,90,0,123,0.615,79441.89,1919.857712,100,0.882687667,0.021331752,100,79.87,3.770311993,100,0.887444444,0.041892355,100,30,0,100,69.56836583,1.697068347,100,88.26654444,2.132978616,100,191.9857712,0.002133175,0.377031199,0.004189236,0,0.169706835,0.213297862
random_walk,300,30,90,0,124,0.62,79592.56,1917.533571,100,0.884361778,0.021305929,100,80.03,3.71851768,100,0.889222222,0.041316863,100,30,0,100,70.00096081,1.702905045,100,88.43406667,2.130762429,100,191.7533571,0.002130593,0.371851768,0.004131686,0,0.170290505,0.213076243
random_walk,300,30,90,0,125,0.625,79742.44,1906.125577,100,0.886027111,0.021179173,100,80.25,3.682815677,100,0.891666667,0.040920174,100,30,0,100,70.43213016,1.70006543,100,88.60026667,2.118128223,100,190.6125577,0.002117917,0.368281568,0.004092017,0,0.170006543,0.211812822
random_walk,300,30,90,0,126,0.63,79896.11,1893.846366,100,0.887734556,0.021042737,100,80.36,3.641844355,100,0.892888889,0.040464937,100,30,0,100,70.85821126,1.696909231,100,88.77091111,2.104296055,100,189.3846366,0.002104274,0.364184435,0.004046494,0,0.169690923,0.210429606
random_walk,300,30,90,0,127,0.635,80039.26,1891.882957,100,0.889325111,0.021020922,100,80.51,3.652852766,100,0.894555556,0.040587253,100,30,0,100,71.29258603,1.703659992,100,88.9304,2.102299779,100,189.1882957,0.002102092,0.365285277,0.004058725,0,0.170365999,0.210229978
random_walk,300,30,90,0,128,0.64,80191.68,1877.661811,100,0.891018667,0.020862909,100,80.58,3.657509226,100,0.895333333,0.040638991,100,30,0,100,71.71661702,1.698671374,100,89.09976667,2.086336319,100,187.7661811,0.002086291,0.365750923,0.004063899,0,0.169867137,0.208633632
random_walk,300,30,90,0,129,0.645,80339.21,1858.265773,100,0.892657889,0.020647397,100,80.72,3.676515698,100,0.896888889,0.040850174,100,30,0,100,72.14326777,1.688011492,100,89.26361111,2.0650479,100,185.8265773,0.00206474,0.36765157,0.004085017,0,0.168801149,0.20650479
random_walk,300,30,90,0,130,0.65,80486.46,1846.478491,100,0.894294,0.020516428,100,80.93,3.610464589,100,0.899222222,0.040116273,100,30,0,100,72.56890548,1.684599908,100,89.42701111,2.0518851,100,184.6478491,0.002051643,0.361046459,0.004011627,0,0.168459991,0.20518851
random_walk,300,30,90,0,131,0.655,80635.05,1836.069591,100,0.895945,0.020400773,100,81.11,3.612254675,100,0.901222222,0.040136163,100,30,0,100,72.99178438,1.68182254,100,89.59237778,2.040287202,100,183.6069591,0.002040077,0.361225468,0.004013616,0,0.168182254,0.20402872
random_walk,300,30,90,0,132,0.66,80779.65,1825.866781,100,0.897551667,0.020287409,100,81.25,3.619182898,100,0.902777778,0.040213143,100,30,0,100,73.41674266,1.679348854,100,89.75345556,2.028755365,100,182.5866781,0.002028741,0.36191829,0.004021314,0,0.167934885,0.202875537
random_walk,300,30,90,0,133,0.665,80913.11,1813.562557,100,0.899034556,0.020150695,100,81.32,3.628952043,100,0.903555556,0.040321689,100,30,0,100,73.85032667,1.674936024,100,89.90138889,2.015013238,100,181.3562557,0.00201507,0.362895204,0.004032169,0,0.167493602,0.201501324
random_walk,300,30,90,0,134,0.67,81047.67,1802.374837,100,0.900529667,0.020026387,100,81.45,3.577073461,100,0.905,0.039745261,100,30,0,100,74.28149593,1.671634241,100,90.05106667,2.00253523,100,180.2374837,0.002002639,0.357707346,0.003974526,0,0.167163424,0.200253523
random_walk,300,30,90,0,135,0.675,81172.13,1790.772147,100,0.901912556,0.019897468,100,81.6,3.578837913,100,0.906666667,0.039764866,100,30,0,100,74.7204783,1.667866415,100,90.18924444,1.989828493,100,179.0772147,0.001989747,0.357883791,0.003976487,0,0.166786642,0.198982849
random_walk,300,30,90,0,136,0.68,81299.92,1767.856041,100,0.903332444,0.019642845,100,81.76,3.458615359,100,0.908444444,0.03842906,100,30,0,100,75.15477427,1.653072669,100,90.33154444,1.964511561,100,176.7856041,0.001964284,0.345861536,0.003842906,0,0.165307267,0.196451156
random_walk,300,30,90,0,137,0.685,81429.45,1754.699453,100,0.904771667,0.019496661,100,81.89,3.440386988,100,0.909888889,0.038226522,100,30,0,100,75.58639279,1.647920768,100,90.47545556,1.949797225,100,175.4699453,0.001949666,0.344038699,0.003822652,0,0.164792077,0.194979722
random_walk,300,30,90,0,138,0.69,81553.43,1749.057624,100,0.906149222,0.019433974,100,82.03,3.442030761,100,0.911444444,0.038244786,100,30,0,100,76.02217867,1.650202534,100,90.61298889,1.943443428,100,174.9057624,0.001943397,0.344203076,0.003824479,0,0.165020253,0.194344343
random_walk,300,30,90,0,139,0.695,81678.32,1735.260717,100,0.907536889,0.019280675,100,82.13,3.448480854,100,0.912555556,0.038316454,100,30,0,100,76.45537873,1.644590138,100,90.75197778,1.928285699,100,173.5260717,0.001928067,0.344848085,0.003831645,0,0.164459014,0.19282857
random_walk,300,30,90,0,140,0.7,81797.12,1727.942785,100,0.908856889,0.019199364,100,82.2,3.414171299,100,0.913333333,0.037935237,100,30,0,100,76.89329335,1.645278155,100,90.88396667,1.919849435,100,172.7942785,0.001919936,0.34141713,0.003793524,0,0.164527815,0.191984944
random_walk,300,30,90,0,141,0.705,81911.06,1715.168089,100,0.910122889,0.019057423,100,82.27,3.413742281,100,0.914111111,0.03793047,100,30,0,100,77.3343044,1.640655945,100,91.01048889,1.905846004,100,171.5168089,0.001905742,0.341374228,0.003793047,0,0.164065594,0.1905846
random_walk,300,30,90,0,142,0.71,82013.95,1702.382866,100,0.911266111,0.018915365,100,82.39,3.360179769,100,0.915444444,0.037335331,100,30,0,100,77.78448023,1.635560904,100,91.12493333,1.891659296,100,170.2382866,0.001891537,0.336017977,0.003733533,0,0.16355609,0.18916593
random_walk,300,30,90,0,143,0.715,82125.79,1692.603853,100,0.912508778,0.018806709,100,82.51,3.325733761,100,0.916777778,0.036952597,100,30,0,100,78.22508109,1.633241318,100,91.24891111,1.88090189,100,169.2603853,0.001880671,0.332573376,0.00369526,0,0.163324132,0.188090189
random_walk,300,30,90,0,144,0.72,82239.89,1677.435235,100,0.913776556,0.018638169,100,82.61,3.308681571,100,0.917888889,0.036763129,100,30,0,100,78.66220737,1.625900526,100,91.37568889,1.863738613,100,167.7435235,0.001863817,0.330868157,0.003676313,0,0.162590053,0.186373861
random_walk,300,30,90,0,145,0.725,82354.9,1680.20147,100,0.915054444,0.018668905,100,82.72,3.250734183,100,0.919111111,0.036119269,100,30,0,100,79.09794457,1.636065585,100,91.50354444,1.866840618,100,168.020147,0.001866891,0.325073418,0.003611927,0,0.163606558,0.186684062
random_walk,300,30,90,0,146,0.73,82467.53,1676.529294,100,0.916305889,0.018628103,100,82.82,3.239216765,100,0.920222222,0.035991297,100,30,0,100,79.53453962,1.639957022,100,91.62892222,1.862790806,100,167.6529294,0.00186281,0.323921677,0.00359913,0,0.163995702,0.186279081
random_walk,300,30,90,0,147,0.735,82578.03,1681.264432,100,0.917533667,0.018680716,100,82.92,3.199368625,100,0.921333333,0.03554854,100,30,0,100,79.97227636,1.652481057,100,91.75175556,1.868065454,100,168.1264432,0.001868072,0.319936862,0.003554854,0,0.165248106,0.186806545
random_walk,300,30,90,0,148,0.74,82684.08,1684.029305,100,0.918712,0.018711437,100,83.03,3.141301924,100,0.922555556,0.034903355,100,30,0,100,80.41303112,1.663514501,100,91.86945556,1.871319994,100,168.4029305,0.001871144,0.314130192,0.003490335,0,0.16635145,0.187131999
random_walk,300,30,90,0,149,0.745,82792.61,1678.248611,100,0.919917889,0.018647207,100,83.14,3.149539007,100,0.923777778,0.034994878,100,30,0,100,80.84992507,1.666034642,100,91.99016667,1.864794204,100,167.8248611,0.001864721,0.314953901,0.003499488,0,0.166603464,0.18647942
random_walk,300,30,90,0,150,0.75,82893.48,1681.933582,100,0.921038667,0.018688151,100,83.27,3.139372002,100,0.925222222,0.034881911,100,30,0,100,81.29358545,1.677577502,100,92.10224444,1.869160865,100,168.1933582,0.001868815,0.3139372,0.003488191,0,0.16775775,0.186916086
random_walk,300,30,90,0,151,0.755,83001.85,1678.107089,100,0.922242778,0.018645634,100,83.37,3.063816198,100,0.926333333,0.034042402,100,30,0,100,81.7286278,1.681979166,100,92.22266667,1.864717015,100,167.8107089,0.001864563,0.30638162,0.00340424,0,0.168197917,0.186471702
random_walk,300,30,90,0,152,0.76,83111.58,1672.083876,100,0.923462,0.01857871,100,83.46,3.049821985,100,0.927333333,0.033886911,100,30,0,100,82.16095299,1.683021335,100,92.34466667,1.858006332,100,167.2083876,0.001857871,0.304982199,0.003388691,0,0.168302133,0.185800633
random_walk,300,30,90,0,153,0.765,83221.16,1673.856979,100,0.924679556,0.018598411,100,83.52,3.036744669,100,0.928,0.033741607,100,30,0,100,82.59254826,1.692008274,100,92.46621111,1.860056204,100,167.3856979,0.001859841,0.303674467,0.003374161,0,0.169200827,0.18600562
random_walk,300,30,90,0,154,0.77,83319.04,1666.445512,100,0.925767111,0.018516061,100,83.58,3.005651243,100,0.928666667,0.033396125,100,30,0,100,83.03435265,1.691465354,100,92.57531111,1.851881061,100,166.6445512,0.001851606,0.300565124,0.003339612,0,0.169146535,0.185188106
random_walk,300,30,90,0,155,0.775,83410.24,1665.021916,100,0.926780444,0.018500244,100,83.69,3.007381491,100,0.929888889,0.03341535,100,30,0,100,83.48203579,1.697056377,100,92.67646667,1.850080354,100,166.5021916,0.001850024,0.300738149,0.003341535,0,0.169705638,0.185008035
random_walk,300,30,90,0,156,0.78,83503.1,1663.568281,100,0.927812222,0.018484092,100,83.78,3.076729209,100,0.930888889,0.03418588,100,30,0,100,83.92710682,1.701984074,100,92.78008889,1.84844286,100,166.3568281,0.001848409,0.307672921,0.003418588,0,0.170198407,0.184844286
random_walk,300,30,90,0,157,0.785,83597.09,1661.856532,100,0.928856556,0.018465073,100,83.78,3.076729209,100,0.930888889,0.03418588,100,30,0,100,84.37009344,1.707106708,100,92.88411111,1.846669418,100,166.1856532,0.001846507,0.307672921,0.003418588,0,0.170710671,0.184666942
random_walk,300,30,90,0,158,0.79,83689.28,1661.923785,100,0.929880889,0.01846582,100,83.85,3.137827209,100,0.931666667,0.034864747,100,30,0,100,84.81390644,1.71482161,100,92.98672222,1.846752078,100,166.1923785,0.001846582,0.313782721,0.003486475,0,0.171482161,0.184675208
random_walk,300,30,90,0,159,0.795,83787.69,1658.090704,100,0.930974333,0.01842323,100,83.94,3.126362329,100,0.932666667,0.034737359,100,30,0,100,85.25023333,1.717745963,100,93.09616667,1.842560864,100,165.8090704,0.001842323,0.312636233,0.003473736,0,0.171774596,0.184256086
random_walk,300,30,90,0,160,0.8,83880.79,1648.975006,100,0.932008778,0.018321945,100,84.04,3.087675076,100,0.933777778,0.034307501,100,30,0,100,85.69056804,1.714388523,100,93.19946667,1.832598155,100,164.8975006,0.001832194,0.308767508,0.00343075,0,0.171438852,0.183259816
random_walk,300,30,90,0,161,0.805,83976.37,1635.377531,100,0.933070778,0.018170861,100,84.16,3.064030487,100,0.935111111,0.034044783,100,30,0,100,86.12728633,1.705994333,100,93.30568889,1.817177033,100,163.5377531,0.001817086,0.306403049,0.003404478,0,0.170599433,0.181717703
random_walk,300,30,90,0,162,0.81,84070.07,1629.154104,100,0.934111889,0.018101712,100,84.24,3.075218642,100,0.936,0.034169096,100,30,0,100,86.56538204,1.705812019,100,93.40994444,1.810483923,100,162.9154104,0.001810171,0.307521864,0.00341691,0,0.170581202,0.181048392
random_walk,300,30,90,0,163,0.815,84147.03,1617.681677,100,0.934967,0.017974241,100,84.29,3.049407957,100,0.936555556,0.033882311,100,30,0,100,87.01947532,1.700247835,100,93.49551111,1.79771937,100,161.7681677,0.001797424,0.304940796,0.003388231,0,0.170024783,0.179771937
random_walk,300,30,90,0,164,0.82,84228.2,1611.545453,100,0.935868889,0.017906061,100,84.36,3.066666667,100,0.937333333,0.034074074,100,30,0,100,87.46872097,1.700128398,100,93.5855,1.79087992,100,161.1545453,0.001790606,0.306666667,0.003407407,0,0.17001284,0.179087992
random_walk,300,30,90,0,165,0.825,84313.93,1602.10017,100,0.936821444,0.017801113,100,84.42,3.088525522,100,0.938,0.03431695,100,30,0,100,87.91215119,1.695879723,100,93.68086667,1.780173411,100,160.210017,0.001780111,0.308852552,0.003431695,0,0.169587972,0.178017341
random_walk,300,30,90,0,166,0.83,84388.79,1595.438006,100,0.937653222,0.017727089,100,84.53,3.086153501,100,0.939222222,0.034290594,100,30,0,100,88.36600473,1.694864468,100,93.76415556,1.773176767,100,159.5438006,0.001772709,0.30861535,0.003429059,0,0.169486447,0.177317677
random_walk,300,30,90,0,167,0.835,84465.95,1591.462477,100,0.938510556,0.017682916,100,84.62,3.06422828,100,0.940222222,0.034046981,100,30,0,100,88.81677783,1.696649966,100,93.85002222,1.76858206,100,159.1462477,0.001768292,0.306422828,0.003404698,0,0.169664997,0.176858206
random_walk,300,30,90,0,168,0.84,84537.76,1578.717726,100,0.939308444,0.017541308,100,84.7,3.056703182,100,0.941111111,0.033963369,100,30,0,100,89.27224794,1.689365399,100,93.92957778,1.754417116,100,157.8717726,0.001754131,0.305670318,0.003396337,0,0.16893654,0.175441712
random_walk,300,30,90,0,169,0.845,84609.52,1577.077136,100,0.940105778,0.017523079,100,84.78,3.017055893,100,0.942,0.033522843,100,30,0,100,89.72738656,1.694444461,100,94.00945556,1.752471979,100,157.7077136,0.001752308,0.301705589,0.003352284,0,0.169444446,0.175247198
random_walk,300,30,90,0,170,0.85,84688.56,1571.005901,100,0.940984,0.017455621,100,84.84,2.994000735,100,0.942666667,0.033266675,100,30,0,100,90.1737312,1.694536954,100,94.09732222,1.745859492,100,157.1005901,0.001745562,0.299400074,0.003326667,0,0.169453695,0.174585949
random_walk,300,30,90,0,171,0.855,84766.34,1570.417362,100,0.941848222,0.017449082,100,84.93,2.968708865,100,0.943666667,0.032985654,100,30,0,100,90.62100021,1.701145856,100,94.1837,1.745014455,100,157.0417362,0.001744908,0.296870886,0.003298565,0,0.170114586,0.174501445
random_walk,300,30,90,0,172,0.86,84840.98,1567.605206,100,0.942677556,0.017417836,100,85.04,2.877709527,100,0.944888889,0.03197455,100,30,0,100,91.07057891,1.704769482,100,94.26664444,1.742009366,100,156.7605206,0.001741784,0.287770953,0.003197455,0,0.170476948,0.174200937
random_walk,300,30,90,0,173,0.865,84911.1,1559.340339,100,0.943456667,0.017326004,100,85.1,2.815900021,100,0.945555556,0.031287778,100,30,0,100,91.52400792,1.70143872,100,94.34458889,1.732698196,100,155.9340339,0.0017326,0.281590002,0.003128778,0,0.170143872,0.17326982
random_walk,300,30,90,0,174,0.87,84980.69,1551.076919,100,0.944229889,0.017234188,100,85.17,2.759940711,100,0.946333333,0.030666008,100,30,0,100,91.9774268,1.698978063,100,94.42202222,1.723656796,100,155.1076919,0.001723419,0.275994071,0.003066601,0,0.169897806,0.17236568
random_walk,300,30,90,0,175,0.875,85050.59,1548.32714,100,0.945006556,0.017203635,100,85.23,2.770169378,100,0.947,0.03077966,100,30,0,100,92.42999466,1.702820171,100,94.4995,1.720674736,100,154.832714,0.001720363,0.277016938,0.003077966,0,0.170282017,0.172067474
random_walk,300,30,90,0,176,0.88,85124.1,1544.883883,100,0.945823333,0.017165376,100,85.27,2.770169378,100,0.947444444,0.03077966,100,30,0,100,92.87773752,1.705741378,100,94.58137778,1.716827248,100,154.4883883,0.001716538,0.277016938,0.003077966,0,0.170574138,0.171682725
random_walk,300,30,90,0,177,0.885,85192.14,1535.975635,100,0.946579333,0.017066396,100,85.36,2.757981988,100,0.948444444,0.030644244,100,30,0,100,93.33051087,1.702601183,100,94.65692222,1.706861923,100,153.5975635,0.00170664,0.275798199,0.003064424,0,0.170260118,0.170686192
random_walk,300,30,90,0,178,0.89,85249.85,1526.855112,100,0.947220556,0.016965057,100,85.42,2.712410684,100,0.949111111,0.030137896,100,30,0,100,93.79388875,1.700308233,100,94.72111111,1.696844287,100,152.6855112,0.001696506,0.271241068,0.00301379,0,0.170030823,0.169684429
random_walk,300,30,90,0,179,0.895,85313.11,1518.514026,100,0.947923444,0.016872378,100,85.56,2.641242438,100,0.950666667,0.029347138,100,30,0,100,94.2504338,1.697912192,100,94.7914,1.687550068,100,151.8514026,0.001687238,0.264124244,0.002934714,0,0.169791219,0.168755007
random_walk,300,30,90,0,180,0.9,85378.11,1506.80305,100,0.948645667,0.016742256,100,85.61,2.616555682,100,0.951222222,0.029072841,100,30,0,100,94.70433246,1.691309091,100,94.86345556,1.674534746,100,150.680305,0.001674226,0.261655568,0.002907284,0,0.169130909,0.167453475
random_walk,300,30,90,0,181,0.905,85438.86,1498.964983,100,0.949320667,0.016655166,100,85.68,2.553982827,100,0.952,0.028377587,100,30,0,100,95.16242423,1.689618811,100,94.93102222,1.665623247,100,149.8964983,0.001665517,0.255398283,0.002837759,0,0.168961881,0.166562325
random_walk,300,30,90,0,182,0.91,85492.18,1486.618231,100,0.949913111,0.01651798,100,85.71,2.547706435,100,0.952333333,0.028307849,100,30,0,100,95.62800893,1.682211734,100,94.9905,1.651904216,100,148.6618231,0.001651798,0.254770644,0.002830785,0,0.168221173,0.165190422
random_walk,300,30,90,0,183,0.915,85556.18,1473.514567,100,0.950624222,0.016372384,100,85.8,2.482260293,100,0.953333333,0.02758067,100,30,0,100,96.08100285,1.674003851,100,95.0615,1.637477167,100,147.3514567,0.001637238,0.248226029,0.002758067,0,0.167400385,0.163747717
random_walk,300,30,90,0,184,0.92,85618.91,1462.691584,100,0.951321222,0.016252129,100,85.89,2.469592859,100,0.954333333,0.027439921,100,30,0,100,96.53481864,1.667969706,100,95.13117778,1.62539481,100,146.2691584,0.001625213,0.246959286,0.002743992,0,0.166796971,0.162539481
random_walk,300,30,90,0,185,0.925,85674.84,1448.011083,100,0.951942667,0.016089012,100,85.95,2.438640953,100,0.955,0.027096011,100,30,0,100,96.99568667,1.657963389,100,95.19348889,1.609224523,100,144.8011083,0.001608901,0.243864095,0.002709601,0,0.165796339,0.160922452
random_walk,300,30,90,0,186,0.93,85734.19,1435.189226,100,0.952602111,0.015946547,100,85.99,2.384694462,100,0.955444444,0.026496605,100,30,0,100,97.45210396,1.65013851,100,95.25938889,1.594897138,100,143.5189226,0.001594655,0.238469446,0.002649661,0,0.165013851,0.159489714
random_walk,300,30,90,0,187,0.935,85786.81,1428.311652,100,0.953186778,0.015870129,100,86.04,2.365236444,100,0.956,0.026280405,100,30,0,100,97.91568675,1.648709283,100,95.31797778,1.587181076,100,142.8311652,0.001587013,0.236523644,0.00262804,0,0.164870928,0.158718108
random_walk,300,30,90,0,188,0.94,85844.51,1423.480189,100,0.953827889,0.015816447,100,86.08,2.359934942,100,0.956444444,0.026221499,100,30,0,100,98.37296611,1.649529317,100,95.38201111,1.581872878,100,142.3480189,0.001581645,0.235993494,0.00262215,0,0.164952932,0.158187288
random_walk,300,30,90,0,189,0.945,85897.33,1418.006504,100,0.954414778,0.015755628,100,86.12,2.366773365,100,0.956888889,0.026297482,100,30,0,100,98.83525819,1.649774463,100,95.44066667,1.575732072,100,141.8006504,0.001575563,0.236677337,0.002629748,0,0.164977446,0.157573207
random_walk,300,30,90,0,190,0.95,85947.89,1410.194663,100,0.954976556,0.01566883,100,86.18,2.324137724,100,0.957555556,0.025823752,100,30,0,100,99.29951022,1.647667789,100,95.49682222,1.567225156,100,141.0194663,0.001566883,0.232413772,0.002582375,0,0.164766779,0.156722516
random_walk,300,30,90,0,191,0.955,85996.75,1406.129507,100,0.955519444,0.015623661,100,86.25,2.306665791,100,0.958333333,0.02562962,100,30,0,100,99.76537603,1.650370714,100,95.55126667,1.562534705,100,140.6129507,0.001562366,0.230666579,0.002562962,0,0.165037071,0.15625347
random_walk,300,30,90,0,192,0.96,86050.58,1399.529345,100,0.956117556,0.015550326,100,86.29,2.293138646,100,0.958777778,0.025479318,100,30,0,100,100.2248103,1.649981474,100,95.61095556,1.555211803,100,139.9529345,0.001555033,0.229313865,0.002547932,0,0.164998147,0.15552118
random_walk,300,30,90,0,193,0.965,86106.06,1389.061254,100,0.956734,0.015434014,100,86.36,2.302918658,100,0.959555556,0.025587985,100,30,0,100,100.6816215,1.643500361,100,95.67251111,1.543546563,100,138.9061254,0.001543401,0.230291866,0.002558799,0,0.164350036,0.154354656
random_walk,300,30,90,0,194,0.97,86160.23,1379.040003,100,0.957335889,0.015322667,100,86.46,2.23118395,100,0.960666667,0.024790933,100,30,0,100,101.1392658,1.637857948,100,95.73273333,1.532558722,100,137.9040003,0.001532267,0.223118395,0.002479093,0,0.163785795,0.153255872
random_walk,300,30,90,0,195,0.975,86215.72,1368.571858,100,0.957952444,0.015206354,100,86.54,2.166876447,100,0.961555556,0.024076405,100,30,0,100,101.5947751,1.631685586,100,95.79462222,1.52062931,100,136.8571858,0.001520635,0.216687645,0.00240764,0,0.163168559,0.152062931
random_walk,300,30,90,0,196,0.98,86267.46,1360.318296,100,0.958527333,0.015114648,100,86.58,2.170416336,100,0.962,0.024115737,100,30,0,100,102.0542307,1.628319136,100,95.85214444,1.511543332,100,136.0318296,0.001511465,0.217041634,0.002411574,0,0.162831914,0.151154333
random_walk,300,30,90,0,197,0.985,86319.86,1345.355588,100,0.959109556,0.014948395,100,86.62,2.173206912,100,0.962444444,0.024146743,100,30,0,100,102.5120399,1.61645726,100,95.91008889,1.495209482,100,134.5355588,0.00149484,0.217320691,0.002414674,0,0.161645726,0.149520948
random_walk,300,30,90,0,198,0.99,86372.35,1339.411761,100,0.959692778,0.014882353,100,86.66,2.147208665,100,0.962888889,0.023857874,100,30,0,100,102.9696135,1.616010481,100,95.96858889,1.488423708,100,133.9411761,0.001488235,0.214720866,0.002385787,0,0.161601048,0.148842371
random_walk,300,30,90,0,199,0.995,86421.28,1331.100836,100,0.960236444,0.014790009,100,86.69,2.130561646,100,0.963222222,0.023672907,100,30,0,100,103.4307249,1.612513506,100,96.02303333,1.479115458,100,133.1100836,0.001479001,0.213056165,0.002367291,0,0.161251351,0.147911546
random_walk,300,30,90,0,200,1,86468.26,1325.433564,100,0.960758444,0.01472704,100,86.76,2.146738188,100,0.964,0.023852647,100,30,0,100,103.893839,1.61230645,100,96.07507778,1.472880701,100,132.5433564,0.001472704,0.214673819,0.002385265,0,0.161230645,0.14728807
random_walk,350,35,105,0,0,0,0,0,100,0,0,100,0,0,100,0,0,100,35,0,100,0,0,100,0,0,100,0,0,0,0,0,0,0
random_walk,350,35,105,0,1,0.005,4810.07,167.0766627,100,0.039265878,0.001363891,100,3.35,1.844319699,100,0.031904762,0.01756495,100,35,0,100,12.72671062,0.440217464,100,3.89362449,0.135428303,100,16.70766627,0.000136389,0.18443197,0.001756495,0,0.044021746,0.01354283
random_walk,350,35,105,0,2,0.01,8123.76,289.7626029,100,0.066316408,0.002365409,100,6.12,2.551608722,100,0.058285714,0.024301035,100,35,0,100,15.07387207,0.546095983,100,6.603289796,0.235765528,100,28.97626029,0.000236541,0.255160872,0.002430104,0,0.054609598,0.023576553
random_walk,350,35,105,0,3,0.015,11060.66,388.4826536,100,0.090291102,0.003171287,100,8.52,2.698596717,100,0.081142857,0.025700921,100,35,0,100,16.60604485,0.593053386,100,9.002840816,0.316847829,100,38.84826536,0.000317129,0.269859672,0.002570092,0,0.059305339,0.031684783
random_walk,350,35,105,0,4,0.02,13753.19,443.2780484,100,0.112270939,0.003618596,100,11.16,2.891017087,100,0.106285714,0.027533496,100,35,0,100,17.80251616,0.581267445,100,11.20334694,0.361390673,100,44.32780484,0.00036186,0.289101709,0.00275335,0,0.058126744,0.036139067
random_walk,350,35,105,0,5,0.025,16334.23,516.672177,100,0.133340653,0.004217732,100,13.28,3.309246306,100,0.12647619,0.031516631,100,35,0,100,18.73548789,0.596473574,100,13.31129796,0.421593025,100,51.6672177,0.000421773,0.330924631,0.003151663,0,0.059647357,0.042159302
random_walk,350,35,105,0,6,0.03,18771.21,591.1430512,100,0.153234367,0.004825658,100,15.39,3.615049911,100,0.146571429,0.034429047,100,35,0,100,19.56397253,0.61855742,100,15.3022449,0.481943128,100,59.11430512,0.000482566,0.361504991,0.003442905,0,0.061855742,0.048194313
random_walk,350,35,105,0,7,0.035,21082.37,708.9000678,100,0.17210098,0.005786939,100,17.59,4.104924365,100,0.16752381,0.039094518,100,35,0,100,20.32569598,0.689744544,100,17.18903673,0.578540858,100,70.89000678,0.000578694,0.410492436,0.003909452,0,0.068974454,0.057854086
random_walk,350,35,105,0,8,0.04,23307.56,810.9533151,100,0.190265796,0.006620027,100,19.33,4.28069427,100,0.184095238,0.040768517,100,35,0,100,21.01350531,0.741151164,100,19.00568163,0.661568745,100,81.09533151,0.000662003,0.428069427,0.004076852,0,0.074115116,0.066156874
random_walk,350,35,105,0,9,0.045,25458,925.5825466,100,0.207820408,0.007555776,100,21.14,4.378598088,100,0.201333333,0.041700934,100,35,0,100,21.64625721,0.796039195,100,20.76221224,0.755641785,100,92.55825466,0.000755578,0.437859809,0.004170093,0,0.07960392,0.075564178
random_walk,350,35,105,0,10,0.05,27512.62,1008.645775,100,0.224592816,0.008233843,100,22.94,4.527848732,100,0.21847619,0.043122369,100,35,0,100,22.25597546,0.821826786,100,22.44075918,0.822548551,100,100.8645775,0.000823384,0.452784873,0.004312237,0,0.082182679,0.082254855
random_walk,350,35,105,0,11,0.055,29477.41,1145.078596,100,0.240631918,0.00934758,100,24.71,4.691051012,100,0.235333333,0.044676676,100,35,0,100,22.85336654,0.895983978,100,24.0448,0.933555114,100,114.5078596,0.000934758,0.469105101,0.004467668,0,0.089598398,0.093355511
random_walk,350,35,105,0,12,0.06,31362.7,1207.177085,100,0.256022041,0.009854507,100,26.01,4.858596464,100,0.247714286,0.046272347,100,35,0,100,23.43176468,0.913583694,100,25.5846449,0.984537189,100,120.7177085,0.000985451,0.485859646,0.004627235,0,0.091358369,0.098453719
random_walk,350,35,105,0,13,0.065,33178.7,1284.821982,100,0.270846531,0.010488343,100,27.79,5.033814948,100,0.264666667,0.047941095,100,35,0,100,23.99558176,0.940385235,100,27.06856327,1.047927892,100,128.4821982,0.001048834,0.503381495,0.004794109,0,0.094038523,0.104792789
random_walk,350,35,105,0,14,0.07,34914.77,1377.438765,100,0.285018531,0.011244398,100,29.33,5.073311034,100,0.279333333,0.048317248,100,35,0,100,24.5579312,0.981402181,100,28.48573061,1.123578085,100,137.7438765,0.00112444,0.507331103,0.004831725,0,0.098140218,0.112357808
random_walk,350,35,105,0,15,0.075,36630.44,1419.316405,100,0.299024,0.011586256,100,30.98,5.079131398,100,0.295047619,0.04837268,100,35,0,100,25.07801272,0.98304098,100,29.88592653,1.157874586,100,141.9316405,0.001158626,0.50791314,0.004837268,0,0.098304098,0.115787459
random_walk,350,35,105,0,16,0.08,38265.21,1475.762014,100,0.312369061,0.012047037,100,32.47,5.15899724,100,0.309238095,0.049133307,100,35,0,100,25.60693748,0.99641976,100,31.22126531,1.20369312,100,147.5762014,0.001204704,0.515899724,0.004913331,0,0.099641976,0.120369312
random_walk,350,35,105,0,17,0.085,39891.23,1550.735107,100,0.325642694,0.012659062,100,33.83,5.278228583,100,0.322190476,0.050268844,100,35,0,100,26.09913627,1.025869089,100,32.54919184,1.264904439,100,155.0735107,0.001265906,0.527822858,0.005026884,0,0.102586909,0.126490444
random_walk,350,35,105,0,18,0.09,41472.69,1574.379754,100,0.338552571,0.01285208,100,35.28,5.342945883,100,0.336,0.050885199,100,35,0,100,26.57913948,1.025210167,100,33.84109388,1.284338392,100,157.4379754,0.001285208,0.534294588,0.00508852,0,0.102521017,0.128433839
random_walk,350,35,105,0,19,0.095,42991.02,1637.401625,100,0.350947102,0.013366544,100,36.54,5.409344702,100,0.348,0.051517569,100,35,0,100,27.06556191,1.0486582,100,35.08083265,1.335647632,100,163.7401625,0.001336654,0.54093447,0.005151757,0,0.10486582,0.133564763
random_walk,350,35,105,0,20,0.1,44462.88,1742.870895,100,0.362962286,0.014227518,100,38.02,5.512117047,100,0.362095238,0.052496353,100,35,0,100,27.54933588,1.100832055,100,36.28239184,1.422160915,100,174.2870895,0.001422752,0.551211705,0.005249635,0,0.110083206,0.142216092
random_walk,350,35,105,0,21,0.105,45930.6,1840.647619,100,0.374943673,0.015025695,100,39.14,5.517685066,100,0.372761905,0.052549382,100,35,0,100,28.00448054,1.142792696,100,37.48063673,1.501232781,100,184.0647619,0.001502569,0.551768507,0.005254938,0,0.11427927,0.150123278
random_walk,350,35,105,0,22,0.11,47361.44,1936.393781,100,0.386624,0.015807296,100,40.43,5.490588826,100,0.385047619,0.052291322,100,35,0,100,28.4534127,1.183664267,100,38.64924082,1.580160303,100,193.6393781,0.00158073,0.549058883,0.005229132,0,0.118366427,0.15801603
random_walk,350,35,105,0,23,0.115,48768,2034.001842,100,0.398106122,0.016604097,100,41.86,5.586817095,100,0.398666667,0.053207782,100,35,0,100,28.89073972,1.225596834,100,39.79786122,1.66004216,100,203.4001842,0.00166041,0.558681709,0.005320778,0,0.122559683,0.166004216
random_walk,350,35,105,0,24,0.12,50105.64,2098.200164,100,0.409025633,0.017128165,100,43.07,5.4629237,100,0.410190476,0.052027845,100,35,0,100,29.34241143,1.248766579,100,40.88942857,1.712057538,100,209.8200164,0.001712816,0.54629237,0.005202784,0,0.124876658,0.171205754
random_walk,350,35,105,0,25,0.125,51469.56,2174.02334,100,0.420159673,0.017747129,100,44.2,5.572298004,100,0.420952381,0.053069505,100,35,0,100,29.75591246,1.280517247,100,42.00346939,1.773490362,100,217.402334,0.001774713,0.5572298,0.00530695,0,0.128051725,0.177349036
random_walk,350,35,105,0,26,0.13,52784.17,2228.607048,100,0.430891184,0.018192711,100,45.43,5.598078675,100,0.432666667,0.053315035,100,35,0,100,30.17539822,1.299611403,100,43.07692245,1.817609313,100,222.8607048,0.001819271,0.559807867,0.005331503,0,0.12996114,0.181760931
random_walk,350,35,105,0,27,0.135,54091.99,2286.756953,100,0.441567265,0.018667404,100,46.7,5.627314339,100,0.444761905,0.05359347,100,35,0,100,30.57854351,1.32217413,100,44.14493878,1.865687238,100,228.6756953,0.00186674,0.562731434,0.005359347,0,0.132217413,0.186568724
random_walk,350,35,105,0,28,0.14,55367.39,2392.356561,100,0.451978694,0.019529441,100,47.68,5.699335421,100,0.454095238,0.054279385,100,35,0,100,30.98286822,1.368470527,100,45.18622857,1.952076278,100,239.2356561,0.001952944,0.569933542,0.005427938,0,0.136847053,0.195207628
random_walk,350,35,105,0,29,0.145,56593.77,2468.812473,100,0.461989959,0.020153571,100,48.86,5.535961406,100,0.465333333,0.052723442,100,35,0,100,31.39501631,1.399531399,100,46.18773878,2.014793726,100,246.8812473,0.002015357,0.553596141,0.005272344,0,0.13995314,0.201479373
random_walk,350,35,105,0,30,0.15,57781.21,2523.872723,100,0.471683347,0.020603043,100,49.7,5.498392786,100,0.473333333,0.052365646,100,35,0,100,31.81009394,1.4171228,100,47.15668571,2.059680071,100,252.3872723,0.002060304,0.549839279,0.005236565,0,0.14171228,0.205968007
random_walk,350,35,105,0,31,0.155,58938.26,2577.552236,100,0.481128653,0.021041243,100,50.87,5.437718996,100,0.48447619,0.0517878,100,35,0,100,32.22498395,1.436856584,100,48.10208163,2.103411964,100,257.7552236,0.002104124,0.5437719,0.00517878,0,0.143685658,0.210341196
random_walk,350,35,105,0,32,0.16,60065.55,2633.761819,100,0.49033102,0.021500096,100,51.94,5.533771432,100,0.494666667,0.052702585,100,35,0,100,32.64020876,1.457219437,100,49.02249796,2.149506761,100,263.3761819,0.00215001,0.553377143,0.005270259,0,0.145721944,0.214950676
random_walk,350,35,105,0,33,0.165,61144.33,2672.145516,100,0.499137388,0.021813433,100,52.85,5.518334912,100,0.503333333,0.052555571,100,35,0,100,33.06570506,1.467403001,100,49.90345306,2.180989072,100,267.2145516,0.002181343,0.551833491,0.005255557,0,0.1467403,0.218098907
random_walk,350,35,105,0,34,0.17,62215,2749.712055,100,0.507877551,0.022446629,100,53.83,5.685450152,100,0.512666667,0.054147144,100,35,0,100,33.48257553,1.501900864,100,50.77764898,2.244376043,100,274.9712055,0.002244663,0.568545015,0.005414714,0,0.150190086,0.224437604
random_walk,350,35,105,0,35,0.175,63229.59,2789.395446,100,0.516159918,0.022770575,100,54.73,5.709915176,100,0.521238095,0.054380145,100,35,0,100,33.91372825,1.51582079,100,51.60626122,2.276745856,100,278.9395446,0.002277058,0.570991518,0.005438014,0,0.151582079,0.227674586
random_walk,350,35,105,0,36,0.18,64238.9,2827.169733,100,0.524399184,0.023078937,100,55.62,5.856499454,100,0.529714286,0.055776185,100,35,0,100,34.33413276,1.530981828,100,52.43031837,2.307570578,100,282.7169733,0.002307894,0.585649945,0.005577619,0,0.153098183,0.230757058
random_walk,350,35,105,0,37,0.185,65238.44,2889.126065,100,0.532558694,0.023584703,100,56.4,5.754225501,100,0.537142857,0.054802148,100,35,0,100,34.74781524,1.557482142,100,53.24635102,2.358810385,100,288.9126065,0.00235847,0.57542255,0.005480215,0,0.155748214,0.235881039
random_walk,350,35,105,0,38,0.19,66202.79,2933.014219,100,0.540430939,0.023942973,100,57.11,5.748772377,100,0.543904762,0.054750213,100,35,0,100,35.16684689,1.572913015,100,54.03378776,2.393723102,100,293.3014219,0.002394297,0.574877238,0.005475021,0,0.157291301,0.23937231
random_walk,350,35,105,0,39,0.195,67135.09,2947.077111,100,0.548041551,0.024057772,100,57.9,5.852565698,100,0.551428571,0.055738721,100,35,0,100,35.58962307,1.576084154,100,54.79525714,2.405566511,100,294.7077111,0.002405777,0.58525657,0.005573872,0,0.157608415,0.240556651
random_walk,350,35,105,0,40,0.2,68032.42,2956.094185,100,0.555366694,0.024131381,100,58.74,5.788564135,100,0.559428571,0.055129182,100,35,0,100,36.01907359,1.576907129,100,55.52800816,2.413362283,100,295.6094185,0.002413138,0.578856414,0.005512918,0,0.157690713,0.241336228
random_walk,350,35,105,0,41,0.205,68943.21,2947.334369,100,0.562801714,0.024059872,100,59.53,5.637993411,100,0.566952381,0.053695175,100,35,0,100,36.42958854,1.568315398,100,56.27159184,2.406073797,100,294.7334369,0.002405987,0.563799341,0.005369518,0,0.15683154,0.24060738
random_walk,350,35,105,0,42,0.21,69851.28,2998.888791,100,0.570214531,0.024480725,100,60.39,5.658452157,100,0.575142857,0.053890021,100,35,0,100,36.83347209,1.591272327,100,57.01274286,2.447332119,100,299.8888791,0.002448072,0.565845216,0.005389002,0,0.159127233,0.244733212
random_walk,350,35,105,0,43,0.215,70725.18,3048.581241,100,0.577348408,0.024886377,100,61.21,5.807162071,100,0.582952381,0.055306305,100,35,0,100,37.24507725,1.61606851,100,57.72657143,2.488262194,100,304.8581241,0.002488638,0.580716207,0.005530631,0,0.161606851,0.248826219
random_walk,350,35,105,0,44,0.22,71603.4,3063.697769,100,0.584517551,0.025009778,100,61.98,5.849941725,100,0.590285714,0.055713731,100,35,0,100,37.64280154,1.622442581,100,58.44321633,2.501486818,100,306.3697769,0.002500978,0.584994172,0.005571373,0,0.162244258,0.250148682
random_walk,350,35,105,0,45,0.225,72433.95,3049.37383,100,0.591297551,0.024892848,100,62.6,5.841336501,100,0.596190476,0.055631776,100,35,0,100,38.0544471,1.612400018,100,59.12188571,2.489464088,100,304.937383,0.002489285,0.58413365,0.005563178,0,0.161240002,0.248946409
random_walk,350,35,105,0,46,0.23,73258.45,3004.670705,100,0.598028163,0.024527924,100,63.36,5.726987327,100,0.603428571,0.054542736,100,35,0,100,38.45845803,1.583558588,100,59.79506122,2.452757239,100,300.4670705,0.002452792,0.572698733,0.005454274,0,0.158355859,0.245275724
random_walk,350,35,105,0,47,0.235,74061.99,3007.825617,100,0.604587673,0.024553679,100,64.06,5.62250169,100,0.610095238,0.053547635,100,35,0,100,38.86672746,1.583337118,100,60.4508898,2.455111294,100,300.7825617,0.002455368,0.562250169,0.005354764,0,0.158333712,0.245511129
random_walk,350,35,105,0,48,0.24,74828.6,3021.337502,100,0.610845714,0.02466398,100,64.71,5.676987037,100,0.616285714,0.054066543,100,35,0,100,39.28606496,1.588658015,100,61.07699592,2.466917569,100,302.1337502,0.002466398,0.567698704,0.005406654,0,0.158865802,0.246691757
random_walk,350,35,105,0,49,0.245,75634.94,3027.748118,100,0.617428082,0.024716311,100,65.48,5.671976122,100,0.623619048,0.05401882,100,35,0,100,39.67572663,1.588626307,100,61.73521633,2.471323139,100,302.7748118,0.002471631,0.567197612,0.005401882,0,0.158862631,0.247132314
random_walk,350,35,105,0,50,0.25,76414.79,3051.51332,100,0.623794204,0.024910313,100,66.07,5.669794146,100,0.629238095,0.053998039,100,35,0,100,40.0718549,1.599060427,100,62.37223673,2.491116232,100,305.151332,0.002491031,0.566979415,0.005399804,0,0.159906043,0.249111623
random_walk,350,35,105,0,51,0.255,77162.66,3065.037387,100,0.629899265,0.025020713,100,66.76,5.648133687,100,0.635809524,0.053791749,100,35,0,100,40.47644967,1.604578996,100,62.98268571,2.502317373,100,306.5037387,0.002502071,0.564813369,0.005379175,0,0.1604579,0.250231737
random_walk,350,35,105,0,52,0.26,77919.42,3076.067078,100,0.636076898,0.025110752,100,67.38,5.665383099,100,0.641714286,0.05395603,100,35,0,100,40.86842524,1.607123999,100,63.60075918,2.51106573,100,307.6067078,0.002511075,0.56653831,0.005395603,0,0.1607124,0.251106573
random_walk,350,35,105,0,53,0.265,78668.22,3087.637044,100,0.642189551,0.0252052,100,67.92,5.578964822,100,0.646857143,0.053132998,100,35,0,100,41.25704406,1.612303701,100,64.21214694,2.520539789,100,308.7637044,0.00252052,0.557896482,0.0053133,0,0.16123037,0.252053979
random_walk,350,35,105,0,54,0.27,79372.9,3082.148813,100,0.647942041,0.025160398,100,68.49,5.45226299,100,0.652285714,0.051926314,100,35,0,100,41.66089592,1.610353194,100,64.78728163,2.516207599,100,308.2148813,0.00251604,0.545226299,0.005192631,0,0.161035319,0.25162076
random_walk,350,35,105,0,55,0.275,80075.74,3060.969641,100,0.65367951,0.024987507,100,69.13,5.452559403,100,0.658380952,0.051929137,100,35,0,100,42.05793041,1.601056141,100,65.36168163,2.499077864,100,306.0969641,0.002498751,0.54525594,0.005192914,0,0.160105614,0.249907786
random_walk,350,35,105,0,56,0.28,80773.69,3080.582798,100,0.659377061,0.025147615,100,69.7,5.476303406,100,0.663809524,0.052155271,100,35,0,100,42.45228446,1.611329739,100,65.9314449,2.514628954,100,308.0582798,0.002514761,0.547630341,0.005215527,0,0.161132974,0.251462895
random_walk,350,35,105,0,57,0.285,81443.83,3095.675371,100,0.664847592,0.025270819,100,70.15,5.377421935,100,0.668095238,0.051213542,100,35,0,100,42.85438471,1.620336219,100,66.47819592,2.527222513,100,309.5675371,0.002527082,0.537742193,0.005121354,0,0.162033622,0.252722251
random_walk,350,35,105,0,58,0.29,82104.39,3116.125073,100,0.670239918,0.025437756,100,70.72,5.324006997,100,0.67352381,0.050704829,100,35,0,100,43.25527252,1.631172145,100,67.01772245,2.544148185,100,311.6125073,0.002543776,0.5324007,0.005070483,0,0.163117215,0.254414818
random_walk,350,35,105,0,59,0.295,82770.61,3141.03955,100,0.675678449,0.025641139,100,71.37,5.163302913,100,0.679714286,0.049174313,100,35,0,100,43.6469624,1.646753346,100,67.56157551,2.564255306,100,314.103955,0.002564114,0.516330291,0.004917431,0,0.164675335,0.256425531
random_walk,350,35,105,0,60,0.3,83429.8,3170.240749,100,0.681059592,0.025879516,100,71.94,5.010735949,100,0.685142857,0.047721295,100,35,0,100,44.03642454,1.664183535,100,68.10028571,2.588089207,100,317.0240749,0.002587952,0.501073595,0.004772129,0,0.166418354,0.258808921
random_walk,350,35,105,0,61,0.305,84062.14,3185.865533,100,0.686221551,0.026007066,100,72.48,5.161003739,100,0.690285714,0.049152417,100,35,0,100,44.43348981,1.676715713,100,68.61651429,2.601270513,100,318.5865533,0.002600707,0.516100374,0.004915242,0,0.167671571,0.260127051
random_walk,350,35,105,0,62,0.31,84646.34,3197.149574,100,0.690990531,0.02609918,100,72.9,5.168865612,100,0.694285714,0.049227292,100,35,0,100,44.84996649,1.687583915,100,69.09336327,2.610199056,100,319.7149574,0.002609918,0.516886561,0.004922729,0,0.168758391,0.261019906
random_walk,350,35,105,0,63,0.315,85252.64,3193.799968,100,0.695939918,0.026071836,100,73.48,5.143358962,100,0.699809524,0.048984371,100,35,0,100,45.24830898,1.689613528,100,69.58817959,2.607668712,100,319.3799968,0.002607184,0.514335896,0.004898437,0,0.168961353,0.260766871
random_walk,350,35,105,0,64,0.32,85850.22,3183.106699,100,0.700818122,0.025984544,100,74.03,5.014030819,100,0.705047619,0.047752674,100,35,0,100,45.64543075,1.68655005,100,70.07636735,2.598850504,100,318.3106699,0.002598454,0.501403082,0.004775267,0,0.168655005,0.25988505
random_walk,350,35,105,0,65,0.325,86448.38,3183.567216,100,0.705701061,0.025988304,100,74.51,4.827310772,100,0.709619048,0.045974388,100,35,0,100,46.03709574,1.68930121,100,70.56435102,2.598914182,100,318.3567216,0.00259883,0.482731077,0.004597439,0,0.168930121,0.259891418
random_walk,350,35,105,0,66,0.33,87007.64,3192.910747,100,0.710266449,0.026064578,100,74.97,4.802051329,100,0.714,0.045733822,100,35,0,100,46.44450184,1.699307823,100,71.02160816,2.606490331,100,319.2910747,0.002606458,0.480205133,0.004573382,0,0.169930782,0.260649033
random_walk,350,35,105,0,67,0.335,87553.05,3202.39667,100,0.714718776,0.026142014,100,75.44,4.795452391,100,0.71847619,0.045670975,100,35,0,100,46.85416585,1.708898954,100,71.46648163,2.61462738,100,320.239667,0.002614201,0.479545239,0.004567098,0,0.170889895,0.261462738
random_walk,350,35,105,0,68,0.34,88105.02,3213.653379,100,0.719224653,0.026233905,100,75.85,4.623993202,100,0.722380952,0.04403803,100,35,0,100,47.25534125,1.722469826,100,71.91751837,2.623604437,100,321.3653379,0.002623391,0.46239932,0.004403803,0,0.172246983,0.262360444
random_walk,350,35,105,0,69,0.345,88606.52,3240.600597,100,0.723318531,0.026453882,100,76.3,4.493541943,100,0.726666667,0.042795638,100,35,0,100,47.67916636,1.74368021,100,72.32677551,2.645472113,100,324.0600597,0.002645388,0.449354194,0.004279564,0,0.174368021,0.264547211
random_walk,350,35,105,0,70,0.35,89124.56,3249.150482,100,0.727547429,0.026523677,100,76.83,4.47903083,100,0.731714286,0.042657436,100,35,0,100,48.08864809,1.752925807,100,72.74981224,2.652911167,100,324.9150482,0.002652368,0.447903083,0.004265744,0,0.175292581,0.265291117
random_walk,350,35,105,0,71,0.355,89630.21,3249.957965,100,0.731675184,0.026530269,100,77.36,4.486838215,100,0.736761905,0.042731793,100,35,0,100,48.49972113,1.759235076,100,73.16257959,2.653207331,100,324.9957965,0.002653027,0.448683822,0.004273179,0,0.175923508,0.265320733
random_walk,350,35,105,0,72,0.36,90134.43,3241.740315,100,0.735791265,0.026463186,100,77.77,4.403522465,100,0.740666667,0.041938309,100,35,0,100,48.90660908,1.760948128,100,73.57421224,2.646564373,100,324.1740315,0.002646319,0.440352247,0.004193831,0,0.176094813,0.264656437
random_walk,350,35,105,0,73,0.365,90629.62,3264.004208,100,0.739833633,0.026644932,100,78.23,4.46050004,100,0.745047619,0.042480953,100,35,0,100,49.31514953,1.778706025,100,73.97899592,2.664516682,100,326.4004208,0.002664493,0.446050004,0.004248095,0,0.177870603,0.266451668
random_walk,350,35,105,0,74,0.37,91122.25,3272.344229,100,0.743855102,0.026713014,100,78.65,4.434426842,100,0.749047619,0.042232637,100,35,0,100,49.72013489,1.78931338,100,74.38066939,2.671072641,100,327.2344229,0.002671301,0.443442684,0.004223264,0,0.178931338,0.267107264
random_walk,350,35,105,0,75,0.375,91605.21,3283.553087,100,0.747797633,0.026804515,100,79.24,4.470147897,100,0.754666667,0.042572837,100,35,0,100,50.12607802,1.801471456,100,74.77514286,2.680453335,100,328.3553087,0.002680451,0.44701479,0.004257284,0,0.180147146,0.268045334
random_walk,350,35,105,0,76,0.38,92087.11,3287.866109,100,0.75173151,0.026839723,100,79.65,4.454880424,100,0.758571429,0.042427433,100,35,0,100,50.52823978,1.80733789,100,75.16844898,2.683890164,100,328.7866109,0.002683972,0.445488042,0.004242743,0,0.180733789,0.268389016
random_walk,350,35,105,0,77,0.385,92559.33,3291.915242,100,0.755586367,0.026872777,100,79.99,4.457419193,100,0.761809524,0.042451611,100,35,0,100,50.93137341,1.813669217,100,75.5538449,2.687727606,100,329.1915242,0.002687278,0.445741919,0.004245161,0,0.181366922,0.268772761
random_walk,350,35,105,0,78,0.39,93010.59,3284.419513,100,0.759270122,0.026811588,100,80.3,4.493541943,100,0.764761905,0.042795638,100,35,0,100,51.34166559,1.815609103,100,75.92275102,2.681153347,100,328.4419513,0.002681159,0.449354194,0.004279564,0,0.18156091,0.268115335
random_walk,350,35,105,0,79,0.395,93448.22,3281.977993,100,0.762842612,0.026791657,100,80.69,4.549825171,100,0.76847619,0.043331668,100,35,0,100,51.75583114,1.820363724,100,76.2802449,2.679416266,100,328.1977993,0.002679166,0.454982517,0.004333167,0,0.182036372,0.267941627
random_walk,350,35,105,0,80,0.4,93883.61,3264.254873,100,0.766396816,0.026646979,100,81.13,4.607098169,100,0.772666667,0.043877125,100,35,0,100,52.16667216,1.816084654,100,76.63566531,2.664922931,100,326.4254873,0.002664698,0.460709817,0.004387713,0,0.181608465,0.266492293
random_walk,350,35,105,0,81,0.405,94308.47,3263.804078,100,0.769865061,0.026643299,100,81.44,4.606363626,100,0.775619048,0.04387013,100,35,0,100,52.58033432,1.82279841,100,76.98237551,2.664157289,100,326.3804078,0.00266433,0.460636363,0.004387013,0,0.182279841,0.266415729
random_walk,350,35,105,0,82,0.41,94731.28,3268.632112,100,0.773316571,0.026682711,100,81.72,4.669003744,100,0.778285714,0.044466702,100,35,0,100,52.99147045,1.830787796,100,77.32762449,2.668159178,100,326.8632112,0.002668271,0.466900374,0.00444667,0,0.18307878,0.266815918
random_walk,350,35,105,0,83,0.415,95130.09,3258.462143,100,0.776572163,0.026599691,100,82.05,4.643611882,100,0.781428571,0.044224875,100,35,0,100,53.41185647,1.830671671,100,77.6533551,2.660006967,100,325.8462143,0.002659969,0.464361188,0.004422488,0,0.183067167,0.266000697
random_walk,350,35,105,0,84,0.42,95542.4,3241.215095,100,0.779937959,0.026458899,100,82.43,4.573209204,100,0.785047619,0.043554373,100,35,0,100,53.82085487,1.824660951,100,77.98986122,2.645981244,100,324.1215095,0.00264589,0.45732092,0.004355437,0,0.182466095,0.264598124
random_walk,350,35,105,0,85,0.425,95931.19,3236.595592,100,0.783111755,0.026421189,100,82.74,4.609213435,100,0.788,0.043897271,100,35,0,100,54.24013633,1.82790411,100,78.30733061,2.642206765,100,323.6595592,0.002642119,0.460921343,0.004389727,0,0.182790411,0.264220677
random_walk,350,35,105,0,86,0.43,96312.18,3235.136677,100,0.786221878,0.026409279,100,83.08,4.56309305,100,0.791238095,0.043458029,100,35,0,100,54.66059044,1.833404414,100,78.61843265,2.640743798,100,323.5136677,0.002640928,0.456309305,0.004345803,0,0.183340441,0.26407438
random_walk,350,35,105,0,87,0.435,96670.46,3228.588316,100,0.789146612,0.026355823,100,83.43,4.533277629,100,0.794571429,0.043174073,100,35,0,100,55.09036397,1.835329953,100,78.91096327,2.635606377,100,322.8588316,0.002635582,0.453327763,0.004317407,0,0.183532995,0.263560638
random_walk,350,35,105,0,88,0.44,97016.49,3211.922224,100,0.791971347,0.026219773,100,83.67,4.508252814,100,0.796857143,0.042935741,100,35,0,100,55.52375498,1.832773613,100,79.19379592,2.622019683,100,321.1922224,0.002621977,0.450825281,0.004293574,0,0.183277361,0.262201968
random_walk,350,35,105,0,89,0.445,97352.2,3231.730343,100,0.794711837,0.026381472,100,83.91,4.568435844,100,0.799142857,0.043508913,100,35,0,100,55.96144292,1.8527797,100,79.4679102,2.638094695,100,323.1730343,0.002638147,0.456843584,0.004350891,0,0.18527797,0.26380947
random_walk,350,35,105,0,90,0.45,97704.19,3251.724275,100,0.797585224,0.026544688,100,84.31,4.567551341,100,0.802952381,0.043500489,100,35,0,100,56.38665392,1.871601244,100,79.75525714,2.654528716,100,325.1724275,0.002654469,0.456755134,0.004350049,0,0.187160124,0.265452872
random_walk,350,35,105,0,91,0.455,98045.89,3258.043414,100,0.800374612,0.026596273,100,84.6,4.546060566,100,0.805714286,0.043295815,100,35,0,100,56.81431994,1.884613764,100,80.03425306,2.659536399,100,325.8043414,0.002659627,0.454606057,0.004329581,0,0.188461376,0.26595364
random_walk,350,35,105,0,92,0.46,98400.83,3256.346971,100,0.803272082,0.026582424,100,84.9,4.504767396,100,0.808571429,0.042902547,100,35,0,100,57.23104659,1.891433696,100,80.3237551,2.658348626,100,325.6346971,0.002658242,0.45047674,0.004290255,0,0.18914337,0.265834863
random_walk,350,35,105,0,93,0.465,98727.37,3253.251144,100,0.805937714,0.026557152,100,85.14,4.673198891,100,0.810857143,0.044506656,100,35,0,100,57.66122819,1.896656599,100,80.59054694,2.655755721,100,325.3251144,0.002655715,0.467319889,0.004450666,0,0.18966566,0.265575572
random_walk,350,35,105,0,94,0.47,99063.1,3243.796449,100,0.808678367,0.026479971,100,85.33,4.550624333,100,0.812666667,0.043339279,100,35,0,100,58.08294275,1.90024509,100,80.86437551,2.648080718,100,324.3796449,0.002647997,0.455062433,0.004333928,0,0.190024509,0.264808072
random_walk,350,35,105,0,95,0.475,99395.7,3245.993594,100,0.811393469,0.026497907,100,85.59,4.621196225,100,0.815142857,0.044011393,100,35,0,100,58.50417137,1.910212214,100,81.1359102,2.649746534,100,324.5993594,0.002649791,0.462119622,0.004401139,0,0.191021221,0.264974653
random_walk,350,35,105,0,96,0.48,99724.7,3240.400045,100,0.814079184,0.026452245,100,85.97,4.604466431,100,0.818761905,0.043852061,100,35,0,100,58.92447895,1.915618383,100,81.40483265,2.645160376,100,324.0400045,0.002645225,0.460446643,0.004385206,0,0.191561838,0.264516038
random_walk,350,35,105,0,97,0.485,100054.59,3234.712087,100,0.816772163,0.026405813,100,86.26,4.554096835,100,0.82152381,0.043372351,100,35,0,100,59.34132051,1.920157889,100,81.67409796,2.640445114,100,323.4712087,0.002640581,0.455409683,0.004337235,0,0.192015789,0.264044511
random_walk,350,35,105,0,98,0.49,100385.65,3247.429857,100,0.819474694,0.026509631,100,86.53,4.555948493,100,0.824095238,0.043389986,100,35,0,100,59.75545055,1.936323346,100,81.94466122,2.650703857,100,324.7429857,0.002650963,0.455594849,0.004338999,0,0.193632335,0.265070386
random_walk,350,35,105,0,99,0.495,100700.76,3260.4892,100,0.82204702,0.026616238,100,86.8,4.616614703,100,0.826666667,0.043967759,100,35,0,100,60.17634377,1.952982818,100,82.20157551,2.661726456,100,326.04892,0.002661624,0.46166147,0.004396776,0,0.195298282,0.266172646
random_walk,350,35,105,0,100,0.5,101017.52,3257.222041,100,0.824632816,0.026589568,100,87.07,4.588644306,100,0.829238095,0.043701374,100,35,0,100,60.59310154,1.959393163,100,82.46030204,2.658914239,100,325.7222041,0.002658957,0.458864431,0.004370137,0,0.195939316,0.265891424
random_walk,350,35,105,0,101,0.505,101335.26,3251.496751,100,0.827226612,0.026542831,100,87.29,4.621633364,100,0.831333333,0.044015556,100,35,0,100,61.00661774,1.963400806,100,82.7192898,2.654134896,100,325.1496751,0.002654283,0.462163336,0.004401556,0,0.196340081,0.26541349
random_walk,350,35,105,0,102,0.51,101643.82,3246.375235,100,0.829745469,0.026501022,100,87.56,4.606363626,100,0.833904762,0.04387013,100,35,0,100,61.423083,1.968081098,100,82.9716,2.649981012,100,324.6375235,0.002650102,0.460636363,0.004387013,0,0.19680811,0.264998101
random_walk,350,35,105,0,103,0.515,101942.91,3262.359604,100,0.83218702,0.026631507,100,87.92,4.475928886,100,0.837333333,0.042627894,100,35,0,100,61.84360963,1.98533323,100,83.21582857,2.663211111,100,326.2359604,0.002663151,0.447592889,0.004262789,0,0.198533323,0.266321111
random_walk,350,35,105,0,104,0.52,102240.52,3263.949864,100,0.83461649,0.026644489,100,88.08,4.480440094,100,0.838857143,0.042670858,100,35,0,100,62.26206967,1.994969476,100,83.45871837,2.664308561,100,326.3949864,0.002664449,0.448044009,0.004267086,0,0.199496948,0.266430856
random_walk,350,35,105,0,105,0.525,102533.07,3262.691422,100,0.837004653,0.026634216,100,88.32,4.442403572,100,0.841142857,0.042308605,100,35,0,100,62.68093757,2.003156313,100,83.69793469,2.663488236,100,326.2691422,0.002663422,0.444240357,0.004230861,0,0.200315631,0.266348824
random_walk,350,35,105,0,106,0.53,102815.13,3258.327921,100,0.839307184,0.026598595,100,88.62,4.412516632,100,0.844,0.042023968,100,35,0,100,63.10381211,2.009039131,100,83.92823673,2.659808791,100,325.8327921,0.00265986,0.441251663,0.004202397,0,0.200903913,0.265980879
random_walk,350,35,105,0,107,0.535,103087.95,3242.966881,100,0.841534286,0.026473199,100,88.87,4.267933051,100,0.846380952,0.040646981,100,35,0,100,63.52964936,2.008082421,100,84.15083265,2.647409004,100,324.2966881,0.00264732,0.426793305,0.004064698,0,0.200808242,0.2647409
random_walk,350,35,105,0,108,0.54,103359.22,3239.880452,100,0.843748735,0.026448004,100,89.12,4.337480533,100,0.848761905,0.041309338,100,35,0,100,63.95467199,2.015351886,100,84.37247347,2.644958616,100,323.9880452,0.0026448,0.433748053,0.004130934,0,0.201535189,0.264495862
random_walk,350,35,105,0,109,0.545,103622.19,3227.673684,100,0.845895429,0.026348357,100,89.34,4.283442399,100,0.850857143,0.04079469,100,35,0,100,64.38220031,2.016969698,100,84.58682449,2.634768737,100,322.7673684,0.002634836,0.42834424,0.004079469,0,0.20169697,0.263476874
random_walk,350,35,105,0,110,0.55,103900.83,3216.272879,100,0.848170041,0.026255289,100,89.55,4.195656725,100,0.852857143,0.039958635,100,35,0,100,64.79794815,2.018578259,100,84.81447347,2.625749777,100,321.6272879,0.002625529,0.419565672,0.003995864,0,0.201857826,0.262574978
random_walk,350,35,105,0,111,0.555,104162.79,3188.946786,100,0.85030849,0.026032219,100,89.72,4.161099311,100,0.85447619,0.039629517,100,35,0,100,65.22130662,2.009761114,100,85.02853061,2.603364338,100,318.8946786,0.002603222,0.416109931,0.003962952,0,0.200976111,0.260336434
random_walk,350,35,105,0,112,0.56,104433.64,3173.079082,100,0.85251951,0.025902686,100,89.89,4.268501026,100,0.856095238,0.040652391,100,35,0,100,65.63731125,2.007637934,100,85.24941224,2.590287826,100,317.3079082,0.002590269,0.426850103,0.004065239,0,0.200763793,0.259028783
random_walk,350,35,105,0,113,0.565,104692.98,3158.922566,100,0.854636571,0.025787123,100,90.09,4.235718727,100,0.858,0.040340178,100,35,0,100,66.05834652,2.0073361,100,85.46130612,2.578818179,100,315.8922566,0.002578712,0.423571873,0.004034018,0,0.20073361,0.257881818
random_walk,350,35,105,0,114,0.57,104950.97,3135.915665,100,0.856742612,0.025599312,100,90.28,4.17321909,100,0.859809524,0.039744944,100,35,0,100,66.47792475,2.001786775,100,85.67169796,2.560088711,100,313.5915665,0.002559931,0.417321909,0.003974494,0,0.200178677,0.256008871
random_walk,350,35,105,0,115,0.575,105207.97,3117.300767,100,0.858840571,0.025447353,100,90.48,4.130399741,100,0.861714286,0.03933714,100,35,0,100,66.89627879,1.998704052,100,85.88174694,2.545018492,100,311.7300767,0.002544735,0.413039974,0.003933714,0,0.199870405,0.254501849
random_walk,350,35,105,0,116,0.58,105450.49,3101.724387,100,0.860820327,0.025320199,100,90.69,4.071817404,100,0.863714286,0.038779213,100,35,0,100,67.32191857,1.997266284,100,86.07982041,2.532090331,100,310.1724387,0.00253202,0.40718174,0.003877921,0,0.199726628,0.253209033
random_walk,350,35,105,0,117,0.585,105695.6,3087.897169,100,0.862821224,0.025207324,100,90.93,4.112692843,100,0.866,0.039168503,100,35,0,100,67.74407343,1.996495138,100,86.27987755,2.520917376,100,308.7897169,0.002520732,0.411269284,0.00391685,0,0.199649514,0.252091738
random_walk,350,35,105,0,118,0.59,105942.51,3069.565275,100,0.864836816,0.025057676,100,91.07,4.110236052,100,0.867333333,0.039145105,100,35,0,100,68.16282899,1.992766794,100,86.48146122,2.505946917,100,306.9565275,0.002505768,0.411023605,0.003914511,0,0.199276679,0.250594692
random_walk,350,35,105,0,119,0.595,106182.57,3066.541154,100,0.86679649,0.025032989,100,91.27,4.074694015,100,0.869238095,0.03880661,100,35,0,100,68.58466422,1.99878294,100,86.67755102,2.503380815,100,306.6541154,0.002503299,0.407469401,0.003880661,0,0.199878294,0.250338082
random_walk,350,35,105,0,120,0.6,106426.07,3058.124623,100,0.868784245,0.024964283,100,91.45,4.154527772,100,0.870952381,0.039566931,100,35,0,100,69.00222064,2.001050544,100,86.87612245,2.496510174,100,305.8124623,0.002496428,0.415452777,0.003956693,0,0.200105054,0.249651017
random_walk,350,35,105,0,121,0.605,106650.98,3057.118145,100,0.870620245,0.024956066,100,91.62,4.174913052,100,0.872571429,0.039761077,100,35,0,100,69.43026913,2.00940656,100,87.06004082,2.495608422,100,305.7118145,0.002495607,0.417491305,0.003976108,0,0.200940656,0.249560842
random_walk,350,35,105,0,122,0.61,106862.06,3042.387177,100,0.872343347,0.024835814,100,91.78,4.083917707,100,0.874095238,0.038894454,100,35,0,100,69.86506657,2.009699566,100,87.23203265,2.483814719,100,304.2387177,0.002483581,0.408391771,0.003889445,0,0.200969957,0.248381472
random_walk,350,35,105,0,123,0.615,107085.75,3026.115076,100,0.874169388,0.02470298,100,91.97,4.149857001,100,0.875904762,0.039522448,100,35,0,100,70.28990088,2.008198229,100,87.41484082,2.470345875,100,302.6115076,0.002470298,0.4149857,0.003952245,0,0.200819823,0.247034587
random_walk,350,35,105,0,124,0.62,107316.26,3010.836078,100,0.876051102,0.024578254,100,92.29,4.171318615,100,0.878952381,0.039726844,100,35,0,100,70.70844419,2.00622706,100,87.60308571,2.457951437,100,301.0836078,0.002457825,0.417131862,0.003972684,0,0.200622706,0.245795144
random_walk,350,35,105,0,125,0.625,107539.57,2996.175229,100,0.877874041,0.024458573,100,92.41,4.146545355,100,0.880095238,0.039490908,100,35,0,100,71.12990034,2.004110396,100,87.78540408,2.445981578,100,299.6175229,0.002445857,0.414654536,0.003949091,0,0.20041104,0.244598158
random_walk,350,35,105,0,126,0.63,107748.67,2987.55107,100,0.87958098,0.024388172,100,92.53,4.154722274,100,0.881238095,0.039568784,100,35,0,100,71.55930415,2.007333423,100,87.95625306,2.438825864,100,298.755107,0.002438817,0.415472227,0.003956878,0,0.200733342,0.243882586
random_walk,350,35,105,0,127,0.635,107954.18,2962.721627,100,0.881258612,0.024185483,100,92.65,4.122799382,100,0.882380952,0.039264756,100,35,0,100,71.98872626,1.997904197,100,88.12406531,2.418747273,100,296.2721627,0.002418548,0.412279938,0.003926476,0,0.19979042,0.241874727
random_walk,350,35,105,0,128,0.64,108162.84,2927.52404,100,0.882961959,0.023898155,100,92.89,3.994680807,100,0.884666667,0.038044579,100,35,0,100,72.41411145,1.981647725,100,88.29418776,2.389995884,100,292.752404,0.002389816,0.399468081,0.003804458,0,0.198164773,0.238999588
random_walk,350,35,105,0,129,0.645,108374.13,2898.514798,100,0.884686776,0.023661345,100,92.99,3.935066388,100,0.885619048,0.037476823,100,35,0,100,72.83623981,1.968854865,100,88.46702041,2.366054844,100,289.8514798,0.002366135,0.393506639,0.003747682,0,0.196885487,0.236605484
random_walk,350,35,105,0,130,0.65,108579.23,2873.508944,100,0.886361061,0.023457216,100,93.14,3.832397778,100,0.887047619,0.036499026,100,35,0,100,73.26118425,1.960291408,100,88.63440816,2.345612692,100,287.3508944,0.002345722,0.383239778,0.003649903,0,0.196029141,0.234561269
random_walk,350,35,105,0,131,0.655,108770.58,2857.960254,100,0.887923102,0.023330288,100,93.26,3.841874542,100,0.888190476,0.036589281,100,35,0,100,73.69405606,1.958225716,100,88.79057959,2.333350307,100,285.7960254,0.002333029,0.384187454,0.003658928,0,0.195822572,0.233335031
random_walk,350,35,105,0,132,0.66,108956.3,2827.369701,100,0.889439184,0.023080569,100,93.49,3.783256574,100,0.890380952,0.036031015,100,35,0,100,74.12874519,1.946185776,100,88.94212245,2.308382301,100,282.7369701,0.002308057,0.378325657,0.003603101,0,0.194618578,0.23083823
random_walk,350,35,105,0,133,0.665,109143.95,2809.288692,100,0.89097102,0.022932969,100,93.63,3.839336538,100,0.891714286,0.03656511,100,35,0,100,74.56104732,1.942119603,100,89.09559184,2.293335213,100,280.9288692,0.002293297,0.383933654,0.003656511,0,0.19421196,0.229333521
random_walk,350,35,105,0,134,0.67,109326.12,2790.906146,100,0.892458122,0.022782907,100,93.74,3.812843791,100,0.892761905,0.036312798,100,35,0,100,74.995638,1.937289273,100,89.24411429,2.278310425,100,279.0906146,0.002278291,0.381284379,0.00363128,0,0.193728927,0.227831043
random_walk,350,35,105,0,135,0.675,109507.98,2775.74203,100,0.893942694,0.022659119,100,93.9,3.820465887,100,0.894285714,0.036385389,100,35,0,100,75.4291734,1.93496736,100,89.39262857,2.26611154,100,277.574203,0.002265912,0.382046589,0.003638539,0,0.193496736,0.226611154
random_walk,350,35,105,0,136,0.68,109702.42,2753.19139,100,0.895529959,0.022475032,100,94.03,3.872865981,100,0.89552381,0.036884438,100,35,0,100,75.85229038,1.926916126,100,89.55150204,2.24770365,100,275.319139,0.002247503,0.387286598,0.003688444,0,0.192691613,0.224770365
random_walk,350,35,105,0,137,0.685,109888.58,2733.219869,100,0.897049633,0.022311999,100,94.16,3.865726113,100,0.896761905,0.036816439,100,35,0,100,76.27973516,1.921428158,100,89.70331429,2.23156328,100,273.3219869,0.0022312,0.386572611,0.003681644,0,0.192142816,0.223156328
random_walk,350,35,105,0,138,0.69,110060.36,2719.10041,100,0.898451918,0.022196738,100,94.29,3.811982702,100,0.898,0.036304597,100,35,0,100,76.71591354,1.919488388,100,89.84363265,2.219772398,100,271.910041,0.002219674,0.38119827,0.00363046,0,0.191948839,0.22197724
random_walk,350,35,105,0,139,0.695,110228.37,2707.186372,100,0.899823429,0.022099481,100,94.43,3.753126643,100,0.899333333,0.035744063,100,35,0,100,77.15354585,1.91952693,100,89.98100408,2.210065292,100,270.7186372,0.002209948,0.375312664,0.003574406,0,0.191952693,0.221006529
random_walk,350,35,105,0,140,0.7,110387.05,2699.201653,100,0.901118776,0.022034299,100,94.52,3.740253327,100,0.900190476,0.03562146,100,35,0,100,77.59654271,1.922365195,100,90.11037551,2.203415648,100,269.9201653,0.00220343,0.374025333,0.003562146,0,0.192236519,0.220341565
random_walk,350,35,105,0,141,0.705,110549.85,2695.736148,100,0.902447755,0.022006009,100,94.61,3.716996181,100,0.901047619,0.035399964,100,35,0,100,78.03547122,1.928516023,100,90.24345306,2.200677674,100,269.5736148,0.002200601,0.371699618,0.003539996,0,0.192851602,0.220067767
random_walk,350,35,105,0,142,0.71,110707.01,2684.848149,100,0.903730694,0.021917128,100,94.71,3.67160824,100,0.902,0.034967698,100,35,0,100,78.47692886,1.929126228,100,90.3716,2.191940741,100,268.4848149,0.002191713,0.367160824,0.00349677,0,0.192912623,0.219194074
random_walk,350,35,105,0,143,0.715,110861.32,2677.301905,100,0.904990367,0.021855526,100,94.83,3.626654969,100,0.903142857,0.034539571,100,35,0,100,78.91918218,1.932667793,100,90.49774694,2.185747349,100,267.7301905,0.002185553,0.362665497,0.003453957,0,0.193266779,0.218574735
random_walk,350,35,105,0,144,0.72,111013.33,2665.866479,100,0.906231265,0.021762175,100,94.97,3.624983455,100,0.90447619,0.034523652,100,35,0,100,79.3616969,1.933829691,100,90.62191837,2.176366402,100,266.5866479,0.002176218,0.362498346,0.003452365,0,0.193382969,0.21763664
random_walk,350,35,105,0,145,0.725,111167.94,2669.592837,100,0.907493388,0.021792595,100,95.08,3.683652118,100,0.90552381,0.035082401,100,35,0,100,79.80173366,1.945110334,100,90.74813061,2.179280702,100,266.9592837,0.002179259,0.368365212,0.00350824,0,0.194511033,0.21792807
random_walk,350,35,105,0,146,0.73,111317.02,2670.67189,100,0.908710367,0.021801403,100,95.33,3.676447011,100,0.907904762,0.035013781,100,35,0,100,80.24444736,1.954915186,100,90.86973061,2.180130744,100,267.067189,0.00218014,0.367644701,0.003501378,0,0.195491519,0.218013074
random_walk,350,35,105,0,147,0.735,111471.93,2674.298874,100,0.909974939,0.021831011,100,95.49,3.65008648,100,0.909428571,0.034762728,100,35,0,100,80.68182516,1.966943308,100,90.99607347,2.183211732,100,267.4298874,0.002183101,0.365008648,0.003476273,0,0.196694331,0.218321173
random_walk,350,35,105,0,148,0.74,111623.59,2675.830939,100,0.91121298,0.021843518,100,95.61,3.681498926,100,0.910571429,0.035061895,100,35,0,100,81.12017225,1.977372718,100,91.12009796,2.184420789,100,267.5830939,0.002184352,0.368149893,0.003506189,0,0.197737272,0.218442079
random_walk,350,35,105,0,149,0.745,111759.33,2672.676062,100,0.912321061,0.021817764,100,95.71,3.699017068,100,0.91152381,0.035228734,100,35,0,100,81.56875031,1.984246626,100,91.23084082,2.181946919,100,267.2676062,0.002181776,0.369901707,0.003522873,0,0.198424663,0.218194692
random_walk,350,35,105,0,150,0.75,111895.53,2667.325394,100,0.913432898,0.021774085,100,95.85,3.585534912,100,0.912857143,0.034147952,100,35,0,100,82.015861,1.988333748,100,91.34217959,2.177749121,100,266.7325394,0.002177408,0.358553491,0.003414795,0,0.198833375,0.217774912
random_walk,350,35,105,0,151,0.755,112028.87,2653.921035,100,0.914521388,0.021664662,100,95.98,3.550444559,100,0.914095238,0.033813758,100,35,0,100,82.46378473,1.986086469,100,91.45111837,2.166603352,100,265.3921035,0.002166466,0.355044456,0.003381376,0,0.198608647,0.216660335
random_walk,350,35,105,0,152,0.76,112166.25,2654.184264,100,0.915642857,0.02166681,100,96.14,3.516253746,100,0.915619048,0.033488131,100,35,0,100,82.90811098,1.994194909,100,91.56313469,2.166925528,100,265.4184264,0.002166681,0.351625375,0.003348813,0,0.199419491,0.216692553
random_walk,350,35,105,0,153,0.765,112298.41,2652.743813,100,0.916721714,0.021655052,100,96.2,3.498917582,100,0.916190476,0.033323025,100,35,0,100,83.35514767,2.001049847,100,91.67084898,2.165543263,100,265.2743813,0.002165505,0.349891758,0.003332302,0,0.200104985,0.216554326
random_walk,350,35,105,0,154,0.77,112427.92,2650.354822,100,0.917778939,0.02163555,100,96.29,3.441561191,100,0.917047619,0.032776773,100,35,0,100,83.80303691,2.007045873,100,91.77684082,2.163692687,100,265.0354822,0.002163555,0.344156119,0.003277677,0,0.200704587,0.216369269
random_walk,350,35,105,0,155,0.775,112558.42,2644.216113,100,0.918844245,0.021585438,100,96.37,3.433804028,100,0.917809524,0.032702896,100,35,0,100,84.24915941,2.010154074,100,91.88325714,2.158552049,100,264.4216113,0.002158544,0.343380403,0.00327029,0,0.201015407,0.215855205
random_walk,350,35,105,0,156,0.78,112684.31,2634.385002,100,0.919871918,0.021505184,100,96.53,3.412558506,100,0.919333333,0.032500557,100,35,0,100,84.69762007,2.010610362,100,91.9860898,2.150671248,100,263.4385002,0.002150518,0.341255851,0.003250056,0,0.201061036,0.215067125
random_walk,350,35,105,0,157,0.785,112815.06,2633.601271,100,0.920939265,0.021498786,100,96.67,3.405447211,100,0.920666667,0.032432831,100,35,0,100,85.1416879,2.01838445,100,92.0928898,2.149946412,100,263.3601271,0.002149879,0.340544721,0.003243283,0,0.201838445,0.214994641
random_walk,350,35,105,0,158,0.79,112939.35,2620.196763,100,0.921953878,0.021389361,100,96.78,3.353213444,100,0.921714286,0.031935366,100,35,0,100,85.5891457,2.016100257,100,92.19409796,2.139150541,100,262.0196763,0.002138936,0.335321344,0.003193537,0,0.201610026,0.213915054
random_walk,350,35,105,0,159,0.795,113066.34,2610.459638,100,0.922990531,0.021309875,100,96.87,3.380439873,100,0.922571429,0.032194665,100,35,0,100,86.03368456,2.016027867,100,92.29788571,2.131041889,100,261.0459638,0.002130987,0.338043987,0.003219467,0,0.201602787,0.213104189
random_walk,350,35,105,0,160,0.8,113187.92,2588.994375,100,0.92398302,0.021134648,100,97.03,3.334711836,100,0.924095238,0.03175916,100,35,0,100,86.48097439,2.007395906,100,92.3972898,2.113528382,100,258.8994375,0.002113465,0.333471184,0.003175916,0,0.200739591,0.211352838
random_walk,350,35,105,0,161,0.805,113310.91,2580.529529,100,0.92498702,0.021065547,100,97.14,3.28455215,100,0.925142857,0.031281449,100,35,0,100,86.92663525,2.008495436,100,92.4977551,2.106685887,100,258.0529529,0.002106555,0.328455215,0.003128145,0,0.200849544,0.210668589
random_walk,350,35,105,0,162,0.81,113434.95,2568.723778,100,0.925999592,0.020969174,100,97.2,3.278334142,100,0.925714286,0.03122223,100,35,0,100,87.37046247,2.007796422,100,92.59900408,2.096972717,100,256.8723778,0.002096917,0.327833414,0.003122223,0,0.200779642,0.209697272
random_walk,350,35,105,0,163,0.815,113554.22,2562.138207,100,0.926973224,0.020915414,100,97.25,3.282567977,100,0.926190476,0.031262552,100,35,0,100,87.8172164,2.011167903,100,92.69635918,2.091715835,100,256.2138207,0.002091541,0.328256798,0.003126255,0,0.20111679,0.209171584
random_walk,350,35,105,0,164,0.82,113675.88,2545.289959,100,0.927966367,0.020777877,100,97.4,3.231786572,100,0.927619048,0.03077892,100,35,0,100,88.26075036,2.006249728,100,92.79572245,2.077892895,100,254.5289959,0.002077788,0.323178657,0.003077892,0,0.200624973,0.20778929
random_walk,350,35,105,0,165,0.825,113792.36,2528.631153,100,0.928917224,0.020641887,100,97.53,3.195498728,100,0.928857143,0.030433321,100,35,0,100,88.70745477,2.00177112,100,92.89079184,2.064338446,100,252.8631153,0.002064189,0.319549873,0.003043332,0,0.200177112,0.206433845
random_walk,350,35,105,0,166,0.83,113909.54,2512.386818,100,0.929873796,0.02050928,100,97.59,3.156186806,100,0.929428571,0.030058922,100,35,0,100,89.15261156,1.997019901,100,92.98646531,2.051051802,100,251.2386818,0.002050928,0.315618681,0.003005892,0,0.19970199,0.20510518
random_walk,350,35,105,0,167,0.835,114020.66,2487.54502,100,0.930780898,0.02030649,100,97.67,3.107680287,100,0.930190476,0.029596955,100,35,0,100,89.60132428,1.985311533,100,93.07715918,2.030932436,100,248.754502,0.002030649,0.310768029,0.002959696,0,0.198531153,0.203093244
random_walk,350,35,105,0,168,0.84,114131.8,2454.700385,100,0.931688163,0.02003837,100,97.76,3.085056848,100,0.931047619,0.029381494,100,35,0,100,90.0488518,1.966214801,100,93.16793469,2.003946847,100,245.4700385,0.002003837,0.308505685,0.002938149,0,0.19662148,0.200394685
random_walk,350,35,105,0,169,0.845,114241.21,2436.116662,100,0.932581306,0.019886667,100,97.84,3.0771888,100,0.931809524,0.02930656,100,35,0,100,90.49747197,1.958470604,100,93.25727347,1.988782634,100,243.6116662,0.001988667,0.30771888,0.002930656,0,0.19584706,0.198878263
random_walk,350,35,105,0,170,0.85,114342.55,2427.2885,100,0.933408571,0.0198146,100,97.87,3.083533982,100,0.932095238,0.02936699,100,35,0,100,90.95194023,1.958957355,100,93.34014694,1.9814583,100,242.72885,0.00198146,0.308353398,0.002936699,0,0.195895736,0.19814583
random_walk,350,35,105,0,171,0.855,114448.61,2406.129252,100,0.934274367,0.019641871,100,97.97,3.023326818,100,0.933047619,0.028793589,100,35,0,100,91.40140204,1.949444424,100,93.42666122,1.964385862,100,240.6129252,0.001964187,0.302332682,0.002879359,0,0.194944442,0.196438586
random_walk,350,35,105,0,172,0.86,114543.61,2388.655414,100,0.935049878,0.019499228,100,98.06,3.004441157,100,0.933904762,0.028613725,100,35,0,100,91.85904801,1.943387915,100,93.50413061,1.950217594,100,238.8655414,0.001949923,0.300444116,0.002861373,0,0.194338791,0.195021759
random_walk,350,35,105,0,173,0.865,114645.72,2372.118046,100,0.935883429,0.019364229,100,98.12,2.978983624,100,0.93447619,0.028371273,100,35,0,100,92.31024465,1.937812949,100,93.58755102,1.936585831,100,237.2118046,0.001936423,0.297898362,0.002837127,0,0.193781295,0.193658583
random_walk,350,35,105,0,174,0.87,114743.51,2353.933757,100,0.936681714,0.019215786,100,98.2,2.926714295,100,0.935238095,0.027873469,100,35,0,100,92.76398595,1.930164476,100,93.66737143,1.921658344,100,235.3933757,0.001921579,0.29267143,0.002787347,0,0.193016448,0.192165834
random_walk,350,35,105,0,175,0.875,114838.4,2343.152676,100,0.937456327,0.019127777,100,98.29,2.931180339,100,0.936095238,0.027916003,100,35,0,100,93.21961604,1.92969849,100,93.7449551,1.912863454,100,234.3152676,0.001912778,0.293118034,0.0027916,0,0.192969849,0.191286345
random_walk,350,35,105,0,176,0.88,114921.79,2336.235582,100,0.938137061,0.019071311,100,98.35,2.931456011,100,0.936666667,0.027918629,100,35,0,100,93.68394857,1.932371191,100,93.81302857,1.907139444,100,233.6235582,0.001907131,0.293145601,0.002791863,0,0.193237119,0.190713944
random_walk,350,35,105,0,177,0.885,115006.22,2323.783321,100,0.938826286,0.01896966,100,98.45,2.88981143,100,0.937619048,0.027522014,100,35,0,100,94.14667131,1.930389755,100,93.88182041,1.897023808,100,232.3783321,0.001896966,0.288981143,0.002752201,0,0.193038975,0.189702381
random_walk,350,35,105,0,178,0.89,115093.57,2320.891296,100,0.939539347,0.018946051,100,98.55,2.854643568,100,0.938571429,0.027187082,100,35,0,100,94.60652789,1.936202655,100,93.95315918,1.894610641,100,232.0891296,0.001894605,0.285464357,0.002718708,0,0.193620266,0.189461064
random_walk,350,35,105,0,179,0.895,115187.96,2315.963695,100,0.940309878,0.018905826,100,98.6,2.853316341,100,0.939047619,0.027174441,100,35,0,100,95.05984396,1.940136935,100,94.03019592,1.890520694,100,231.5963695,0.001890583,0.285331634,0.002717444,0,0.194013694,0.189052069
random_walk,350,35,105,0,180,0.9,115278.3,2315.81539,100,0.941047347,0.018904615,100,98.7,2.830212185,100,0.94,0.026954402,100,35,0,100,95.51595025,1.94832584,100,94.10406531,1.890590582,100,231.581539,0.001890462,0.283021218,0.00269544,0,0.194832584,0.189059058
random_walk,350,35,105,0,181,0.905,115368.35,2307.307348,100,0.941782449,0.018835162,100,98.79,2.840170005,100,0.940857143,0.027049238,100,35,0,100,95.9712783,1.948923255,100,94.17740408,1.883644222,100,230.7307348,0.001883516,0.284017,0.002704924,0,0.194892325,0.188364422
random_walk,350,35,105,0,182,0.91,115451.28,2287.177296,100,0.942459429,0.018670835,100,98.86,2.817764713,100,0.94152381,0.026835854,100,35,0,100,96.43147553,1.939719938,100,94.24524898,1.86723533,100,228.7177296,0.001867084,0.281776471,0.002683585,0,0.193971994,0.186723533
random_walk,350,35,105,0,183,0.915,115534,2272.387882,100,0.943134694,0.018550105,100,98.94,2.784589628,100,0.942285714,0.026519901,100,35,0,100,96.89138019,1.935258269,100,94.31263673,1.855093708,100,227.2387882,0.001855011,0.278458963,0.00265199,0,0.193525827,0.185509371
random_walk,350,35,105,0,184,0.92,115625.34,2261.920835,100,0.943880327,0.01846466,100,98.99,2.761550582,100,0.942761905,0.026300482,100,35,0,100,97.34347835,1.934042146,100,94.38741224,1.846587133,100,226.1920835,0.001846466,0.276155058,0.002630048,0,0.193404215,0.184658713
random_walk,350,35,105,0,185,0.925,115713.85,2245.981927,100,0.944602857,0.018334546,100,99.07,2.727543758,100,0.94352381,0.025976607,100,35,0,100,97.79721298,1.92830728,100,94.4595102,1.83351731,100,224.5981927,0.001833455,0.272754376,0.002597661,0,0.192830728,0.183351731
random_walk,350,35,105,0,186,0.93,115791.55,2231.693488,100,0.945237143,0.018217906,100,99.14,2.726673335,100,0.944190476,0.025968317,100,35,0,100,98.25934381,1.923603679,100,94.52305306,1.821822859,100,223.1693488,0.001821791,0.272667333,0.002596832,0,0.192360368,0.182182286
random_walk,350,35,105,0,187,0.935,115872.46,2214.42871,100,0.945897633,0.018076969,100,99.2,2.73769054,100,0.944761905,0.026073243,100,35,0,100,98.71798497,1.915801544,100,94.58907755,1.807756455,100,221.442871,0.001807697,0.273769054,0.002607324,0,0.191580154,0.180775646
random_walk,350,35,105,0,188,0.94,115966.69,2198.831212,100,0.946666857,0.017949643,100,99.3,2.672342445,100,0.945714286,0.02545088,100,35,0,100,99.16463575,1.909777645,100,94.66606531,1.79517322,100,219.8831212,0.001794964,0.267234244,0.002545088,0,0.190977764,0.179517322
random_walk,350,35,105,0,189,0.945,116046.9,2185.171886,100,0.947321633,0.017838138,100,99.37,2.650157228,100,0.946380952,0.025239593,100,35,0,100,99.62262569,1.905497923,100,94.73158367,1.78389997,100,218.5171886,0.001783814,0.265015723,0.002523959,0,0.190549792,0.178389997
random_walk,350,35,105,0,190,0.95,116125.03,2172.950563,100,0.947959429,0.017738372,100,99.44,2.641242438,100,0.947047619,0.02515469,100,35,0,100,100.0818097,1.902882975,100,94.79534694,1.774039809,100,217.2950563,0.001773837,0.264124244,0.002515469,0,0.190288298,0.177403981
random_walk,350,35,105,0,191,0.955,116207.28,2164.693265,100,0.948630857,0.017670965,100,99.48,2.607216093,100,0.947428571,0.024830629,100,35,0,100,100.5370217,1.903410634,100,94.86234286,1.767239704,100,216.4693265,0.001767097,0.260721609,0.002483063,0,0.190341063,0.17672397
random_walk,350,35,105,0,192,0.96,116289.07,2150.940063,100,0.949298531,0.017558694,100,99.51,2.611145497,100,0.947714286,0.024868052,100,35,0,100,100.9919001,1.899109484,100,94.92925714,1.755905609,100,215.0940063,0.001755869,0.26111455,0.002486805,0,0.189910948,0.175590561
random_walk,350,35,105,0,193,0.965,116361.95,2143.851205,100,0.949893469,0.017500826,100,99.56,2.602718082,100,0.948190476,0.024787791,100,35,0,100,101.4540607,1.900343566,100,94.98875102,1.750253807,100,214.3851205,0.001750083,0.260271808,0.002478779,0,0.190034357,0.175025381
random_walk,350,35,105,0,194,0.97,116433.09,2130.996832,100,0.950474204,0.017395893,100,99.64,2.568338692,100,0.948952381,0.024460368,100,35,0,100,101.9169505,1.896246472,100,95.04683265,1.739755788,100,213.0996832,0.001739589,0.256833869,0.002446037,0,0.189624647,0.173975579
random_walk,350,35,105,0,195,0.975,116499.78,2122.198358,100,0.951018612,0.017324068,100,99.69,2.557204124,100,0.949428571,0.024354325,100,35,0,100,102.3833652,1.896390401,100,95.10130612,1.732621699,100,212.2198358,0.001732407,0.255720412,0.002435432,0,0.18963904,0.17326217
random_walk,350,35,105,0,196,0.98,116572.24,2115.41196,100,0.951610122,0.017268669,100,99.78,2.524946244,100,0.950285714,0.024047107,100,35,0,100,102.8441508,1.897744956,100,95.16033469,1.727024819,100,211.541196,0.001726867,0.252494624,0.002404711,0,0.189774496,0.172702482
random_walk,350,35,105,0,197,0.985,116641.56,2110.892929,100,0.952176,0.017231779,100,99.85,2.516109712,100,0.950952381,0.02396295,100,35,0,100,103.3072733,1.901492387,100,95.21711837,1.723305007,100,211.0892929,0.001723178,0.251610971,0.002396295,0,0.190149239,0.172330501
random_walk,350,35,105,0,198,0.99,116707.74,2098.804121,100,0.952716245,0.017133095,100,99.93,2.499515104,100,0.951714286,0.023804906,100,35,0,100,103.7724799,1.898283245,100,95.27097959,1.713526749,100,209.8804121,0.001713309,0.24995151,0.002380491,0,0.189828325,0.171352675
random_walk,350,35,105,0,199,0.995,116776.31,2086.40902,100,0.953276,0.01703191,100,100,2.510583658,100,0.952380952,0.023910321,100,35,0,100,104.234895,1.894430778,100,95.32706122,1.703416275,100,208.640902,0.001703191,0.251058366,0.002391032,0,0.189443078,0.170341628
random_walk,350,35,105,0,200,1,116843.77,2075.892004,100,0.953826694,0.016946057,100,100.07,2.491419619,100,0.953047619,0.023727806,100,35,0,100,104.6978772,1.892701992,100,95.3820898,1.694740384,100,207.5892004,0.001694606,0.249141962,0.002372781,0,0.189270199,0.169474038
random_walk,400,40,120,0,0,0,0,0,100,0,0,100,0,0,100,0,0,100,40,0,100,0,0,100,0,0,100,0,0,0,0,0,0,0
random_walk,400,40,120,0,1,0.005,6062.63,198.4767068,100,0.037891438,0.001240479,100,3.92,1.856900861,100,0.032666667,0.015474174,100,40,0,100,13.18861163,0.429255277,100,3.7604625,0.123161723,100,19.84767068,0.000124048,0.185690086,0.001547417,0,0.042925528,0.012316172
random_walk,400,40,120,0,2,0.01,10326.48,313.5958436,100,0.0645405,0.001959974,100,6.66,2.543440762,100,0.0555,0.02119534,100,40,0,100,15.48388048,0.465321259,100,6.42949375,0.194935456,100,31.35958436,0.000195997,0.254344076,0.002119534,0,0.046532126,0.019493546
random_walk,400,40,120,0,3,0.015,14087.59,478.8153119,100,0.088047438,0.002992596,100,9.55,2.819037016,100,0.079583333,0.023491975,100,40,0,100,17.02934206,0.570518217,100,8.78195625,0.297520539,100,47.88153119,0.00029926,0.281903702,0.002349198,0,0.057051822,0.029752054
random_walk,400,40,120,0,4,0.02,17571.58,595.5780687,100,0.109822375,0.003722363,100,11.79,3.191829848,100,0.09825,0.026598582,100,40,0,100,18.20377288,0.60776865,100,10.961475,0.370844638,100,59.55780687,0.000372236,0.319182985,0.002659858,0,0.060776865,0.037084464
random_walk,400,40,120,0,5,0.025,20788.57,693.165776,100,0.129928563,0.004332286,100,14.09,3.339675784,100,0.117416667,0.027830632,100,40,0,100,19.23378436,0.641706058,100,12.97368125,0.432514504,100,69.3165776,0.000433229,0.333967578,0.002783063,0,0.064170606,0.04325145
random_walk,400,40,120,0,6,0.03,23855.67,814.5655104,100,0.149097938,0.005091034,100,16.3,3.73760578,100,0.135833333,0.031146715,100,40,0,100,20.11468743,0.689380455,100,14.890875,0.508633574,100,81.45655104,0.000509103,0.373760578,0.003114671,0,0.068938045,0.050863357
random_walk,400,40,120,0,7,0.035,26791.66,938.9069964,100,0.167447875,0.005868169,100,18.5,3.883401612,100,0.154166667,0.03236168,100,40,0,100,20.8970013,0.736940114,100,16.726925,0.5863856,100,93.89069964,0.000586817,0.388340161,0.003236168,0,0.073694011,0.05863856
random_walk,400,40,120,0,8,0.04,29638.17,1059.044538,100,0.185238563,0.006619028,100,20.65,4.046135455,100,0.172083333,0.033717795,100,40,0,100,21.58974466,0.775056413,100,18.506075,0.661506253,100,105.9044538,0.000661903,0.404613546,0.00337178,0,0.077505641,0.066150625
random_walk,400,40,120,0,9,0.045,32373.28,1142.094355,100,0.202333,0.00713809,100,22.7,4.157262114,100,0.189166667,0.034643851,100,40,0,100,22.23562396,0.78943331,100,20.21655625,0.713254598,100,114.2094355,0.000713809,0.415726211,0.003464385,0,0.078943331,0.07132546
random_walk,400,40,120,0,10,0.05,34992.61,1217.642173,100,0.218703813,0.007610264,100,24.42,4.087873172,100,0.2035,0.03406561,100,40,0,100,22.85581044,0.791441552,100,21.85428125,0.760861785,100,121.7642173,0.000761026,0.408787317,0.003406561,0,0.079144155,0.076086179
random_walk,400,40,120,0,11,0.055,37471.5,1303.903591,100,0.234196875,0.008149397,100,26.27,4.22559541,100,0.218916667,0.035213295,100,40,0,100,23.478532,0.812453911,100,23.4048,0.814448363,100,130.3903591,0.00081494,0.422559541,0.00352133,0,0.081245391,0.081444836
random_walk,400,40,120,0,12,0.06,39903.42,1365.285638,100,0.249396375,0.008533035,100,27.98,4.447175928,100,0.233166667,0.037059799,100,40,0,100,24.05122772,0.818699581,100,24.92455,0.853025564,100,136.5285638,0.000853304,0.444717593,0.00370598,0,0.081869958,0.085302556
random_walk,400,40,120,0,13,0.065,42241.99,1448.430091,100,0.264012438,0.009052688,100,29.79,4.75733352,100,0.24825,0.039644446,100,40,0,100,24.61334261,0.842888773,100,26.38636875,0.905066581,100,144.8430091,0.000905269,0.475733352,0.003964445,0,0.084288877,0.090506658
random_walk,400,40,120,0,14,0.07,44512.04,1525.539705,100,0.27820025,0.009534623,100,31.57,4.788992007,100,0.263083333,0.039908267,100,40,0,100,25.15496363,0.86438725,100,27.80559375,0.953395416,100,152.5539705,0.000953462,0.478899201,0.003990827,0,0.086438725,0.095339542
random_walk,400,40,120,0,15,0.075,46697.45,1541.586402,100,0.291859063,0.009634915,100,33.39,4.894637346,100,0.27825,0.040788645,100,40,0,100,25.68838201,0.853712498,100,29.17213125,0.963768768,100,154.1586402,0.000963492,0.489463735,0.004078864,0,0.08537125,0.096376877
random_walk,400,40,120,0,16,0.08,48814.55,1602.111791,100,0.305090938,0.010013199,100,34.88,4.893368012,100,0.290666667,0.040778067,100,40,0,100,26.21205136,0.870842581,100,30.4957875,1.001016492,100,160.2111791,0.00100132,0.489336801,0.004077807,0,0.087084258,0.100101649
random_walk,400,40,120,0,17,0.085,50872.12,1667.561295,100,0.31795075,0.010422258,100,36.41,4.944326409,100,0.303416667,0.04120272,100,40,0,100,26.72387284,0.889345612,100,31.782125,1.0420469,100,166.7561295,0.001042226,0.494432641,0.004120272,0,0.088934561,0.10420469
random_walk,400,40,120,0,18,0.09,52884.39,1721.112413,100,0.330527437,0.010756953,100,37.82,5.188137207,100,0.315166667,0.043234477,100,40,0,100,27.21868639,0.896352133,100,33.04015,1.075904083,100,172.1112413,0.001075695,0.518813721,0.004323448,0,0.089635213,0.107590408
random_walk,400,40,120,0,19,0.095,54854.39,1741.409495,100,0.342839938,0.010883809,100,39.28,5.175856929,100,0.327333333,0.043132141,100,40,0,100,27.69755736,0.887134981,100,34.27168125,1.088416396,100,174.1409495,0.001088381,0.517585693,0.004313214,0,0.088713498,0.10884164
random_walk,400,40,120,0,20,0.1,56766.69,1821.022682,100,0.354791813,0.011381392,100,40.66,5.154619386,100,0.338833333,0.042955162,100,40,0,100,28.17371829,0.911119631,100,35.4670125,1.137852557,100,182.1022682,0.001138139,0.515461939,0.004295516,0,0.091111963,0.113785256
random_walk,400,40,120,0,21,0.105,58657.81,1900.31017,100,0.366611312,0.011876939,100,42.16,5.215981657,100,0.351333333,0.043466514,100,40,0,100,28.62911154,0.933084264,100,36.64953125,1.187801259,100,190.031017,0.001187694,0.521598166,0.004346651,0,0.093308426,0.118780126
random_walk,400,40,120,0,22,0.11,60496.08,1971.854333,100,0.3781005,0.01232409,100,43.5,5.35129551,100,0.3625,0.044594129,100,40,0,100,29.08142997,0.952222549,100,37.7986125,1.232424927,100,197.1854333,0.001232409,0.535129551,0.004459413,0,0.095222255,0.123242493
random_walk,400,40,120,0,23,0.115,62304.11,2079.907122,100,0.389400688,0.01299942,100,44.86,5.495673229,100,0.373833333,0.045797277,100,40,0,100,29.52272046,0.989702591,100,38.9287875,1.299373762,100,207.9907122,0.001299942,0.549567323,0.004579728,0,0.098970259,0.129937376
random_walk,400,40,120,0,24,0.12,64083.96,2161.84283,100,0.40052475,0.013511518,100,46.21,5.596346211,100,0.385083333,0.046636218,100,40,0,100,29.95150455,1.01453431,100,40.04211875,1.351170365,100,216.184283,0.001351152,0.559634621,0.004663622,0,0.101453431,0.135117036
random_walk,400,40,120,0,25,0.125,65811.85,2221.954538,100,0.411324063,0.013887216,100,47.53,5.571309985,100,0.396083333,0.046427583,100,40,0,100,30.38051474,1.030000736,100,41.1217125,1.388273969,100,222.1954538,0.001388722,0.557130999,0.004642758,0,0.103000074,0.138827397
random_walk,400,40,120,0,26,0.13,67522.54,2316.188446,100,0.422015875,0.014476178,100,48.73,5.665516817,100,0.406083333,0.04721264,100,40,0,100,30.7962699,1.059547896,100,42.191225,1.447003047,100,231.6188446,0.001447618,0.566551682,0.004721264,0,0.10595479,0.144700305
random_walk,400,40,120,0,27,0.135,69174.05,2394.449345,100,0.432337813,0.014965308,100,49.87,5.631181228,100,0.415583333,0.04692651,100,40,0,100,31.2176946,1.082997676,100,43.22334375,1.49593104,100,239.4449345,0.001496531,0.563118123,0.004692651,0,0.108299768,0.149593104
random_walk,400,40,120,0,28,0.14,70781.37,2437.219179,100,0.442383563,0.01523262,100,51.24,5.742135597,100,0.427,0.04785113,100,40,0,100,31.63830549,1.091024655,100,44.22864375,1.523189118,100,243.7219179,0.001523262,0.57421356,0.004785113,0,0.109102466,0.152318912
random_walk,400,40,120,0,29,0.145,72338.48,2468.96923,100,0.4521155,0.015431058,100,52.48,5.632660889,100,0.437333333,0.046938841,100,40,0,100,32.06207843,1.095433938,100,45.20175625,1.542694919,100,246.896923,0.001543106,0.563266089,0.004693884,0,0.109543394,0.154269492
random_walk,400,40,120,0,30,0.15,73826.4,2520.211816,100,0.461415,0.015751324,100,53.63,5.698936637,100,0.446916667,0.047491139,100,40,0,100,32.49919864,1.11181029,100,46.1321125,1.574708078,100,252.0211816,0.001575132,0.569893664,0.004749114,0,0.111181029,0.157470808
random_walk,400,40,120,0,31,0.155,75315.68,2555.340697,100,0.470723,0.015970879,100,54.77,5.510055088,100,0.456416667,0.045917126,100,40,0,100,32.91819718,1.122041833,100,47.06270625,1.596718055,100,255.5340697,0.001597088,0.551005509,0.004591713,0,0.112204183,0.159671805
random_walk,400,40,120,0,32,0.16,76798.45,2609.69909,100,0.479990313,0.016310619,100,55.87,5.432143391,100,0.465583333,0.045267862,100,40,0,100,33.32408868,1.138938117,100,47.9901375,1.630722506,100,260.969909,0.001631062,0.543214339,0.004526786,0,0.113893812,0.163072251
random_walk,400,40,120,0,33,0.165,78240.55,2670.096565,100,0.489003437,0.016688104,100,56.95,5.398044914,100,0.474583333,0.044983708,100,40,0,100,33.73227214,1.159326516,100,48.89163125,1.668696978,100,267.0096565,0.00166881,0.539804491,0.004498371,0,0.115932652,0.166869698
random_walk,400,40,120,0,34,0.17,79665.25,2759.472799,100,0.497907813,0.017246705,100,58,5.443929062,100,0.483333333,0.045366076,100,40,0,100,34.13406781,1.192186233,100,49.78205625,1.724233565,100,275.9472799,0.00172467,0.544392906,0.004536608,0,0.119218623,0.172423356
random_walk,400,40,120,0,35,0.175,81066.02,2826.248625,100,0.506662625,0.017664054,100,58.9,5.468920452,100,0.490833333,0.045574337,100,40,0,100,34.53148319,1.217306248,100,50.65775625,1.766306619,100,282.6248625,0.001766405,0.546892045,0.004557434,0,0.121730625,0.176630662
random_walk,400,40,120,0,36,0.18,82400.1,2859.821844,100,0.515000625,0.017873887,100,59.78,5.607678718,100,0.498166667,0.046730656,100,40,0,100,34.94256154,1.228467142,100,51.49188125,1.78741297,100,285.9821844,0.001787389,0.560767872,0.004673066,0,0.122846714,0.178741297
random_walk,400,40,120,0,37,0.185,83702.06,2911.9017,100,0.523137875,0.018199386,100,60.84,5.695505937,100,0.507,0.047462549,100,40,0,100,35.35459686,1.247362162,100,52.3058,1.819601408,100,291.19017,0.001819939,0.569550594,0.004746255,0,0.124736216,0.181960141
random_walk,400,40,120,0,38,0.19,84980.55,2966.297149,100,0.531128438,0.018539357,100,61.86,5.796237024,100,0.5155,0.048301975,100,40,0,100,35.76389545,1.265682664,100,53.10496875,1.853893969,100,296.6297149,0.001853936,0.579623702,0.004830198,0,0.126568266,0.185389397
random_walk,400,40,120,0,39,0.195,86238.49,3006.909644,100,0.538990563,0.018793185,100,62.67,5.820644207,100,0.52225,0.048505368,100,40,0,100,36.1694702,1.277500891,100,53.89125625,1.879535221,100,300.6909644,0.001879319,0.582064421,0.004850537,0,0.127750089,0.187953522
random_walk,400,40,120,0,40,0.2,87513.34,3022.421419,100,0.546958375,0.018890134,100,63.39,5.782060379,100,0.52825,0.048183836,100,40,0,100,36.55550303,1.277010129,100,54.68829375,1.888969225,100,302.2421419,0.001889013,0.578206038,0.004818384,0,0.127701013,0.188896923
random_walk,400,40,120,0,41,0.205,88714.59,3068.620323,100,0.554466188,0.019178877,100,64.31,5.631252978,100,0.535916667,0.046927108,100,40,0,100,36.96213686,1.293323119,100,55.43914375,1.917378883,100,306.8620323,0.001917888,0.563125298,0.004692711,0,0.129332312,0.191737888
random_walk,400,40,120,0,42,0.21,89904.04,3111.877354,100,0.56190025,0.019449233,100,65.24,5.550721129,100,0.543666667,0.046256009,100,40,0,100,37.36276052,1.306941009,100,56.18260625,1.944951927,100,311.1877354,0.001944923,0.555072113,0.004625601,0,0.130694101,0.194495193
random_walk,400,40,120,0,43,0.215,91060.35,3147.552294,100,0.569127187,0.019672202,100,66.08,5.631226072,100,0.550666667,0.046926884,100,40,0,100,37.76655001,1.317442191,100,56.90571875,1.967226632,100,314.7552294,0.00196722,0.563122607,0.004692688,0,0.131744219,0.196722663
random_walk,400,40,120,0,44,0.22,92192.49,3187.421825,100,0.576203063,0.019921386,100,67.04,5.752329348,100,0.558666667,0.047936078,100,40,0,100,38.17033147,1.331061624,100,57.61335,1.992106227,100,318.7421825,0.001992139,0.575232935,0.004793608,0,0.133106162,0.199210623
random_walk,400,40,120,0,45,0.225,93288.99,3216.782097,100,0.583056188,0.020104888,100,67.97,5.835203164,100,0.566416667,0.048626693,100,40,0,100,38.57860827,1.34058965,100,58.29905,2.010312467,100,321.6782097,0.002010489,0.583520316,0.004862669,0,0.134058965,0.201031247
random_walk,400,40,120,0,46,0.23,94325.97,3233.921535,100,0.589537313,0.02021201,100,68.85,5.793369599,100,0.57375,0.04827808,100,40,0,100,39.00187129,1.347094423,100,58.94700625,2.020968615,100,323.3921535,0.002021201,0.57933696,0.004827808,0,0.134709442,0.202096862
random_walk,400,40,120,0,47,0.235,95362,3305.758924,100,0.5960125,0.020660993,100,69.7,5.893842018,100,0.580833333,0.04911535,100,40,0,100,39.41784653,1.37722101,100,59.5948625,2.065575599,100,330.5758924,0.002066099,0.589384202,0.004911535,0,0.137722101,0.20655756
random_walk,400,40,120,0,48,0.24,96380.43,3353.566662,100,0.602377688,0.020959792,100,70.52,5.968740117,100,0.587666667,0.049739501,100,40,0,100,39.83137472,1.397362468,100,60.23121875,2.095977159,100,335.3566662,0.002095979,0.596874012,0.00497395,0,0.139736247,0.209597716
random_walk,400,40,120,0,49,0.245,97405.63,3366.562407,100,0.608785188,0.021041015,100,71.34,5.915601697,100,0.5945,0.049296681,100,40,0,100,40.23243118,1.4020424,100,60.8719625,2.104117591,100,336.6562407,0.002104102,0.59156017,0.004929668,0,0.14020424,0.210411759
random_walk,400,40,120,0,50,0.25,98433.87,3362.363333,100,0.615211688,0.021014771,100,72.1,6.057802382,100,0.600833333,0.050481687,100,40,0,100,40.62355387,1.400570002,100,61.5143875,2.101283516,100,336.2363333,0.002101477,0.605780238,0.005048169,0,0.140057,0.210128352
random_walk,400,40,120,0,51,0.255,99460.37,3377.132286,100,0.621627313,0.021107077,100,72.81,6.267915736,100,0.60675,0.052232631,100,40,0,100,41.00768839,1.404229153,100,62.15621875,2.110502383,100,337.7132286,0.002110708,0.626791574,0.005223263,0,0.140422915,0.211050238
random_walk,400,40,120,0,52,0.26,100439.98,3412.758421,100,0.627749875,0.02132974,100,73.6,6.250656531,100,0.613333333,0.052088804,100,40,0,100,41.40382258,1.414968458,100,62.76906875,2.132832312,100,341.2758421,0.002132974,0.625065653,0.00520888,0,0.141496846,0.213283231
random_walk,400,40,120,0,53,0.265,101378.73,3433.091703,100,0.633617062,0.021456823,100,74.43,6.399581741,100,0.62025,0.053329848,100,40,0,100,41.80881322,1.421814585,100,63.35563125,2.145710517,100,343.3091703,0.002145682,0.639958174,0.005332985,0,0.142181458,0.214571052
random_walk,400,40,120,0,54,0.27,102307.54,3436.111058,100,0.639422125,0.021475694,100,74.96,6.314837426,100,0.624666667,0.052623645,100,40,0,100,42.21012362,1.422298461,100,63.9361375,2.147430011,100,343.6111058,0.002147569,0.631483743,0.005262365,0,0.142229846,0.214743001
random_walk,400,40,120,0,55,0.275,103222.1,3434.64682,100,0.645138125,0.021466543,100,75.54,6.252950819,100,0.6295,0.052107923,100,40,0,100,42.60997674,1.421557955,100,64.5082625,2.146333453,100,343.464682,0.002146654,0.625295082,0.005210792,0,0.142155795,0.214633345
random_walk,400,40,120,0,56,0.28,104107.26,3443.783234,100,0.650670375,0.021523645,100,76.27,6.193602108,100,0.635583333,0.051613351,100,40,0,100,43.01528333,1.427725586,100,65.06139375,2.152458148,100,344.3783234,0.002152365,0.619360211,0.005161335,0,0.142772559,0.215245815
random_walk,400,40,120,0,57,0.285,104969.11,3480.355781,100,0.656056938,0.021752224,100,76.78,6.238654349,100,0.639833333,0.051988786,100,40,0,100,43.42407871,1.443685722,100,65.60049375,2.175324932,100,348.0355781,0.002175222,0.623865435,0.005198879,0,0.144368572,0.217532493
random_walk,400,40,120,0,58,0.29,105841.04,3515.676853,100,0.6615065,0.02197298,100,77.56,6.286621999,100,0.646333333,0.052388517,100,40,0,100,43.82194058,1.456199559,100,66.14525,2.19710268,100,351.5676853,0.002197298,0.6286622,0.005238852,0,0.145619956,0.219710268
random_walk,400,40,120,0,59,0.295,106695.72,3537.559266,100,0.66684825,0.022109745,100,78.17,6.279765485,100,0.651416667,0.052331379,100,40,0,100,44.2202212,1.466379631,100,66.67941875,2.211298703,100,353.7559266,0.002210975,0.627976548,0.005233138,0,0.146637963,0.22112987
random_walk,400,40,120,0,60,0.3,107519.74,3548.796531,100,0.671998375,0.022179978,100,78.8,6.410219114,100,0.656666667,0.053418493,100,40,0,100,44.62448532,1.473714728,100,67.1947625,2.218064734,100,354.8796531,0.002217998,0.641021911,0.005341849,0,0.147371473,0.221806473
random_walk,400,40,120,0,61,0.305,108334.31,3568.370295,100,0.677089438,0.022302314,100,79.3,6.414157321,100,0.660833333,0.053451311,100,40,0,100,45.02681247,1.484962765,100,67.7036375,2.230326803,100,356.8370295,0.002230231,0.641415732,0.005345131,0,0.148496276,0.22303268
random_walk,400,40,120,0,62,0.31,109118.04,3586.735183,100,0.68198775,0.022417095,100,79.94,6.436668942,100,0.666166667,0.053638908,100,40,0,100,45.43596138,1.495217862,100,68.19348125,2.241535281,100,358.6735183,0.002241709,0.643666894,0.005363891,0,0.149521786,0.224153528
random_walk,400,40,120,0,63,0.315,109868.57,3620.800434,100,0.686678563,0.022630003,100,80.63,6.366983968,100,0.671916667,0.0530582,100,40,0,100,45.85366628,1.512782741,100,68.66318125,2.26293306,100,362.0800434,0.002263,0.636698397,0.00530582,0,0.151278274,0.226293306
random_walk,400,40,120,0,64,0.32,110606.91,3625.948706,100,0.691293187,0.022662179,100,81.21,6.379093061,100,0.67675,0.053159109,100,40,0,100,46.26993785,1.517705409,100,69.12435,2.266164132,100,362.5948706,0.002266218,0.637909306,0.005315911,0,0.151770541,0.226616413
random_walk,400,40,120,0,65,0.325,111336.91,3641.878775,100,0.695855687,0.022761742,100,81.84,6.21779785,100,0.682,0.051814982,100,40,0,100,46.68464245,1.528299244,100,69.5806125,2.276196929,100,364.1878775,0.002276174,0.621779785,0.005181498,0,0.152829924,0.227619693
random_walk,400,40,120,0,66,0.33,112076.31,3651.080207,100,0.700476938,0.022819251,100,82.4,6.12166215,100,0.686666667,0.051013851,100,40,0,100,47.08981074,1.53672224,100,70.042575,2.281843992,100,365.1080207,0.002281925,0.612166215,0.005101385,0,0.153672224,0.228184399
random_walk,400,40,120,0,67,0.335,112812.02,3643.528864,100,0.705075125,0.022772055,100,83.13,6.063060866,100,0.69275,0.050525507,100,40,0,100,47.4907143,1.536305394,100,70.50264375,2.277182512,100,364.3528864,0.002277206,0.606306087,0.005052551,0,0.153630539,0.227718251
random_walk,400,40,120,0,68,0.34,113504.39,3642.717606,100,0.709402438,0.022766985,100,83.67,5.995040037,100,0.69725,0.049958667,100,40,0,100,47.90489606,1.538773591,100,70.9356125,2.276691233,100,364.2717606,0.002276699,0.599504004,0.004995867,0,0.153877359,0.227669123
random_walk,400,40,120,0,69,0.345,114178.73,3653.255722,100,0.713617063,0.022832848,100,84.14,5.913552317,100,0.701166667,0.049279603,100,40,0,100,48.32198808,1.546656584,100,71.35741875,2.283236906,100,365.3255722,0.002283285,0.591355232,0.00492796,0,0.154665658,0.228323691
random_walk,400,40,120,0,70,0.35,114812.66,3665.975382,100,0.717579125,0.022912346,100,84.68,5.959255597,100,0.705666667,0.049660463,100,40,0,100,48.75153617,1.556841962,100,71.75344375,2.291345962,100,366.5975382,0.002291235,0.59592556,0.004966046,0,0.155684196,0.229134596
random_walk,400,40,120,0,71,0.355,115466.39,3704.396689,100,0.721664938,0.023152479,100,85.13,5.923169708,100,0.709416667,0.049359748,100,40,0,100,49.1685573,1.578272948,100,72.162,2.314959145,100,370.4396689,0.002315248,0.592316971,0.004935975,0,0.157827295,0.231495914
random_walk,400,40,120,0,72,0.36,116109.9,3699.358168,100,0.725686875,0.023120989,100,85.64,5.926349311,100,0.713666667,0.049386244,100,40,0,100,49.58411275,1.581676391,100,72.564425,2.312061545,100,369.9358168,0.002312099,0.592634931,0.004938624,0,0.158167639,0.231206155
random_walk,400,40,120,0,73,0.365,116751.71,3701.929288,100,0.729698188,0.023137058,100,86.18,5.932924739,100,0.718166667,0.049441039,100,40,0,100,49.9960306,1.588744322,100,72.96540625,2.313775277,100,370.1929288,0.002313706,0.593292474,0.004944104,0,0.158874432,0.231377528
random_walk,400,40,120,0,74,0.37,117389.48,3685.349506,100,0.73368425,0.023033434,100,86.74,5.838949677,100,0.722833333,0.048657914,100,40,0,100,50.40475939,1.587110482,100,73.36424375,2.303109252,100,368.5349506,0.002303343,0.583894968,0.004865791,0,0.158711048,0.230310925
random_walk,400,40,120,0,75,0.375,118045.87,3709.75895,100,0.737786688,0.023185993,100,87.15,5.701984414,100,0.72625,0.047516537,100,40,0,100,50.80197812,1.603841411,100,73.7746625,2.318470436,100,370.975895,0.002318599,0.570198441,0.004751654,0,0.160384141,0.231847044
random_walk,400,40,120,0,76,0.38,118704.34,3691.474615,100,0.741902125,0.023071716,100,87.74,5.654389553,100,0.731166667,0.047119913,100,40,0,100,51.19273572,1.601179385,100,74.18595,2.307317609,100,369.1474615,0.002307172,0.565438955,0.004711991,0,0.160117938,0.230731761
random_walk,400,40,120,0,77,0.385,119338.53,3705.276046,100,0.745865813,0.023157975,100,88.27,5.604570646,100,0.735583333,0.046704755,100,40,0,100,51.59061657,1.612826821,100,74.582375,2.315317608,100,370.5276046,0.002315798,0.560457065,0.004670476,0,0.161282682,0.231531761
random_walk,400,40,120,0,78,0.39,119964.24,3727.408744,100,0.7497765,0.023296305,100,88.73,5.573847664,100,0.739416667,0.046448731,100,40,0,100,51.98810694,1.626660468,100,74.9736375,2.329431934,100,372.7408744,0.00232963,0.557384766,0.004644873,0,0.162666047,0.232943193
random_walk,400,40,120,0,79,0.395,120574.95,3750.071796,100,0.753593438,0.023437949,100,89.25,5.616309223,100,0.74375,0.046802577,100,40,0,100,52.3880634,1.641110033,100,75.35539375,2.343494482,100,375.0071796,0.002343795,0.561630922,0.004680258,0,0.164111003,0.234349448
random_walk,400,40,120,0,80,0.4,121186.45,3755.285733,100,0.757415312,0.023470536,100,89.69,5.64200516,100,0.747416667,0.04701671,100,40,0,100,52.78327364,1.64783029,100,75.7376375,2.346752283,100,375.5285733,0.002347054,0.564200516,0.004701671,0,0.164783029,0.234675228
random_walk,400,40,120,0,81,0.405,121776.37,3757.041036,100,0.761102312,0.023481506,100,90.17,5.662306701,100,0.751416667,0.047185889,100,40,0,100,53.1836927,1.65361316,100,76.106625,2.348058896,100,375.7041036,0.002348151,0.56623067,0.004718589,0,0.165361316,0.23480589
random_walk,400,40,120,0,82,0.41,122329.4,3765.624506,100,0.76455875,0.023535153,100,90.52,5.571355311,100,0.754333333,0.046427961,100,40,0,100,53.59652545,1.66160593,100,76.45230625,2.353349932,100,376.5624506,0.002353515,0.557135531,0.004642796,0,0.166160593,0.235334993
random_walk,400,40,120,0,83,0.415,122892.49,3781.609567,100,0.768078063,0.02363506,100,90.96,5.5467162,100,0.758,0.046222635,100,40,0,100,54.00146729,1.673010572,100,76.8040125,2.363298134,100,378.1609567,0.002363506,0.55467162,0.004622264,0,0.167301057,0.236329813
random_walk,400,40,120,0,84,0.42,123480.48,3793.154756,100,0.771753,0.023707217,100,91.44,5.401683239,100,0.762,0.045014027,100,40,0,100,54.39163286,1.681882462,100,77.17154375,2.3704038,100,379.3154756,0.002370722,0.540168324,0.004501403,0,0.168188246,0.23704038
random_walk,400,40,120,0,85,0.425,124013.83,3814.75046,100,0.775086438,0.02384219,100,91.9,5.429995256,100,0.765833333,0.04524996,100,40,0,100,54.80263146,1.697668119,100,77.50499375,2.383962939,100,381.475046,0.002384219,0.542999526,0.004524996,0,0.169766812,0.238396294
random_walk,400,40,120,0,86,0.43,124546.63,3807.80481,100,0.778416438,0.02379878,100,92.38,5.27195745,100,0.769833333,0.043932979,100,40,0,100,55.20956628,1.699617041,100,77.8382375,2.380048033,100,380.780481,0.002379878,0.527195745,0.004393298,0,0.169961704,0.238004803
random_walk,400,40,120,0,87,0.435,125072.46,3798.752053,100,0.781702875,0.0237422,100,92.8,5.354126135,100,0.773333333,0.044617718,100,40,0,100,55.61604936,1.700626264,100,78.16684375,2.37450333,100,379.8752053,0.00237422,0.535412613,0.004461772,0,0.170062626,0.237450333
random_walk,400,40,120,0,88,0.44,125602.85,3794.007125,100,0.785017812,0.023712545,100,93.13,5.307998539,100,0.776083333,0.044233321,100,40,0,100,56.01720063,1.703465176,100,78.49853125,2.371121154,100,379.4007125,0.002371254,0.530799854,0.004423332,0,0.170346518,0.237112115
random_walk,400,40,120,0,89,0.445,126135.4,3809.274827,100,0.78834625,0.023807968,100,93.6,5.327648485,100,0.78,0.044397071,100,40,0,100,56.41454867,1.715017305,100,78.83149375,2.380708391,100,380.9274827,0.002380797,0.532764849,0.004439707,0,0.171501731,0.238070839
random_walk,400,40,120,0,90,0.45,126652.14,3801.358906,100,0.791575875,0.023758493,100,93.92,5.258336335,100,0.782666667,0.043819469,100,40,0,100,56.81509784,1.716671742,100,79.154475,2.375898401,100,380.1358906,0.002375849,0.525833633,0.004381947,0,0.171667174,0.23758984
random_walk,400,40,120,0,91,0.455,127157.33,3751.550282,100,0.794733313,0.023447189,100,94.33,5.243668621,100,0.786083333,0.043697239,100,40,0,100,57.21652282,1.700571256,100,79.47008125,2.344974962,100,375.1550282,0.002344719,0.524366862,0.004369724,0,0.170057126,0.234497496
random_walk,400,40,120,0,92,0.46,127654.33,3737.38252,100,0.797839563,0.023358641,100,94.72,5.3050005,100,0.789333333,0.044208337,100,40,0,100,57.61939446,1.699160129,100,79.7808125,2.335840071,100,373.738252,0.002335864,0.53050005,0.004420834,0,0.169916013,0.233584007
random_walk,400,40,120,0,93,0.465,128156.78,3699.095722,100,0.800979875,0.023119348,100,95.03,5.194120608,100,0.791916667,0.043284338,100,40,0,100,58.01585683,1.684646106,100,80.09473125,2.311904573,100,369.9095722,0.002311935,0.519412061,0.004328434,0,0.168464611,0.231190457
random_walk,400,40,120,0,94,0.47,128633.84,3668.901888,100,0.8039615,0.022930637,100,95.37,5.192564614,100,0.79475,0.043271372,100,40,0,100,58.42106253,1.676858451,100,80.3931375,2.29298484,100,366.8901888,0.002293064,0.519256461,0.004327137,0,0.167685845,0.229298484
random_walk,400,40,120,0,95,0.475,129087.11,3642.300327,100,0.806794438,0.022764377,100,95.76,5.148541031,100,0.798,0.042904509,100,40,0,100,58.83419929,1.670796363,100,80.67666875,2.27656368,100,364.2300327,0.002276438,0.514854103,0.004290451,0,0.167079636,0.227656368
random_walk,400,40,120,0,96,0.48,129530.54,3615.064168,100,0.809565875,0.022594151,100,96.13,5.102296967,100,0.801083333,0.042519141,100,40,0,100,59.24910352,1.665011281,100,80.9537625,2.25947359,100,361.5064168,0.002259415,0.510229697,0.004251914,0,0.166501128,0.225947359
random_walk,400,40,120,0,97,0.485,129961.14,3615.152268,100,0.812257125,0.022594702,100,96.58,5.162373583,100,0.804833333,0.04301978,100,40,0,100,59.66767503,1.670831778,100,81.22294375,2.259271312,100,361.5152268,0.00225947,0.516237358,0.004301978,0,0.167083178,0.225927131
random_walk,400,40,120,0,98,0.49,130387.83,3626.896985,100,0.814923938,0.022668106,100,96.94,5.14991419,100,0.807833333,0.042915952,100,40,0,100,60.08555851,1.682012746,100,81.4898125,2.2667488,100,362.6896985,0.002266811,0.514991419,0.004291595,0,0.168201275,0.22667488
random_walk,400,40,120,0,99,0.495,130792.21,3622.562206,100,0.817451313,0.022641014,100,97.28,5.208927845,100,0.810666667,0.043407732,100,40,0,100,60.51058531,1.686673734,100,81.74246875,2.264054597,100,362.2562206,0.002264101,0.520892784,0.004340773,0,0.168667373,0.22640546
random_walk,400,40,120,0,100,0.5,131237.97,3612.949033,100,0.820237313,0.022580931,100,97.61,5.167683184,100,0.813416667,0.043064027,100,40,0,100,60.91351482,1.687715572,100,82.02103125,2.258193381,100,361.2949033,0.002258093,0.516768318,0.004306403,0,0.168771557,0.225819338
random_walk,400,40,120,0,101,0.505,131651.53,3616.453546,100,0.822822063,0.022602835,100,97.89,5.17354381,100,0.81575,0.043112865,100,40,0,100,61.32911893,1.695462264,100,82.2795375,2.260111648,100,361.6453546,0.002260283,0.517354381,0.004311287,0,0.169546226,0.226011165
random_walk,400,40,120,0,102,0.51,132071.95,3612.124964,100,0.825449687,0.022575781,100,98.31,5.076575239,100,0.81925,0.042304794,100,40,0,100,61.73888874,1.700129741,100,82.5424,2.257660613,100,361.2124964,0.002257578,0.507657524,0.004230479,0,0.170012974,0.225766061
random_walk,400,40,120,0,103,0.515,132474.98,3602.588183,100,0.827968625,0.022516176,100,98.58,5.025550877,100,0.8215,0.041879591,100,40,0,100,62.15403212,1.703558992,100,82.79448125,2.251492328,100,360.2588183,0.002251618,0.502555088,0.004187959,0,0.170355899,0.225149233
random_walk,400,40,120,0,104,0.52,132851.03,3584.209628,100,0.830318938,0.02240131,100,98.83,4.913504376,100,0.823583333,0.04094587,100,40,0,100,62.57909631,1.702440748,100,83.0294875,2.240174928,100,358.4209628,0.002240131,0.491350438,0.004094587,0,0.170244075,0.224017493
random_walk,400,40,120,0,105,0.525,133200.95,3584.567955,100,0.832505937,0.02240355,100,99.14,5.021207549,100,0.826166667,0.041843396,100,40,0,100,63.01464823,1.710156458,100,83.248425,2.240257007,100,358.4567955,0.002240355,0.502120755,0.00418434,0,0.171015646,0.224025701
random_walk,400,40,120,0,106,0.53,133549.15,3588.513278,100,0.834682188,0.022428208,100,99.39,5.03100488,100,0.82825,0.041925041,100,40,0,100,63.44887324,1.71959624,100,83.46588125,2.242892293,100,358.8513278,0.002242821,0.503100488,0.004192504,0,0.171959624,0.224289229
random_walk,400,40,120,0,107,0.535,133935.55,3594.266684,100,0.837097188,0.022464167,100,99.66,5.071648269,100,0.8305,0.042263736,100,40,0,100,63.86257306,1.728540609,100,83.70738125,2.24645777,100,359.4266684,0.002246417,0.507164827,0.004226374,0,0.172854061,0.224645777
random_walk,400,40,120,0,108,0.54,134319.99,3587.879426,100,0.839499938,0.022424246,100,99.95,5.077928075,100,0.832916667,0.042316067,100,40,0,100,64.27451755,1.731263352,100,83.94766875,2.24249072,100,358.7879426,0.002242425,0.507792808,0.004231607,0,0.173126335,0.224249072
random_walk,400,40,120,0,109,0.545,134682.38,3582.563457,100,0.841764875,0.022391022,100,100.25,4.944898402,100,0.835416667,0.041207487,100,40,0,100,64.69465125,1.734537902,100,84.17419375,2.239246734,100,358.2563457,0.002239102,0.49448984,0.004120749,0,0.17345379,0.223924673
random_walk,400,40,120,0,110,0.55,135051.19,3571.522112,100,0.844069938,0.022322013,100,100.56,4.895514335,100,0.838,0.040795953,100,40,0,100,65.10939006,1.735601441,100,84.40481875,2.232430147,100,357.1522112,0.002232201,0.489551434,0.004079595,0,0.173560144,0.223243015
random_walk,400,40,120,0,111,0.555,135409.1,3562.906297,100,0.846306875,0.022268164,100,100.85,4.835422746,100,0.840416667,0.04029519,100,40,0,100,65.52717137,1.736850061,100,84.62825,2.226847817,100,356.2906297,0.002226816,0.483542275,0.004029519,0,0.173685006,0.222684782
random_walk,400,40,120,0,112,0.56,135793.84,3580.604178,100,0.8487115,0.022378776,100,101.13,4.920899565,100,0.84275,0.041007496,100,40,0,100,65.93047498,1.751304396,100,84.86901875,2.237735632,100,358.0604178,0.002237878,0.492089956,0.00410075,0,0.17513044,0.223773563
random_walk,400,40,120,0,113,0.565,136144.97,3570.853822,100,0.850906063,0.022317836,100,101.4,4.919554878,100,0.845,0.040996291,100,40,0,100,66.34708151,1.75218294,100,85.088475,2.231854338,100,357.0853822,0.002231784,0.491955488,0.004099629,0,0.175218294,0.223185434
random_walk,400,40,120,0,114,0.57,136490.86,3564.939338,100,0.853067875,0.022280871,100,101.74,4.768626425,100,0.847833333,0.039738554,100,40,0,100,66.76408449,1.755361276,100,85.3046,2.22795337,100,356.4939338,0.002228087,0.476862642,0.003973855,0,0.175536128,0.222795337
random_walk,400,40,120,0,115,0.575,136851.6,3554.922756,100,0.8553225,0.022218267,100,102.02,4.709714868,100,0.850166667,0.039247624,100,40,0,100,67.1716111,1.756688412,100,85.53015625,2.221601764,100,355.4922756,0.002221827,0.470971487,0.003924762,0,0.175668841,0.222160176
random_walk,400,40,120,0,116,0.58,137204.73,3535.985791,100,0.857529563,0.022099911,100,102.23,4.720158789,100,0.851916667,0.039334657,100,40,0,100,67.58055782,1.753174877,100,85.7507125,2.209982785,100,353.5985791,0.002209991,0.472015879,0.003933466,0,0.175317488,0.220998279
random_walk,400,40,120,0,117,0.585,137530.52,3500.132784,100,0.85956575,0.02187583,100,102.5,4.721538869,100,0.854166667,0.039346157,100,40,0,100,68.00049244,1.741974753,100,85.95450625,2.187618731,100,350.0132784,0.002187583,0.472153887,0.003934616,0,0.174197475,0.218761873
random_walk,400,40,120,0,118,0.59,137878.01,3479.058161,100,0.861737563,0.021744114,100,102.83,4.690534203,100,0.856916667,0.039087785,100,40,0,100,68.4080717,1.737603106,100,86.1718875,2.174515431,100,347.9058161,0.002174411,0.46905342,0.003908779,0,0.173760311,0.217451543
random_walk,400,40,120,0,119,0.595,138202.49,3451.251989,100,0.863765562,0.021570325,100,103.02,4.657957241,100,0.8585,0.03881631,100,40,0,100,68.8248834,1.730123074,100,86.3744375,2.156891658,100,345.1251989,0.002157032,0.465795724,0.003881631,0,0.173012307,0.215689166
random_walk,400,40,120,0,120,0.6,138503.35,3435.194969,100,0.865645938,0.021469969,100,103.25,4.577889329,100,0.860416667,0.038149078,100,40,0,100,69.25193531,1.729239162,100,86.56254375,2.147088729,100,343.5194969,0.002146997,0.457788933,0.003814908,0,0.172923916,0.214708873
random_walk,400,40,120,0,121,0.605,138806.18,3411.681944,100,0.867538625,0.021323012,100,103.47,4.639433525,100,0.86225,0.038661946,100,40,0,100,69.67597639,1.723440689,100,86.751925,2.132381001,100,341.1681944,0.002132301,0.463943353,0.003866195,0,0.172344069,0.2132381
random_walk,400,40,120,0,122,0.61,139094.8,3394.055722,100,0.8693425,0.021212848,100,103.8,4.581473452,100,0.865,0.038178945,100,40,0,100,70.10552086,1.721732532,100,86.9326375,2.121411614,100,339.4055722,0.002121285,0.458147345,0.003817895,0,0.172173253,0.212141161
random_walk,400,40,120,0,123,0.615,139374.34,3386.533612,100,0.871089625,0.021165835,100,103.87,4.615859792,100,0.865583333,0.038465498,100,40,0,100,70.53803879,1.725921922,100,87.10693125,2.116579909,100,338.6533612,0.002116584,0.461585979,0.00384655,0,0.172592192,0.211657991
random_walk,400,40,120,0,124,0.62,139660.39,3386.45682,100,0.872877438,0.021165355,100,104.12,4.568844869,100,0.867666667,0.038073707,100,40,0,100,70.96571124,1.733062673,100,87.2858375,2.116454957,100,338.645682,0.002116536,0.456884487,0.003807371,0,0.173306267,0.211645496
random_walk,400,40,120,0,125,0.625,139947.34,3367.999263,100,0.874670875,0.021049995,100,104.29,4.566666667,100,0.869083333,0.038055556,100,40,0,100,71.39057485,1.730544033,100,87.465325,2.104915064,100,336.7999263,0.002105,0.456666667,0.003805556,0,0.173054403,0.210491506
random_walk,400,40,120,0,126,0.63,140217.52,3372.6871,100,0.8763595,0.021079294,100,104.45,4.569054894,100,0.870416667,0.038075457,100,40,0,100,71.82293823,1.740522158,100,87.63430625,2.107859215,100,337.26871,0.002107929,0.456905489,0.003807546,0,0.174052216,0.210785921
random_walk,400,40,120,0,127,0.635,140476.51,3372.431124,100,0.877978188,0.021077695,100,104.68,4.485397182,100,0.872333333,0.03737831,100,40,0,100,72.25929286,1.747460855,100,87.79620625,2.107782039,100,337.2431124,0.002107769,0.448539718,0.003737831,0,0.174746085,0.210778204
random_walk,400,40,120,0,128,0.64,140740.92,3380.416646,100,0.87963075,0.021127604,100,104.85,4.448073014,100,0.87375,0.037067275,100,40,0,100,72.69149052,1.758432227,100,87.96130625,2.112762328,100,338.0416646,0.00211276,0.444807301,0.003706728,0,0.175843223,0.211276233
random_walk,400,40,120,0,129,0.645,141013.67,3355.23415,100,0.881335438,0.020970213,100,105.05,4.409299172,100,0.875416667,0.03674416,100,40,0,100,73.11687314,1.751660602,100,88.13180625,2.097001636,100,335.523415,0.002097021,0.440929917,0.003674416,0,0.17516606,0.209700164
random_walk,400,40,120,0,130,0.65,141277.53,3345.749984,100,0.882984563,0.020910937,100,105.19,4.345426017,100,0.876583333,0.036211883,100,40,0,100,73.54565654,1.753838033,100,88.296775,2.091145587,100,334.5749984,0.002091094,0.434542602,0.003621188,0,0.175383803,0.209114559
random_walk,400,40,120,0,131,0.655,141533.94,3325.878108,100,0.884587125,0.020786738,100,105.46,4.356395508,100,0.878833333,0.036303296,100,40,0,100,73.97643467,1.749507776,100,88.457225,2.078765275,100,332.5878108,0.002078674,0.435639551,0.00363033,0,0.174950778,0.207876527
random_walk,400,40,120,0,132,0.66,141793.37,3330.934982,100,0.886208563,0.020818344,100,105.66,4.328015385,100,0.8805,0.036066795,100,40,0,100,74.40468948,1.759289085,100,88.6193625,2.081750133,100,333.0934982,0.002081834,0.432801538,0.003606679,0,0.175928909,0.208175013
random_walk,400,40,120,0,133,0.665,142043.09,3325.331213,100,0.887769313,0.02078332,100,105.91,4.351001278,100,0.882583333,0.036258344,100,40,0,100,74.83628482,1.763470818,100,88.77540625,2.07828792,100,332.5331213,0.002078332,0.435100128,0.003625834,0,0.176347082,0.207828792
random_walk,400,40,120,0,134,0.67,142286.76,3321.971467,100,0.88929225,0.020762322,100,106.05,4.323707257,100,0.88375,0.036030894,100,40,0,100,75.26963386,1.768602949,100,88.92785,2.076146025,100,332.1971467,0.002076232,0.432370726,0.003603089,0,0.176860295,0.207614603
random_walk,400,40,120,0,135,0.675,142527.78,3316.33538,100,0.890798625,0.020727096,100,106.22,4.349805522,100,0.885166667,0.036248379,100,40,0,100,75.7028902,1.772901741,100,89.0785375,2.072725825,100,331.633538,0.00207271,0.434980552,0.003624838,0,0.177290174,0.207272583
random_walk,400,40,120,0,136,0.68,142764.68,3300.168465,100,0.89227925,0.020626053,100,106.44,4.274235711,100,0.887,0.035618631,100,40,0,100,76.13664459,1.771468922,100,89.2265125,2.062645926,100,330.0168465,0.002062605,0.427423571,0.003561863,0,0.177146892,0.206264593
random_walk,400,40,120,0,137,0.685,142986.77,3291.599743,100,0.893667313,0.020572498,100,106.62,4.227805984,100,0.8885,0.035231717,100,40,0,100,76.57701497,1.774397289,100,89.3651875,2.057284764,100,329.1599743,0.00205725,0.422780598,0.003523172,0,0.177439729,0.205728476
random_walk,400,40,120,0,138,0.69,143235.57,3288.850443,100,0.895222313,0.020555315,100,106.84,4.270452866,100,0.890333333,0.035587107,100,40,0,100,77.00181866,1.78022297,100,89.52079375,2.055554874,100,328.8850443,0.002055532,0.427045287,0.003558711,0,0.178022297,0.205555487
random_walk,400,40,120,0,139,0.695,143474.32,3290.35541,100,0.8967145,0.020564721,100,107.04,4.24006861,100,0.892,0.035333905,100,40,0,100,77.43063744,1.788747299,100,89.670025,2.056458286,100,329.035541,0.002056472,0.424006861,0.003533391,0,0.17887473,0.205645829
random_walk,400,40,120,0,140,0.7,143712.54,3278.948197,100,0.898203375,0.020493426,100,107.19,4.128479555,100,0.89325,0.034403996,100,40,0,100,77.8579426,1.789371707,100,89.81893125,2.049312071,100,327.8948197,0.002049343,0.412847955,0.0034404,0,0.178937171,0.204931207
random_walk,400,40,120,0,141,0.705,143946.82,3263.919892,100,0.899667625,0.020399499,100,107.46,4.108183506,100,0.8955,0.034234863,100,40,0,100,78.28593956,1.788306957,100,89.965275,2.040004412,100,326.3919892,0.00203995,0.410818351,0.003423486,0,0.178830696,0.204000441
random_walk,400,40,120,0,142,0.71,144170.64,3235.981788,100,0.9010665,0.020224886,100,107.62,4.079463225,100,0.896833333,0.033995527,100,40,0,100,78.71791085,1.78002448,100,90.1054125,2.022399518,100,323.5981788,0.002022489,0.407946322,0.003399553,0,0.178002448,0.202239952
random_walk,400,40,120,0,143,0.715,144395.43,3223.38587,100,0.902471438,0.020146162,100,107.82,4.053630372,100,0.8985,0.033780253,100,40,0,100,79.14840325,1.780374583,100,90.24574375,2.014561816,100,322.338587,0.002014616,0.405363037,0.003378025,0,0.178037458,0.201456182
random_walk,400,40,120,0,144,0.72,144618.03,3198.897071,100,0.903862688,0.019993107,100,108.01,4.0188822,100,0.900083333,0.033490685,100,40,0,100,79.5784946,1.774218929,100,90.38494375,1.999341478,100,319.8897071,0.001999311,0.40188822,0.003349069,0,0.177421893,0.199934148
random_walk,400,40,120,0,145,0.725,144816.06,3192.884256,100,0.905100375,0.019955527,100,108.16,3.968868755,100,0.901333333,0.033073906,100,40,0,100,80.02134392,1.778595634,100,90.5088,1.995695096,100,319.2884256,0.001995553,0.396886875,0.003307391,0,0.177859563,0.19956951
random_walk,400,40,120,0,146,0.73,145022.95,3178.036931,100,0.906393437,0.019862731,100,108.32,3.994642877,100,0.902666667,0.033288691,100,40,0,100,80.45778152,1.777589779,100,90.63801875,1.986271687,100,317.8036931,0.001986273,0.399464288,0.003328869,0,0.177758978,0.198627169
random_walk,400,40,120,0,147,0.735,145219.41,3158.692186,100,0.907621313,0.019741826,100,108.5,3.975937727,100,0.904166667,0.033132814,100,40,0,100,80.89869128,1.774139509,100,90.76095,1.974221716,100,315.8692186,0.001974183,0.397593773,0.003313281,0,0.177413951,0.197422172
random_walk,400,40,120,0,148,0.74,145400.36,3162.05072,100,0.90875225,0.019762817,100,108.61,3.994680807,100,0.905083333,0.033289007,100,40,0,100,81.34767036,1.784134671,100,90.87389375,1.976338188,100,316.205072,0.001976282,0.399468081,0.003328901,0,0.178413467,0.197633819
random_walk,400,40,120,0,149,0.745,145581.01,3150.767684,100,0.909881312,0.019692298,100,108.77,3.974298744,100,0.906416667,0.033119156,100,40,0,100,81.79538694,1.786355341,100,90.9871,1.969256189,100,315.0767684,0.00196923,0.397429874,0.003311916,0,0.178635534,0.196925619
random_walk,400,40,120,0,150,0.75,145753.61,3127.561931,100,0.910960063,0.019547262,100,108.92,3.930404662,100,0.907666667,0.032753372,100,40,0,100,82.24619895,1.780898578,100,91.09476875,1.954719237,100,312.7561931,0.001954726,0.393040466,0.003275337,0,0.178089858,0.195471924
random_walk,400,40,120,0,151,0.755,145932.32,3114.356937,100,0.912077,0.019464731,100,109.08,3.968766951,100,0.909,0.033073058,100,40,0,100,82.6927176,1.781186499,100,91.20645,1.946547353,100,311.4356937,0.001946473,0.396876695,0.003307306,0,0.17811865,0.194654735
random_walk,400,40,120,0,152,0.76,146099.12,3102.986956,100,0.9131195,0.019393668,100,109.22,3.893999528,100,0.910166667,0.032449996,100,40,0,100,83.14498791,1.782011347,100,91.3108,1.939415832,100,310.2986956,0.001939367,0.389399953,0.003245,0,0.178201135,0.193941583
random_walk,400,40,120,0,153,0.765,146275.42,3077.881021,100,0.914221375,0.019236756,100,109.37,3.89937835,100,0.911416667,0.03249482,100,40,0,100,83.59051644,1.77547345,100,91.421125,1.9238099,100,307.7881021,0.001923676,0.389937835,0.003249482,0,0.177547345,0.19238099
random_walk,400,40,120,0,154,0.77,146454.04,3062.072002,100,0.91533775,0.01913795,100,109.52,3.927319491,100,0.912666667,0.032727662,100,40,0,100,84.03383359,1.773635049,100,91.5327625,1.913888037,100,306.2072002,0.001913795,0.392731949,0.003272766,0,0.177363505,0.191388804
random_walk,400,40,120,0,155,0.775,146632.01,3054.160969,100,0.916450062,0.019088506,100,109.67,3.84827129,100,0.913916667,0.032068927,100,40,0,100,84.47660525,1.776229884,100,91.64404375,1.908883213,100,305.4160969,0.001908851,0.384827129,0.003206893,0,0.177622988,0.190888321
random_walk,400,40,120,0,156,0.78,146805.38,3041.920631,100,0.917533625,0.019012004,100,109.84,3.836875833,100,0.915333333,0.031973965,100,40,0,100,84.92077918,1.776029381,100,91.75235625,1.901192844,100,304.1920631,0.0019012,0.383687583,0.003197397,0,0.177602938,0.190119284
random_walk,400,40,120,0,157,0.785,146982.92,3046.010561,100,0.91864325,0.019037566,100,109.96,3.792390041,100,0.916333333,0.03160325,100,40,0,100,85.36198846,1.785884902,100,91.863325,1.903710237,100,304.6010561,0.001903757,0.379239004,0.003160325,0,0.17858849,0.190371024
random_walk,400,40,120,0,158,0.79,147143.15,3045.181013,100,0.919644688,0.019032381,100,110.13,3.764949998,100,0.91775,0.031374583,100,40,0,100,85.81193291,1.79365838,100,91.963375,1.90339929,100,304.5181013,0.001903238,0.376495,0.003137458,0,0.179365838,0.190339929
random_walk,400,40,120,0,159,0.795,147301.67,3020.19706,100,0.920635438,0.018876232,100,110.2,3.752440283,100,0.918333333,0.031270336,100,40,0,100,86.26147508,1.786304201,100,92.062525,1.887708514,100,302.019706,0.001887623,0.375244028,0.003127034,0,0.17863042,0.188770851
random_walk,400,40,120,0,160,0.8,147468.72,3001.122723,100,0.9216795,0.018757017,100,110.3,3.767216372,100,0.919166667,0.03139347,100,40,0,100,86.7051217,1.782505164,100,92.16689375,1.875929099,100,300.1122723,0.001875702,0.376721637,0.003139347,0,0.178250516,0.18759291
random_walk,400,40,120,0,161,0.805,147632.26,2986.213648,100,0.922701625,0.018663835,100,110.43,3.731533657,100,0.92025,0.031096114,100,40,0,100,87.14993525,1.780543179,100,92.26925625,1.866370383,100,298.6213648,0.001866384,0.373153366,0.003109611,0,0.178054318,0.186637038
random_walk,400,40,120,0,162,0.81,147800.04,2963.574936,100,0.92375025,0.018522343,100,110.6,3.668043819,100,0.921666667,0.030567032,100,40,0,100,87.59114962,1.774181332,100,92.3738875,1.852190549,100,296.3574936,0.001852234,0.366804382,0.003056703,0,0.177418133,0.185219055
random_walk,400,40,120,0,163,0.815,147962.41,2956.424325,100,0.924765063,0.018477652,100,110.7,3.655630775,100,0.9225,0.03046359,100,40,0,100,88.03493141,1.777030726,100,92.47558125,1.847812553,100,295.6424325,0.001847765,0.365563078,0.003046359,0,0.177703073,0.184781255
random_walk,400,40,120,0,164,0.82,148115.8,2942.116413,100,0.92572375,0.018388228,100,110.79,3.613373029,100,0.92325,0.030111442,100,40,0,100,88.4828362,1.775463765,100,92.5714375,1.838959518,100,294.2116413,0.001838823,0.361337303,0.003011144,0,0.177546377,0.183895952
random_walk,400,40,120,0,165,0.825,148261.67,2938.743554,100,0.926635438,0.018367147,100,110.91,3.621191835,100,0.92425,0.030176599,100,40,0,100,88.93462943,1.780760014,100,92.6625625,1.836823298,100,293.8743554,0.001836715,0.362119183,0.00301766,0,0.178076001,0.18368233
random_walk,400,40,120,0,166,0.83,148410.47,2937.379628,100,0.927565438,0.018358623,100,111,3.648716393,100,0.925,0.03040597,100,40,0,100,89.38392007,1.786845554,100,92.7555875,1.836022384,100,293.7379628,0.001835862,0.364871639,0.003040597,0,0.178684555,0.183602238
random_walk,400,40,120,0,167,0.835,148554.12,2923.779657,100,0.92846325,0.018273623,100,111.11,3.584182422,100,0.925916667,0.029868187,100,40,0,100,89.83502781,1.785076082,100,92.84534375,1.827635989,100,292.3779657,0.001827362,0.358418242,0.002986819,0,0.178507608,0.182763599
random_walk,400,40,120,0,168,0.84,148711.3,2888.507141,100,0.929445625,0.01805317,100,111.24,3.587633079,100,0.927,0.029896942,100,40,0,100,90.27636588,1.769759511,100,92.94364375,1.805495753,100,288.8507141,0.001805317,0.358763308,0.002989694,0,0.176975951,0.180549575
random_walk,400,40,120,0,169,0.845,148847.52,2878.207472,100,0.930297,0.017988797,100,111.32,3.589772228,100,0.927666667,0.029914769,100,40,0,100,90.73024659,1.770631798,100,93.0287375,1.799113249,100,287.8207472,0.00179888,0.358977223,0.002991477,0,0.17706318,0.179911325
random_walk,400,40,120,0,170,0.85,148986.58,2858.595216,100,0.931166125,0.01786622,100,111.42,3.570869798,100,0.9285,0.029757248,100,40,0,100,91.18139448,1.765393369,100,93.11565625,1.786845448,100,285.8595216,0.001786622,0.35708698,0.002975725,0,0.176539337,0.178684545
random_walk,400,40,120,0,171,0.855,149131.28,2839.701454,100,0.9320705,0.017748134,100,111.57,3.582378308,100,0.92975,0.029853153,100,40,0,100,91.62818066,1.760501967,100,93.20609375,1.774997822,100,283.9701454,0.001774813,0.358237831,0.002985315,0,0.176050197,0.177499782
random_walk,400,40,120,0,172,0.86,149274.99,2835.093961,100,0.932968688,0.017719337,100,111.67,3.564853688,100,0.930583333,0.029707114,100,40,0,100,92.07506555,1.764173717,100,93.2958875,1.771972386,100,283.5093961,0.001771934,0.356485369,0.002970711,0,0.176417372,0.177197239
random_walk,400,40,120,0,173,0.865,149406.66,2842.271034,100,0.933791625,0.017764194,100,111.77,3.567119767,100,0.931416667,0.029725998,100,40,0,100,92.52884958,1.775692418,100,93.3783375,1.77651867,100,284.2271034,0.001776419,0.356711977,0.0029726,0,0.177569242,0.177651867
random_walk,400,40,120,0,174,0.87,149550.76,2841.360935,100,0.93469225,0.017758506,100,111.9,3.557606732,100,0.9325,0.029646723,100,40,0,100,92.97391651,1.781761272,100,93.4682875,1.776045655,100,284.1360935,0.001775851,0.355760673,0.002964672,0,0.178176127,0.177604565
random_walk,400,40,120,0,175,0.875,149691.1,2832.570658,100,0.935569375,0.017703567,100,112.02,3.48729295,100,0.9335,0.029060775,100,40,0,100,93.42038184,1.78305847,100,93.55610625,1.770449071,100,283.2570658,0.001770357,0.348729295,0.002906077,0,0.178305847,0.177044907
random_walk,400,40,120,0,176,0.88,149823.75,2825.996888,100,0.936398438,0.017662481,100,112.1,3.511884584,100,0.934166667,0.029265705,100,40,0,100,93.87083264,1.786111262,100,93.6388875,1.766236099,100,282.5996888,0.001766248,0.351188458,0.00292657,0,0.178611126,0.17662361
random_walk,400,40,120,0,177,0.885,149956.06,2815.74521,100,0.937225375,0.017598408,100,112.24,3.435171617,100,0.935333333,0.02862643,100,40,0,100,94.32062271,1.787156316,100,93.72179375,1.760065479,100,281.574521,0.001759841,0.343517162,0.002862643,0,0.178715632,0.176006548
random_walk,400,40,120,0,178,0.89,150079.46,2803.492128,100,0.937996625,0.017521826,100,112.37,3.404260551,100,0.936416667,0.028368838,100,40,0,100,94.77532452,1.787018251,100,93.79894375,1.752313173,100,280.3492128,0.001752183,0.340426055,0.002836884,0,0.178701825,0.175231317
random_walk,400,40,120,0,179,0.895,150198.39,2786.899316,100,0.938739938,0.017418121,100,112.46,3.39167132,100,0.937166667,0.028263928,100,40,0,100,95.23197799,1.783897026,100,93.87311875,1.742032903,100,278.6899316,0.001741812,0.339167132,0.002826393,0,0.178389703,0.17420329
random_walk,400,40,120,0,180,0.9,150323.49,2772.611333,100,0.939521813,0.017328821,100,112.57,3.385217418,100,0.938083333,0.028210145,100,40,0,100,95.68395717,1.781942324,100,93.95135,1.733001249,100,277.2611333,0.001732882,0.338521742,0.002821015,0,0.178194232,0.173300125
random_walk,400,40,120,0,181,0.905,150444.49,2761.280103,100,0.940278063,0.017258001,100,112.68,3.437405646,100,0.939,0.028645047,100,40,0,100,96.13787667,1.781926659,100,94.02703125,1.725930687,100,276.1280103,0.0017258,0.343740565,0.002864505,0,0.178192666,0.172593069
random_walk,400,40,120,0,182,0.91,150563.86,2747.819268,100,0.941024125,0.01717387,100,112.73,3.42850499,100,0.939416667,0.028570875,100,40,0,100,96.59210004,1.780485704,100,94.10154375,1.717540294,100,274.7819268,0.001717387,0.342850499,0.002857087,0,0.17804857,0.171754029
random_walk,400,40,120,0,183,0.915,150676.95,2726.106786,100,0.941730938,0.017038167,100,112.82,3.427105266,100,0.940166667,0.028559211,100,40,0,100,97.04939444,1.773776891,100,94.1724875,1.703986775,100,272.6106786,0.001703817,0.342710527,0.002855921,0,0.177377689,0.170398677
random_walk,400,40,120,0,184,0.92,150800.27,2716.229375,100,0.942501688,0.016976434,100,112.93,3.373260869,100,0.941083333,0.028110507,100,40,0,100,97.49974647,1.774666886,100,94.24943125,1.69779608,100,271.6229375,0.001697643,0.337326087,0.002811051,0,0.177466689,0.169779608
random_walk,400,40,120,0,185,0.925,150912.73,2707.274513,100,0.943204563,0.016920466,100,113.02,3.33024099,100,0.941833333,0.027752008,100,40,0,100,97.95635799,1.776136525,100,94.3197375,1.692171849,100,270.7274513,0.001692047,0.333024099,0.002775201,0,0.177613653,0.169217185
random_walk,400,40,120,0,186,0.93,151025.78,2696.219821,100,0.943911125,0.016851374,100,113.08,3.32933093,100,0.942333333,0.027744424,100,40,0,100,98.41190826,1.776870897,100,94.3903875,1.685147677,100,269.6219821,0.001685137,0.332933093,0.002774442,0,0.17768709,0.168514768
random_walk,400,40,120,0,187,0.935,151133.13,2695.147175,100,0.944582063,0.01684467,100,113.21,3.306849335,100,0.943416667,0.027557078,100,40,0,100,98.87072234,1.783545979,100,94.457475,1.684600919,100,269.5147175,0.001684467,0.330684934,0.002755708,0,0.178354598,0.168460092
random_walk,400,40,120,0,188,0.94,151242.77,2692.62449,100,0.945267313,0.016828903,100,113.31,3.292768324,100,0.94425,0.027439736,100,40,0,100,99.32729767,1.788709874,100,94.52610625,1.683096611,100,269.262449,0.00168289,0.329276832,0.002743974,0,0.178870987,0.168309661
random_walk,400,40,120,0,189,0.945,151350.6,2679.46687,100,0.94594125,0.016746668,100,113.37,3.271100887,100,0.94475,0.027259174,100,40,0,100,99.78420455,1.786752404,100,94.59340625,1.674926699,100,267.946687,0.001674667,0.327110089,0.002725917,0,0.17867524,0.16749267
random_walk,400,40,120,0,190,0.95,151460.08,2666.136185,100,0.9466255,0.016663351,100,113.46,3.217439851,100,0.9455,0.026811999,100,40,0,100,100.2393749,1.785217856,100,94.66188125,1.666506866,100,266.6136185,0.001666335,0.321743985,0.0026812,0,0.178521786,0.166650687
random_walk,400,40,120,0,191,0.955,151566.36,2652.67912,100,0.94728975,0.016579245,100,113.52,3.227032286,100,0.946,0.026891936,100,40,0,100,100.6960911,1.783468838,100,94.72834375,1.658031033,100,265.267912,0.001657924,0.322703229,0.002689194,0,0.178346884,0.165803103
random_walk,400,40,120,0,192,0.96,151669.64,2644.02156,100,0.94793525,0.016525135,100,113.59,3.235207205,100,0.946583333,0.02696006,100,40,0,100,101.1542271,1.784886472,100,94.79284375,1.652667443,100,264.402156,0.001652513,0.32352072,0.002696006,0,0.178488647,0.165266744
random_walk,400,40,120,0,193,0.965,151765.2,2639.506037,100,0.9485325,0.016496913,100,113.66,3.226218351,100,0.947166667,0.026885153,100,40,0,100,101.6169368,1.788258207,100,94.85260625,1.649889942,100,263.9506037,0.001649691,0.322621835,0.002688515,0,0.178825821,0.164988994
random_walk,400,40,120,0,194,0.97,151859.87,2634.453983,100,0.949124188,0.016465337,100,113.76,3.19760011,100,0.948,0.026646668,100,40,0,100,102.0796766,1.791898931,100,94.91181875,1.646684317,100,263.4453983,0.001646534,0.319760011,0.002664667,0,0.179189893,0.164668432
random_walk,400,40,120,0,195,0.975,151952.21,2636.955489,100,0.949701312,0.016480972,100,113.83,3.194234073,100,0.948583333,0.026618617,100,40,0,100,102.5436461,1.800909867,100,94.969575,1.648196661,100,263.6955489,0.001648097,0.319423407,0.002661862,0,0.180090987,0.164819666
random_walk,400,40,120,0,196,0.98,152056.1,2628.566093,100,0.950350625,0.016428538,100,113.9,3.163874367,100,0.949166667,0.02636562,100,40,0,100,102.9989291,1.802699826,100,95.03435625,1.642857569,100,262.8566093,0.001642854,0.316387437,0.002636562,0,0.180269983,0.164285757
random_walk,400,40,120,0,197,0.985,152158.36,2620.501458,100,0.95098975,0.016378134,100,113.96,3.165214978,100,0.949666667,0.026376791,100,40,0,100,103.4546661,1.804374082,100,95.09833125,1.637939323,100,262.0501458,0.001637813,0.316521498,0.002637679,0,0.180437408,0.163793932
random_walk,400,40,120,0,198,0.99,152253.86,2605.21144,100,0.951586625,0.016282571,100,114,3.146266025,100,0.95,0.026218884,100,40,0,100,103.9142205,1.801493779,100,95.15803125,1.628471191,100,260.521144,0.001628257,0.314626602,0.002621888,0,0.180149378,0.162847119
random_walk,400,40,120,0,199,0.995,152349.5,2586.907773,100,0.952184375,0.016168174,100,114.07,3.06908666,100,0.950583333,0.025575722,100,40,0,100,104.3730356,1.796732621,100,95.21783125,1.616857364,100,258.6907773,0.001616817,0.306908666,0.002557572,0,0.179673262,0.161685736
random_walk,400,40,120,0,200,1,152436.54,2564.581177,100,0.952728375,0.016028632,100,114.12,3.019398562,100,0.951,0.025161655,100,40,0,100,104.8370969,1.788661085,100,95.2722375,1.602992846,100,256.4581177,0.001602863,0.301939856,0.002516165,0,0.178866109,0.160299285
random_walk,450,45,135,0,0,0,0,0,100,0,0,100,0,0,100,0,0,100,45,0,100,0,0,100,0,0,100,0,0,0,0,0,0,0
random_walk,450,45,135,0,1,0.005,7524.94,240.2368284,100,0.037160198,0.001186355,100,5.37,2.427348389,100,0.039777778,0.017980358,100,45,0,100,13.45163958,0.434103858,100,3.690933333,0.118466132,100,24.02368284,0.000118635,0.242734839,0.001798036,0,0.043410386,0.011846613
random_walk,450,45,135,0,2,0.01,12740.58,431.2313396,100,0.062916444,0.002129537,100,8.4,2.759739411,100,0.062222222,0.020442514,100,45,0,100,15.89105517,0.534765125,100,6.270395062,0.212767645,100,43.12313396,0.000212954,0.275973941,0.002044251,0,0.053476513,0.021276764
random_walk,450,45,135,0,3,0.015,17406.31,542.5444858,100,0.085957086,0.002679232,100,11.73,3.174567496,100,0.086888889,0.023515315,100,45,0,100,17.44441341,0.542324541,100,8.576271605,0.267081491,100,54.25444858,0.000267923,0.31745675,0.002351531,0,0.054232454,0.026708149
random_walk,450,45,135,0,4,0.02,21758.45,644.0220583,100,0.107449136,0.003180356,100,14.61,3.360179769,100,0.108222222,0.024890221,100,45,0,100,18.60481797,0.548064176,100,10.72679506,0.317190189,100,64.40220583,0.000318036,0.336017977,0.002489022,0,0.054806418,0.031719019
random_walk,450,45,135,0,5,0.025,25831.75,749.584752,100,0.127564198,0.003701653,100,17.11,3.79498606,100,0.126740741,0.028111008,100,45,0,100,19.58817576,0.571679634,100,12.73881975,0.36992958,100,74.9584752,0.000370165,0.379498606,0.002811101,0,0.057167963,0.036992958
random_walk,450,45,135,0,6,0.03,29694.2,820.8824028,100,0.146638025,0.00405374,100,19.75,4.238770071,100,0.146296296,0.031398297,100,45,0,100,20.44651221,0.568359858,100,14.64761975,0.405133895,100,82.08824028,0.000405374,0.423877007,0.00313983,0,0.056835986,0.04051339
random_walk,450,45,135,0,7,0.035,33321.89,911.2464313,100,0.164552543,0.004499982,100,22.28,4.517262065,100,0.165037037,0.0334612,100,45,0,100,21.25692871,0.585137701,100,16.43937778,0.449339825,100,91.12464313,0.000449998,0.451726207,0.00334612,0,0.05851377,0.044933982
random_walk,450,45,135,0,8,0.04,36812.82,993.9261133,100,0.181791704,0.004908277,100,24.19,4.460137698,100,0.179185185,0.033038057,100,45,0,100,21.98946023,0.593373855,100,18.16413827,0.490884108,100,99.39261133,0.000490828,0.44601377,0.003303806,0,0.059337385,0.049088411
random_walk,450,45,135,0,9,0.045,40160.26,1123.850323,100,0.198322272,0.005549878,100,26.26,4.571806442,100,0.194518519,0.033865233,100,45,0,100,22.67708146,0.633075599,100,19.8178321,0.55438447,100,112.3850323,0.000554988,0.457180644,0.003386523,0,0.06330756,0.055438447
random_walk,450,45,135,0,10,0.05,43409.55,1310.35201,100,0.214368148,0.006470874,100,28.51,4.650393706,100,0.211185185,0.034447361,100,45,0,100,23.31364752,0.700735554,100,21.42287901,0.646194792,100,131.035201,0.000647087,0.465039371,0.003444736,0,0.070073555,0.064619479
random_walk,450,45,135,0,11,0.055,46582.31,1431.897129,100,0.230036099,0.007071097,100,30.74,4.92493142,100,0.227703704,0.036480973,100,45,0,100,23.89935731,0.733159385,100,22.9898963,0.706713859,100,143.1897129,0.00070711,0.492493142,0.003648097,0,0.073315938,0.070671386
random_walk,450,45,135,0,12,0.06,49648.59,1586.164461,100,0.245178222,0.007832911,100,32.49,5.022163001,100,0.240666667,0.037201207,100,45,0,100,24.46371718,0.781601644,100,24.50447407,0.783022752,100,158.6164461,0.000783291,0.5022163,0.003720121,0,0.078160164,0.078302275
random_walk,450,45,135,0,13,0.065,52640.68,1652.999697,100,0.259953975,0.008162961,100,34.6,5.337119868,100,0.256296296,0.039534221,100,45,0,100,24.99489417,0.78168769,100,25.98257778,0.815940136,100,165.2999697,0.000816296,0.533711987,0.003953422,0,0.078168769,0.081594014
random_walk,450,45,135,0,14,0.07,55540.11,1778.476177,100,0.274272148,0.008782598,100,36.44,5.407290253,100,0.269925926,0.040054002,100,45,0,100,25.51331767,0.812635742,100,27.41503704,0.8779345,100,177.8476177,0.00087826,0.540729025,0.0040054,0,0.081263574,0.08779345
random_walk,450,45,135,0,15,0.075,58323.26,1934.969546,100,0.288016099,0.009555405,100,38.45,5.32077119,100,0.284814815,0.03941312,100,45,0,100,26.03311693,0.86043207,100,28.7895358,0.954754239,100,193.4969546,0.000955541,0.532077119,0.003941312,0,0.086043207,0.095475424
random_walk,450,45,135,0,16,0.08,61025.91,2027.377024,100,0.301362519,0.010011738,100,40.28,5.168044782,100,0.29837037,0.038281813,100,45,0,100,26.53896962,0.875118738,100,30.12453333,1.000089157,100,202.7377024,0.001001174,0.516804478,0.003828181,0,0.087511874,0.100008916
random_walk,450,45,135,0,17,0.085,63696.97,2104.172658,100,0.314552938,0.010390976,100,42.08,5.489530899,100,0.311703704,0.040663192,100,45,0,100,27.01512599,0.887053439,100,31.44392099,1.038655956,100,210.4172658,0.001039098,0.54895309,0.004066319,0,0.088705344,0.103865596
random_walk,450,45,135,0,18,0.09,66278.59,2187.865267,100,0.327301679,0.010804273,100,43.95,5.569351557,100,0.325555556,0.041254456,100,45,0,100,27.49021627,0.901304077,100,32.71882469,1.080027448,100,218.7865267,0.001080427,0.556935156,0.004125446,0,0.090130408,0.108002745
random_walk,450,45,135,0,19,0.095,68791.38,2270.03169,100,0.339710519,0.011210033,100,45.56,5.488868441,100,0.337481481,0.040658285,100,45,0,100,27.95767582,0.916155061,100,33.96042963,1.120663772,100,227.003169,0.001121003,0.548886844,0.004065828,0,0.091615506,0.112066377
random_walk,450,45,135,0,20,0.1,71224.09,2347.25359,100,0.351723901,0.011591376,100,47.6,5.680019917,100,0.352592593,0.042074222,100,45,0,100,28.42398738,0.928839875,100,35.16224198,1.158690751,100,234.725359,0.001159138,0.568001992,0.004207422,0,0.092883988,0.115869075
random_walk,450,45,135,0,21,0.105,73615.02,2397.908828,100,0.363530963,0.011841525,100,49.26,5.741255978,100,0.364888889,0.042527822,100,45,0,100,28.87522309,0.931191285,100,36.34320988,1.183855506,100,239.7908828,0.001184153,0.574125598,0.004252782,0,0.093119129,0.118385551
random_walk,450,45,135,0,22,0.11,75927.59,2422.964426,100,0.374951062,0.011965256,100,50.81,5.762461245,100,0.37637037,0.042684898,100,45,0,100,29.32745936,0.925128648,100,37.4848642,1.196015718,100,242.2964426,0.001196526,0.576246124,0.00426849,0,0.092512865,0.119601572
random_walk,450,45,135,0,23,0.115,78218.61,2511.785412,100,0.386264741,0.012403879,100,52.24,6.04214157,100,0.386962963,0.044756604,100,45,0,100,29.76284481,0.94603454,100,38.6170716,1.240201768,100,251.1785412,0.001240388,0.604214157,0.00447566,0,0.094603454,0.124020177
random_walk,450,45,135,0,24,0.12,80420.96,2580.153323,100,0.397140543,0.012741498,100,53.82,6.179764959,100,0.398666667,0.045776037,100,45,0,100,30.20658927,0.963363112,100,39.70476543,1.274009896,100,258.0153323,0.00127415,0.617976496,0.004577604,0,0.096336311,0.12740099
random_walk,450,45,135,0,25,0.125,82578.11,2653.696906,100,0.407793136,0.013104676,100,55.27,6.263337284,100,0.409407407,0.046395091,100,45,0,100,30.64349313,0.981102678,100,40.76997531,1.310046087,100,265.3696906,0.001310468,0.626333728,0.004639509,0,0.098110268,0.131004609
random_walk,450,45,135,0,26,0.13,84687.69,2770.436634,100,0.418210815,0.013681169,100,56.78,6.475408025,100,0.420592593,0.047965985,100,45,0,100,31.07670883,1.016493849,100,41.81230123,1.368040376,100,277.0436634,0.001368117,0.647540803,0.004796599,0,0.101649385,0.136804038
random_walk,450,45,135,0,27,0.135,86726.4,2838.511681,100,0.428278519,0.014017342,100,58.24,6.630386128,100,0.431407407,0.049113971,100,45,0,100,31.51335548,1.031921113,100,42.81922963,1.401633887,100,283.8511681,0.001401734,0.663038613,0.004911397,0,0.103192111,0.140163389
random_walk,450,45,135,0,28,0.14,88716.55,2891.128197,100,0.43810642,0.014277176,100,59.34,6.566243641,100,0.439555556,0.048638842,100,45,0,100,31.94716774,1.042173719,100,43.80208889,1.427861973,100,289.1128197,0.001427718,0.656624364,0.004863884,0,0.104217372,0.142786197
random_walk,450,45,135,0,29,0.145,90690.23,2910.768422,100,0.447852988,0.014374165,100,60.65,6.571095261,100,0.449259259,0.04867478,100,45,0,100,32.36693313,1.038208537,100,44.7769037,1.437446705,100,291.0768422,0.001437417,0.657109526,0.004867478,0,0.103820854,0.14374467
random_walk,450,45,135,0,30,0.15,92643.19,2983.285433,100,0.457497235,0.014732274,100,61.79,6.715420217,100,0.457703704,0.049743853,100,45,0,100,32.77742777,1.05466846,100,45.74155062,1.473241488,100,298.3285433,0.001473227,0.671542022,0.004974385,0,0.105466846,0.147324149
random_walk,450,45,135,0,31,0.155,94557.52,3069.607939,100,0.466950716,0.015158558,100,62.97,6.777048313,100,0.466444444,0.050200358,100,45,0,100,33.18462375,1.075640254,100,46.6869037,1.515762709,100,306.9607939,0.001515856,0.677704831,0.005020036,0,0.107564025,0.151576271
random_walk,450,45,135,0,32,0.16,96389.75,3140.536055,100,0.475998765,0.01550882,100,64.13,6.921865516,100,0.475037037,0.051273078,100,45,0,100,33.60409306,1.091357132,100,47.59191605,1.550768598,100,314.0536055,0.001550882,0.692186552,0.005127308,0,0.109135713,0.15507686
random_walk,450,45,135,0,33,0.165,98175.25,3193.828409,100,0.484816049,0.015771992,100,65.46,7.084511488,100,0.484888889,0.052477863,100,45,0,100,34.02372399,1.10048543,100,48.47373333,1.576977071,100,319.3828409,0.001577199,0.708451149,0.005247786,0,0.110048543,0.157697707
random_walk,450,45,135,0,34,0.17,99923.38,3252.363171,100,0.49344879,0.016061053,100,66.57,7.131173561,100,0.493111111,0.052823508,100,45,0,100,34.44160765,1.116080158,100,49.33748148,1.606210377,100,325.2363171,0.001606105,0.713117356,0.005282351,0,0.111608016,0.160621038
random_walk,450,45,135,0,35,0.175,101653.72,3315.8254,100,0.501993679,0.016374446,100,67.75,7.128510122,100,0.501851852,0.052803779,100,45,0,100,34.85138719,1.132305994,100,50.19192099,1.637581471,100,331.58254,0.001637445,0.712851012,0.005280378,0,0.113230599,0.163758147
random_walk,450,45,135,0,36,0.18,103365.2,3366.007514,100,0.510445432,0.016622259,100,68.78,7.181035631,100,0.509481481,0.053192857,100,45,0,100,35.25344828,1.142512347,100,51.03707654,1.662157828,100,336.6007514,0.001662226,0.718103563,0.005319286,0,0.114251235,0.166215783
random_walk,450,45,135,0,37,0.185,105028.84,3403.439979,100,0.518660938,0.016807111,100,69.81,7.231657396,100,0.517111111,0.053567833,100,45,0,100,35.65840099,1.149481048,100,51.85924444,1.680654354,100,340.3439979,0.001680711,0.72316574,0.005356783,0,0.114948105,0.168065435
random_walk,450,45,135,0,38,0.19,106676.16,3435.82664,100,0.526795852,0.016967045,100,70.78,7.221712492,100,0.524296296,0.053494167,100,45,0,100,36.05614339,1.153358559,100,52.67276049,1.69663125,100,343.582664,0.001696705,0.722171249,0.005349417,0,0.115335856,0.169663125
random_walk,450,45,135,0,39,0.195,108223.82,3448.105638,100,0.534438617,0.017027682,100,71.77,7.273662187,100,0.53162963,0.053878979,100,45,0,100,36.47490881,1.153379766,100,53.43672593,1.702628596,100,344.8105638,0.001702768,0.727366219,0.005387898,0,0.115337977,0.17026286
random_walk,450,45,135,0,40,0.2,109794.98,3491.195639,100,0.542197432,0.017240472,100,72.92,7.375471223,100,0.540148148,0.05463312,100,45,0,100,36.87464646,1.161908213,100,54.21308148,1.724043036,100,349.1195639,0.001724047,0.737547122,0.005463312,0,0.116190821,0.172404304
random_walk,450,45,135,0,41,0.205,111331.03,3545.648009,100,0.549782864,0.017509373,100,73.99,7.418915219,100,0.548074074,0.054954928,100,45,0,100,37.27517791,1.176812051,100,54.97163951,1.75083496,100,354.5648009,0.001750937,0.741891522,0.005495493,0,0.117681205,0.175083496
random_walk,450,45,135,0,42,0.21,112807.33,3614.15531,100,0.557073235,0.017847681,100,75.13,7.25113018,100,0.556518519,0.053712075,100,45,0,100,37.68512042,1.197107044,100,55.70086914,1.785238661,100,361.415531,0.001784768,0.725113018,0.005371208,0,0.119710704,0.178523866
random_walk,450,45,135,0,43,0.215,114299.69,3597.289607,100,0.564442914,0.017764393,100,76.05,7.207424623,100,0.563333333,0.053388331,100,45,0,100,38.07735599,1.188716873,100,56.43790617,1.776777704,100,359.7289607,0.001776439,0.720742462,0.005338833,0,0.118871687,0.17767777
random_walk,450,45,135,0,44,0.22,115758.17,3597.589387,100,0.571645284,0.017765874,100,77.12,7.198877578,100,0.571259259,0.053325019,100,45,0,100,38.47086233,1.185662476,100,57.15790123,1.776764035,100,359.7589387,0.001776587,0.719887758,0.005332502,0,0.118566248,0.177676404
random_walk,450,45,135,0,45,0.225,117223.21,3616.895989,100,0.578880049,0.017861215,100,78.24,7.207067239,100,0.579555556,0.053385683,100,45,0,100,38.85293077,1.190022686,100,57.88222222,1.786154546,100,361.6895989,0.001786121,0.720706724,0.005338568,0,0.119002269,0.178615455
random_walk,450,45,135,0,46,0.23,118615.52,3642.834956,100,0.585755654,0.017989308,100,79.17,7.194351039,100,0.586444444,0.053291489,100,45,0,100,39.24985138,1.196603472,100,58.56965926,1.798776865,100,364.2834956,0.001798931,0.719435104,0.005329149,0,0.119660347,0.179877687
random_walk,450,45,135,0,47,0.235,119959.63,3658.124423,100,0.592393235,0.018064812,100,80.1,7.110243003,100,0.593333333,0.052668467,100,45,0,100,39.65312196,1.199292971,100,59.23374321,1.806613833,100,365.8124423,0.001806481,0.7110243,0.005266847,0,0.119929297,0.180661383
random_walk,450,45,135,0,48,0.24,121298.21,3680.95527,100,0.599003506,0.018177557,100,80.96,7.103733547,100,0.599703704,0.052620248,100,45,0,100,40.04955247,1.205865961,100,59.89463704,1.817943966,100,368.095527,0.001817756,0.710373355,0.005262025,0,0.120586596,0.181794397
random_walk,450,45,135,0,49,0.245,122646.51,3703.310729,100,0.605661778,0.018287954,100,81.91,7.072631845,100,0.606740741,0.052389866,100,45,0,100,40.43409593,1.211029775,100,60.56076049,1.828925054,100,370.3310729,0.001828795,0.707263184,0.005238987,0,0.121102978,0.182892505
random_walk,450,45,135,0,50,0.25,123973.68,3722.197987,100,0.612215704,0.018381225,100,82.88,6.973658953,100,0.613925926,0.051656733,100,45,0,100,40.81704199,1.215788613,100,61.21616296,1.838563814,100,372.2197987,0.001838122,0.697365895,0.005165673,0,0.121578861,0.183856381
random_walk,450,45,135,0,51,0.255,125285.82,3736.249684,100,0.618695407,0.018450616,100,83.77,7.046533642,100,0.620518519,0.052196545,100,45,0,100,41.19685947,1.218952043,100,61.86416296,1.8450402,100,373.6249684,0.001845062,0.704653364,0.005219655,0,0.121895204,0.18450402
random_walk,450,45,135,0,52,0.26,126608.06,3775.156888,100,0.625224988,0.01864275,100,84.7,6.966731912,100,0.627407407,0.051605422,100,45,0,100,41.56576524,1.229724509,100,62.51740741,1.864400788,100,377.5156888,0.001864275,0.696673191,0.005160542,0,0.122972451,0.186440079
random_walk,450,45,135,0,53,0.265,127843.63,3801.939746,100,0.631326568,0.018775011,100,85.72,6.868284599,100,0.634962963,0.050876182,100,45,0,100,41.95534881,1.237772155,100,63.12733333,1.877499606,100,380.1939746,0.001877501,0.68682846,0.005087618,0,0.123777216,0.187749961
random_walk,450,45,135,0,54,0.27,129005.46,3796.89092,100,0.637064,0.018750079,100,86.38,6.811724889,100,0.639851852,0.050457221,100,45,0,100,42.36107435,1.236231337,100,63.70125432,1.87529888,100,379.689092,0.001875008,0.681172489,0.005045722,0,0.123623134,0.187529888
random_walk,450,45,135,0,55,0.275,130158.72,3798.135822,100,0.642759111,0.018756226,100,87.15,6.831854977,100,0.645555556,0.050606333,100,45,0,100,42.76257835,1.237389683,100,64.27074074,1.875642518,100,379.8135822,0.001875623,0.683185498,0.005060633,0,0.123738968,0.187564252
random_walk,450,45,135,0,56,0.28,131321.58,3802.359417,100,0.64850163,0.018777084,100,87.78,6.802524784,100,0.650222222,0.050389072,100,45,0,100,43.15379762,1.238053056,100,64.84517037,1.877952417,100,380.2359417,0.001877708,0.680252478,0.005038907,0,0.123805306,0.187795242
random_walk,450,45,135,0,57,0.285,132449.28,3808.742909,100,0.654070519,0.018808607,100,88.44,6.818453867,100,0.655111111,0.050507066,100,45,0,100,43.54980649,1.240571525,100,65.40202469,1.881205118,100,380.8742909,0.001880861,0.681845387,0.005050707,0,0.124057152,0.188120512
random_walk,450,45,135,0,58,0.29,133528.9,3815.632483,100,0.659401975,0.01884263,100,89.23,6.835520714,100,0.660962963,0.050633487,100,45,0,100,43.95509439,1.246556735,100,65.93554074,1.884529214,100,381.5632483,0.001884263,0.683552071,0.005063349,0,0.124655674,0.188452921
random_walk,450,45,135,0,59,0.295,134568,3817.154242,100,0.664533333,0.018850144,100,89.82,6.825945748,100,0.665333333,0.050562561,100,45,0,100,44.36717304,1.250290689,100,66.44848395,1.885021224,100,381.7154242,0.001885014,0.682594575,0.005056256,0,0.125029069,0.188502122
random_walk,450,45,135,0,60,0.3,135623.58,3808.299839,100,0.669746074,0.018806419,100,90.65,6.797764041,100,0.671481481,0.050353808,100,45,0,100,44.76734252,1.249326124,100,66.97021235,1.880956264,100,380.8299839,0.001880642,0.679776404,0.005035381,0,0.124932612,0.188095626
random_walk,450,45,135,0,61,0.305,136597.75,3823.708392,100,0.67455679,0.018882511,100,91.4,6.75995338,100,0.677037037,0.050073729,100,45,0,100,45.18865812,1.257351235,100,67.45133827,1.888381528,100,382.3708392,0.001888251,0.675995338,0.005007373,0,0.125735124,0.188838153
random_walk,450,45,135,0,62,0.31,137623.83,3825.251087,100,0.679623852,0.018890129,100,92.17,6.727082307,100,0.682740741,0.049830239,100,45,0,100,45.586429,1.259726415,100,67.95819753,1.889223361,100,382.5251087,0.001889013,0.672708231,0.004983024,0,0.125972641,0.188922336
random_walk,450,45,135,0,63,0.315,138605.89,3849.141334,100,0.684473531,0.019008105,100,92.92,6.793758276,100,0.688296296,0.050324135,100,45,0,100,45.99338237,1.26991189,100,68.44337284,1.900796146,100,384.9141334,0.001900811,0.679375828,0.005032414,0,0.126991189,0.190079615
random_walk,450,45,135,0,64,0.32,139584.09,3884.618341,100,0.689304148,0.0191833,100,93.64,6.615744917,100,0.69362963,0.049005518,100,45,0,100,46.3960576,1.284014949,100,68.9262963,1.918633581,100,388.4618341,0.00191833,0.661574492,0.004900552,0,0.128401495,0.191863358
random_walk,450,45,135,0,65,0.325,140554.19,3894.860697,100,0.694094765,0.01923388,100,94.16,6.585444617,100,0.697481481,0.048781071,100,45,0,100,46.79548791,1.291121489,100,69.40542716,1.92354443,100,389.4860697,0.001923388,0.658544462,0.004878107,0,0.129112149,0.192354443
random_walk,450,45,135,0,66,0.33,141508.06,3914.009455,100,0.698805235,0.019328442,100,94.99,6.503293649,100,0.70362963,0.048172546,100,45,0,100,47.19504407,1.300816213,100,69.87671605,1.932657018,100,391.4009455,0.001932844,0.650329365,0.004817255,0,0.130081621,0.193265702
random_walk,450,45,135,0,67,0.335,142449.83,3924.744006,100,0.703455951,0.019381452,100,95.62,6.381444059,100,0.708296296,0.047269956,100,45,0,100,47.5931221,1.307958139,100,70.34167407,1.93814315,100,392.4744006,0.001938145,0.638144406,0.004726996,0,0.130795814,0.193814315
random_walk,450,45,135,0,68,0.34,143357.2,3925.829517,100,0.70793679,0.019386812,100,96.1,6.417306147,100,0.711851852,0.047535601,100,45,0,100,47.99726792,1.311441194,100,70.79006914,1.938446731,100,392.5829517,0.001938681,0.641730615,0.00475356,0,0.131144119,0.193844673
random_walk,450,45,135,0,69,0.345,144240.55,3949.160771,100,0.712299012,0.019502028,100,96.75,6.243178095,100,0.716666667,0.046245764,100,45,0,100,48.40480494,1.323327611,100,71.22619259,1.950325142,100,394.9160771,0.001950203,0.62431781,0.004624576,0,0.132332761,0.195032514
random_walk,450,45,135,0,70,0.35,145157.75,3979.264628,100,0.716828395,0.01965069,100,97.4,6.15293311,100,0.721481481,0.045577282,100,45,0,100,48.7962201,1.336670569,100,71.67906667,1.96484739,100,397.9264628,0.001965069,0.615293311,0.004557728,0,0.133667057,0.196484739
random_walk,450,45,135,0,71,0.355,146010.09,4011.157598,100,0.721037481,0.019808186,100,98.05,6.244795813,100,0.726296296,0.046257747,100,45,0,100,49.20452239,1.350687638,100,72.1001037,1.98080574,100,401.1157598,0.001980819,0.624479581,0.004625775,0,0.135068764,0.198080574
random_walk,450,45,135,0,72,0.36,146847.72,4024.809445,100,0.725173926,0.019875602,100,98.6,6.318163651,100,0.73037037,0.046801212,100,45,0,100,49.61284358,1.359253136,100,72.51388642,1.987666257,100,402.4809445,0.00198756,0.631816365,0.004680121,0,0.135925314,0.198766626
random_walk,450,45,135,0,73,0.365,147650.22,4078.466348,100,0.729136889,0.020140575,100,99.17,6.319850081,100,0.734592593,0.046813704,100,45,0,100,50.02917399,1.381482802,100,72.91036049,2.013995674,100,407.8466348,0.002014057,0.631985008,0.00468137,0,0.13814828,0.201399567
random_walk,450,45,135,0,74,0.37,148472.21,4100.987012,100,0.733196099,0.020251788,100,99.66,6.320113795,100,0.738222222,0.046815658,100,45,0,100,50.4337839,1.392800212,100,73.31630123,2.025175009,100,410.0987012,0.002025179,0.63201138,0.004681566,0,0.139280021,0.202517501
random_walk,450,45,135,0,75,0.375,149246.87,4134.496114,100,0.73702158,0.020417265,100,100.14,6.311797516,100,0.741777778,0.046754056,100,45,0,100,50.85029055,1.408186107,100,73.69894321,2.041763225,100,413.4496114,0.002041726,0.631179752,0.004675406,0,0.140818611,0.204176322
random_walk,450,45,135,0,76,0.38,150006.93,4209.060394,100,0.740774963,0.020785483,100,100.77,6.313133657,100,0.746444444,0.046763953,100,45,0,100,51.26823419,1.4371667,100,74.07413827,2.078451322,100,420.9060394,0.002078548,0.631313366,0.004676395,0,0.14371667,0.207845132
random_walk,450,45,135,0,77,0.385,150778.49,4234.50271,100,0.744585136,0.020911124,100,101.2,6.308564004,100,0.74962963,0.046730104,100,45,0,100,51.67706529,1.449081413,100,74.45534815,2.091383643,100,423.450271,0.002091112,0.6308564,0.00467301,0,0.144908141,0.209138364
random_walk,450,45,135,0,78,0.39,151541.01,4265.253721,100,0.748350667,0.021062981,100,101.73,6.357775801,100,0.753555556,0.047094636,100,45,0,100,52.08503336,1.463709633,100,74.83205926,2.106315374,100,426.5253721,0.002106298,0.63577758,0.004709464,0,0.146370963,0.210631537
random_walk,450,45,135,0,79,0.395,152274.99,4280.042298,100,0.751975259,0.021136011,100,102.28,6.364484792,100,0.75762963,0.047144332,100,45,0,100,52.49834704,1.472886333,100,75.1942716,2.113765932,100,428.0042298,0.002113601,0.636448479,0.004714433,0,0.147288633,0.211376593
random_walk,450,45,135,0,80,0.4,153020.52,4286.927919,100,0.755656889,0.021170014,100,102.88,6.347321077,100,0.762074074,0.047017193,100,45,0,100,52.90354108,1.479775715,100,75.56253827,2.116833305,100,428.6927919,0.002117001,0.634732108,0.004701719,0,0.147977571,0.21168333
random_walk,450,45,135,0,81,0.405,153738.65,4301.336216,100,0.75920321,0.021241166,100,103.46,6.395105452,100,0.76637037,0.047371151,100,45,0,100,53.31449098,1.489839219,100,75.91727407,2.124045617,100,430.1336216,0.002124117,0.639510545,0.004737115,0,0.148983922,0.212404562
random_walk,450,45,135,0,82,0.41,154411.03,4306.421884,100,0.762523605,0.021266281,100,103.89,6.213206853,100,0.769555556,0.046023754,100,45,0,100,53.73744077,1.497027136,100,76.24937778,2.126487579,100,430.6421884,0.002126628,0.621320685,0.004602375,0,0.149702714,0.212648758
random_walk,450,45,135,0,83,0.415,155086.16,4343.97254,100,0.76585758,0.021451716,100,104.31,6.317676021,100,0.772666667,0.0467976,100,45,0,100,54.1564532,1.515417533,100,76.58310617,2.145132909,100,434.397254,0.002145172,0.631767602,0.00467976,0,0.151541753,0.214513291
random_walk,450,45,135,0,84,0.42,155771.41,4360.862838,100,0.769241531,0.021535125,100,104.85,6.291528696,100,0.776666667,0.046603916,100,45,0,100,54.56781902,1.527113328,100,76.92138272,2.153524732,100,436.0862838,0.002153513,0.62915287,0.004660392,0,0.152711333,0.215352473
random_walk,450,45,135,0,85,0.425,156456.2,4368.904377,100,0.77262321,0.021574836,100,105.24,6.284693607,100,0.779555556,0.046553286,100,45,0,100,54.97557537,1.535542271,100,77.25935309,2.157395261,100,436.8904377,0.002157484,0.628469361,0.004655329,0,0.153554227,0.215739526
random_walk,450,45,135,0,86,0.43,157133.39,4389.320531,100,0.775967358,0.021675657,100,105.77,6.139547247,100,0.783481481,0.045478128,100,45,0,100,55.3827211,1.548316385,100,77.59382716,2.167432674,100,438.9320531,0.002167566,0.613954725,0.004547813,0,0.154831639,0.216743267
random_walk,450,45,135,0,87,0.435,157779.88,4406.711649,100,0.779159901,0.021761539,100,106.22,6.171914229,100,0.786814815,0.045717883,100,45,0,100,55.79713334,1.559840921,100,77.91339259,2.176016632,100,440.6711649,0.002176154,0.617191423,0.004571788,0,0.155984092,0.217601663
random_walk,450,45,135,0,88,0.44,158391.61,4406.138287,100,0.78218079,0.021758708,100,106.54,6.205927437,100,0.789185185,0.045969833,100,45,0,100,56.22008451,1.565319978,100,78.21554074,2.175987544,100,440.6138287,0.002175871,0.620592744,0.004596983,0,0.156531998,0.217598754
random_walk,450,45,135,0,89,0.445,159018.1,4423.347177,100,0.785274568,0.02184369,100,106.93,6.108869194,100,0.792074074,0.045250883,100,45,0,100,56.63495849,1.576581831,100,78.5247358,2.184209168,100,442.3347177,0.002184369,0.610886919,0.004525088,0,0.157658183,0.218420917
random_walk,450,45,135,0,90,0.45,159629.15,4433.249125,100,0.788292099,0.021892588,100,107.3,6.104312104,100,0.794814815,0.045217127,100,45,0,100,57.052021,1.585691017,100,78.82674074,2.189238223,100,443.3249125,0.002189259,0.61043121,0.004521713,0,0.158569102,0.218923822
random_walk,450,45,135,0,91,0.455,160245.39,4446.172618,100,0.791335259,0.021956408,100,107.73,6.060061339,100,0.798,0.044889343,100,45,0,100,57.46412893,1.596862155,100,79.13097778,2.19569109,100,444.6172618,0.002195641,0.606006134,0.004488934,0,0.159686216,0.219569109
random_walk,450,45,135,0,92,0.46,160845.43,4439.417924,100,0.79429842,0.021923051,100,107.97,6.041029747,100,0.799777778,0.044748368,100,45,0,100,57.87852691,1.600908327,100,79.42741728,2.192481616,100,443.9417924,0.002192305,0.604102975,0.004474837,0,0.160090833,0.219248162
random_walk,450,45,135,0,93,0.465,161438.36,4453.417257,100,0.797226469,0.021992184,100,108.3,5.973848733,100,0.802222222,0.044250731,100,45,0,100,58.29268459,1.612582427,100,79.72012346,2.199279259,100,445.3417257,0.002199218,0.597384873,0.004425073,0,0.161258243,0.219927926
random_walk,450,45,135,0,94,0.47,162030.13,4480.931624,100,0.80014879,0.022128057,100,108.65,5.987149538,100,0.804814815,0.044349256,100,45,0,100,58.70441675,1.629631509,100,80.01258272,2.212598942,100,448.0931624,0.002212806,0.598714954,0.004434926,0,0.162963151,0.221259894
random_walk,450,45,135,0,95,0.475,162599.76,4499.400591,100,0.802961778,0.022219262,100,109.06,5.93707747,100,0.807851852,0.043978352,100,45,0,100,59.12120541,1.643600417,100,80.29375802,2.221795465,100,449.9400591,0.002221926,0.593707747,0.004397835,0,0.164360042,0.222179546
random_walk,450,45,135,0,96,0.48,163173.23,4522.147474,100,0.805793728,0.022331592,100,109.41,5.952836519,100,0.810444444,0.044095085,100,45,0,100,59.53381416,1.659375832,100,80.57694321,2.23297864,100,452.2147474,0.002233159,0.595283652,0.004409509,0,0.165937583,0.223297864
random_walk,450,45,135,0,97,0.485,163734.37,4529.335268,100,0.80856479,0.022367088,100,109.75,5.955008078,100,0.812962963,0.044111171,100,45,0,100,59.94772774,1.668579913,100,80.85426173,2.23677488,100,452.9335268,0.002236709,0.595500808,0.004411117,0,0.166857991,0.223677488
random_walk,450,45,135,0,98,0.49,164285.55,4548.790585,100,0.811286667,0.022463163,100,110.04,5.872242529,100,0.815111111,0.043498093,100,45,0,100,60.36269232,1.682607155,100,81.12658765,2.246262219,100,454.8790585,0.002246316,0.587224253,0.004349809,0,0.168260716,0.224626222
random_walk,450,45,135,0,99,0.495,164866.98,4597.429747,100,0.814157926,0.022703357,100,110.5,5.83528106,100,0.818518519,0.043224304,100,45,0,100,60.76436833,1.707022134,100,81.41336296,2.27018215,100,459.7429747,0.002270336,0.583528106,0.00432243,0,0.170702213,0.227018215
random_walk,450,45,135,0,100,0.5,165422.86,4628.699918,100,0.816903012,0.022857777,100,110.87,5.753619853,100,0.821259259,0.042619406,100,45,0,100,61.17226802,1.72567898,100,81.68803457,2.285731581,100,462.8699918,0.002285778,0.575361985,0.004261941,0,0.172567898,0.228573158
random_walk,450,45,135,0,101,0.505,165951.77,4633.768902,100,0.819514914,0.022882809,100,111.18,5.668235077,100,0.823555556,0.041986926,100,45,0,100,61.5869463,1.734969408,100,81.94922469,2.288390372,100,463.3768902,0.002288281,0.566823508,0.004198693,0,0.173496941,0.228839037
random_walk,450,45,135,0,102,0.51,166496.89,4637.256834,100,0.822206864,0.022900034,100,111.54,5.565804687,100,0.826222222,0.041228183,100,45,0,100,61.99291951,1.741742391,100,82.21859753,2.290154022,100,463.7256834,0.002290003,0.556580469,0.004122818,0,0.174174239,0.229015402
random_walk,450,45,135,0,103,0.515,167013.46,4642.916748,100,0.824757827,0.022927984,100,111.77,5.521043306,100,0.827925926,0.040896617,100,45,0,100,62.40697826,1.750072731,100,82.47364444,2.292649402,100,464.2916748,0.002292798,0.552104331,0.004089662,0,0.175007273,0.22926494
random_walk,450,45,135,0,104,0.52,167509.42,4639.824908,100,0.827207012,0.022912716,100,112.1,5.491039533,100,0.83037037,0.040674367,100,45,0,100,62.8259706,1.755055109,100,82.71861728,2.291365516,100,463.9824908,0.002291272,0.549103953,0.004067437,0,0.175505511,0.229136552
random_walk,450,45,135,0,105,0.525,167999.35,4636.968224,100,0.82962642,0.022898609,100,112.47,5.347434011,100,0.833111111,0.039610622,100,45,0,100,63.24480962,1.761265361,100,82.96042963,2.289950679,100,463.6968224,0.002289861,0.534743401,0.003961062,0,0.176126536,0.228995068
random_walk,450,45,135,0,106,0.53,168466.09,4631.274461,100,0.831931309,0.022870491,100,112.8,5.325752188,100,0.835555556,0.039450016,100,45,0,100,63.66995576,1.766521802,100,83.19105185,2.287036753,100,463.1274461,0.002287049,0.532575219,0.003945002,0,0.17665218,0.228703675
random_walk,450,45,135,0,107,0.535,168948.16,4644.533987,100,0.834311901,0.02293597,100,113.2,5.386102581,100,0.838518519,0.039897056,100,45,0,100,64.08723673,1.778494142,100,83.42916049,2.293424955,100,464.4533987,0.002293597,0.538610258,0.003989706,0,0.177849414,0.229342496
random_walk,450,45,135,0,108,0.54,169418.3,4650.705778,100,0.83663358,0.022966448,100,113.57,5.330027384,100,0.841259259,0.039481684,100,45,0,100,64.50656181,1.786359536,100,83.66154568,2.296586714,100,465.0705778,0.002296645,0.533002738,0.003948168,0,0.178635954,0.229658671
random_walk,450,45,135,0,109,0.545,169865.5,4637.806608,100,0.838841975,0.022902749,100,113.86,5.208811493,100,0.843407407,0.038583789,100,45,0,100,64.9318817,1.787275996,100,83.88236543,2.290212146,100,463.7806608,0.002290275,0.520881149,0.003858379,0,0.1787276,0.229021215
random_walk,450,45,135,0,110,0.55,170310.47,4654.397897,100,0.841039358,0.022984681,100,114.2,5.216523863,100,0.845925926,0.038640918,100,45,0,100,65.35649818,1.800758877,100,84.10219753,2.298479736,100,465.4397897,0.002298468,0.521652386,0.003864092,0,0.180075888,0.229847974
random_walk,450,45,135,0,111,0.555,170752.18,4645.984536,100,0.843220642,0.022943134,100,114.37,5.23518593,100,0.847185185,0.038779155,100,45,0,100,65.77953185,1.804442993,100,84.32035556,2.294325998,100,464.5984536,0.002294313,0.523518593,0.003877916,0,0.180444299,0.2294326
random_walk,450,45,135,0,112,0.56,171178.72,4658.30275,100,0.845327012,0.023003964,100,114.67,5.181659576,100,0.849407407,0.038382664,100,45,0,100,66.20673195,1.816114848,100,84.53096296,2.300332671,100,465.830275,0.002300396,0.518165958,0.003838266,0,0.181611485,0.230033267
random_walk,450,45,135,0,113,0.565,171624.91,4643.208317,100,0.84753042,0.022929424,100,114.91,5.134740067,100,0.851185185,0.038035112,100,45,0,100,66.62357184,1.816561014,100,84.75135309,2.293023656,100,464.3208317,0.002292942,0.513474007,0.003803511,0,0.181656101,0.229302366
random_walk,450,45,135,0,114,0.57,172050.74,4634.157802,100,0.849633284,0.02288473,100,115.25,5.0500025,100,0.853703704,0.037407426,100,45,0,100,67.04637898,1.819946439,100,84.96156049,2.288584628,100,463.4157802,0.002288473,0.50500025,0.003740743,0,0.181994644,0.228858463
random_walk,450,45,135,0,115,0.575,172459.16,4618.853432,100,0.851650173,0.022809153,100,115.44,4.981420024,100,0.855111111,0.036899408,100,45,0,100,67.47381728,1.821702695,100,85.16336296,2.280992318,100,461.8853432,0.002280915,0.498142002,0.003689941,0,0.182170269,0.228099232
random_walk,450,45,135,0,116,0.58,172869.55,4597.997428,100,0.85367679,0.02270616,100,115.74,4.95356213,100,0.857333333,0.036693053,100,45,0,100,67.89842192,1.821042413,100,85.36591605,2.270684968,100,459.7997428,0.002270616,0.495356213,0.003669305,0,0.182104241,0.227068497
random_walk,450,45,135,0,117,0.585,173266.7,4581.862802,100,0.855638025,0.022626483,100,116.04,4.929646452,100,0.859555556,0.0365159,100,45,0,100,68.32627554,1.82269401,100,85.56226667,2.262629953,100,458.1862802,0.002262648,0.492964645,0.00365159,0,0.182269401,0.226262995
random_walk,450,45,135,0,118,0.59,173667.46,4571.998711,100,0.857617086,0.022577771,100,116.18,4.885310904,100,0.860592593,0.036187488,100,45,0,100,68.75090358,1.826788633,100,85.76004938,2.257787942,100,457.1998711,0.002257777,0.48853109,0.003618749,0,0.182678863,0.225778794
random_walk,450,45,135,0,119,0.595,174049.63,4552.438782,100,0.859504346,0.022481179,100,116.44,4.89757722,100,0.862518519,0.03627835,100,45,0,100,69.1807295,1.826719941,100,85.94889383,2.248055124,100,455.2438782,0.002248118,0.489757722,0.003627835,0,0.182671994,0.224805512
random_walk,450,45,135,0,120,0.6,174429.96,4539.526649,100,0.861382519,0.022417416,100,116.65,4.858346977,100,0.864074074,0.035987755,100,45,0,100,69.60956041,1.829407018,100,86.13665679,2.241927099,100,453.9526649,0.002241742,0.485834698,0.003598776,0,0.182940702,0.22419271
random_walk,450,45,135,0,121,0.605,174807.23,4524.369547,100,0.86324558,0.022342566,100,116.88,4.874754591,100,0.865777778,0.036109293,100,45,0,100,70.0376983,1.829484505,100,86.32310123,2.234359693,100,452.4369547,0.002234257,0.487475459,0.003610929,0,0.182948451,0.223435969
random_walk,450,45,135,0,122,0.61,175183.85,4496.446661,100,0.865105432,0.022204675,100,117.14,4.890766398,100,0.867703704,0.036227899,100,45,0,100,70.46402855,1.825081284,100,86.50903704,2.220615356,100,449.6446661,0.002220467,0.48907664,0.00362279,0,0.182508128,0.222061536
random_walk,450,45,135,0,123,0.615,175564.24,4476.538194,100,0.866983901,0.022106361,100,117.35,4.810289897,100,0.869259259,0.035631777,100,45,0,100,70.88708627,1.824711402,100,86.6969037,2.210629856,100,447.6538194,0.002210636,0.48102899,0.003563178,0,0.18247114,0.221062986
random_walk,450,45,135,0,124,0.62,175930.61,4459.246777,100,0.868793136,0.022020972,100,117.56,4.826944576,100,0.870814815,0.035755145,100,45,0,100,71.31403112,1.825731565,100,86.87786667,2.202118748,100,445.9246777,0.002202097,0.482694458,0.003575515,0,0.182573157,0.220211875
random_walk,450,45,135,0,125,0.625,176278.42,4436.38798,100,0.870510716,0.021908089,100,117.77,4.775473957,100,0.87237037,0.035373881,100,45,0,100,71.74663105,1.823099758,100,87.04960494,2.1908693,100,443.638798,0.002190809,0.477547396,0.003537388,0,0.182309976,0.21908693
random_walk,450,45,135,0,126,0.63,176639.94,4410.670028,100,0.872296,0.021781087,100,117.99,4.776827484,100,0.874,0.035383907,100,45,0,100,72.17190671,1.819043836,100,87.22802963,2.178176355,100,441.0670028,0.002178109,0.477682748,0.003538391,0,0.181904384,0.217817635
random_walk,450,45,135,0,127,0.635,176988.2,4375.440598,100,0.874015802,0.021607114,100,118.26,4.68097374,100,0.876,0.03467388,100,45,0,100,72.60064292,1.810431088,100,87.40020247,2.160782045,100,437.5440598,0.002160711,0.468097374,0.003467388,0,0.181043109,0.216078205
random_walk,450,45,135,0,128,0.64,177332.95,4381.897934,100,0.875718272,0.021639002,100,118.55,4.656645084,100,0.878148148,0.034493667,100,45,0,100,73.03008554,1.820530117,100,87.57041481,2.163963634,100,438.1897934,0.0021639,0.465664508,0.003449367,0,0.182053012,0.216396363
random_walk,450,45,135,0,129,0.645,177669.19,4361.574826,100,0.877378716,0.021538641,100,118.81,4.687604544,100,0.880074074,0.034722997,100,45,0,100,73.46080743,1.819640452,100,87.7365037,2.153810228,100,436.1574826,0.002153864,0.468760454,0.0034723,0,0.181964045,0.215381023
random_walk,450,45,135,0,130,0.65,177993.43,4362.951837,100,0.878979901,0.021545441,100,119.01,4.687173558,100,0.881555556,0.034719804,100,45,0,100,73.89522257,1.827490984,100,87.89668642,2.154537516,100,436.2951837,0.002154544,0.468717356,0.00347198,0,0.182749098,0.215453752
random_walk,450,45,135,0,131,0.655,178316.54,4368.543401,100,0.880575506,0.021573054,100,119.19,4.565339334,100,0.882888889,0.033817328,100,45,0,100,74.328568,1.83787547,100,88.05616296,2.157397436,100,436.8543401,0.002157305,0.456533933,0.003381733,0,0.183787547,0.215739744
random_walk,450,45,135,0,132,0.66,178627.27,4342.018422,100,0.882109975,0.021442066,100,119.33,4.54396036,100,0.883925926,0.033658966,100,45,0,100,74.76495569,1.834434278,100,88.20959506,2.144300255,100,434.2018422,0.002144207,0.454396036,0.003365897,0,0.183443428,0.214430025
random_walk,450,45,135,0,133,0.665,178927.68,4333.230187,100,0.883593481,0.021398668,100,119.6,4.508129581,100,0.885925926,0.033393552,100,45,0,100,75.20465637,1.839619544,100,88.35812346,2.139889064,100,433.3230187,0.002139867,0.450812958,0.003339355,0,0.183961954,0.213988906
random_walk,450,45,135,0,134,0.67,179230.83,4320.795227,100,0.885090519,0.02133726,100,119.74,4.480304824,100,0.886962963,0.033187443,100,45,0,100,75.64157225,1.843383041,100,88.50794568,2.133765324,100,432.0795227,0.002133726,0.448030482,0.003318744,0,0.184338304,0.213376532
random_walk,450,45,135,0,135,0.675,179526.49,4302.033934,100,0.886550568,0.021244612,100,119.91,4.438343034,100,0.888222222,0.032876615,100,45,0,100,76.08008352,1.843783604,100,88.65381728,2.124480473,100,430.2033934,0.002124461,0.443834303,0.003287662,0,0.18437836,0.212448047
random_walk,450,45,135,0,136,0.68,179824.52,4284.528407,100,0.888022321,0.021158165,100,119.97,4.420921335,100,0.888666667,0.032747565,100,45,0,100,76.5160804,1.844945305,100,88.80104691,2.115761956,100,428.4528407,0.002115816,0.442092134,0.003274757,0,0.18449453,0.211576196
random_walk,450,45,135,0,137,0.685,180119.09,4271.373663,100,0.889476988,0.021093203,100,120.23,4.41039864,100,0.890592593,0.03266962,100,45,0,100,76.95222935,1.847187299,100,88.94659753,2.109371795,100,427.1373663,0.00210932,0.441039864,0.003266962,0,0.18471873,0.210937179
random_walk,450,45,135,0,138,0.69,180416.81,4270.343782,100,0.89094721,0.021088117,100,120.46,4.372596021,100,0.892296296,0.0323896,100,45,0,100,77.38579552,1.854651872,100,89.09350617,2.108765337,100,427.0343782,0.002108812,0.437259602,0.00323896,0,0.185465187,0.210876534
random_walk,450,45,135,0,139,0.695,180711.19,4256.509301,100,0.892400938,0.021019799,100,120.64,4.333379953,100,0.89362963,0.032099111,100,45,0,100,77.81915347,1.856410664,100,89.23901235,2.101857523,100,425.6509301,0.00210198,0.433337995,0.003209911,0,0.185641066,0.210185752
random_walk,450,45,135,0,140,0.7,181001.66,4245.63075,100,0.893835358,0.020966078,100,120.82,4.257803294,100,0.894962963,0.031539284,100,45,0,100,78.25293945,1.859026523,100,89.38252346,2.096584016,100,424.563075,0.002096608,0.425780329,0.003153928,0,0.185902652,0.209658402
random_walk,450,45,135,0,141,0.705,181277.85,4237.116776,100,0.895199259,0.020924033,100,121.03,4.142548379,100,0.896518519,0.030685544,100,45,0,100,78.69146094,1.863826622,100,89.51875556,2.092422385,100,423.7116776,0.002092403,0.414254838,0.003068554,0,0.186382662,0.209242238
random_walk,450,45,135,0,142,0.71,181544.69,4222.314076,100,0.896516988,0.020850934,100,121.24,4.045498808,100,0.898074074,0.029966658,100,45,0,100,79.13272848,1.865823811,100,89.65059259,2.085125712,100,422.2314076,0.002085093,0.404549881,0.002996666,0,0.186582381,0.208512571
random_walk,450,45,135,0,143,0.715,181822.86,4204.54718,100,0.897890667,0.020763196,100,121.44,4.028484438,100,0.899555556,0.029840625,100,45,0,100,79.56766465,1.866379476,100,89.78791605,2.076388805,100,420.454718,0.00207632,0.402848444,0.002984063,0,0.186637948,0.207638881
random_walk,450,45,135,0,144,0.72,182119.43,4175.886583,100,0.89935521,0.020621662,100,121.56,3.975480404,100,0.900444444,0.029448003,100,45,0,100,79.99297778,1.860965711,100,89.93444444,2.062102343,100,417.5886583,0.002062166,0.39754804,0.0029448,0,0.186096571,0.206210234
random_walk,450,45,135,0,145,0.725,182392.91,4155.933315,100,0.900705728,0.020523127,100,121.8,3.81120093,100,0.902222222,0.028231118,100,45,0,100,80.42724491,1.858919213,100,90.06946173,2.052416512,100,415.5933315,0.002052313,0.381120093,0.002823112,0,0.185891921,0.205241651
random_walk,450,45,135,0,146,0.73,182662.98,4137.164148,100,0.902039407,0.02043044,100,122.02,3.792549847,100,0.903851852,0.028092962,100,45,0,100,80.86173608,1.85751893,100,90.20291358,2.04309017,100,413.7164148,0.002043044,0.379254985,0.002809296,0,0.185751893,0.204309017
random_walk,450,45,135,0,147,0.735,182936.65,4130.904923,100,0.903390864,0.02039953,100,122.19,3.815690625,100,0.905111111,0.028264375,100,45,0,100,81.29355086,1.861709591,100,90.33805432,2.039946109,100,413.0904923,0.002039953,0.381569063,0.002826438,0,0.186170959,0.203994611
random_walk,450,45,135,0,148,0.74,183195.09,4124.80438,100,0.904667111,0.020369404,100,122.38,3.738362414,100,0.906518519,0.027691573,100,45,0,100,81.73092242,1.865885128,100,90.46569877,2.036957432,100,412.480438,0.00203694,0.373836241,0.002769157,0,0.186588513,0.203695743
random_walk,450,45,135,0,149,0.745,183436.35,4100.120802,100,0.905858519,0.02024751,100,122.56,3.723580334,100,0.907851852,0.027582077,100,45,0,100,82.1744135,1.862250859,100,90.58495802,2.024759303,100,410.0120802,0.002024751,0.372358033,0.002758208,0,0.186225086,0.20247593
random_walk,450,45,135,0,150,0.75,183680.72,4080.193821,100,0.907065284,0.020149105,100,122.77,3.684131958,100,0.909407407,0.027289866,100,45,0,100,82.61547215,1.860460063,100,90.70558025,2.014967387,100,408.0193821,0.002014911,0.368413196,0.002728987,0,0.186046006,0.201496739
random_walk,450,45,135,0,151,0.755,183937.38,4067.365689,100,0.908332741,0.020085756,100,122.96,3.637403892,100,0.910814815,0.026943733,100,45,0,100,83.04992107,1.862035695,100,90.8323358,2.008497473,100,406.7365689,0.002008576,0.363740389,0.002694373,0,0.186203569,0.200849747
random_walk,450,45,135,0,152,0.76,184170.62,4053.822478,100,0.909484543,0.020018876,100,123.15,3.635890121,100,0.912222222,0.026932519,100,45,0,100,83.49361103,1.8635477,100,90.94748148,2.001869444,100,405.3822478,0.002001888,0.363589012,0.002693252,0,0.18635477,0.200186944
random_walk,450,45,135,0,153,0.765,184396.21,4050.649194,100,0.910598568,0.020003206,100,123.27,3.667644498,100,0.913111111,0.027167737,100,45,0,100,83.93990031,1.869877537,100,91.05890864,2.000417168,100,405.0649194,0.002000321,0.36676445,0.002716774,0,0.186987754,0.200041717
random_walk,450,45,135,0,154,0.77,184623.66,4031.987339,100,0.911721778,0.019911049,100,123.42,3.640901209,100,0.914222222,0.026969639,100,45,0,100,84.38396797,1.868727614,100,91.17133333,1.991125422,100,403.1987339,0.001991105,0.364090121,0.002696964,0,0.186872761,0.199112542
random_walk,450,45,135,0,155,0.775,184856.1,4009.158237,100,0.91286963,0.019798312,100,123.59,3.623980177,100,0.915481481,0.026844298,100,45,0,100,84.82457114,1.86488877,100,91.28603951,1.979778168,100,400.9158237,0.001979831,0.362398018,0.00268443,0,0.186488877,0.197977817
random_walk,450,45,135,0,156,0.78,185082.78,3996.671897,100,0.913989037,0.019736651,100,123.75,3.6386672,100,0.916666667,0.02695309,100,45,0,100,85.26686076,1.865603034,100,91.39798025,1.973688805,100,399.6671897,0.001973665,0.36386672,0.002695309,0,0.186560303,0.19736888
random_walk,450,45,135,0,157,0.785,185319.1,3971.423637,100,0.915156049,0.019611969,100,123.89,3.609457275,100,0.917703704,0.026736721,100,45,0,100,85.70332732,1.860564984,100,91.51466173,1.961301386,100,397.1423637,0.001961197,0.360945727,0.002673672,0,0.186056498,0.196130139
random_walk,450,45,135,0,158,0.79,185552.64,3948.931587,100,0.916309333,0.019500897,100,124.02,3.544749995,100,0.918666667,0.026257407,100,45,0,100,86.14012427,1.857151091,100,91.63001975,1.95000247,100,394.8931587,0.00195009,0.354474999,0.002625741,0,0.185715109,0.195000247
random_walk,450,45,135,0,159,0.795,185780.58,3926.70648,100,0.917434963,0.019391143,100,124.13,3.492141249,100,0.919481481,0.025867713,100,45,0,100,86.57841644,1.853784072,100,91.74255802,1.939130026,100,392.670648,0.001939114,0.349214125,0.002586771,0,0.185378407,0.193913003
random_walk,450,45,135,0,160,0.8,186003.78,3911.489769,100,0.918537185,0.019315999,100,124.25,3.331438856,100,0.92037037,0.024677325,100,45,0,100,87.01796895,1.854189361,100,91.85279012,1.931606473,100,391.1489769,0.0019316,0.333143886,0.002467732,0,0.185418936,0.193160647
random_walk,450,45,135,0,161,0.805,186211.52,3900.779669,100,0.919563062,0.019263109,100,124.43,3.355246156,100,0.921703704,0.024853675,100,45,0,100,87.46387921,1.856784615,100,91.95555062,1.926343365,100,390.0779669,0.001926311,0.335524616,0.002485368,0,0.185678462,0.192634337
random_walk,450,45,135,0,162,0.81,186409.37,3891.189804,100,0.920540099,0.019215752,100,124.52,3.325688202,100,0.92237037,0.024634727,100,45,0,100,87.91344842,1.859802293,100,92.05323457,1.921510971,100,389.1189804,0.001921575,0.33256882,0.002463473,0,0.185980229,0.192151097
random_walk,450,45,135,0,163,0.815,186614.13,3884.995508,100,0.921551259,0.019185163,100,124.72,3.25384,100,0.923851852,0.024102519,100,45,0,100,88.3588214,1.86502601,100,92.15430123,1.918542203,100,388.4995508,0.001918516,0.325384,0.002410252,0,0.186502601,0.19185422
random_walk,450,45,135,0,164,0.82,186816.26,3889.457625,100,0.922549432,0.019207198,100,124.81,3.249537652,100,0.924518519,0.024070649,100,45,0,100,88.80469143,1.874741287,100,92.25423704,1.920690257,100,388.9457625,0.00192072,0.324953765,0.002407065,0,0.187474129,0.192069026
random_walk,450,45,135,0,165,0.825,187012.98,3888.988116,100,0.923520889,0.01920488,100,124.92,3.268088744,100,0.925333333,0.024208065,100,45,0,100,89.25198453,1.882353939,100,92.35125926,1.920510768,100,388.8988116,0.001920488,0.326808874,0.002420806,0,0.188235394,0.192051077
random_walk,450,45,135,0,166,0.83,187220.61,3875.605097,100,0.924546222,0.019138791,100,125.12,3.2264062,100,0.926814815,0.023899305,100,45,0,100,89.69282861,1.882822756,100,92.45391605,1.913866729,100,387.5605097,0.001913879,0.32264062,0.002389931,0,0.188282276,0.191386673
random_walk,450,45,135,0,167,0.835,187413.99,3850.844196,100,0.925501185,0.019016515,100,125.21,3.153625459,100,0.927481481,0.023360189,100,45,0,100,90.1393727,1.877938217,100,92.54934815,1.901827273,100,385.0844196,0.001901651,0.315362546,0.002336019,0,0.187793822,0.190182727
random_walk,450,45,135,0,168,0.84,187615.47,3831.023049,100,0.926496148,0.018918632,100,125.33,3.120654554,100,0.92837037,0.02311596,100,45,0,100,90.58125225,1.875654209,100,92.64876049,1.892016706,100,383.1023049,0.001891863,0.312065455,0.002311596,0,0.187565421,0.189201671
random_walk,450,45,135,0,169,0.845,187815.09,3817.288128,100,0.927481926,0.018850806,100,125.51,3.050070375,100,0.929703704,0.022593114,100,45,0,100,91.02314451,1.876173443,100,92.74752099,1.885184913,100,381.7288128,0.001885081,0.305007038,0.002259311,0,0.187617344,0.188518491
random_walk,450,45,135,0,170,0.85,188014.55,3791.24962,100,0.928466914,0.01872222,100,125.74,3.017189809,100,0.931407407,0.022349554,100,45,0,100,91.46394529,1.869750804,100,92.84596543,1.872340384,100,379.124962,0.001872222,0.301718981,0.002234955,0,0.18697508,0.187234038
random_walk,450,45,135,0,171,0.855,188203.39,3780.485429,100,0.929399457,0.018669064,100,125.84,2.970290602,100,0.932148148,0.022002153,100,45,0,100,91.90927979,1.871906523,100,92.93927407,1.866984615,100,378.0485429,0.001866906,0.29702906,0.002200215,0,0.187190652,0.186698462
random_walk,450,45,135,0,172,0.86,188377.7,3768.899889,100,0.930260247,0.018611851,100,125.9,2.98311748,100,0.932592593,0.022097167,100,45,0,100,92.36089582,1.873284032,100,93.02535309,1.861292973,100,376.8899889,0.001861185,0.298311748,0.002209717,0,0.187328403,0.186129297
random_walk,450,45,135,0,173,0.865,188562.29,3758.198621,100,0.931171802,0.018559006,100,125.99,3.0033483,100,0.933259259,0.022247024,100,45,0,100,92.80668942,1.875013663,100,93.11661235,1.856001678,100,375.8198621,0.001855901,0.30033483,0.002224702,0,0.187501366,0.185600168
random_walk,450,45,135,0,174,0.87,188752.82,3750.862781,100,0.932112691,0.018522779,100,126.1,2.976337659,100,0.934074074,0.022046946,100,45,0,100,93.24866781,1.878215157,100,93.21059753,1.852348491,100,375.0862781,0.001852278,0.297633766,0.002204695,0,0.187821516,0.185234849
random_walk,450,45,135,0,175,0.875,188926.17,3713.804815,100,0.932968741,0.018339777,100,126.13,2.939301779,100,0.934296296,0.021772606,100,45,0,100,93.69773014,1.866489903,100,93.29624691,1.834047049,100,371.3804815,0.001833978,0.293930178,0.002177261,0,0.18664899,0.183404705
random_walk,450,45,135,0,176,0.88,189099.37,3686.793618,100,0.933824049,0.018206388,100,126.25,2.928008252,100,0.935185185,0.02168895,100,45,0,100,94.14627432,1.860083349,100,93.38177284,1.820700933,100,368.6793618,0.001820639,0.292800825,0.002168895,0,0.186008335,0.182070093
random_walk,450,45,135,0,177,0.885,189279.42,3660.606036,100,0.934713185,0.018077067,100,126.34,2.965185194,100,0.935851852,0.021964335,100,45,0,100,94.59060644,1.854076265,100,93.47067654,1.807790204,100,366.0606036,0.001807707,0.296518519,0.002196433,0,0.185407627,0.18077902
random_walk,450,45,135,0,178,0.89,189445.75,3636.368433,100,0.935534568,0.017957375,100,126.48,2.942135554,100,0.936888889,0.021793597,100,45,0,100,95.04103831,1.84927544,100,93.55275556,1.795752379,100,363.6368433,0.001795737,0.294213555,0.00217936,0,0.184927544,0.179575238
random_walk,450,45,135,0,179,0.895,189615.58,3625.275302,100,0.936373235,0.017902594,100,126.57,2.937926844,100,0.937555556,0.021762421,100,45,0,100,95.48912567,1.850651459,100,93.63671111,1.790376886,100,362.5275302,0.001790259,0.293792684,0.002176242,0,0.185065146,0.179037689
random_walk,450,45,135,0,180,0.9,189771.02,3595.743842,100,0.93714084,0.01775676,100,126.72,2.978305396,100,0.938666667,0.022061521,100,45,0,100,95.94334299,1.842628545,100,93.71350123,1.775814375,100,359.5743842,0.001775676,0.29783054,0.002206152,0,0.184262854,0.177581437
random_walk,450,45,135,0,181,0.905,189922.79,3577.665709,100,0.937890321,0.017667485,100,126.8,2.957613015,100,0.939259259,0.021908245,100,45,0,100,96.39892123,1.840377597,100,93.78847407,1.766799732,100,357.7665709,0.001766748,0.295761302,0.002190824,0,0.18403776,0.176679973
random_walk,450,45,135,0,182,0.91,190090.03,3565.260118,100,0.938716198,0.017606223,100,126.95,2.975913407,100,0.94037037,0.022043803,100,45,0,100,96.84594926,1.840504305,100,93.87101235,1.760646187,100,356.5260118,0.001760622,0.297591341,0.00220438,0,0.184050431,0.176064619
random_walk,450,45,135,0,183,0.915,190259.74,3549.338332,100,0.939554272,0.017527597,100,127.06,3.021204523,100,0.941185185,0.022379293,100,45,0,100,97.29082346,1.838897273,100,93.95477531,1.752824472,100,354.9338332,0.00175276,0.302120452,0.002237929,0,0.183889727,0.175282447
random_walk,450,45,135,0,184,0.92,190418.14,3535.752457,100,0.940336494,0.017460506,100,127.22,2.973213749,100,0.94237037,0.022023806,100,45,0,100,97.74068036,1.83882164,100,94.03307654,1.746158597,100,353.5752457,0.001746051,0.297321375,0.002202381,0,0.183882164,0.17461586
random_walk,450,45,135,0,185,0.925,190570.87,3526.846526,100,0.941090716,0.017416526,100,127.3,3,100,0.942962963,0.022222222,100,45,0,100,98.19288746,1.841508079,100,94.10853333,1.741748741,100,352.6846526,0.001741653,0.3,0.002222222,0,0.184150808,0.174174874
random_walk,450,45,135,0,186,0.93,190718.78,3496.343725,100,0.941821136,0.017265895,100,127.4,3.00168303,100,0.943703704,0.022234689,100,45,0,100,98.64642435,1.832420351,100,94.18158519,1.726742558,100,349.6343725,0.001726589,0.300168303,0.002223469,0,0.183242035,0.172674256
random_walk,450,45,135,0,187,0.935,190863.76,3477.772674,100,0.942537086,0.017174186,100,127.47,3.003213767,100,0.944222222,0.022246028,100,45,0,100,99.10098895,1.829444979,100,94.25308642,1.717507418,100,347.7772674,0.001717419,0.300321377,0.002224603,0,0.182944498,0.171750742
random_walk,450,45,135,0,188,0.94,191008.49,3460.918543,100,0.943251802,0.017090956,100,127.51,2.979712548,100,0.944518519,0.022071945,100,45,0,100,99.55515134,1.827182608,100,94.32466173,1.709191864,100,346.0918543,0.001709096,0.297971255,0.002207194,0,0.182718261,0.170919186
random_walk,450,45,135,0,189,0.945,191156.94,3432.427732,100,0.943984889,0.01695026,100,127.61,2.981068211,100,0.945259259,0.022081987,100,45,0,100,100.0064153,1.818755326,100,94.39802469,1.695124475,100,343.2427732,0.001695026,0.298106821,0.002208199,0,0.181875533,0.169512447
random_walk,450,45,135,0,190,0.95,191300.19,3414.857853,100,0.944692296,0.016863496,100,127.71,2.951784258,100,0.946,0.021865069,100,45,0,100,100.4598661,1.815679964,100,94.46868148,1.686496474,100,341.4857853,0.00168635,0.295178426,0.002186507,0,0.181567996,0.168649647
random_walk,450,45,135,0,191,0.955,191428.99,3388.161575,100,0.945328346,0.016731662,100,127.77,2.950278193,100,0.946444444,0.021853913,100,45,0,100,100.9200633,1.8082947,100,94.53235062,1.673286759,100,338.8161575,0.001673166,0.295027819,0.002185391,0,0.18082947,0.167328676
random_walk,450,45,135,0,192,0.96,191552.87,3363.870182,100,0.945940099,0.016611705,100,127.87,2.942736307,100,0.947185185,0.021798047,100,45,0,100,101.3823382,1.802232063,100,94.59362469,1.661235777,100,336.3870182,0.00166117,0.294273631,0.002179805,0,0.180223206,0.166123578
random_walk,450,45,135,0,193,0.965,191680.06,3344.152106,100,0.946568198,0.016514331,100,127.92,2.953101434,100,0.947555556,0.021874825,100,45,0,100,101.8423024,1.799094457,100,94.65636543,1.65156501,100,334.4152106,0.001651433,0.295310143,0.002187483,0,0.179909446,0.165156501
random_walk,450,45,135,0,194,0.97,191810.22,3312.907937,100,0.947210963,0.016360039,100,127.97,2.969389285,100,0.947925926,0.021995476,100,45,0,100,102.2998271,1.788804513,100,94.72063704,1.636152412,100,331.2907937,0.001636004,0.296938929,0.002199548,0,0.178880451,0.163615241
random_walk,450,45,135,0,195,0.975,191934.94,3288.834898,100,0.947826864,0.01624116,100,128.02,2.967773032,100,0.948296296,0.021983504,100,45,0,100,102.759876,1.782754231,100,94.7821679,1.624279169,100,328.8834898,0.001624116,0.296777303,0.00219835,0,0.178275423,0.162427917
random_walk,450,45,135,0,196,0.98,192069.87,3275.437507,100,0.948493185,0.016175,100,128.1,2.952485684,100,0.948888889,0.021870264,100,45,0,100,103.2140777,1.782245425,100,94.84880494,1.61763093,100,327.5437507,0.0016175,0.295248568,0.002187026,0,0.178224543,0.161763093
random_walk,450,45,135,0,197,0.985,192193.26,3251.039199,100,0.949102519,0.016054515,100,128.18,2.934916928,100,0.949481481,0.021740125,100,45,0,100,103.6736009,1.775973042,100,94.90976296,1.605535913,100,325.1039199,0.001605451,0.293491693,0.002174013,0,0.177597304,0.160553591
random_walk,450,45,135,0,198,0.99,192316.89,3235.818336,100,0.949713037,0.01597935,100,128.29,2.934624372,100,0.950296296,0.021737958,100,45,0,100,104.1326413,1.775054508,100,94.97080988,1.59810614,100,323.5818336,0.001597935,0.293462437,0.002173796,0,0.177505451,0.159810614
random_walk,450,45,135,0,199,0.995,192432.99,3209.819431,100,0.95028637,0.01585096,100,128.34,2.903220086,100,0.950666667,0.021505334,100,45,0,100,104.5949102,1.767254354,100,95.02817284,1.585231227,100,320.9819431,0.001585096,0.290322009,0.002150533,0,0.176725435,0.158523123
random_walk,450,45,135,0,200,1,192556.03,3182.619887,100,0.950893975,0.015716641,100,128.44,2.89660198,100,0.951407407,0.021456311,100,45,0,100,105.05278,1.758699274,100,95.08892346,1.571743227,100,318.2619887,0.001571664,0.289660198,0.002145631,0,0.175869927,0.157174323
random_walk,500,50,150,0,0,0,0,0,100,0,0,100,0,0,100,0,0,100,50,0,100,0,0,100,0,0,100,0,0,0,0,0,0,0
random_walk,500,50,150,0,1,0.005,8990.96,263.8807858,100,0.03596384,0.001055523,100,5.24,2.429282639,100,0.034933333,0.016195218,100,50,0,100,13.89787828,0.410320204,100,3.574324,0.105046463,100,26.38807858,0.000105552,0.242928264,0.001619522,0,0.04103202,0.010504646
random_walk,500,50,150,0,2,0.01,15362.43,420.0466365,100,0.06144972,0.001680187,100,9.09,3.025464319,100,0.0606,0.020169762,100,50,0,100,16.26597942,0.44638235,100,6.125536,0.167600841,100,42.00466365,0.000168019,0.302546432,0.002016976,0,0.044638235,0.016760084
random_walk,500,50,150,0,3,0.015,21056.21,524.8501911,100,0.08422484,0.002099401,100,12.59,3.290927228,100,0.083933333,0.021939515,100,50,0,100,17.7987391,0.447044531,100,8.405124,0.209467741,100,52.48501911,0.00020994,0.329092723,0.002193951,0,0.044704453,0.020946774
random_walk,500,50,150,0,4,0.02,26352.15,663.001354,100,0.1054086,0.002652005,100,15.64,3.820518765,100,0.104266667,0.025470125,100,50,0,100,18.96207209,0.479790547,100,10.524504,0.265075731,100,66.3001354,0.000265201,0.382051877,0.002547013,0,0.047979055,0.026507573
random_walk,500,50,150,0,5,0.025,31302.15,797.4160717,100,0.1252086,0.003189664,100,18.81,4.194019311,100,0.1254,0.027960129,100,50,0,100,19.95412154,0.507126229,100,12.505588,0.318276233,100,79.74160717,0.000318966,0.419401931,0.002796013,0,0.050712623,0.031827623
random_walk,500,50,150,0,6,0.03,35997.37,940.6170622,100,0.14398948,0.003762468,100,21.42,4.257328797,100,0.1428,0.028382192,100,50,0,100,20.82251241,0.539007986,100,14.384468,0.375344518,100,94.06170622,0.000376247,0.42573288,0.002838219,0,0.053900799,0.037534452
random_walk,500,50,150,0,7,0.035,40514.15,1086.870732,100,0.1620566,0.004347483,100,24.2,4.57926817,100,0.161333333,0.030528454,100,50,0,100,21.58545761,0.576699342,100,16.191588,0.43423533,100,108.6870732,0.000434748,0.457926817,0.003052845,0,0.057669934,0.043423533
random_walk,500,50,150,0,8,0.04,44880.38,1198.584744,100,0.17952152,0.004794339,100,26.85,4.940811286,100,0.179,0.032938742,100,50,0,100,22.26872403,0.595145566,100,17.938696,0.479004205,100,119.8584744,0.000479434,0.494081129,0.003293874,0,0.059514557,0.04790042
random_walk,500,50,150,0,9,0.045,48956.38,1362.472113,100,0.19582552,0.005449888,100,29.4,5.329544108,100,0.196,0.035530294,100,50,0,100,22.96806371,0.641844424,100,19.569708,0.544354578,100,136.2472113,0.000544989,0.532954411,0.003553029,0,0.064184442,0.054435458
random_walk,500,50,150,0,10,0.05,52955.15,1563.190143,100,0.2118206,0.006252761,100,31.98,5.442036161,100,0.2132,0.036280241,100,50,0,100,23.59547502,0.700778754,100,21.169368,0.624734621,100,156.3190143,0.000625276,0.544203616,0.003628024,0,0.070077875,0.062473462
random_walk,500,50,150,0,11,0.055,56878.68,1697.783242,100,0.22751472,0.006791133,100,34.5,5.819680994,100,0.23,0.038797873,100,50,0,100,24.16503645,0.726276246,100,22.739396,0.678835317,100,169.7783242,0.000679113,0.581968099,0.003879787,0,0.072627625,0.067883532
random_walk,500,50,150,0,12,0.06,60686.72,1852.686753,100,0.24274688,0.007410747,100,36.91,5.946045286,100,0.246066667,0.039640302,100,50,0,100,24.70870279,0.760080393,100,24.26288,0.740306869,100,185.2686753,0.000741075,0.594604529,0.00396403,0,0.076008039,0.074030687
random_walk,500,50,150,0,13,0.065,64335.67,2019.028905,100,0.25734268,0.008076116,100,39.14,5.961187598,100,0.260933333,0.039741251,100,50,0,100,25.25083456,0.793609304,100,25.722644,0.807291028,100,201.9028905,0.000807612,0.59611876,0.003974125,0,0.07936093,0.080729103
random_walk,500,50,150,0,14,0.07,67960.7,2130.029053,100,0.2718428,0.008520116,100,41.35,6.117329252,100,0.275666667,0.040782195,100,50,0,100,25.74272835,0.808861389,100,27.173152,0.851522553,100,213.0029053,0.000852012,0.611732925,0.00407822,0,0.080886139,0.085152255
random_walk,500,50,150,0,15,0.075,71385.47,2276.96963,100,0.28554188,0.009107879,100,43.29,6.105627475,100,0.2886,0.040704183,100,50,0,100,26.25920881,0.83976914,100,28.543444,0.910069399,100,227.696963,0.000910788,0.610562748,0.004070418,0,0.083976914,0.09100694
random_walk,500,50,150,0,16,0.08,74695.83,2407.011014,100,0.29878332,0.009628044,100,45.11,6.231064244,100,0.300733333,0.041540428,100,50,0,100,26.76906742,0.864506032,100,29.867984,0.962646463,100,240.7011014,0.000962804,0.623106424,0.004154043,0,0.086450603,0.096264646
random_walk,500,50,150,0,17,0.085,77889.26,2447.747456,100,0.31155704,0.00979099,100,46.96,6.386412344,100,0.313066667,0.042576082,100,50,0,100,27.27482948,0.860496502,100,31.145984,0.978499764,100,244.7747456,0.000979099,0.638641234,0.004257608,0,0.08604965,0.097849976
random_walk,500,50,150,0,18,0.09,81025.08,2549.572651,100,0.32410032,0.010198291,100,49.12,6.449931485,100,0.327466667,0.042999543,100,50,0,100,27.76175684,0.878531668,100,32.400048,1.019874157,100,254.9572651,0.001019829,0.644993149,0.004299954,0,0.087853167,0.101987416
random_walk,500,50,150,0,19,0.095,84103.43,2644.488609,100,0.33641372,0.010577954,100,50.98,6.669665992,100,0.339866667,0.04446444,100,50,0,100,28.23149838,0.891186504,100,33.63162,1.05741912,100,264.4488609,0.001057795,0.666966599,0.004446444,0,0.08911865,0.105741912
random_walk,500,50,150,0,20,0.1,87079.71,2766.254432,100,0.34831884,0.011065018,100,52.86,6.668211942,100,0.3524,0.044454746,100,50,0,100,28.7022512,0.916650307,100,34.822608,1.106273353,100,276.6254432,0.001106502,0.666821194,0.004445475,0,0.091665031,0.110627335
random_walk,500,50,150,0,21,0.105,90056.27,2866.584628,100,0.36022508,0.011466339,100,54.52,6.612629484,100,0.363466667,0.044084197,100,50,0,100,29.14149744,0.933725724,100,36.013408,1.146285901,100,286.6584628,0.001146634,0.661262948,0.00440842,0,0.093372572,0.11462859
random_walk,500,50,150,0,22,0.11,92914.7,3013.501894,100,0.3716588,0.012054008,100,56.22,6.80103973,100,0.3748,0.045340265,100,50,0,100,29.59116205,0.968337952,100,37.1571,1.204664431,100,301.3501894,0.001205401,0.680103973,0.004534026,0,0.096833795,0.120466443
random_walk,500,50,150,0,23,0.115,95719.31,3166.530022,100,0.38287724,0.01266612,100,57.83,6.912227491,100,0.385533333,0.046081517,100,50,0,100,30.03110773,1.00380746,100,38.279088,1.266339172,100,316.6530022,0.001266612,0.691222749,0.004608152,0,0.100380746,0.126633917
random_walk,500,50,150,0,24,0.12,98460.25,3251.233504,100,0.393841,0.013004934,100,59.34,6.775207328,100,0.3956,0.045168049,100,50,0,100,30.46435866,1.017401937,100,39.375188,1.300418333,100,325.1233504,0.001300493,0.677520733,0.004516805,0,0.101740194,0.130041833
random_walk,500,50,150,0,25,0.125,101185.71,3317.785538,100,0.40474284,0.013271142,100,60.98,6.807571542,100,0.406533333,0.04538381,100,50,0,100,30.8784024,1.025079806,100,40.466008,1.327285794,100,331.7785538,0.001327114,0.680757154,0.004538381,0,0.102507981,0.132728579
random_walk,500,50,150,0,26,0.13,103763.52,3366.647784,100,0.41505408,0.013466591,100,62.44,6.850967638,100,0.416266667,0.045673118,100,50,0,100,31.31500728,1.027444505,100,41.497444,1.346375845,100,336.6647784,0.001346659,0.685096764,0.004567312,0,0.10274445,0.134637584
random_walk,500,50,150,0,27,0.135,106343.68,3422.3437,100,0.42537472,0.013689375,100,64.16,6.895643479,100,0.427733333,0.045970957,100,50,0,100,31.72987558,1.030103466,100,42.52946,1.368836051,100,342.23437,0.001368937,0.689564348,0.004597096,0,0.103010347,0.136883605
random_walk,500,50,150,0,28,0.14,108842.96,3424.288011,100,0.43537184,0.013697152,100,65.56,6.739481142,100,0.437066667,0.044929874,100,50,0,100,32.14813373,1.018991367,100,43.529512,1.36980927,100,342.4288011,0.001369715,0.673948114,0.004492987,0,0.101899137,0.136980927
random_walk,500,50,150,0,29,0.145,111335.89,3404.573617,100,0.44534356,0.013618294,100,67.23,6.836998278,100,0.4482,0.045579989,100,50,0,100,32.54911654,1.002291071,100,44.526848,1.361564481,100,340.4573617,0.001361829,0.683699828,0.004557999,0,0.100229107,0.136156448
random_walk,500,50,150,0,30,0.15,113720.12,3442.169002,100,0.45488048,0.013768676,100,68.52,6.796434003,100,0.4568,0.04530956,100,50,0,100,32.96515422,1.006297778,100,45.480596,1.376724372,100,344.2169002,0.001376868,0.6796434,0.004530956,0,0.100629778,0.137672437
random_walk,500,50,150,0,31,0.155,115982.16,3529.471422,100,0.46392864,0.014117886,100,69.74,6.956749502,100,0.464933333,0.04637833,100,50,0,100,33.40015071,1.024576965,100,46.385464,1.411748395,100,352.9471422,0.001411789,0.69567495,0.004637833,0,0.102457696,0.141174839
random_walk,500,50,150,0,32,0.16,118227.38,3613.453933,100,0.47290952,0.014453816,100,71.15,7.03005812,100,0.474333333,0.046867054,100,50,0,100,33.82320206,1.04141217,100,47.28366,1.44503077,100,361.3453933,0.001445382,0.703005812,0.004686705,0,0.104141217,0.144503077
random_walk,500,50,150,0,33,0.165,120431.27,3680.005036,100,0.48172508,0.01472002,100,72.49,7.098861767,100,0.483266667,0.047325745,100,50,0,100,34.24195827,1.054651029,100,48.1654,1.471523645,100,368.0005036,0.001472002,0.709886177,0.004732575,0,0.105465103,0.147152365
random_walk,500,50,150,0,34,0.17,122596.8,3765.54981,100,0.4903872,0.015062199,100,73.7,7.103136311,100,0.491333333,0.047354242,100,50,0,100,34.65672881,1.074462896,100,49.0318,1.505593728,100,376.554981,0.00150622,0.710313631,0.004735424,0,0.10744629,0.150559373
random_walk,500,50,150,0,35,0.175,124737.73,3878.140783,100,0.49895092,0.015512563,100,74.9,6.889459084,100,0.499333333,0.045929727,100,50,0,100,35.06457727,1.103621508,100,49.888196,1.550738573,100,387.8140783,0.001551256,0.688945908,0.004592973,0,0.110362151,0.155073857
random_walk,500,50,150,0,36,0.18,126878.74,3962.84226,100,0.50751496,0.015851369,100,76.11,6.897364451,100,0.5074,0.04598243,100,50,0,100,35.45823539,1.121516813,100,50.745116,1.584701941,100,396.284226,0.001585137,0.689736445,0.004598243,0,0.112151681,0.158470194
random_walk,500,50,150,0,37,0.185,128917.58,4010.926536,100,0.51567032,0.016043706,100,77.28,6.969022365,100,0.5152,0.046460149,100,50,0,100,35.86667265,1.130148102,100,51.560564,1.603991016,100,401.0926536,0.001604371,0.696902237,0.004646015,0,0.11301481,0.160399102
random_walk,500,50,150,0,38,0.19,130931.02,4082.354559,100,0.52372408,0.016329418,100,78.37,7.093395705,100,0.522466667,0.047289305,100,50,0,100,36.26965684,1.145059483,100,52.366256,1.63279098,100,408.2354559,0.001632942,0.70933957,0.00472893,0,0.114505948,0.163279098
random_walk,500,50,150,0,39,0.195,132870.69,4109.072012,100,0.53148276,0.016436288,100,79.55,6.80667379,100,0.530333333,0.045377825,100,50,0,100,36.6801503,1.148628702,100,53.142232,1.64292202,100,410.9072012,0.001643629,0.680667379,0.004537783,0,0.11486287,0.164292202
random_walk,500,50,150,0,40,0.2,134809.84,4194.193778,100,0.53923936,0.016776775,100,80.68,6.696720138,100,0.537866667,0.044644801,100,50,0,100,37.08002153,1.167803643,100,53.91794,1.677187908,100,419.4193778,0.001677678,0.669672014,0.00446448,0,0.116780364,0.167718791
random_walk,500,50,150,0,41,0.205,136660.01,4262.704795,100,0.54664004,0.017050819,100,81.9,6.595835846,100,0.546,0.043972239,100,50,0,100,37.49276516,1.182246476,100,54.658184,1.704675594,100,426.2704795,0.001705082,0.659583585,0.004397224,0,0.118224648,0.170467559
random_walk,500,50,150,0,42,0.21,138526.38,4323.060436,100,0.55410552,0.017292242,100,83.06,6.617729477,100,0.553733333,0.044118197,100,50,0,100,37.88991509,1.195104677,100,55.404676,1.728776527,100,432.3060436,0.001729224,0.661772948,0.00441182,0,0.119510468,0.172877653
random_walk,500,50,150,0,43,0.215,140330.39,4369.144857,100,0.56132156,0.017476579,100,84.11,6.695234247,100,0.560733333,0.044634895,100,50,0,100,38.29335419,1.206794158,100,56.126692,1.747231331,100,436.9144857,0.001747658,0.669523425,0.004463489,0,0.120679416,0.174723133
random_walk,500,50,150,0,44,0.22,142081.59,4448.003264,100,0.56832636,0.017792013,100,85.09,6.615095989,100,0.567266667,0.04410064,100,50,0,100,38.70156077,1.227711513,100,56.827112,1.779128411,100,444.8003264,0.001779201,0.661509599,0.004410064,0,0.122771151,0.177912841
random_walk,500,50,150,0,45,0.225,143842.28,4460.701365,100,0.57536912,0.017842805,100,86.23,6.684604655,100,0.574866667,0.044564031,100,50,0,100,39.09600616,1.230097073,100,57.531516,1.783753829,100,446.0701365,0.001784281,0.668460466,0.004456403,0,0.123009707,0.178375383
random_walk,500,50,150,0,46,0.23,145498.62,4509.927034,100,0.58199448,0.018039708,100,87.3,6.772642532,100,0.582,0.04515095,100,50,0,100,39.50991597,1.24382237,100,58.194308,1.803393348,100,450.9927034,0.001803971,0.677264253,0.004515095,0,0.124382237,0.180339335
random_walk,500,50,150,0,47,0.235,147081.38,4550.548269,100,0.58832552,0.018202193,100,88.23,6.720772863,100,0.5882,0.044805152,100,50,0,100,39.93431417,1.256003925,100,58.827652,1.819715835,100,455.0548269,0.001820219,0.672077286,0.004480515,0,0.125600392,0.181971583
random_walk,500,50,150,0,48,0.24,148674.21,4631.780881,100,0.59469684,0.018527124,100,89.13,6.796694086,100,0.5942,0.045311294,100,50,0,100,40.34756212,1.27809678,100,59.464792,1.852404542,100,463.1780881,0.001852712,0.679669409,0.004531129,0,0.127809678,0.185240454
random_walk,500,50,150,0,49,0.245,150234.05,4697.057997,100,0.6009362,0.018788232,100,90.04,6.805998543,100,0.600266667,0.045373324,100,50,0,100,40.76082651,1.294570437,100,60.088616,1.878351834,100,469.7057997,0.001878823,0.680599854,0.004537332,0,0.129457044,0.187835183
random_walk,500,50,150,0,50,0.25,151824.09,4741.876011,100,0.60729636,0.018967504,100,90.97,6.824576799,100,0.606466667,0.045497179,100,50,0,100,41.15710776,1.305771812,100,60.724572,1.896507665,100,474.1876011,0.00189675,0.68245768,0.004549718,0,0.130577181,0.189650767
random_walk,500,50,150,0,51,0.255,153356.52,4785.713496,100,0.61342608,0.019142854,100,92.09,6.821082884,100,0.613933333,0.045473886,100,50,0,100,41.56073478,1.317417077,100,61.337828,1.914115247,100,478.5713496,0.001914285,0.682108288,0.004547389,0,0.131741708,0.191411525
random_walk,500,50,150,0,52,0.26,154841.17,4830.714434,100,0.61936468,0.019322858,100,93.13,6.721975119,100,0.620866667,0.044813167,100,50,0,100,41.96922788,1.328408209,100,61.931628,1.931817627,100,483.0714434,0.001932286,0.672197512,0.004481317,0,0.132840821,0.193181763
random_walk,500,50,150,0,53,0.265,156286.97,4862.447572,100,0.62514788,0.01944979,100,94.03,6.641551176,100,0.626866667,0.044277008,100,50,0,100,42.38025863,1.336685053,100,62.510056,1.944459884,100,486.2447572,0.001944979,0.664155118,0.004427701,0,0.133668505,0.194445988
random_walk,500,50,150,0,54,0.27,157761.04,4949.732422,100,0.63104416,0.01979893,100,95.01,6.591232315,100,0.6334,0.043941549,100,50,0,100,42.77705845,1.360398352,100,63.099616,1.979384943,100,494.9732422,0.001979893,0.659123232,0.004394155,0,0.136039835,0.197938494
random_walk,500,50,150,0,55,0.275,159178.03,5069.219418,100,0.63671212,0.020276878,100,95.9,6.493975452,100,0.639333333,0.04329317,100,50,0,100,43.18269708,1.393176535,100,63.666756,2.027437491,100,506.9219418,0.002027688,0.649397545,0.004329317,0,0.139317653,0.202743749
random_walk,500,50,150,0,56,0.28,160570.91,5123.107424,100,0.64228364,0.02049243,100,96.68,6.400568157,100,0.644533333,0.042670454,100,50,0,100,43.58657614,1.409044536,100,64.22394,2.049040886,100,512.3107424,0.002049243,0.640056816,0.004267045,0,0.140904454,0.204904089
random_walk,500,50,150,0,57,0.285,161945.81,5165.281739,100,0.64778324,0.020661127,100,97.49,6.225550156,100,0.649933333,0.041503668,100,50,0,100,43.98811143,1.421459558,100,64.77406,2.06617988,100,516.5281739,0.002066113,0.622555016,0.004150367,0,0.142145956,0.206617988
random_walk,500,50,150,0,58,0.29,163284.33,5215.565805,100,0.65313732,0.020862263,100,98.4,6.345283781,100,0.656,0.042301892,100,50,0,100,44.39285034,1.436007651,100,65.309552,2.086090265,100,521.5565805,0.002086226,0.634528378,0.004230189,0,0.143600765,0.208609027
random_walk,500,50,150,0,59,0.295,164618.31,5254.655009,100,0.65847324,0.02101862,100,99.16,6.248587719,100,0.661066667,0.041657251,100,50,0,100,44.79213536,1.448297415,100,65.843028,2.101689201,100,525.4655009,0.002101862,0.624858772,0.004165725,0,0.144829741,0.21016892
random_walk,500,50,150,0,60,0.3,165945.5,5283.940953,100,0.663782,0.021135764,100,99.96,6.281156684,100,0.6664,0.041874378,100,50,0,100,45.18668326,1.457896302,100,66.373996,2.113455572,100,528.3940953,0.002113576,0.628115668,0.004187438,0,0.14578963,0.211345557
random_walk,500,50,150,0,61,0.305,167256.42,5336.57292,100,0.66902568,0.021346292,100,100.73,6.329113427,100,0.671533333,0.04219409,100,50,0,100,45.57981113,1.473679595,100,66.89836,2.134352313,100,533.657292,0.002134629,0.632911343,0.004219409,0,0.14736796,0.213435231
random_walk,500,50,150,0,62,0.31,168504.46,5408.548816,100,0.67401784,0.021634195,100,101.46,6.407728919,100,0.6764,0.042718193,100,50,0,100,45.98443877,1.495889296,100,67.397788,2.163535317,100,540.8548816,0.00216342,0.640772892,0.004271819,0,0.14958893,0.216353532
random_walk,500,50,150,0,63,0.315,169753.84,5452.952109,100,0.67901536,0.021811808,100,102.21,6.342569024,100,0.6814,0.042283793,100,50,0,100,46.38223244,1.510264487,100,67.897684,2.181087742,100,545.2952109,0.002181181,0.634256902,0.004228379,0,0.151026449,0.218108774
random_walk,500,50,150,0,64,0.32,170942.94,5512.060994,100,0.68377176,0.022048244,100,102.82,6.323565035,100,0.685466667,0.0421571,100,50,0,100,46.79112169,1.531258919,100,68.373292,2.204685688,100,551.2060994,0.002204824,0.632356503,0.00421571,0,0.153125892,0.220468569
random_walk,500,50,150,0,65,0.325,172100.76,5546.259236,100,0.68840304,0.022185037,100,103.64,6.230456312,100,0.690933333,0.041536375,100,50,0,100,47.20259421,1.545838305,100,68.836628,2.218391789,100,554.6259236,0.002218504,0.623045631,0.004153638,0,0.15458383,0.221839179
random_walk,500,50,150,0,66,0.33,173285,5620.591547,100,0.69314,0.022482366,100,104.56,6.12383982,100,0.697066667,0.040825599,100,50,0,100,47.60192037,1.569279717,100,69.310156,2.247787158,100,562.0591547,0.002248237,0.612383982,0.00408256,0,0.156927972,0.224778716
random_walk,500,50,150,0,67,0.335,174457.56,5677.732115,100,0.69783024,0.022710928,100,105.17,6.154664815,100,0.701133333,0.041031099,100,50,0,100,47.99868248,1.587792983,100,69.779532,2.270927698,100,567.7732115,0.002271093,0.615466482,0.00410311,0,0.158779298,0.22709277
random_walk,500,50,150,0,68,0.34,175598.39,5747.426168,100,0.70239356,0.022989705,100,105.8,6.210125326,100,0.705333333,0.041400836,100,50,0,100,48.39902365,1.608276521,100,70.23584,2.298835672,100,574.7426168,0.00229897,0.621012533,0.004140084,0,0.160827652,0.229883567
random_walk,500,50,150,0,69,0.345,176741.18,5817.815488,100,0.70696472,0.023271262,100,106.6,6.270018446,100,0.710666667,0.041800123,100,50,0,100,48.79369572,1.629001312,100,70.692876,2.326833337,100,581.7815488,0.002327126,0.627001845,0.004180012,0,0.162900131,0.232683334
random_walk,500,50,150,0,70,0.35,177860.23,5803.882206,100,0.71144092,0.023215529,100,107.27,6.266561895,100,0.715133333,0.041777079,100,50,0,100,49.1883545,1.625938502,100,71.140664,2.321477959,100,580.3882206,0.002321553,0.626656189,0.004177708,0,0.16259385,0.232147796
random_walk,500,50,150,0,71,0.355,178913.66,5836.989442,100,0.71565464,0.023347958,100,107.95,6.317164368,100,0.719666667,0.042114429,100,50,0,100,49.5972192,1.638233846,100,71.561976,2.334771689,100,583.6989442,0.002334796,0.631716437,0.004211443,0,0.163823385,0.233477169
random_walk,500,50,150,0,72,0.36,179982.55,5853.40379,100,0.7199302,0.023413615,100,108.63,6.3,100,0.7242,0.042,100,50,0,100,49.99663799,1.645002593,100,71.98974,2.341219816,100,585.340379,0.002341362,0.63,0.0042,0,0.164500259,0.234121982
random_walk,500,50,150,0,73,0.365,181010.86,5860.009675,100,0.72404344,0.023440039,100,109.25,6.171578715,100,0.728333333,0.041143858,100,50,0,100,50.40250959,1.649920817,100,72.401084,2.344009604,100,586.0009675,0.002344004,0.617157872,0.004114386,0,0.164992082,0.23440096
random_walk,500,50,150,0,74,0.37,182009.58,5848.69048,100,0.72803832,0.023394762,100,109.8,5.988203893,100,0.732,0.039921359,100,50,0,100,50.81177089,1.650348969,100,72.800764,2.339316662,100,584.869048,0.002339476,0.598820389,0.003992136,0,0.165034897,0.233931666
random_walk,500,50,150,0,75,0.375,182994.7,5827.813795,100,0.7319788,0.023311255,100,110.31,5.93516315,100,0.7354,0.039567754,100,50,0,100,51.22012725,1.648189766,100,73.19498,2.330990668,100,582.7813795,0.002331126,0.593516315,0.003956775,0,0.164818977,0.233099067
random_walk,500,50,150,0,76,0.38,183973.81,5839.424201,100,0.73589524,0.023357697,100,110.93,5.973434455,100,0.739533333,0.039822896,100,50,0,100,51.62641186,1.656061421,100,73.586276,2.335733748,100,583.9424201,0.00233577,0.597343446,0.00398229,0,0.165606142,0.233573375
random_walk,500,50,150,0,77,0.385,184958.08,5865.458525,100,0.73983232,0.023461834,100,111.48,5.951792871,100,0.7432,0.039678619,100,50,0,100,52.02728731,1.668417502,100,73.980212,2.346050323,100,586.5458525,0.002346183,0.595179287,0.003967862,0,0.16684175,0.234605032
random_walk,500,50,150,0,78,0.39,185964.74,5891.600758,100,0.74385896,0.023566403,100,112.2,5.808388222,100,0.748,0.038722588,100,50,0,100,52.41764118,1.680209537,100,74.382848,2.356574961,100,589.1600758,0.00235664,0.580838822,0.003872259,0,0.168020954,0.235657496
random_walk,500,50,150,0,79,0.395,186934.52,5911.987477,100,0.74773808,0.02364795,100,112.81,5.85807739,100,0.752066667,0.039053849,100,50,0,100,52.81399349,1.688910522,100,74.77098,2.36479894,100,591.1987477,0.002364795,0.585807739,0.003905385,0,0.168891052,0.236479894
random_walk,500,50,150,0,80,0.4,187836.78,5907.652523,100,0.75134712,0.02363061,100,113.43,5.687581723,100,0.7562,0.037917211,100,50,0,100,53.2250288,1.692667538,100,75.13188,2.363048924,100,590.7652523,0.002363061,0.568758172,0.003791721,0,0.169266754,0.236304892
random_walk,500,50,150,0,81,0.405,188723.77,5919.262909,100,0.75489508,0.023677052,100,113.93,5.68580547,100,0.759533333,0.03790537,100,50,0,100,53.63674089,1.70042743,100,75.486712,2.367619184,100,591.9262909,0.002367705,0.568580547,0.003790537,0,0.170042743,0.236761918
random_walk,500,50,150,0,82,0.41,189655.77,5914.662838,100,0.75862308,0.023658651,100,114.4,5.647919077,100,0.762666667,0.037652794,100,50,0,100,54.03145251,1.702777984,100,75.859396,2.365937242,100,591.4662838,0.002365865,0.564791908,0.003765279,0,0.170277798,0.236593724
random_walk,500,50,150,0,83,0.415,190550.81,5896.627435,100,0.76220324,0.02358651,100,114.94,5.608111009,100,0.766266667,0.037387407,100,50,0,100,54.43262563,1.702979499,100,76.21754,2.358531729,100,589.6627435,0.002358651,0.560811101,0.003738741,0,0.17029795,0.235853173
random_walk,500,50,150,0,84,0.42,191420.11,5899.773307,100,0.76568044,0.023599093,100,115.51,5.498383601,100,0.770066667,0.036655891,100,50,0,100,54.83784282,1.70864582,100,76.565232,2.359972331,100,589.9773307,0.002359909,0.54983836,0.003665589,0,0.170864582,0.235997233
random_walk,500,50,150,0,85,0.425,192253.66,5899.230274,100,0.76901464,0.023596921,100,116.1,5.52588034,100,0.774,0.036839202,100,50,0,100,55.24966041,1.714388224,100,76.898848,2.359582653,100,589.9230274,0.002359692,0.552588034,0.00368392,0,0.171438822,0.235958265
random_walk,500,50,150,0,86,0.43,193088.96,5892.95074,100,0.77235584,0.023571803,100,116.61,5.590206082,100,0.7774,0.037268041,100,50,0,100,55.65730655,1.717530966,100,77.232804,2.357148143,100,589.295074,0.00235718,0.559020608,0.003726804,0,0.171753097,0.235714814
random_walk,500,50,150,0,87,0.435,193944.16,5904.889194,100,0.77577664,0.023619557,100,117.07,5.510788317,100,0.780466667,0.036738589,100,50,0,100,56.0559993,1.725878164,100,77.574996,2.361794993,100,590.4889194,0.002361956,0.551078832,0.003673859,0,0.172587816,0.236179499
random_walk,500,50,150,0,88,0.44,194766.21,5911.822415,100,0.77906484,0.02364729,100,117.6,5.469843866,100,0.784,0.036465626,100,50,0,100,56.46065723,1.733496909,100,77.904028,2.364716567,100,591.1822415,0.002364729,0.546984387,0.003646563,0,0.173349691,0.236471657
random_walk,500,50,150,0,89,0.445,195566.14,5898.517828,100,0.78226456,0.023594071,100,118.21,5.492501776,100,0.788066667,0.036616679,100,50,0,100,56.86813224,1.734787099,100,78.223964,2.359416162,100,589.8517828,0.002359407,0.549250178,0.003661668,0,0.17347871,0.235941616
random_walk,500,50,150,0,90,0.45,196328.91,5871.561761,100,0.78531564,0.023486247,100,118.68,5.395246692,100,0.7912,0.035968311,100,50,0,100,57.28277713,1.731598501,100,78.529052,2.348724224,100,587.1561761,0.002348625,0.539524669,0.003596831,0,0.17315985,0.234872422
random_walk,500,50,150,0,91,0.455,197116.28,5868.144573,100,0.78846512,0.023472578,100,119.2,5.421617784,100,0.794666667,0.036144119,100,50,0,100,57.68741673,1.73568947,100,78.844348,2.347288361,100,586.8144573,0.002347258,0.542161778,0.003614412,0,0.173568947,0.234728836
random_walk,500,50,150,0,92,0.46,197863.57,5836.737632,100,0.79145428,0.023346951,100,119.67,5.397446085,100,0.7978,0.035982974,100,50,0,100,58.10015226,1.731418446,100,79.143076,2.33464119,100,583.6737632,0.002334695,0.539744609,0.003598297,0,0.173141845,0.233464119
random_walk,500,50,150,0,93,0.465,198584.69,5844.453813,100,0.79433876,0.023377815,100,120.08,5.409830185,100,0.800533333,0.036065535,100,50,0,100,58.51819011,1.739413792,100,79.431564,2.337865362,100,584.4453813,0.002337782,0.540983018,0.003606553,0,0.173941379,0.233786536
random_walk,500,50,150,0,94,0.47,199320.29,5824.669085,100,0.79728116,0.023298676,100,120.57,5.451818342,100,0.8038,0.036345456,100,50,0,100,58.92837789,1.738365411,100,79.725908,2.329841372,100,582.4669085,0.002329868,0.545181834,0.003634546,0,0.173836541,0.232984137
random_walk,500,50,150,0,95,0.475,200067.39,5824.107135,100,0.80026956,0.023296429,100,120.99,5.468911217,100,0.8066,0.036459408,100,50,0,100,59.3325408,1.743764711,100,80.024692,2.329701206,100,582.4107135,0.002329643,0.546891122,0.003645941,0,0.174376471,0.232970121
random_walk,500,50,150,0,96,0.48,200803.33,5812.386796,100,0.80321332,0.023249547,100,121.37,5.500514209,100,0.809133333,0.036670095,100,50,0,100,59.73682091,1.74593192,100,80.318956,2.324837247,100,581.2386796,0.002324955,0.550051421,0.003667009,0,0.174593192,0.232483725
random_walk,500,50,150,0,97,0.485,201508.74,5795.193452,100,0.80603496,0.023180774,100,121.75,5.431622709,100,0.811666667,0.036210818,100,50,0,100,60.14710427,1.746942735,100,80.601276,2.31817153,100,579.5193452,0.002318077,0.543162271,0.003621082,0,0.174694273,0.231817153
random_walk,500,50,150,0,98,0.49,202233.26,5763.864573,100,0.80893304,0.023055458,100,122.11,5.500954922,100,0.814066667,0.036673033,100,50,0,100,60.54861453,1.742182929,100,80.891172,2.305398778,100,576.3864573,0.002305546,0.550095492,0.003667303,0,0.174218293,0.230539878
random_walk,500,50,150,0,99,0.495,202933.55,5748.20489,100,0.8117342,0.02299282,100,122.66,5.527196305,100,0.817733333,0.036847975,100,50,0,100,60.95476971,1.742463329,100,81.171416,2.299378918,100,574.820489,0.002299282,0.55271963,0.003684798,0,0.174246333,0.229937892
random_walk,500,50,150,0,100,0.5,203592.77,5754.809059,100,0.81437108,0.023019236,100,122.96,5.573965456,100,0.819733333,0.03715977,100,50,0,100,61.37097824,1.750306035,100,81.435028,2.301905821,100,575.4809059,0.002301924,0.557396546,0.003715977,0,0.175030603,0.230190582
random_walk,500,50,150,0,101,0.505,204262.57,5744.379157,100,0.81705028,0.022977517,100,123.42,5.545368438,100,0.8228,0.036969123,100,50,0,100,61.78102435,1.753571603,100,81.70298,2.297750196,100,574.4379157,0.002297752,0.554536844,0.003696912,0,0.17535716,0.22977502
random_walk,500,50,150,0,102,0.51,204910.7,5716.160797,100,0.8196428,0.022864643,100,123.73,5.533835319,100,0.824866667,0.036892235,100,50,0,100,62.19461999,1.751205889,100,81.962268,2.286583411,100,571.6160797,0.002286464,0.553383532,0.003689224,0,0.175120589,0.228658341
random_walk,500,50,150,0,103,0.515,205527.88,5680.729023,100,0.82211152,0.022722916,100,124.05,5.5,100,0.827,0.036666667,100,50,0,100,62.61494726,1.74747491,100,82.20922,2.272225155,100,568.0729023,0.002272292,0.55,0.003666667,0,0.174747491,0.227222515
random_walk,500,50,150,0,104,0.52,206145.1,5662.241505,100,0.8245804,0.022648966,100,124.41,5.484772308,100,0.8294,0.036565149,100,50,0,100,63.033084,1.748059566,100,82.45612,2.264958425,100,566.2241505,0.002264897,0.548477231,0.003656515,0,0.174805957,0.226495843
random_walk,500,50,150,0,105,0.525,206744,5642.739604,100,0.826976,0.022570958,100,124.8,5.335226937,100,0.832,0.03556818,100,50,0,100,63.45425346,1.748709299,100,82.695692,2.257148956,100,564.2739604,0.002257096,0.533522694,0.003556818,0,0.17487093,0.225714896
random_walk,500,50,150,0,106,0.53,207358.24,5612.421763,100,0.82943296,0.022449687,100,125.13,5.450706562,100,0.8342,0.036338044,100,50,0,100,63.8681142,1.745972618,100,82.941484,2.244725863,100,561.2421763,0.002244969,0.545070656,0.003633804,0,0.174597262,0.224472586
random_walk,500,50,150,0,107,0.535,207957.73,5601.578073,100,0.83183092,0.022406312,100,125.43,5.505286715,100,0.8362,0.036701911,100,50,0,100,64.28437504,1.749022006,100,83.181312,2.240685502,100,560.1578073,0.002240631,0.550528672,0.003670191,0,0.174902201,0.22406855
random_walk,500,50,150,0,108,0.54,208569.5,5601.484932,100,0.834278,0.02240594,100,125.74,5.507790626,100,0.838266667,0.036718604,100,50,0,100,64.6946779,1.755687713,100,83.425944,2.240594695,100,560.1484932,0.002240594,0.550779063,0.00367186,0,0.175568771,0.22405947
random_walk,500,50,150,0,109,0.545,209141.84,5572.281033,100,0.83656736,0.022289124,100,125.92,5.480322928,100,0.839466667,0.036535486,100,50,0,100,65.11425121,1.752175811,100,83.654952,2.228736461,100,557.2281033,0.002228912,0.548032293,0.003653549,0,0.175217581,0.222873646
random_walk,500,50,150,0,110,0.55,209709.39,5549.409755,100,0.83883756,0.022197639,100,126.38,5.620632985,100,0.842533333,0.037470887,100,50,0,100,65.53315683,1.751586498,100,83.88202,2.219743366,100,554.9409755,0.002219764,0.562063298,0.003747089,0,0.17515865,0.221974337
random_walk,500,50,150,0,111,0.555,210244.48,5512.004245,100,0.84097792,0.022048017,100,126.75,5.670007928,100,0.845,0.037800053,100,50,0,100,65.95978151,1.747152692,100,84.096044,2.204803101,100,551.2004245,0.002204802,0.567000793,0.003780005,0,0.174715269,0.22048031
random_walk,500,50,150,0,112,0.56,210785.73,5488.821667,100,0.84314292,0.021955287,100,126.96,5.679877648,100,0.8464,0.037865851,100,50,0,100,66.38256994,1.74681447,100,84.31276,2.195499085,100,548.8821667,0.002195529,0.567987765,0.003786585,0,0.174681447,0.219549908
random_walk,500,50,150,0,113,0.565,211326.82,5472.450005,100,0.84530728,0.0218898,100,127.39,5.633405056,100,0.849266667,0.037556034,100,50,0,100,66.80331936,1.747946856,100,84.52904,2.188773062,100,547.2450005,0.00218898,0.563340506,0.003755603,0,0.174794686,0.218877306
random_walk,500,50,150,0,114,0.57,211844.14,5435.813548,100,0.84737656,0.021743254,100,127.72,5.541541922,100,0.851466667,0.036943613,100,50,0,100,67.22910699,1.741541191,100,84.736132,2.17436824,100,543.5813548,0.002174325,0.554154192,0.003694361,0,0.174154119,0.217436824
random_walk,500,50,150,0,115,0.575,212336.75,5401.680968,100,0.849347,0.021606724,100,128.08,5.542635482,100,0.853866667,0.036950903,100,50,0,100,67.66082209,1.737246365,100,84.93314,2.16051649,100,540.1680968,0.002160672,0.554263548,0.00369509,0,0.173724636,0.216051649
random_walk,500,50,150,0,116,0.58,212851.41,5375.880046,100,0.85140564,0.02150352,100,128.4,5.568671386,100,0.856,0.037124476,100,50,0,100,68.0835648,1.734702595,100,85.13896,2.150351509,100,537.5880046,0.002150352,0.556867139,0.003712448,0,0.17347026,0.215035151
random_walk,500,50,150,0,117,0.585,213397.45,5364.94687,100,0.8535898,0.021459787,100,128.69,5.643795198,100,0.857933333,0.037625301,100,50,0,100,68.49440894,1.736894519,100,85.357372,2.145930548,100,536.494687,0.002145979,0.56437952,0.00376253,0,0.173689452,0.214593055
random_walk,500,50,150,0,118,0.59,213907.7,5334.698171,100,0.8556308,0.021338793,100,128.9,5.580449278,100,0.859333333,0.037202995,100,50,0,100,68.91440589,1.733869722,100,85.561708,2.133803743,100,533.4698171,0.002133879,0.558044928,0.0037203,0,0.173386972,0.213380374
random_walk,500,50,150,0,119,0.595,214403.76,5309.12851,100,0.85761504,0.021236514,100,129.12,5.605336563,100,0.8608,0.03736891,100,50,0,100,69.3370452,1.732437142,100,85.759928,2.123624501,100,530.912851,0.002123651,0.560533656,0.003736891,0,0.173243714,0.21236245
random_walk,500,50,150,0,120,0.6,214883.34,5295.80314,100,0.85953336,0.021183213,100,129.48,5.5786027,100,0.8632,0.037190685,100,50,0,100,69.76328263,1.735064666,100,85.95194,2.118184354,100,529.580314,0.002118321,0.55786027,0.003719068,0,0.173506467,0.211818435
random_walk,500,50,150,0,121,0.605,215362.81,5270.938123,100,0.86145124,0.021083752,100,129.76,5.565260211,100,0.865066667,0.037101735,100,50,0,100,70.18747737,1.734045479,100,86.143724,2.108427062,100,527.0938123,0.002108375,0.556526021,0.003710173,0,0.173404548,0.210842706
random_walk,500,50,150,0,122,0.61,215835.55,5229.389337,100,0.8633422,0.020917557,100,130.05,5.625294605,100,0.867,0.037501964,100,50,0,100,70.61169306,1.726917121,100,86.332872,2.091828849,100,522.9389337,0.002091756,0.562529461,0.003750196,0,0.172691712,0.209182885
random_walk,500,50,150,0,123,0.615,216296.05,5174.419431,100,0.8651842,0.020697678,100,130.36,5.55872233,100,0.869066667,0.037058149,100,50,0,100,71.03786401,1.71487036,100,86.516932,2.069771837,100,517.4419431,0.002069768,0.555872233,0.003705815,0,0.171487036,0.206977184
random_walk,500,50,150,0,124,0.62,216728.34,5112.686544,100,0.86691336,0.020450746,100,130.58,5.48677013,100,0.870533333,0.036578468,100,50,0,100,71.47148867,1.701253544,100,86.689984,2.04515765,100,511.2686544,0.002045075,0.548677013,0.003657847,0,0.170125354,0.204515765
random_walk,500,50,150,0,125,0.625,217155.07,5081.692642,100,0.86862028,0.020326771,100,130.8,5.523137741,100,0.872,0.036820918,100,50,0,100,71.90572381,1.697852276,100,86.860656,2.032626139,100,508.1692642,0.002032677,0.552313774,0.003682092,0,0.169785228,0.203262614
random_walk,500,50,150,0,126,0.63,217587.27,5041.560372,100,0.87034908,0.020166241,100,131.1,5.505736219,100,0.874,0.036704908,100,50,0,100,72.33628489,1.691159056,100,87.03356,2.016671596,100,504.1560372,0.002016624,0.550573622,0.003670491,0,0.169115906,0.20166716
random_walk,500,50,150,0,127,0.635,218026.3,5002.319627,100,0.8721052,0.020009279,100,131.32,5.423257063,100,0.875466667,0.036155047,100,50,0,100,72.76283026,1.684380711,100,87.209212,2.000886238,100,500.2319627,0.002000928,0.542325706,0.003615505,0,0.168438071,0.200088624
random_walk,500,50,150,0,128,0.64,218444.35,4980.689,100,0.8737774,0.019922756,100,131.56,5.341508885,100,0.877066667,0.035610059,100,50,0,100,73.19488736,1.683865901,100,87.376392,1.992243963,100,498.0689,0.001992276,0.534150889,0.003561006,0,0.16838659,0.199224396
random_walk,500,50,150,0,129,0.645,218862.97,4957.444726,100,0.87545188,0.019829779,100,131.74,5.355295689,100,0.878266667,0.035701971,100,50,0,100,73.62506481,1.683210943,100,87.543992,1.982942043,100,495.7444726,0.001982978,0.535529569,0.003570197,0,0.168321094,0.198294204
random_walk,500,50,150,0,130,0.65,219281.32,4910.058345,100,0.87712528,0.019640233,100,131.96,5.397193435,100,0.879733333,0.03598129,100,50,0,100,74.05335869,1.673807773,100,87.711228,1.963996665,100,491.0058345,0.001964023,0.539719343,0.003598129,0,0.167380777,0.196399667
random_walk,500,50,150,0,131,0.655,219702.7,4880.517847,100,0.8788108,0.019522071,100,132.16,5.383701554,100,0.881066667,0.035891344,100,50,0,100,74.47936685,1.671028046,100,87.879868,1.952138839,100,488.0517847,0.001952207,0.538370155,0.003589134,0,0.167102805,0.195213884
random_walk,500,50,150,0,132,0.66,220091.79,4841.780934,100,0.88036716,0.019367124,100,132.39,5.384029883,100,0.8826,0.035893533,100,50,0,100,74.91456647,1.665255476,100,88.035336,1.936840125,100,484.1780934,0.001936712,0.538402988,0.003589353,0,0.166525548,0.193684013
random_walk,500,50,150,0,133,0.665,220481.99,4817.52757,100,0.88192796,0.01927011,100,132.55,5.368021662,100,0.883666667,0.035786811,100,50,0,100,75.34806944,1.664285509,100,88.191536,1.927003596,100,481.752757,0.001927011,0.536802166,0.003578681,0,0.166428551,0.19270036
random_walk,500,50,150,0,134,0.67,220881.2,4798.581497,100,0.8835248,0.019194326,100,132.85,5.213376346,100,0.885666667,0.034755842,100,50,0,100,75.77697707,1.664960187,100,88.351224,1.919444735,100,479.8581497,0.001919433,0.521337635,0.003475584,0,0.166496019,0.191944474
random_walk,500,50,150,0,135,0.675,221277.29,4780.573718,100,0.88510916,0.019122295,100,133.14,5.132624902,100,0.8876,0.034217499,100,50,0,100,76.20546944,1.665476854,100,88.50982,1.912246434,100,478.0573718,0.001912229,0.51326249,0.00342175,0,0.166547685,0.191224643
random_walk,500,50,150,0,136,0.68,221662.37,4769.425649,100,0.88664948,0.019077703,100,133.3,5.149286505,100,0.888666667,0.034328577,100,50,0,100,76.63625623,1.668398366,100,88.663724,1.90769042,100,476.9425649,0.00190777,0.514928651,0.003432858,0,0.166839837,0.190769042
random_walk,500,50,150,0,137,0.685,222062.57,4756.117295,100,0.88825028,0.019024469,100,133.51,5.157117275,100,0.890066667,0.034380782,100,50,0,100,77.06028997,1.669926838,100,88.823908,1.902578194,100,475.6117295,0.001902447,0.515711727,0.003438078,0,0.166992684,0.190257819
random_walk,500,50,150,0,138,0.69,222436.99,4733.483249,100,0.88974796,0.018933933,100,133.75,5.133323495,100,0.891666667,0.034222157,100,50,0,100,77.49163808,1.669030293,100,88.973616,1.89331128,100,473.3483249,0.001893393,0.513332349,0.003422216,0,0.166903029,0.189331128
random_walk,500,50,150,0,139,0.695,222805.27,4724.60969,100,0.89122108,0.018898439,100,133.94,5.144026643,100,0.892933333,0.034293511,100,50,0,100,77.92388458,1.67312184,100,89.120988,1.88983617,100,472.460969,0.001889844,0.514402664,0.003429351,0,0.167312184,0.188983617
random_walk,500,50,150,0,140,0.7,223157.47,4706.309336,100,0.89262988,0.018825237,100,134.14,5.097077792,100,0.894266667,0.033980519,100,50,0,100,78.36023136,1.673055736,100,89.261832,1.882448625,100,470.6309336,0.001882524,0.509707779,0.003398052,0,0.167305574,0.188244863
random_walk,500,50,150,0,141,0.705,223506.26,4680.327409,100,0.89402504,0.01872131,100,134.32,5.080920938,100,0.895466667,0.033872806,100,50,0,100,78.79630072,1.670175211,100,89.401348,1.872145902,100,468.0327409,0.001872131,0.508092094,0.003387281,0,0.167017521,0.18721459
random_walk,500,50,150,0,142,0.71,223855.15,4658.948627,100,0.8954206,0.018635795,100,134.48,5.052212237,100,0.896533333,0.033681415,100,50,0,100,79.2310362,1.669668268,100,89.541,1.863496367,100,465.8948627,0.001863579,0.505221224,0.003368141,0,0.166966827,0.186349637
random_walk,500,50,150,0,143,0.715,224183.96,4651.627537,100,0.89673584,0.01860651,100,134.7,4.932882862,100,0.898,0.032885886,100,50,0,100,79.67179896,1.67401512,100,89.672512,1.860658508,100,465.1627537,0.001860651,0.493288286,0.003288589,0,0.167401512,0.186065851
random_walk,500,50,150,0,144,0.72,224514.56,4646.102408,100,0.89805824,0.01858441,100,134.96,4.844907771,100,0.899733333,0.032299385,100,50,0,100,80.11063102,1.678257355,100,89.804848,1.858421145,100,464.6102408,0.001858441,0.484490777,0.003229939,0,0.167825735,0.185842114
random_walk,500,50,150,0,145,0.725,224851.87,4608.771691,100,0.89940748,0.018435087,100,135.11,4.800873237,100,0.900733333,0.032005822,100,50,0,100,80.54534673,1.67120191,100,89.939656,1.843526918,100,460.8771691,0.001843509,0.480087324,0.003200582,0,0.167120191,0.184352692
random_walk,500,50,150,0,146,0.73,225193.13,4582.012642,100,0.90077252,0.018328051,100,135.28,4.794946835,100,0.901866667,0.031966312,100,50,0,100,80.97752435,1.66782338,100,90.076292,1.832812807,100,458.2012642,0.001832805,0.479494684,0.003196631,0,0.166782338,0.183281281
random_walk,500,50,150,0,147,0.735,225536.89,4551.486015,100,0.90214756,0.018205944,100,135.53,4.734261539,100,0.903533333,0.031561744,100,50,0,100,81.40745205,1.663202191,100,90.213576,1.82059377,100,455.1486015,0.001820594,0.473426154,0.003156174,0,0.166320219,0.182059377
random_walk,500,50,150,0,148,0.74,225879.98,4520.37029,100,0.90351992,0.018081481,100,135.69,4.672496359,100,0.9046,0.031149976,100,50,0,100,81.83625006,1.657946737,100,90.350932,1.808229823,100,452.037029,0.001808148,0.467249636,0.003114998,0,0.165794674,0.180822982
random_walk,500,50,150,0,149,0.745,226201.05,4512.825117,100,0.9048042,0.0180513,100,135.82,4.617446056,100,0.905466667,0.030782974,100,50,0,100,82.27209686,1.662458781,100,90.47944,1.805179363,100,451.2825117,0.00180513,0.461744606,0.003078297,0,0.166245878,0.180517936
random_walk,500,50,150,0,150,0.75,226496.46,4500.180009,100,0.90598584,0.01800072,100,136,4.607854515,100,0.906666667,0.03071903,100,50,0,100,82.71588137,1.664703469,100,90.59758,1.800141776,100,450.0180009,0.001800072,0.460785452,0.003071903,0,0.166470347,0.180014178
random_walk,500,50,150,0,151,0.755,226784.7,4485.779379,100,0.9071388,0.017943118,100,136.17,4.579389488,100,0.9078,0.030529263,100,50,0,100,83.1611353,1.666311463,100,90.713012,1.79429033,100,448.5779379,0.001794312,0.457938949,0.003052926,0,0.166631146,0.179429033
random_walk,500,50,150,0,152,0.76,227067.22,4480.08858,100,0.90826888,0.017920354,100,136.36,4.551656375,100,0.909066667,0.030344376,100,50,0,100,83.60754525,1.671533425,100,90.826024,1.79188753,100,448.008858,0.001792035,0.455165638,0.003034438,0,0.167153343,0.179188753
random_walk,500,50,150,0,153,0.765,227372.58,4459.836173,100,0.90949032,0.017839345,100,136.57,4.522122948,100,0.910466667,0.030147486,100,50,0,100,84.0442035,1.670914424,100,90.948056,1.783932627,100,445.9836173,0.001783934,0.452212295,0.003014749,0,0.167091442,0.178393263
random_walk,500,50,150,0,154,0.77,227691.85,4447.889081,100,0.9107674,0.017791556,100,136.76,4.548548442,100,0.911733333,0.030323656,100,50,0,100,84.47461503,1.6725997,100,91.075756,1.77915883,100,444.7889081,0.001779156,0.454854844,0.003032366,0,0.16725997,0.177915883
random_walk,500,50,150,0,155,0.775,227966.68,4444.842313,100,0.91186672,0.017779369,100,136.98,4.499113268,100,0.9132,0.029994088,100,50,0,100,84.92055314,1.678351068,100,91.185828,1.778034214,100,444.4842313,0.001777937,0.449911327,0.002999409,0,0.167835107,0.177803421
random_walk,500,50,150,0,156,0.78,228255.31,4425.802434,100,0.91302124,0.01770321,100,137.2,4.447221355,100,0.914666667,0.029648142,100,50,0,100,85.35999057,1.67766698,100,91.301252,1.770477871,100,442.5802434,0.001770321,0.444722135,0.002964814,0,0.167766698,0.177047787
random_walk,500,50,150,0,157,0.785,228533.95,4423.319053,100,0.9141358,0.017693276,100,137.37,4.457781756,100,0.9158,0.029718545,100,50,0,100,85.80229456,1.684023704,100,91.412684,1.769309876,100,442.3319053,0.001769328,0.445778176,0.002971855,0,0.16840237,0.176930988
random_walk,500,50,150,0,158,0.79,228805.93,4417.920136,100,0.91522372,0.017671681,100,137.58,4.418007229,100,0.9172,0.029453382,100,50,0,100,86.24600719,1.688849132,100,91.521464,1.767162509,100,441.7920136,0.001767168,0.441800723,0.002945338,0,0.168884913,0.176716251
random_walk,500,50,150,0,159,0.795,229077.8,4407.085629,100,0.9163112,0.017628343,100,137.79,4.479572039,100,0.9186,0.029863814,100,50,0,100,86.68863893,1.692292722,100,91.630336,1.762912185,100,440.7085629,0.001762834,0.447957204,0.002986381,0,0.169229272,0.176291218
random_walk,500,50,150,0,160,0.8,229351.38,4383.592175,100,0.91740552,0.017534369,100,137.86,4.478951898,100,0.919066667,0.029859679,100,50,0,100,87.12936541,1.690577233,100,91.739696,1.75344123,100,438.3592175,0.001753437,0.44789519,0.002985968,0,0.169057723,0.175344123
random_walk,500,50,150,0,161,0.805,229595.67,4364.59566,100,0.91838268,0.017458383,100,138.01,4.443801721,100,0.920066667,0.029625345,100,50,0,100,87.5803151,1.690882598,100,91.83746,1.74583173,100,436.459566,0.001745838,0.444380172,0.002962534,0,0.16908826,0.174583173
random_walk,500,50,150,0,162,0.81,229840.19,4324.90558,100,0.91936076,0.017299622,100,138.14,4.360103789,100,0.920933333,0.029067359,100,50,0,100,88.02992467,1.682904475,100,91.935192,1.729938551,100,432.490558,0.001729962,0.436010379,0.002906736,0,0.168290448,0.172993855
random_walk,500,50,150,0,163,0.815,230098.2,4309.712604,100,0.9203928,0.01723885,100,138.26,4.377675228,100,0.921733333,0.029184502,100,50,0,100,88.47372701,1.68403905,100,92.0385,1.723888388,100,430.9712604,0.001723885,0.437767523,0.00291845,0,0.168403905,0.172388839
random_walk,500,50,150,0,164,0.82,230329.18,4305.691442,100,0.92131672,0.017222766,100,138.37,4.370828459,100,0.922466667,0.029138856,100,50,0,100,88.92717697,1.689648707,100,92.130884,1.722362118,100,430.5691442,0.001722277,0.437082846,0.002913886,0,0.168964871,0.172236212
random_walk,500,50,150,0,165,0.825,230588.61,4289.233262,100,0.92235444,0.017156933,100,138.54,4.319137587,100,0.9236,0.028794251,100,50,0,100,89.36847986,1.689878134,100,92.23474,1.715758936,100,428.9233262,0.001715693,0.431913759,0.002879425,0,0.168987813,0.171575894
random_walk,500,50,150,0,166,0.83,230828.09,4267.342061,100,0.92331236,0.017069368,100,138.74,4.234585832,100,0.924933333,0.028230572,100,50,0,100,89.81650431,1.687880721,100,92.330508,1.707059346,100,426.7342061,0.001706937,0.423458583,0.002823057,0,0.168788072,0.170705935
random_walk,500,50,150,0,167,0.835,231081.91,4262.360344,100,0.92432764,0.017049441,100,138.99,4.205563895,100,0.9266,0.028037093,100,50,0,100,90.25818123,1.692531002,100,92.431992,1.704975061,100,426.2360344,0.001704944,0.42055639,0.002803709,0,0.1692531,0.170497506
random_walk,500,50,150,0,168,0.84,231335.4,4255.056925,100,0.9253416,0.017020228,100,139.17,4.204506961,100,0.9278,0.028030046,100,50,0,100,90.69903113,1.6969315,100,92.533408,1.702010347,100,425.5056925,0.001702023,0.420450696,0.002803005,0,0.16969315,0.170201035
random_walk,500,50,150,0,169,0.845,231584,4244.965872,100,0.926336,0.016979863,100,139.34,4.166290892,100,0.928933333,0.027775273,100,50,0,100,91.14073265,1.70002656,100,92.632792,1.698004675,100,424.4965872,0.001697986,0.416629089,0.002777527,0,0.170002656,0.169800467
random_walk,500,50,150,0,170,0.85,231831.07,4235.86363,100,0.92732428,0.016943455,100,139.52,4.181440475,100,0.930133333,0.02787627,100,50,0,100,91.58211473,1.701926206,100,92.731672,1.694369173,100,423.586363,0.001694345,0.418144047,0.002787627,0,0.170192621,0.169436917
random_walk,500,50,150,0,171,0.855,232062.64,4218.082442,100,0.92825056,0.01687233,100,139.6,4.177863743,100,0.930666667,0.027852425,100,50,0,100,92.02857928,1.700236011,100,92.824316,1.687247695,100,421.8082442,0.001687233,0.417786374,0.002785242,0,0.170023601,0.16872477
random_walk,500,50,150,0,172,0.86,232284.08,4210.693821,100,0.92913632,0.016842775,100,139.75,4.171512334,100,0.931666667,0.027810082,100,50,0,100,92.47835917,1.703310617,100,92.912936,1.684278255,100,421.0693821,0.001684278,0.417151233,0.002781008,0,0.170331062,0.168427825
random_walk,500,50,150,0,173,0.865,232497.54,4170.691783,100,0.92999016,0.016682767,100,139.88,4.168860029,100,0.932533333,0.0277924,100,50,0,100,92.92993282,1.693395156,100,92.99836,1.668340517,100,417.0691783,0.001668277,0.416886003,0.00277924,0,0.169339516,0.166834052
random_walk,500,50,150,0,174,0.87,232717.49,4158.35536,100,0.93086996,0.016633421,100,140.03,4.125444574,100,0.933533333,0.027502964,100,50,0,100,93.37845118,1.69519845,100,93.086272,1.663435638,100,415.835536,0.001663342,0.412544457,0.002750296,0,0.169519845,0.166343564
random_walk,500,50,150,0,175,0.875,232935.92,4126.056228,100,0.93174368,0.016504225,100,140.14,4.070142578,100,0.934266667,0.027134284,100,50,0,100,93.8265006,1.688599275,100,93.173696,1.650569708,100,412.6056228,0.001650422,0.407014258,0.002713428,0,0.168859927,0.165056971
random_walk,500,50,150,0,176,0.88,233161.01,4081.908735,100,0.93264404,0.016327635,100,140.23,4.077172223,100,0.934866667,0.027181148,100,50,0,100,94.27079995,1.675986377,100,93.26376,1.632939249,100,408.1908735,0.001632763,0.407717222,0.002718115,0,0.167598638,0.163293925
random_walk,500,50,150,0,177,0.885,233383.84,4050.304385,100,0.93353536,0.016201218,100,140.34,4.050738803,100,0.9356,0.027004925,100,50,0,100,94.71544917,1.669051695,100,93.352904,1.620209056,100,405.0304385,0.001620122,0.40507388,0.002700493,0,0.16690517,0.162020906
random_walk,500,50,150,0,178,0.89,233600.16,4022.203604,100,0.93440064,0.016088814,100,140.42,3.990341875,100,0.936133333,0.026602279,100,50,0,100,95.1618841,1.663241985,100,93.439444,1.608940054,100,402.2203604,0.001608881,0.399034188,0.002660228,0,0.166324198,0.160894005
random_walk,500,50,150,0,179,0.895,233818.83,3987.517101,100,0.93527532,0.015950068,100,140.61,3.925814591,100,0.9374,0.026172097,100,50,0,100,95.60639975,1.654477683,100,93.526752,1.595146438,100,398.7517101,0.001595007,0.392581459,0.00261721,0,0.165447768,0.159514644
random_walk,500,50,150,0,180,0.9,234059.67,3961.316971,100,0.93623868,0.015845268,100,140.78,3.899184064,100,0.938533333,0.02599456,100,50,0,100,96.04113087,1.649078277,100,93.623252,1.58465241,100,396.1316971,0.001584527,0.389918406,0.002599456,0,0.164907828,0.158465241
random_walk,500,50,150,0,181,0.905,234276.38,3935.541917,100,0.93710552,0.015742168,100,140.96,3.866248671,100,0.939733333,0.025774991,100,50,0,100,96.48498154,1.644139044,100,93.7099,1.57434223,100,393.5541917,0.001574217,0.386624867,0.002577499,0,0.164413904,0.157434223
random_walk,500,50,150,0,182,0.91,234487.87,3907.311498,100,0.93795148,0.015629246,100,141.04,3.87147037,100,0.940266667,0.025809802,100,50,0,100,96.93020848,1.638126829,100,93.794488,1.563083179,100,390.7311498,0.001562925,0.387147037,0.00258098,0,0.163812683,0.156308318
random_walk,500,50,150,0,183,0.915,234686.85,3876.028039,100,0.9387474,0.015504112,100,141.12,3.867189097,100,0.9408,0.025781261,100,50,0,100,97.37967193,1.63115844,100,93.87414,1.550467069,100,387.6028039,0.001550411,0.38671891,0.002578126,0,0.163115844,0.155046707
random_walk,500,50,150,0,184,0.92,234884.7,3832.658967,100,0.9395388,0.015330636,100,141.25,3.854356056,100,0.941666667,0.025695707,100,50,0,100,97.82869258,1.618592298,100,93.953248,1.533070935,100,383.2658967,0.001533064,0.385435606,0.002569571,0,0.16185923,0.153307094
random_walk,500,50,150,0,185,0.925,235073.67,3815.547696,100,0.94029468,0.015262191,100,141.36,3.817873965,100,0.9424,0.025452493,100,50,0,100,98.28100668,1.617318249,100,94.028828,1.526263003,100,381.5547696,0.001526219,0.381787397,0.002545249,0,0.161731825,0.1526263
random_walk,500,50,150,0,186,0.93,235273.91,3791.131744,100,0.94109564,0.015164527,100,141.44,3.78011811,100,0.942933333,0.025200787,100,50,0,100,98.72777408,1.612944153,100,94.108924,1.516515924,100,379.1131744,0.001516453,0.378011811,0.002520079,0,0.161294415,0.151651592
random_walk,500,50,150,0,187,0.935,235467.35,3766.292479,100,0.9418694,0.01506517,100,141.53,3.696722545,100,0.943533333,0.024644817,100,50,0,100,99.17665042,1.608401748,100,94.186312,1.506536346,100,376.6292479,0.001506517,0.369672255,0.002464482,0,0.160840175,0.150653635
random_walk,500,50,150,0,188,0.94,235665.71,3742.411852,100,0.94266284,0.014969647,100,141.65,3.69923552,100,0.944333333,0.02466157,100,50,0,100,99.62270348,1.60404711,100,94.265724,1.496989694,100,374.2411852,0.001496965,0.369923552,0.002466157,0,0.160404711,0.149698969
random_walk,500,50,150,0,189,0.945,235855.67,3724.264692,100,0.94342268,0.014897059,100,141.77,3.609345334,100,0.945133333,0.024062302,100,50,0,100,100.0716525,1.602138871,100,94.341616,1.489736226,100,372.4264692,0.001489706,0.360934533,0.00240623,0,0.160213887,0.148973623
random_walk,500,50,150,0,190,0.95,236037.37,3721.058057,100,0.94414948,0.014884232,100,141.83,3.544963706,100,0.945533333,0.023633091,100,50,0,100,100.5236204,1.6066681,100,94.41438,1.488455359,100,372.1058057,0.001488423,0.354496371,0.002363309,0,0.16066681,0.148845536
random_walk,500,50,150,0,191,0.955,236210.48,3697.636109,100,0.94484192,0.014790544,100,141.91,3.493413716,100,0.946066667,0.023289425,100,50,0,100,100.9782803,1.602482376,100,94.483684,1.479192876,100,369.7636109,0.001479054,0.349341372,0.002328942,0,0.160248238,0.147919288
random_walk,500,50,150,0,192,0.96,236381.33,3664.077042,100,0.94552532,0.014656308,100,142.01,3.46554469,100,0.946733333,0.023103631,100,50,0,100,101.4330483,1.593271776,100,94.552,1.465692153,100,366.4077042,0.001465631,0.346554469,0.002310363,0,0.159327178,0.146569215
random_walk,500,50,150,0,193,0.965,236542.36,3640.245212,100,0.94616944,0.014560981,100,142.08,3.454407227,100,0.9472,0.023029382,100,50,0,100,101.891612,1.589148328,100,94.616364,1.456226064,100,364.0245212,0.001456098,0.345440723,0.002302938,0,0.158914833,0.145622606
random_walk,500,50,150,0,194,0.97,236705.07,3615.79522,100,0.94682028,0.014463181,100,142.18,3.43887461,100,0.947866667,0.022925831,100,50,0,100,102.348736,1.584864167,100,94.6815,1.446383057,100,361.579522,0.001446318,0.343887461,0.002292583,0,0.158486417,0.144638306
random_walk,500,50,150,0,195,0.975,236869,3587.287943,100,0.947476,0.014349152,100,142.32,3.413816254,100,0.9488,0.022758775,100,50,0,100,102.8046984,1.57818828,100,94.747012,1.435057338,100,358.7287943,0.001434915,0.341381625,0.002275878,0,0.157818828,0.143505734
random_walk,500,50,150,0,196,0.98,237035.41,3563.768647,100,0.94814164,0.014255075,100,142.38,3.377824295,100,0.9492,0.022518829,100,50,0,100,103.2590151,1.57365747,100,94.81362,1.425550414,100,356.3768647,0.001425507,0.33778243,0.002251883,0,0.157365747,0.142555041
random_walk,500,50,150,0,197,0.985,237199.78,3547.192458,100,0.94879912,0.01418877,100,142.44,3.370459909,100,0.9496,0.022469733,100,50,0,100,103.7136894,1.572401801,100,94.879428,1.418962484,100,354.7192458,0.001418877,0.337045991,0.002246973,0,0.15724018,0.141896248
random_walk,500,50,150,0,198,0.99,237363.31,3532.381552,100,0.94945324,0.014129526,100,142.53,3.32561227,100,0.9502,0.022170748,100,50,0,100,104.168079,1.571911736,100,94.944796,1.413064965,100,353.2381552,0.001412953,0.332561227,0.002217075,0,0.157191174,0.141306497
random_walk,500,50,150,0,199,0.995,237514.14,3515.111323,100,0.95005656,0.014060445,100,142.6,3.293703819,100,0.950666667,0.021958025,100,50,0,100,104.6274029,1.570252943,100,95.00516,1.406097487,100,351.5111323,0.001406045,0.329370382,0.002195803,0,0.157025294,0.140609749
random_walk,500,50,150,0,200,1,237660.89,3486.122629,100,0.95064356,0.013944491,100,142.67,3.296937667,100,0.951133333,0.021979584,100,50,0,100,105.0878408,1.562723205,100,95.06392,1.394517251,100,348.6122629,0.001394449,0.329693767,0.002197958,0,0.15627232,0.139451725
