algorithm,grid_size,n_robots,n_targets,n_failures,sample_idx,time_fraction,coverage_cells_mean,coverage_cells_std,coverage_cells_count,coverage_fraction_mean,coverage_fraction_std,coverage_fraction_count,targets_found_mean,targets_found_std,targets_found_count,target_fraction_mean,target_fraction_std,target_fraction_count,active_robots_mean,active_robots_std,active_robots_count,avg_visits_per_covered_cell_mean,avg_visits_per_covered_cell_std,avg_visits_per_covered_cell_count,pct_revisited_cells_mean,pct_revisited_cells_std,pct_revisited_cells_count,coverage_cells_sem,coverage_fraction_sem,targets_found_sem,target_fraction_sem,active_robots_sem,avg_visits_per_covered_cell_sem,pct_revisited_cells_sem
stigmergy_search_efficient,50,5,15,0,0,0,0,0,100,0,0,100,0,0,100,0,0,100,5,0,100,0,0,100,0,0,100,0,0,0,0,0,0,0
stigmergy_search_efficient,50,5,15,0,1,0.005,352.93,18.55390999,100,0.141172,0.007421564,100,2.21,1.423433039,100,0.147333333,0.094895536,100,5,0,100,3.363596006,0.113399295,100,13.1072,0.71175708,100,1.855390999,0.000742156,0.142343304,0.009489554,0,0.01133993,0.071175708
stigmergy_search_efficient,50,5,15,0,2,0.01,611.64,35.95185333,100,0.244656,0.014380741,100,3.63,1.637039703,100,0.242,0.10913598,100,5,0,100,3.762657844,0.188016712,100,23.5836,1.403788179,100,3.595185333,0.001438074,0.16370397,0.010913598,0,0.018801671,0.140378818
stigmergy_search_efficient,50,5,15,0,3,0.015,851.61,63.85066147,100,0.340644,0.025540265,100,5.24,1.73566277,100,0.349333333,0.115710851,100,5,0,100,4.05778826,0.273689011,100,33.2588,2.494214429,100,6.385066147,0.002554026,0.173566277,0.011571085,0,0.027368901,0.249421443
stigmergy_search_efficient,50,5,15,0,4,0.02,1077.67,93.88140542,100,0.431068,0.037552562,100,6.61,1.979159091,100,0.440666667,0.131943939,100,5,0,100,4.307416854,0.32635143,100,42.3908,3.704546396,100,9.388140542,0.003755256,0.197915909,0.013194394,0,0.032635143,0.37045464
stigmergy_search_efficient,50,5,15,0,5,0.025,1280.01,121.0237054,100,0.512004,0.048409482,100,7.79,2.070938888,100,0.519333333,0.138062593,100,5,0,100,4.567016433,0.373827717,100,50.5736,4.803454043,100,12.10237054,0.004840948,0.207093889,0.013806259,0,0.037382772,0.480345404
stigmergy_search_efficient,50,5,15,0,6,0.03,1461.3,142.8098616,100,0.58452,0.057123945,100,8.87,1.941856864,100,0.591333333,0.129457124,100,5,0,100,4.824407614,0.410168687,100,57.9192,5.672728252,100,14.28098616,0.005712394,0.194185686,0.012945712,0,0.041016869,0.567272825
stigmergy_search_efficient,50,5,15,0,7,0.035,1622.16,162.158902,100,0.648864,0.064863561,100,9.75,1.935187199,100,0.65,0.12901248,100,5,0,100,5.08789991,0.441370157,100,64.4308,6.451810126,100,16.2158902,0.006486356,0.19351872,0.012901248,0,0.044137016,0.645181013
stigmergy_search_efficient,50,5,15,0,8,0.04,1769.65,172.0792849,100,0.70786,0.068831714,100,10.63,1.910391572,100,0.708666667,0.127359438,100,5,0,100,5.343185637,0.455592355,100,70.406,6.847303974,100,17.20792849,0.006883171,0.191039157,0.012735944,0,0.045559236,0.684730397
stigmergy_search_efficient,50,5,15,0,9,0.045,1898.84,181.926432,100,0.759536,0.072770573,100,11.47,1.702375049,100,0.764666667,0.11349167,100,5,0,100,5.613509122,0.483881443,100,75.618,7.263436313,100,18.1926432,0.007277057,0.170237505,0.011349167,0,0.048388144,0.726343631
stigmergy_search_efficient,50,5,15,0,10,0.05,2016.95,178.8702693,100,0.80678,0.071548108,100,12.24,1.577108978,100,0.816,0.105140599,100,5,0,100,5.879417772,0.484763778,100,80.4008,7.162476813,100,17.88702693,0.007154811,0.157710898,0.01051406,0,0.048476378,0.716247681
stigmergy_search_efficient,50,5,15,0,11,0.055,2116.33,170.9580878,100,0.846532,0.068383235,100,12.8,1.490711985,100,0.853333333,0.099380799,100,5,0,100,6.167674377,0.468944522,100,84.4188,6.849989645,100,17.09580878,0.006838324,0.149071198,0.00993808,0,0.046894452,0.684998965
stigmergy_search_efficient,50,5,15,0,12,0.06,2204.8,161.5301204,100,0.88192,0.064612048,100,13.34,1.415784039,100,0.889333333,0.094385603,100,5,0,100,6.46062321,0.456670599,100,87.998,6.477855675,100,16.15301204,0.006461205,0.141578404,0.00943856,0,0.04566706,0.647785567
stigmergy_search_efficient,50,5,15,0,13,0.065,2282.47,151.494338,100,0.912988,0.060597735,100,13.83,1.198104564,100,0.922,0.079873638,100,5,0,100,6.75962433,0.463009834,100,91.1356,6.074854002,100,15.1494338,0.006059774,0.119810456,0.007987364,0,0.046300983,0.6074854
stigmergy_search_efficient,50,5,15,0,14,0.07,2345.46,138.1564345,100,0.938184,0.055262574,100,14.24,0.954733026,100,0.949333333,0.063648868,100,5,0,100,7.074636741,0.472792649,100,93.694,5.540749685,100,13.81564345,0.005526257,0.095473303,0.006364887,0,0.047279265,0.554074968
stigmergy_search_efficient,50,5,15,0,15,0.075,2391.28,128.355573,100,0.956512,0.051342229,100,14.5,0.822658907,100,0.966666667,0.054843927,100,5,0,100,7.404796485,0.51508946,100,95.56,5.155831062,100,12.8355573,0.005134223,0.082265891,0.005484393,0,0.051508946,0.515583106
stigmergy_search_efficient,50,5,15,0,16,0.08,2421.43,116.1381322,100,0.968572,0.046455253,100,14.64,0.703813566,100,0.976,0.046920904,100,5,0,100,7.726595225,0.59058642,100,96.7792,4.661903994,100,11.61381322,0.004645525,0.070381357,0.00469209,0,0.059058642,0.466190399
stigmergy_search_efficient,50,5,15,0,17,0.085,2442.52,104.765489,100,0.977008,0.041906196,100,14.71,0.640312424,100,0.980666667,0.042687495,100,5,0,100,8.018813901,0.70978288,100,97.6388,4.200065242,100,10.4765489,0.00419062,0.064031242,0.004268749,0,0.070978288,0.420006524
stigmergy_search_efficient,50,5,15,0,18,0.09,2459.1,92.11526596,100,0.98364,0.036846106,100,14.77,0.600588937,100,0.984666667,0.040039262,100,5,0,100,8.268313863,0.843009378,100,98.3032,3.69922593,100,9.211526596,0.003684611,0.060058894,0.004003926,0,0.084300938,0.369922593
stigmergy_search_efficient,50,5,15,0,19,0.095,2471.39,78.81776642,100,0.988556,0.031527107,100,14.85,0.479372485,100,0.99,0.031958166,100,5,0,100,8.467484785,0.983734292,100,98.7948,3.168989413,100,7.881776642,0.003152711,0.047937249,0.003195817,0,0.098373429,0.316898941
stigmergy_search_efficient,50,5,15,0,20,0.1,2481.66,63.62504113,100,0.992664,0.025450016,100,14.91,0.37859389,100,0.994,0.025239593,100,5,0,100,8.623983021,1.1171705,100,99.2068,2.563905197,100,6.362504113,0.002545002,0.037859389,0.002523959,0,0.11171705,0.25639052
stigmergy_search_efficient,50,5,15,0,21,0.105,2487.86,49.03349093,100,0.995144,0.019613396,100,14.94,0.277797979,100,0.996,0.018519865,100,5,0,100,8.745788853,1.240281269,100,99.4612,1.973009433,100,4.903349093,0.00196134,0.027779798,0.001851987,0,0.124028127,0.197300943
stigmergy_search_efficient,50,5,15,0,22,0.11,2491.9,36.28102991,100,0.99676,0.014512412,100,14.96,0.196946386,100,0.997333333,0.013129759,100,5,0,100,8.85619552,1.370347837,100,99.6236,1.458346594,100,3.628102991,0.001451241,0.019694639,0.001312976,0,0.137034784,0.145834659
stigmergy_search_efficient,50,5,15,0,23,0.115,2494.76,27.87748087,100,0.997904,0.011150992,100,14.98,0.140705294,100,0.998666667,0.009380353,100,5,0,100,8.940465851,1.484078951,100,99.7384,1.114248145,100,2.787748087,0.001115099,0.014070529,0.000938035,0,0.148407895,0.111424815
stigmergy_search_efficient,50,5,15,0,24,0.12,2496.68,25.49861553,100,0.998672,0.010199446,100,14.99,0.1,100,0.999333333,0.006666667,100,5,0,100,8.99728169,1.572237313,100,99.8144,1.015556095,100,2.549861553,0.001019945,0.01,0.000666667,0,0.157223731,0.101555609
stigmergy_search_efficient,50,5,15,0,25,0.125,2497.46,24.29383261,100,0.998984,0.009717533,100,14.99,0.1,100,0.999333333,0.006666667,100,5,0,100,9.039345206,1.645522689,100,99.8444,0.979101134,100,2.429383261,0.000971753,0.01,0.000666667,0,0.164552269,0.097910113
stigmergy_search_efficient,50,5,15,0,26,0.13,2497.91,20.39662034,100,0.999164,0.008158648,100,14.99,0.1,100,0.999333333,0.006666667,100,5,0,100,9.064389795,1.694341439,100,99.8628,0.819090503,100,2.039662034,0.000815865,0.01,0.000666667,0,0.169434144,0.08190905
stigmergy_search_efficient,50,5,15,0,27,0.135,2498.82,11.39854678,100,0.999528,0.004559419,100,14.99,0.1,100,0.999333333,0.006666667,100,5,0,100,9.079620649,1.726558014,100,99.8988,0.463607462,100,1.139854678,0.000455942,0.01,0.000666667,0,0.172655801,0.046360746
stigmergy_search_efficient,50,5,15,0,28,0.14,2499.75,2.10998109,100,0.9999,0.000843992,100,15,0,100,1,0,100,5,0,100,9.093953843,1.760311434,100,99.9364,0.092217573,100,0.210998109,8.44E-05,0,0,0,0.176031143,0.009221757
stigmergy_search_efficient,50,5,15,0,29,0.145,2499.98,0.2,100,0.999992,8.00E-05,100,15,0,100,1,0,100,5,0,100,9.102374873,1.781884693,100,99.9452,0.031987371,100,0.02,8.00E-06,0,0,0,0.178188469,0.003198737
stigmergy_search_efficient,50,5,15,0,30,0.15,2499.98,0.2,100,0.999992,8.00E-05,100,15,0,100,1,0,100,5,0,100,9.107142687,1.795328012,100,99.9452,0.031987371,100,0.02,8.00E-06,0,0,0,0.179532801,0.003198737
stigmergy_search_efficient,50,5,15,0,31,0.155,2499.98,0.2,100,0.999992,8.00E-05,100,15,0,100,1,0,100,5,0,100,9.111778396,1.80950795,100,99.9452,0.031987371,100,0.02,8.00E-06,0,0,0,0.180950795,0.003198737
stigmergy_search_efficient,50,5,15,0,32,0.16,2499.98,0.2,100,0.999992,8.00E-05,100,15,0,100,1,0,100,5,0,100,9.116454136,1.824891939,100,99.9456,0.031408678,100,0.02,8.00E-06,0,0,0,0.182489194,0.003140868
stigmergy_search_efficient,50,5,15,0,33,0.165,2500,0,100,1,0,100,15,0,100,1,0,100,5,0,100,9.11806,1.830421242,100,99.946,0.031333978,100,0,0,0,0,0,0.183042124,0.003133398
stigmergy_search_efficient,50,5,15,0,34,0.17,2500,0,100,1,0,100,15,0,100,1,0,100,5,0,100,9.11806,1.830421242,100,99.946,0.031333978,100,0,0,0,0,0,0.183042124,0.003133398
stigmergy_search_efficient,50,5,15,0,35,0.175,2500,0,100,1,0,100,15,0,100,1,0,100,5,0,100,9.11806,1.830421242,100,99.946,0.031333978,100,0,0,0,0,0,0.183042124,0.003133398
stigmergy_search_efficient,50,5,15,0,36,0.18,2500,0,100,1,0,100,15,0,100,1,0,100,5,0,100,9.11806,1.830421242,100,99.946,0.031333978,100,0,0,0,0,0,0.183042124,0.003133398
stigmergy_search_efficient,50,5,15,0,37,0.185,2500,0,100,1,0,100,15,0,100,1,0,100,5,0,100,9.11806,1.830421242,100,99.946,0.031333978,100,0,0,0,0,0,0.183042124,0.003133398
stigmergy_search_efficient,50,5,15,0,38,0.19,2500,0,100,1,0,100,15,0,100,1,0,100,5,0,100,9.11806,1.830421242,100,99.946,0.031333978,100,0,0,0,0,0,0.183042124,0.003133398
stigmergy_search_efficient,50,5,15,0,39,0.195,2500,0,100,1,0,100,15,0,100,1,0,100,5,0,100,9.11806,1.830421242,100,99.946,0.031333978,100,0,0,0,0,0,0.183042124,0.003133398
stigmergy_search_efficient,50,5,15,0,40,0.2,2500,0,100,1,0,100,15,0,100,1,0,100,5,0,100,9.11806,1.830421242,100,99.946,0.031333978,100,0,0,0,0,0,0.183042124,0.003133398
stigmergy_search_efficient,50,5,15,0,41,0.205,2500,0,100,1,0,100,15,0,100,1,0,100,5,0,100,9.11806,1.830421242,100,99.946,0.031333978,100,0,0,0,0,0,0.183042124,0.003133398
stigmergy_search_efficient,50,5,15,0,42,0.21,2500,0,100,1,0,100,15,0,100,1,0,100,5,0,100,9.11806,1.830421242,100,99.946,0.031333978,100,0,0,0,0,0,0.183042124,0.003133398
stigmergy_search_efficient,50,5,15,0,43,0.215,2500,0,100,1,0,100,15,0,100,1,0,100,5,0,100,9.11806,1.830421242,100,99.946,0.031333978,100,0,0,0,0,0,0.183042124,0.003133398
stigmergy_search_efficient,50,5,15,0,44,0.22,2500,0,100,1,0,100,15,0,100,1,0,100,5,0,100,9.11806,1.830421242,100,99.946,0.031333978,100,0,0,0,0,0,0.183042124,0.003133398
stigmergy_search_efficient,50,5,15,0,45,0.225,2500,0,100,1,0,100,15,0,100,1,0,100,5,0,100,9.11806,1.830421242,100,99.946,0.031333978,100,0,0,0,0,0,0.183042124,0.003133398
stigmergy_search_efficient,50,5,15,0,46,0.23,2500,0,100,1,0,100,15,0,100,1,0,100,5,0,100,9.11806,1.830421242,100,99.946,0.031333978,100,0,0,0,0,0,0.183042124,0.003133398
stigmergy_search_efficient,50,5,15,0,47,0.235,2500,0,100,1,0,100,15,0,100,1,0,100,5,0,100,9.11806,1.830421242,100,99.946,0.031333978,100,0,0,0,0,0,0.183042124,0.003133398
stigmergy_search_efficient,50,5,15,0,48,0.24,2500,0,100,1,0,100,15,0,100,1,0,100,5,0,100,9.11806,1.830421242,100,99.946,0.031333978,100,0,0,0,0,0,0.183042124,0.003133398
stigmergy_search_efficient,50,5,15,0,49,0.245,2500,0,100,1,0,100,15,0,100,1,0,100,5,0,100,9.11806,1.830421242,100,99.946,0.031333978,100,0,0,0,0,0,0.183042124,0.003133398
stigmergy_search_efficient,50,5,15,0,50,0.25,2500,0,100,1,0,100,15,0,100,1,0,100,5,0,100,9.11806,1.830421242,100,99.946,0.031333978,100,0,0,0,0,0,0.183042124,0.003133398
stigmergy_search_efficient,50,5,15,0,51,0.255,2500,0,100,1,0,100,15,0,100,1,0,100,5,0,100,9.11806,1.830421242,100,99.946,0.031333978,100,0,0,0,0,0,0.183042124,0.003133398
stigmergy_search_efficient,50,5,15,0,52,0.26,2500,0,100,1,0,100,15,0,100,1,0,100,5,0,100,9.11806,1.830421242,100,99.946,0.031333978,100,0,0,0,0,0,0.183042124,0.003133398
stigmergy_search_efficient,50,5,15,0,53,0.265,2500,0,100,1,0,100,15,0,100,1,0,100,5,0,100,9.11806,1.830421242,100,99.946,0.031333978,100,0,0,0,0,0,0.183042124,0.003133398
stigmergy_search_efficient,50,5,15,0,54,0.27,2500,0,100,1,0,100,15,0,100,1,0,100,5,0,100,9.11806,1.830421242,100,99.946,0.031333978,100,0,0,0,0,0,0.183042124,0.003133398
stigmergy_search_efficient,50,5,15,0,55,0.275,2500,0,100,1,0,100,15,0,100,1,0,100,5,0,100,9.11806,1.830421242,100,99.946,0.031333978,100,0,0,0,0,0,0.183042124,0.003133398
stigmergy_search_efficient,50,5,15,0,56,0.28,2500,0,100,1,0,100,15,0,100,1,0,100,5,0,100,9.11806,1.830421242,100,99.946,0.031333978,100,0,0,0,0,0,0.183042124,0.003133398
stigmergy_search_efficient,50,5,15,0,57,0.285,2500,0,100,1,0,100,15,0,100,1,0,100,5,0,100,9.11806,1.830421242,100,99.946,0.031333978,100,0,0,0,0,0,0.183042124,0.003133398
stigmergy_search_efficient,50,5,15,0,58,0.29,2500,0,100,1,0,100,15,0,100,1,0,100,5,0,100,9.11806,1.830421242,100,99.946,0.031333978,100,0,0,0,0,0,0.183042124,0.003133398
stigmergy_search_efficient,50,5,15,0,59,0.295,2500,0,100,1,0,100,15,0,100,1,0,100,5,0,100,9.11806,1.830421242,100,99.946,0.031333978,100,0,0,0,0,0,0.183042124,0.003133398
stigmergy_search_efficient,50,5,15,0,60,0.3,2500,0,100,1,0,100,15,0,100,1,0,100,5,0,100,9.11806,1.830421242,100,99.946,0.031333978,100,0,0,0,0,0,0.183042124,0.003133398
stigmergy_search_efficient,50,5,15,0,61,0.305,2500,0,100,1,0,100,15,0,100,1,0,100,5,0,100,9.11806,1.830421242,100,99.946,0.031333978,100,0,0,0,0,0,0.183042124,0.003133398
stigmergy_search_efficient,50,5,15,0,62,0.31,2500,0,100,1,0,100,15,0,100,1,0,100,5,0,100,9.11806,1.830421242,100,99.946,0.031333978,100,0,0,0,0,0,0.183042124,0.003133398
stigmergy_search_efficient,50,5,15,0,63,0.315,2500,0,100,1,0,100,15,0,100,1,0,100,5,0,100,9.11806,1.830421242,100,99.946,0.031333978,100,0,0,0,0,0,0.183042124,0.003133398
stigmergy_search_efficient,50,5,15,0,64,0.32,2500,0,100,1,0,100,15,0,100,1,0,100,5,0,100,9.11806,1.830421242,100,99.946,0.031333978,100,0,0,0,0,0,0.183042124,0.003133398
stigmergy_search_efficient,50,5,15,0,65,0.325,2500,0,100,1,0,100,15,0,100,1,0,100,5,0,100,9.11806,1.830421242,100,99.946,0.031333978,100,0,0,0,0,0,0.183042124,0.003133398
stigmergy_search_efficient,50,5,15,0,66,0.33,2500,0,100,1,0,100,15,0,100,1,0,100,5,0,100,9.11806,1.830421242,100,99.946,0.031333978,100,0,0,0,0,0,0.183042124,0.003133398
stigmergy_search_efficient,50,5,15,0,67,0.335,2500,0,100,1,0,100,15,0,100,1,0,100,5,0,100,9.11806,1.830421242,100,99.946,0.031333978,100,0,0,0,0,0,0.183042124,0.003133398
stigmergy_search_efficient,50,5,15,0,68,0.34,2500,0,100,1,0,100,15,0,100,1,0,100,5,0,100,9.11806,1.830421242,100,99.946,0.031333978,100,0,0,0,0,0,0.183042124,0.003133398
stigmergy_search_efficient,50,5,15,0,69,0.345,2500,0,100,1,0,100,15,0,100,1,0,100,5,0,100,9.11806,1.830421242,100,99.946,0.031333978,100,0,0,0,0,0,0.183042124,0.003133398
stigmergy_search_efficient,50,5,15,0,70,0.35,2500,0,100,1,0,100,15,0,100,1,0,100,5,0,100,9.11806,1.830421242,100,99.946,0.031333978,100,0,0,0,0,0,0.183042124,0.003133398
stigmergy_search_efficient,50,5,15,0,71,0.355,2500,0,100,1,0,100,15,0,100,1,0,100,5,0,100,9.11806,1.830421242,100,99.946,0.031333978,100,0,0,0,0,0,0.183042124,0.003133398
stigmergy_search_efficient,50,5,15,0,72,0.36,2500,0,100,1,0,100,15,0,100,1,0,100,5,0,100,9.11806,1.830421242,100,99.946,0.031333978,100,0,0,0,0,0,0.183042124,0.003133398
stigmergy_search_efficient,50,5,15,0,73,0.365,2500,0,100,1,0,100,15,0,100,1,0,100,5,0,100,9.11806,1.830421242,100,99.946,0.031333978,100,0,0,0,0,0,0.183042124,0.003133398
stigmergy_search_efficient,50,5,15,0,74,0.37,2500,0,100,1,0,100,15,0,100,1,0,100,5,0,100,9.11806,1.830421242,100,99.946,0.031333978,100,0,0,0,0,0,0.183042124,0.003133398
stigmergy_search_efficient,50,5,15,0,75,0.375,2500,0,100,1,0,100,15,0,100,1,0,100,5,0,100,9.11806,1.830421242,100,99.946,0.031333978,100,0,0,0,0,0,0.183042124,0.003133398
stigmergy_search_efficient,50,5,15,0,76,0.38,2500,0,100,1,0,100,15,0,100,1,0,100,5,0,100,9.11806,1.830421242,100,99.946,0.031333978,100,0,0,0,0,0,0.183042124,0.003133398
stigmergy_search_efficient,50,5,15,0,77,0.385,2500,0,100,1,0,100,15,0,100,1,0,100,5,0,100,9.11806,1.830421242,100,99.946,0.031333978,100,0,0,0,0,0,0.183042124,0.003133398
stigmergy_search_efficient,50,5,15,0,78,0.39,2500,0,100,1,0,100,15,0,100,1,0,100,5,0,100,9.11806,1.830421242,100,99.946,0.031333978,100,0,0,0,0,0,0.183042124,0.003133398
stigmergy_search_efficient,50,5,15,0,79,0.395,2500,0,100,1,0,100,15,0,100,1,0,100,5,0,100,9.11806,1.830421242,100,99.946,0.031333978,100,0,0,0,0,0,0.183042124,0.003133398
stigmergy_search_efficient,50,5,15,0,80,0.4,2500,0,100,1,0,100,15,0,100,1,0,100,5,0,100,9.11806,1.830421242,100,99.946,0.031333978,100,0,0,0,0,0,0.183042124,0.003133398
stigmergy_search_efficient,50,5,15,0,81,0.405,2500,0,100,1,0,100,15,0,100,1,0,100,5,0,100,9.11806,1.830421242,100,99.946,0.031333978,100,0,0,0,0,0,0.183042124,0.003133398
stigmergy_search_efficient,50,5,15,0,82,0.41,2500,0,100,1,0,100,15,0,100,1,0,100,5,0,100,9.11806,1.830421242,100,99.946,0.031333978,100,0,0,0,0,0,0.183042124,0.003133398
stigmergy_search_efficient,50,5,15,0,83,0.415,2500,0,100,1,0,100,15,0,100,1,0,100,5,0,100,9.11806,1.830421242,100,99.946,0.031333978,100,0,0,0,0,0,0.183042124,0.003133398
stigmergy_search_efficient,50,5,15,0,84,0.42,2500,0,100,1,0,100,15,0,100,1,0,100,5,0,100,9.11806,1.830421242,100,99.946,0.031333978,100,0,0,0,0,0,0.183042124,0.003133398
stigmergy_search_efficient,50,5,15,0,85,0.425,2500,0,100,1,0,100,15,0,100,1,0,100,5,0,100,9.11806,1.830421242,100,99.946,0.031333978,100,0,0,0,0,0,0.183042124,0.003133398
stigmergy_search_efficient,50,5,15,0,86,0.43,2500,0,100,1,0,100,15,0,100,1,0,100,5,0,100,9.11806,1.830421242,100,99.946,0.031333978,100,0,0,0,0,0,0.183042124,0.003133398
stigmergy_search_efficient,50,5,15,0,87,0.435,2500,0,100,1,0,100,15,0,100,1,0,100,5,0,100,9.11806,1.830421242,100,99.946,0.031333978,100,0,0,0,0,0,0.183042124,0.003133398
stigmergy_search_efficient,50,5,15,0,88,0.44,2500,0,100,1,0,100,15,0,100,1,0,100,5,0,100,9.11806,1.830421242,100,99.946,0.031333978,100,0,0,0,0,0,0.183042124,0.003133398
stigmergy_search_efficient,50,5,15,0,89,0.445,2500,0,100,1,0,100,15,0,100,1,0,100,5,0,100,9.11806,1.830421242,100,99.946,0.031333978,100,0,0,0,0,0,0.183042124,0.003133398
stigmergy_search_efficient,50,5,15,0,90,0.45,2500,0,100,1,0,100,15,0,100,1,0,100,5,0,100,9.11806,1.830421242,100,99.946,0.031333978,100,0,0,0,0,0,0.183042124,0.003133398
stigmergy_search_efficient,50,5,15,0,91,0.455,2500,0,100,1,0,100,15,0,100,1,0,100,5,0,100,9.11806,1.830421242,100,99.946,0.031333978,100,0,0,0,0,0,0.183042124,0.003133398
stigmergy_search_efficient,50,5,15,0,92,0.46,2500,0,100,1,0,100,15,0,100,1,0,100,5,0,100,9.11806,1.830421242,100,99.946,0.031333978,100,0,0,0,0,0,0.183042124,0.003133398
stigmergy_search_efficient,50,5,15,0,93,0.465,2500,0,100,1,0,100,15,0,100,1,0,100,5,0,100,9.11806,1.830421242,100,99.946,0.031333978,100,0,0,0,0,0,0.183042124,0.003133398
stigmergy_search_efficient,50,5,15,0,94,0.47,2500,0,100,1,0,100,15,0,100,1,0,100,5,0,100,9.11806,1.830421242,100,99.946,0.031333978,100,0,0,0,0,0,0.183042124,0.003133398
stigmergy_search_efficient,50,5,15,0,95,0.475,2500,0,100,1,0,100,15,0,100,1,0,100,5,0,100,9.11806,1.830421242,100,99.946,0.031333978,100,0,0,0,0,0,0.183042124,0.003133398
stigmergy_search_efficient,50,5,15,0,96,0.48,2500,0,100,1,0,100,15,0,100,1,0,100,5,0,100,9.11806,1.830421242,100,99.946,0.031333978,100,0,0,0,0,0,0.183042124,0.003133398
stigmergy_search_efficient,50,5,15,0,97,0.485,2500,0,100,1,0,100,15,0,100,1,0,100,5,0,100,9.11806,1.830421242,100,99.946,0.031333978,100,0,0,0,0,0,0.183042124,0.003133398
stigmergy_search_efficient,50,5,15,0,98,0.49,2500,0,100,1,0,100,15,0,100,1,0,100,5,0,100,9.11806,1.830421242,100,99.946,0.031333978,100,0,0,0,0,0,0.183042124,0.003133398
stigmergy_search_efficient,50,5,15,0,99,0.495,2500,0,100,1,0,100,15,0,100,1,0,100,5,0,100,9.11806,1.830421242,100,99.946,0.031333978,100,0,0,0,0,0,0.183042124,0.003133398
stigmergy_search_efficient,50,5,15,0,100,0.5,2500,0,100,1,0,100,15,0,100,1,0,100,5,0,100,9.11806,1.830421242,100,99.946,0.031333978,100,0,0,0,0,0,0.183042124,0.003133398
stigmergy_search_efficient,50,5,15,0,101,0.505,2500,0,100,1,0,100,15,0,100,1,0,100,5,0,100,9.11806,1.830421242,100,99.946,0.031333978,100,0,0,0,0,0,0.183042124,0.003133398
stigmergy_search_efficient,50,5,15,0,102,0.51,2500,0,100,1,0,100,15,0,100,1,0,100,5,0,100,9.11806,1.830421242,100,99.946,0.031333978,100,0,0,0,0,0,0.183042124,0.003133398
stigmergy_search_efficient,50,5,15,0,103,0.515,2500,0,100,1,0,100,15,0,100,1,0,100,5,0,100,9.11806,1.830421242,100,99.946,0.031333978,100,0,0,0,0,0,0.183042124,0.003133398
stigmergy_search_efficient,50,5,15,0,104,0.52,2500,0,100,1,0,100,15,0,100,1,0,100,5,0,100,9.11806,1.830421242,100,99.946,0.031333978,100,0,0,0,0,0,0.183042124,0.003133398
stigmergy_search_efficient,50,5,15,0,105,0.525,2500,0,100,1,0,100,15,0,100,1,0,100,5,0,100,9.11806,1.830421242,100,99.946,0.031333978,100,0,0,0,0,0,0.183042124,0.003133398
stigmergy_search_efficient,50,5,15,0,106,0.53,2500,0,100,1,0,100,15,0,100,1,0,100,5,0,100,9.11806,1.830421242,100,99.946,0.031333978,100,0,0,0,0,0,0.183042124,0.003133398
stigmergy_search_efficient,50,5,15,0,107,0.535,2500,0,100,1,0,100,15,0,100,1,0,100,5,0,100,9.11806,1.830421242,100,99.946,0.031333978,100,0,0,0,0,0,0.183042124,0.003133398
stigmergy_search_efficient,50,5,15,0,108,0.54,2500,0,100,1,0,100,15,0,100,1,0,100,5,0,100,9.11806,1.830421242,100,99.946,0.031333978,100,0,0,0,0,0,0.183042124,0.003133398
stigmergy_search_efficient,50,5,15,0,109,0.545,2500,0,100,1,0,100,15,0,100,1,0,100,5,0,100,9.11806,1.830421242,100,99.946,0.031333978,100,0,0,0,0,0,0.183042124,0.003133398
stigmergy_search_efficient,50,5,15,0,110,0.55,2500,0,100,1,0,100,15,0,100,1,0,100,5,0,100,9.11806,1.830421242,100,99.946,0.031333978,100,0,0,0,0,0,0.183042124,0.003133398
stigmergy_search_efficient,50,5,15,0,111,0.555,2500,0,100,1,0,100,15,0,100,1,0,100,5,0,100,9.11806,1.830421242,100,99.946,0.031333978,100,0,0,0,0,0,0.183042124,0.003133398
stigmergy_search_efficient,50,5,15,0,112,0.56,2500,0,100,1,0,100,15,0,100,1,0,100,5,0,100,9.11806,1.830421242,100,99.946,0.031333978,100,0,0,0,0,0,0.183042124,0.003133398
stigmergy_search_efficient,50,5,15,0,113,0.565,2500,0,100,1,0,100,15,0,100,1,0,100,5,0,100,9.11806,1.830421242,100,99.946,0.031333978,100,0,0,0,0,0,0.183042124,0.003133398
stigmergy_search_efficient,50,5,15,0,114,0.57,2500,0,100,1,0,100,15,0,100,1,0,100,5,0,100,9.11806,1.830421242,100,99.946,0.031333978,100,0,0,0,0,0,0.183042124,0.003133398
stigmergy_search_efficient,50,5,15,0,115,0.575,2500,0,100,1,0,100,15,0,100,1,0,100,5,0,100,9.11806,1.830421242,100,99.946,0.031333978,100,0,0,0,0,0,0.183042124,0.003133398
stigmergy_search_efficient,50,5,15,0,116,0.58,2500,0,100,1,0,100,15,0,100,1,0,100,5,0,100,9.11806,1.830421242,100,99.946,0.031333978,100,0,0,0,0,0,0.183042124,0.003133398
stigmergy_search_efficient,50,5,15,0,117,0.585,2500,0,100,1,0,100,15,0,100,1,0,100,5,0,100,9.11806,1.830421242,100,99.946,0.031333978,100,0,0,0,0,0,0.183042124,0.003133398
stigmergy_search_efficient,50,5,15,0,118,0.59,2500,0,100,1,0,100,15,0,100,1,0,100,5,0,100,9.11806,1.830421242,100,99.946,0.031333978,100,0,0,0,0,0,0.183042124,0.003133398
stigmergy_search_efficient,50,5,15,0,119,0.595,2500,0,100,1,0,100,15,0,100,1,0,100,5,0,100,9.11806,1.830421242,100,99.946,0.031333978,100,0,0,0,0,0,0.183042124,0.003133398
stigmergy_search_efficient,50,5,15,0,120,0.6,2500,0,100,1,0,100,15,0,100,1,0,100,5,0,100,9.11806,1.830421242,100,99.946,0.031333978,100,0,0,0,0,0,0.183042124,0.003133398
stigmergy_search_efficient,50,5,15,0,121,0.605,2500,0,100,1,0,100,15,0,100,1,0,100,5,0,100,9.11806,1.830421242,100,99.946,0.031333978,100,0,0,0,0,0,0.183042124,0.003133398
stigmergy_search_efficient,50,5,15,0,122,0.61,2500,0,100,1,0,100,15,0,100,1,0,100,5,0,100,9.11806,1.830421242,100,99.946,0.031333978,100,0,0,0,0,0,0.183042124,0.003133398
stigmergy_search_efficient,50,5,15,0,123,0.615,2500,0,100,1,0,100,15,0,100,1,0,100,5,0,100,9.11806,1.830421242,100,99.946,0.031333978,100,0,0,0,0,0,0.183042124,0.003133398
stigmergy_search_efficient,50,5,15,0,124,0.62,2500,0,100,1,0,100,15,0,100,1,0,100,5,0,100,9.11806,1.830421242,100,99.946,0.031333978,100,0,0,0,0,0,0.183042124,0.003133398
stigmergy_search_efficient,50,5,15,0,125,0.625,2500,0,100,1,0,100,15,0,100,1,0,100,5,0,100,9.11806,1.830421242,100,99.946,0.031333978,100,0,0,0,0,0,0.183042124,0.003133398
stigmergy_search_efficient,50,5,15,0,126,0.63,2500,0,100,1,0,100,15,0,100,1,0,100,5,0,100,9.11806,1.830421242,100,99.946,0.031333978,100,0,0,0,0,0,0.183042124,0.003133398
stigmergy_search_efficient,50,5,15,0,127,0.635,2500,0,100,1,0,100,15,0,100,1,0,100,5,0,100,9.11806,1.830421242,100,99.946,0.031333978,100,0,0,0,0,0,0.183042124,0.003133398
stigmergy_search_efficient,50,5,15,0,128,0.64,2500,0,100,1,0,100,15,0,100,1,0,100,5,0,100,9.11806,1.830421242,100,99.946,0.031333978,100,0,0,0,0,0,0.183042124,0.003133398
stigmergy_search_efficient,50,5,15,0,129,0.645,2500,0,100,1,0,100,15,0,100,1,0,100,5,0,100,9.11806,1.830421242,100,99.946,0.031333978,100,0,0,0,0,0,0.183042124,0.003133398
stigmergy_search_efficient,50,5,15,0,130,0.65,2500,0,100,1,0,100,15,0,100,1,0,100,5,0,100,9.11806,1.830421242,100,99.946,0.031333978,100,0,0,0,0,0,0.183042124,0.003133398
stigmergy_search_efficient,50,5,15,0,131,0.655,2500,0,100,1,0,100,15,0,100,1,0,100,5,0,100,9.11806,1.830421242,100,99.946,0.031333978,100,0,0,0,0,0,0.183042124,0.003133398
stigmergy_search_efficient,50,5,15,0,132,0.66,2500,0,100,1,0,100,15,0,100,1,0,100,5,0,100,9.11806,1.830421242,100,99.946,0.031333978,100,0,0,0,0,0,0.183042124,0.003133398
stigmergy_search_efficient,50,5,15,0,133,0.665,2500,0,100,1,0,100,15,0,100,1,0,100,5,0,100,9.11806,1.830421242,100,99.946,0.031333978,100,0,0,0,0,0,0.183042124,0.003133398
stigmergy_search_efficient,50,5,15,0,134,0.67,2500,0,100,1,0,100,15,0,100,1,0,100,5,0,100,9.11806,1.830421242,100,99.946,0.031333978,100,0,0,0,0,0,0.183042124,0.003133398
stigmergy_search_efficient,50,5,15,0,135,0.675,2500,0,100,1,0,100,15,0,100,1,0,100,5,0,100,9.11806,1.830421242,100,99.946,0.031333978,100,0,0,0,0,0,0.183042124,0.003133398
stigmergy_search_efficient,50,5,15,0,136,0.68,2500,0,100,1,0,100,15,0,100,1,0,100,5,0,100,9.11806,1.830421242,100,99.946,0.031333978,100,0,0,0,0,0,0.183042124,0.003133398
stigmergy_search_efficient,50,5,15,0,137,0.685,2500,0,100,1,0,100,15,0,100,1,0,100,5,0,100,9.11806,1.830421242,100,99.946,0.031333978,100,0,0,0,0,0,0.183042124,0.003133398
stigmergy_search_efficient,50,5,15,0,138,0.69,2500,0,100,1,0,100,15,0,100,1,0,100,5,0,100,9.11806,1.830421242,100,99.946,0.031333978,100,0,0,0,0,0,0.183042124,0.003133398
stigmergy_search_efficient,50,5,15,0,139,0.695,2500,0,100,1,0,100,15,0,100,1,0,100,5,0,100,9.11806,1.830421242,100,99.946,0.031333978,100,0,0,0,0,0,0.183042124,0.003133398
stigmergy_search_efficient,50,5,15,0,140,0.7,2500,0,100,1,0,100,15,0,100,1,0,100,5,0,100,9.11806,1.830421242,100,99.946,0.031333978,100,0,0,0,0,0,0.183042124,0.003133398
stigmergy_search_efficient,50,5,15,0,141,0.705,2500,0,100,1,0,100,15,0,100,1,0,100,5,0,100,9.11806,1.830421242,100,99.946,0.031333978,100,0,0,0,0,0,0.183042124,0.003133398
stigmergy_search_efficient,50,5,15,0,142,0.71,2500,0,100,1,0,100,15,0,100,1,0,100,5,0,100,9.11806,1.830421242,100,99.946,0.031333978,100,0,0,0,0,0,0.183042124,0.003133398
stigmergy_search_efficient,50,5,15,0,143,0.715,2500,0,100,1,0,100,15,0,100,1,0,100,5,0,100,9.11806,1.830421242,100,99.946,0.031333978,100,0,0,0,0,0,0.183042124,0.003133398
stigmergy_search_efficient,50,5,15,0,144,0.72,2500,0,100,1,0,100,15,0,100,1,0,100,5,0,100,9.11806,1.830421242,100,99.946,0.031333978,100,0,0,0,0,0,0.183042124,0.003133398
stigmergy_search_efficient,50,5,15,0,145,0.725,2500,0,100,1,0,100,15,0,100,1,0,100,5,0,100,9.11806,1.830421242,100,99.946,0.031333978,100,0,0,0,0,0,0.183042124,0.003133398
stigmergy_search_efficient,50,5,15,0,146,0.73,2500,0,100,1,0,100,15,0,100,1,0,100,5,0,100,9.11806,1.830421242,100,99.946,0.031333978,100,0,0,0,0,0,0.183042124,0.003133398
stigmergy_search_efficient,50,5,15,0,147,0.735,2500,0,100,1,0,100,15,0,100,1,0,100,5,0,100,9.11806,1.830421242,100,99.946,0.031333978,100,0,0,0,0,0,0.183042124,0.003133398
stigmergy_search_efficient,50,5,15,0,148,0.74,2500,0,100,1,0,100,15,0,100,1,0,100,5,0,100,9.11806,1.830421242,100,99.946,0.031333978,100,0,0,0,0,0,0.183042124,0.003133398
stigmergy_search_efficient,50,5,15,0,149,0.745,2500,0,100,1,0,100,15,0,100,1,0,100,5,0,100,9.11806,1.830421242,100,99.946,0.031333978,100,0,0,0,0,0,0.183042124,0.003133398
stigmergy_search_efficient,50,5,15,0,150,0.75,2500,0,100,1,0,100,15,0,100,1,0,100,5,0,100,9.11806,1.830421242,100,99.946,0.031333978,100,0,0,0,0,0,0.183042124,0.003133398
stigmergy_search_efficient,50,5,15,0,151,0.755,2500,0,100,1,0,100,15,0,100,1,0,100,5,0,100,9.11806,1.830421242,100,99.946,0.031333978,100,0,0,0,0,0,0.183042124,0.003133398
stigmergy_search_efficient,50,5,15,0,152,0.76,2500,0,100,1,0,100,15,0,100,1,0,100,5,0,100,9.11806,1.830421242,100,99.946,0.031333978,100,0,0,0,0,0,0.183042124,0.003133398
stigmergy_search_efficient,50,5,15,0,153,0.765,2500,0,100,1,0,100,15,0,100,1,0,100,5,0,100,9.11806,1.830421242,100,99.946,0.031333978,100,0,0,0,0,0,0.183042124,0.003133398
stigmergy_search_efficient,50,5,15,0,154,0.77,2500,0,100,1,0,100,15,0,100,1,0,100,5,0,100,9.11806,1.830421242,100,99.946,0.031333978,100,0,0,0,0,0,0.183042124,0.003133398
stigmergy_search_efficient,50,5,15,0,155,0.775,2500,0,100,1,0,100,15,0,100,1,0,100,5,0,100,9.11806,1.830421242,100,99.946,0.031333978,100,0,0,0,0,0,0.183042124,0.003133398
stigmergy_search_efficient,50,5,15,0,156,0.78,2500,0,100,1,0,100,15,0,100,1,0,100,5,0,100,9.11806,1.830421242,100,99.946,0.031333978,100,0,0,0,0,0,0.183042124,0.003133398
stigmergy_search_efficient,50,5,15,0,157,0.785,2500,0,100,1,0,100,15,0,100,1,0,100,5,0,100,9.11806,1.830421242,100,99.946,0.031333978,100,0,0,0,0,0,0.183042124,0.003133398
stigmergy_search_efficient,50,5,15,0,158,0.79,2500,0,100,1,0,100,15,0,100,1,0,100,5,0,100,9.11806,1.830421242,100,99.946,0.031333978,100,0,0,0,0,0,0.183042124,0.003133398
stigmergy_search_efficient,50,5,15,0,159,0.795,2500,0,100,1,0,100,15,0,100,1,0,100,5,0,100,9.11806,1.830421242,100,99.946,0.031333978,100,0,0,0,0,0,0.183042124,0.003133398
stigmergy_search_efficient,50,5,15,0,160,0.8,2500,0,100,1,0,100,15,0,100,1,0,100,5,0,100,9.11806,1.830421242,100,99.946,0.031333978,100,0,0,0,0,0,0.183042124,0.003133398
stigmergy_search_efficient,50,5,15,0,161,0.805,2500,0,100,1,0,100,15,0,100,1,0,100,5,0,100,9.11806,1.830421242,100,99.946,0.031333978,100,0,0,0,0,0,0.183042124,0.003133398
stigmergy_search_efficient,50,5,15,0,162,0.81,2500,0,100,1,0,100,15,0,100,1,0,100,5,0,100,9.11806,1.830421242,100,99.946,0.031333978,100,0,0,0,0,0,0.183042124,0.003133398
stigmergy_search_efficient,50,5,15,0,163,0.815,2500,0,100,1,0,100,15,0,100,1,0,100,5,0,100,9.11806,1.830421242,100,99.946,0.031333978,100,0,0,0,0,0,0.183042124,0.003133398
stigmergy_search_efficient,50,5,15,0,164,0.82,2500,0,100,1,0,100,15,0,100,1,0,100,5,0,100,9.11806,1.830421242,100,99.946,0.031333978,100,0,0,0,0,0,0.183042124,0.003133398
stigmergy_search_efficient,50,5,15,0,165,0.825,2500,0,100,1,0,100,15,0,100,1,0,100,5,0,100,9.11806,1.830421242,100,99.946,0.031333978,100,0,0,0,0,0,0.183042124,0.003133398
stigmergy_search_efficient,50,5,15,0,166,0.83,2500,0,100,1,0,100,15,0,100,1,0,100,5,0,100,9.11806,1.830421242,100,99.946,0.031333978,100,0,0,0,0,0,0.183042124,0.003133398
stigmergy_search_efficient,50,5,15,0,167,0.835,2500,0,100,1,0,100,15,0,100,1,0,100,5,0,100,9.11806,1.830421242,100,99.946,0.031333978,100,0,0,0,0,0,0.183042124,0.003133398
stigmergy_search_efficient,50,5,15,0,168,0.84,2500,0,100,1,0,100,15,0,100,1,0,100,5,0,100,9.11806,1.830421242,100,99.946,0.031333978,100,0,0,0,0,0,0.183042124,0.003133398
stigmergy_search_efficient,50,5,15,0,169,0.845,2500,0,100,1,0,100,15,0,100,1,0,100,5,0,100,9.11806,1.830421242,100,99.946,0.031333978,100,0,0,0,0,0,0.183042124,0.003133398
stigmergy_search_efficient,50,5,15,0,170,0.85,2500,0,100,1,0,100,15,0,100,1,0,100,5,0,100,9.11806,1.830421242,100,99.946,0.031333978,100,0,0,0,0,0,0.183042124,0.003133398
stigmergy_search_efficient,50,5,15,0,171,0.855,2500,0,100,1,0,100,15,0,100,1,0,100,5,0,100,9.11806,1.830421242,100,99.946,0.031333978,100,0,0,0,0,0,0.183042124,0.003133398
stigmergy_search_efficient,50,5,15,0,172,0.86,2500,0,100,1,0,100,15,0,100,1,0,100,5,0,100,9.11806,1.830421242,100,99.946,0.031333978,100,0,0,0,0,0,0.183042124,0.003133398
stigmergy_search_efficient,50,5,15,0,173,0.865,2500,0,100,1,0,100,15,0,100,1,0,100,5,0,100,9.11806,1.830421242,100,99.946,0.031333978,100,0,0,0,0,0,0.183042124,0.003133398
stigmergy_search_efficient,50,5,15,0,174,0.87,2500,0,100,1,0,100,15,0,100,1,0,100,5,0,100,9.11806,1.830421242,100,99.946,0.031333978,100,0,0,0,0,0,0.183042124,0.003133398
stigmergy_search_efficient,50,5,15,0,175,0.875,2500,0,100,1,0,100,15,0,100,1,0,100,5,0,100,9.11806,1.830421242,100,99.946,0.031333978,100,0,0,0,0,0,0.183042124,0.003133398
stigmergy_search_efficient,50,5,15,0,176,0.88,2500,0,100,1,0,100,15,0,100,1,0,100,5,0,100,9.11806,1.830421242,100,99.946,0.031333978,100,0,0,0,0,0,0.183042124,0.003133398
stigmergy_search_efficient,50,5,15,0,177,0.885,2500,0,100,1,0,100,15,0,100,1,0,100,5,0,100,9.11806,1.830421242,100,99.946,0.031333978,100,0,0,0,0,0,0.183042124,0.003133398
stigmergy_search_efficient,50,5,15,0,178,0.89,2500,0,100,1,0,100,15,0,100,1,0,100,5,0,100,9.11806,1.830421242,100,99.946,0.031333978,100,0,0,0,0,0,0.183042124,0.003133398
stigmergy_search_efficient,50,5,15,0,179,0.895,2500,0,100,1,0,100,15,0,100,1,0,100,5,0,100,9.11806,1.830421242,100,99.946,0.031333978,100,0,0,0,0,0,0.183042124,0.003133398
stigmergy_search_efficient,50,5,15,0,180,0.9,2500,0,100,1,0,100,15,0,100,1,0,100,5,0,100,9.11806,1.830421242,100,99.946,0.031333978,100,0,0,0,0,0,0.183042124,0.003133398
stigmergy_search_efficient,50,5,15,0,181,0.905,2500,0,100,1,0,100,15,0,100,1,0,100,5,0,100,9.11806,1.830421242,100,99.946,0.031333978,100,0,0,0,0,0,0.183042124,0.003133398
stigmergy_search_efficient,50,5,15,0,182,0.91,2500,0,100,1,0,100,15,0,100,1,0,100,5,0,100,9.11806,1.830421242,100,99.946,0.031333978,100,0,0,0,0,0,0.183042124,0.003133398
stigmergy_search_efficient,50,5,15,0,183,0.915,2500,0,100,1,0,100,15,0,100,1,0,100,5,0,100,9.11806,1.830421242,100,99.946,0.031333978,100,0,0,0,0,0,0.183042124,0.003133398
stigmergy_search_efficient,50,5,15,0,184,0.92,2500,0,100,1,0,100,15,0,100,1,0,100,5,0,100,9.11806,1.830421242,100,99.946,0.031333978,100,0,0,0,0,0,0.183042124,0.003133398
stigmergy_search_efficient,50,5,15,0,185,0.925,2500,0,100,1,0,100,15,0,100,1,0,100,5,0,100,9.11806,1.830421242,100,99.946,0.031333978,100,0,0,0,0,0,0.183042124,0.003133398
stigmergy_search_efficient,50,5,15,0,186,0.93,2500,0,100,1,0,100,15,0,100,1,0,100,5,0,100,9.11806,1.830421242,100,99.946,0.031333978,100,0,0,0,0,0,0.183042124,0.003133398
stigmergy_search_efficient,50,5,15,0,187,0.935,2500,0,100,1,0,100,15,0,100,1,0,100,5,0,100,9.11806,1.830421242,100,99.946,0.031333978,100,0,0,0,0,0,0.183042124,0.003133398
stigmergy_search_efficient,50,5,15,0,188,0.94,2500,0,100,1,0,100,15,0,100,1,0,100,5,0,100,9.11806,1.830421242,100,99.946,0.031333978,100,0,0,0,0,0,0.183042124,0.003133398
stigmergy_search_efficient,50,5,15,0,189,0.945,2500,0,100,1,0,100,15,0,100,1,0,100,5,0,100,9.11806,1.830421242,100,99.946,0.031333978,100,0,0,0,0,0,0.183042124,0.003133398
stigmergy_search_efficient,50,5,15,0,190,0.95,2500,0,100,1,0,100,15,0,100,1,0,100,5,0,100,9.11806,1.830421242,100,99.946,0.031333978,100,0,0,0,0,0,0.183042124,0.003133398
stigmergy_search_efficient,50,5,15,0,191,0.955,2500,0,100,1,0,100,15,0,100,1,0,100,5,0,100,9.11806,1.830421242,100,99.946,0.031333978,100,0,0,0,0,0,0.183042124,0.003133398
stigmergy_search_efficient,50,5,15,0,192,0.96,2500,0,100,1,0,100,15,0,100,1,0,100,5,0,100,9.11806,1.830421242,100,99.946,0.031333978,100,0,0,0,0,0,0.183042124,0.003133398
stigmergy_search_efficient,50,5,15,0,193,0.965,2500,0,100,1,0,100,15,0,100,1,0,100,5,0,100,9.11806,1.830421242,100,99.946,0.031333978,100,0,0,0,0,0,0.183042124,0.003133398
stigmergy_search_efficient,50,5,15,0,194,0.97,2500,0,100,1,0,100,15,0,100,1,0,100,5,0,100,9.11806,1.830421242,100,99.946,0.031333978,100,0,0,0,0,0,0.183042124,0.003133398
stigmergy_search_efficient,50,5,15,0,195,0.975,2500,0,100,1,0,100,15,0,100,1,0,100,5,0,100,9.11806,1.830421242,100,99.946,0.031333978,100,0,0,0,0,0,0.183042124,0.003133398
stigmergy_search_efficient,50,5,15,0,196,0.98,2500,0,100,1,0,100,15,0,100,1,0,100,5,0,100,9.11806,1.830421242,100,99.946,0.031333978,100,0,0,0,0,0,0.183042124,0.003133398
stigmergy_search_efficient,50,5,15,0,197,0.985,2500,0,100,1,0,100,15,0,100,1,0,100,5,0,100,9.11806,1.830421242,100,99.946,0.031333978,100,0,0,0,0,0,0.183042124,0.003133398
stigmergy_search_efficient,50,5,15,0,198,0.99,2500,0,100,1,0,100,15,0,100,1,0,100,5,0,100,9.11806,1.830421242,100,99.946,0.031333978,100,0,0,0,0,0,0.183042124,0.003133398
stigmergy_search_efficient,50,5,15,0,199,0.995,2500,0,100,1,0,100,15,0,100,1,0,100,5,0,100,9.11806,1.830421242,100,99.946,0.031333978,100,0,0,0,0,0,0.183042124,0.003133398
stigmergy_search_efficient,50,5,15,0,200,1,2500,0,100,1,0,100,15,0,100,1,0,100,5,0,100,9.11806,1.830421242,100,99.946,0.031333978,100,0,0,0,0,0,0.183042124,0.003133398
stigmergy_search_efficient,100,10,30,0,0,0,0,0,100,0,0,100,0,0,100,0,0,100,10,0,100,0,0,100,0,0,100,0,0,0,0,0,0,0
stigmergy_search_efficient,100,10,30,0,1,0.005,1361.67,55.48811047,100,0.136167,0.005548811,100,4.6,2.069499525,100,0.153333333,0.068983317,100,10,0,100,3.500760825,0.091029014,100,13.115,0.538095219,100,5.548811047,0.000554881,0.206949952,0.006898332,0,0.009102901,0.053809522
stigmergy_search_efficient,100,10,30,0,2,0.01,2457.04,116.9673113,100,0.245704,0.011696731,100,8.18,2.528144607,100,0.272666667,0.084271487,100,10,0,100,3.84001792,0.152314814,100,24.1296,1.141511421,100,11.69673113,0.001169673,0.252814461,0.008427149,0,0.015231481,0.114151142
stigmergy_search_efficient,100,10,30,0,3,0.015,3472.57,203.3100461,100,0.347257,0.020331005,100,11.17,2.62488095,100,0.372333333,0.087496032,100,10,0,100,4.100901419,0.209642629,100,34.3454,2.00368016,100,20.33100461,0.0020331,0.262488095,0.008749603,0,0.020964263,0.200368016
stigmergy_search_efficient,100,10,30,0,4,0.02,4378.71,284.3969446,100,0.437871,0.028439694,100,13.81,2.904872257,100,0.460333333,0.096829075,100,10,0,100,4.366406793,0.255968225,100,43.4686,2.811416847,100,28.43969446,0.002843969,0.290487226,0.009682908,0,0.025596822,0.281141685
stigmergy_search_efficient,100,10,30,0,5,0.025,5188.45,371.3972355,100,0.518845,0.037139724,100,16.14,3.01852864,100,0.538,0.100617621,100,10,0,100,4.629825864,0.305194274,100,51.6197,3.680963986,100,37.13972355,0.003713972,0.301852864,0.010061762,0,0.030519427,0.368096399
stigmergy_search_efficient,100,10,30,0,6,0.03,5894.69,425.3058007,100,0.589469,0.04253058,100,18.05,3.062892935,100,0.601666667,0.102096431,100,10,0,100,4.903640955,0.325348333,100,58.7236,4.233289792,100,42.53058007,0.004253058,0.306289294,0.010209643,0,0.032534833,0.423328979
stigmergy_search_efficient,100,10,30,0,7,0.035,6529.86,470.2968764,100,0.652986,0.047029688,100,19.94,2.929543006,100,0.664666667,0.097651434,100,10,0,100,5.173197429,0.339257984,100,65.1051,4.685556465,100,47.02968764,0.004702969,0.292954301,0.009765143,0,0.033925798,0.468555646
stigmergy_search_efficient,100,10,30,0,8,0.04,7106.97,510.599696,100,0.710697,0.05105997,100,21.65,2.861711715,100,0.721666667,0.09539039,100,10,0,100,5.438018939,0.362014322,100,70.9068,5.088289761,100,51.0599696,0.005105997,0.286171171,0.009539039,0,0.036201432,0.508828976
stigmergy_search_efficient,100,10,30,0,9,0.045,7626.15,548.2859126,100,0.762615,0.054828591,100,23.14,2.892065076,100,0.771333333,0.096402169,100,10,0,100,5.709446405,0.389458867,100,76.1195,5.467873366,100,54.82859126,0.005482859,0.289206508,0.009640217,0,0.038945887,0.546787337
stigmergy_search_efficient,100,10,30,0,10,0.05,8074.83,594.3368268,100,0.807483,0.059433683,100,24.69,2.569026857,100,0.823,0.085634229,100,10,0,100,6.000787511,0.426656476,100,80.6322,5.926300152,100,59.43368268,0.005943368,0.256902686,0.008563423,0,0.042665648,0.592630015
stigmergy_search_efficient,100,10,30,0,11,0.055,8455.6,621.8290876,100,0.84556,0.062182909,100,25.66,2.640859976,100,0.855333333,0.088028666,100,10,0,100,6.311220027,0.457459899,100,84.4556,6.211526971,100,62.18290876,0.006218291,0.264085998,0.008802867,0,0.04574599,0.621152697
stigmergy_search_efficient,100,10,30,0,12,0.06,8782.23,609.2781597,100,0.878223,0.060927816,100,26.57,2.471064875,100,0.885666667,0.082368829,100,10,0,100,6.631969335,0.459998073,100,87.7411,6.09577547,100,60.92781597,0.006092782,0.247106487,0.008236883,0,0.045999807,0.609577547
stigmergy_search_efficient,100,10,30,0,13,0.065,9048.08,557.7081652,100,0.904808,0.055770817,100,27.25,2.392644452,100,0.908333333,0.079754815,100,10,0,100,6.972281942,0.434099545,100,90.4164,5.585078157,100,55.77081652,0.005577082,0.239264445,0.007975482,0,0.043409954,0.558507816
stigmergy_search_efficient,100,10,30,0,14,0.07,9264.92,512.6555675,100,0.926492,0.051265557,100,27.81,2.144737511,100,0.927,0.07149125,100,10,0,100,7.331015045,0.416743105,100,92.5979,5.132658613,100,51.26555675,0.005126556,0.214473751,0.007149125,0,0.04167431,0.513265861
stigmergy_search_efficient,100,10,30,0,15,0.075,9440.65,471.7386576,100,0.944065,0.047173866,100,28.37,1.834875385,100,0.945666667,0.061162513,100,10,0,100,7.700797741,0.411838245,100,94.3683,4.725043115,100,47.17386576,0.004717387,0.183487538,0.006116251,0,0.041183825,0.472504311
stigmergy_search_efficient,100,10,30,0,16,0.08,9581.72,416.3545274,100,0.958172,0.041635453,100,28.84,1.426445749,100,0.961333333,0.047548192,100,10,0,100,8.067150911,0.423782919,100,95.7865,4.173403372,100,41.63545274,0.004163545,0.142644575,0.004754819,0,0.042378292,0.417340337
stigmergy_search_efficient,100,10,30,0,17,0.085,9693.18,363.1052768,100,0.969318,0.036310528,100,29.11,1.262473122,100,0.970333333,0.042082437,100,10,0,100,8.420968372,0.481802305,100,96.9063,3.639940241,100,36.31052768,0.003631053,0.126247312,0.004208244,0,0.04818023,0.363994024
stigmergy_search_efficient,100,10,30,0,18,0.09,9785.47,304.4537236,100,0.978547,0.030445372,100,29.47,1.048857002,100,0.982333333,0.0349619,100,10,0,100,8.747138981,0.577755745,100,97.8319,3.053064595,100,30.44537236,0.003044537,0.1048857,0.00349619,0,0.057775574,0.30530646
stigmergy_search_efficient,100,10,30,0,19,0.095,9852.23,239.6785244,100,0.985223,0.023967852,100,29.64,0.92681708,100,0.988,0.030893903,100,10,0,100,9.039762548,0.705489425,100,98.5038,2.405292893,100,23.96785244,0.002396785,0.092681708,0.00308939,0,0.070548942,0.240529289
stigmergy_search_efficient,100,10,30,0,20,0.1,9902.16,189.8520806,100,0.990216,0.018985208,100,29.77,0.649086382,100,0.992333333,0.021636213,100,10,0,100,9.297277583,0.858753538,100,99.0061,1.90355324,100,18.98520806,0.001898521,0.064908638,0.002163621,0,0.085875354,0.190355324
stigmergy_search_efficient,100,10,30,0,21,0.105,9937.31,152.3690161,100,0.993731,0.015236902,100,29.82,0.592546294,100,0.994,0.019751543,100,10,0,100,9.505557554,1.0132532,100,99.3586,1.528218756,100,15.23690161,0.00152369,0.059254629,0.001975154,0,0.10132532,0.152821876
stigmergy_search_efficient,100,10,30,0,22,0.11,9960.97,120.3632092,100,0.996097,0.012036321,100,29.9,0.481999204,100,0.996666667,0.01606664,100,10,0,100,9.658534554,1.152938193,100,99.5953,1.207381719,100,12.03632092,0.001203632,0.04819992,0.001606664,0,0.115293819,0.120738172
stigmergy_search_efficient,100,10,30,0,23,0.115,9976.35,101.4983082,100,0.997635,0.010149831,100,29.93,0.432399927,100,0.997666667,0.014413331,100,10,0,100,9.778038868,1.284248005,100,99.7514,1.017158867,100,10.14983082,0.001014983,0.043239993,0.001441333,0,0.128424801,0.101715887
stigmergy_search_efficient,100,10,30,0,24,0.12,9983.74,85.06475489,100,0.998374,0.008506475,100,29.94,0.422115882,100,0.998,0.014070529,100,10,0,100,9.877069689,1.408574522,100,99.8249,0.852676706,100,8.506475489,0.000850648,0.042211588,0.001407053,0,0.140857452,0.085267671
stigmergy_search_efficient,100,10,30,0,25,0.125,9990.43,55.77701909,100,0.999043,0.005577702,100,29.97,0.222701503,100,0.999,0.007423383,100,10,0,100,9.951874729,1.51408737,100,99.8918,0.561742203,100,5.577701909,0.00055777,0.02227015,0.000742338,0,0.151408737,0.05617422
stigmergy_search_efficient,100,10,30,0,26,0.13,9994.59,26.17389207,100,0.999459,0.002617389,100,29.98,0.140705294,100,0.999333333,0.004690176,100,10,0,100,10.00480681,1.598297028,100,99.933,0.266035237,100,2.617389207,0.000261739,0.014070529,0.000469018,0,0.159829703,0.026603524
stigmergy_search_efficient,100,10,30,0,27,0.135,9998,12.96849329,100,0.9998,0.001296849,100,29.99,0.1,100,0.999666667,0.003333333,100,10,0,100,10.04846883,1.675848195,100,99.9674,0.128335262,100,1.296849329,0.000129685,0.01,0.000333333,0,0.16758482,0.012833526
stigmergy_search_efficient,100,10,30,0,28,0.14,9998.18,12.92666182,100,0.999818,0.001292666,100,29.99,0.1,100,0.999666667,0.003333333,100,10,0,100,10.06757664,1.713935958,100,99.9691,0.127612854,100,1.292666182,0.000129267,0.01,0.000333333,0,0.171393596,0.012761285
stigmergy_search_efficient,100,10,30,0,29,0.145,9998.18,12.92666182,100,0.999818,0.001292666,100,29.99,0.1,100,0.999666667,0.003333333,100,10,0,100,10.08228538,1.747246374,100,99.9691,0.127612854,100,1.292666182,0.000129267,0.01,0.000333333,0,0.174724637,0.012761285
stigmergy_search_efficient,100,10,30,0,30,0.15,9998.18,12.92666182,100,0.999818,0.001292666,100,29.99,0.1,100,0.999666667,0.003333333,100,10,0,100,10.09708317,1.784139117,100,99.9691,0.127612854,100,1.292666182,0.000129267,0.01,0.000333333,0,0.178413912,0.012761285
stigmergy_search_efficient,100,10,30,0,31,0.155,9998.46,12.65423633,100,0.999846,0.001265424,100,29.99,0.1,100,0.999666667,0.003333333,100,10,0,100,10.11049255,1.820390781,100,99.9718,0.125121194,100,1.265423633,0.000126542,0.01,0.000333333,0,0.182039078,0.012512119
stigmergy_search_efficient,100,10,30,0,32,0.16,9999.2,7.899622801,100,0.99992,0.000789962,100,29.99,0.1,100,0.999666667,0.003333333,100,10,0,100,10.11907711,1.845527949,100,99.9792,0.077936519,100,0.78996228,7.90E-05,0.01,0.000333333,0,0.184552795,0.007793652
stigmergy_search_efficient,100,10,30,0,33,0.165,9999.41,5.799851966,100,0.999941,0.000579985,100,29.99,0.1,100,0.999666667,0.003333333,100,10,0,100,10.12847778,1.874898008,100,99.9813,0.057024804,100,0.579985197,5.80E-05,0.01,0.000333333,0,0.187489801,0.00570248
stigmergy_search_efficient,100,10,30,0,34,0.17,9999.99,0.1,100,0.999999,1.00E-05,100,30,0,100,1,0,100,10,0,100,10.13644157,1.901238165,100,99.987,0.006113406,100,0.01,1.00E-06,0,0,0,0.190123816,0.000611341
stigmergy_search_efficient,100,10,30,0,35,0.175,10000,0,100,1,0,100,30,0,100,1,0,100,10,0,100,10.137395,1.904517246,100,99.987,0.006113406,100,0,0,0,0,0,0.190451725,0.000611341
stigmergy_search_efficient,100,10,30,0,36,0.18,10000,0,100,1,0,100,30,0,100,1,0,100,10,0,100,10.137395,1.904517246,100,99.987,0.006113406,100,0,0,0,0,0,0.190451725,0.000611341
stigmergy_search_efficient,100,10,30,0,37,0.185,10000,0,100,1,0,100,30,0,100,1,0,100,10,0,100,10.137395,1.904517246,100,99.987,0.006113406,100,0,0,0,0,0,0.190451725,0.000611341
stigmergy_search_efficient,100,10,30,0,38,0.19,10000,0,100,1,0,100,30,0,100,1,0,100,10,0,100,10.137395,1.904517246,100,99.987,0.006113406,100,0,0,0,0,0,0.190451725,0.000611341
stigmergy_search_efficient,100,10,30,0,39,0.195,10000,0,100,1,0,100,30,0,100,1,0,100,10,0,100,10.137395,1.904517246,100,99.987,0.006113406,100,0,0,0,0,0,0.190451725,0.000611341
stigmergy_search_efficient,100,10,30,0,40,0.2,10000,0,100,1,0,100,30,0,100,1,0,100,10,0,100,10.137395,1.904517246,100,99.987,0.006113406,100,0,0,0,0,0,0.190451725,0.000611341
stigmergy_search_efficient,100,10,30,0,41,0.205,10000,0,100,1,0,100,30,0,100,1,0,100,10,0,100,10.137395,1.904517246,100,99.987,0.006113406,100,0,0,0,0,0,0.190451725,0.000611341
stigmergy_search_efficient,100,10,30,0,42,0.21,10000,0,100,1,0,100,30,0,100,1,0,100,10,0,100,10.137395,1.904517246,100,99.987,0.006113406,100,0,0,0,0,0,0.190451725,0.000611341
stigmergy_search_efficient,100,10,30,0,43,0.215,10000,0,100,1,0,100,30,0,100,1,0,100,10,0,100,10.137395,1.904517246,100,99.987,0.006113406,100,0,0,0,0,0,0.190451725,0.000611341
stigmergy_search_efficient,100,10,30,0,44,0.22,10000,0,100,1,0,100,30,0,100,1,0,100,10,0,100,10.137395,1.904517246,100,99.987,0.006113406,100,0,0,0,0,0,0.190451725,0.000611341
stigmergy_search_efficient,100,10,30,0,45,0.225,10000,0,100,1,0,100,30,0,100,1,0,100,10,0,100,10.137395,1.904517246,100,99.987,0.006113406,100,0,0,0,0,0,0.190451725,0.000611341
stigmergy_search_efficient,100,10,30,0,46,0.23,10000,0,100,1,0,100,30,0,100,1,0,100,10,0,100,10.137395,1.904517246,100,99.987,0.006113406,100,0,0,0,0,0,0.190451725,0.000611341
stigmergy_search_efficient,100,10,30,0,47,0.235,10000,0,100,1,0,100,30,0,100,1,0,100,10,0,100,10.137395,1.904517246,100,99.987,0.006113406,100,0,0,0,0,0,0.190451725,0.000611341
stigmergy_search_efficient,100,10,30,0,48,0.24,10000,0,100,1,0,100,30,0,100,1,0,100,10,0,100,10.137395,1.904517246,100,99.987,0.006113406,100,0,0,0,0,0,0.190451725,0.000611341
stigmergy_search_efficient,100,10,30,0,49,0.245,10000,0,100,1,0,100,30,0,100,1,0,100,10,0,100,10.137395,1.904517246,100,99.987,0.006113406,100,0,0,0,0,0,0.190451725,0.000611341
stigmergy_search_efficient,100,10,30,0,50,0.25,10000,0,100,1,0,100,30,0,100,1,0,100,10,0,100,10.137395,1.904517246,100,99.987,0.006113406,100,0,0,0,0,0,0.190451725,0.000611341
stigmergy_search_efficient,100,10,30,0,51,0.255,10000,0,100,1,0,100,30,0,100,1,0,100,10,0,100,10.137395,1.904517246,100,99.987,0.006113406,100,0,0,0,0,0,0.190451725,0.000611341
stigmergy_search_efficient,100,10,30,0,52,0.26,10000,0,100,1,0,100,30,0,100,1,0,100,10,0,100,10.137395,1.904517246,100,99.987,0.006113406,100,0,0,0,0,0,0.190451725,0.000611341
stigmergy_search_efficient,100,10,30,0,53,0.265,10000,0,100,1,0,100,30,0,100,1,0,100,10,0,100,10.137395,1.904517246,100,99.987,0.006113406,100,0,0,0,0,0,0.190451725,0.000611341
stigmergy_search_efficient,100,10,30,0,54,0.27,10000,0,100,1,0,100,30,0,100,1,0,100,10,0,100,10.137395,1.904517246,100,99.987,0.006113406,100,0,0,0,0,0,0.190451725,0.000611341
stigmergy_search_efficient,100,10,30,0,55,0.275,10000,0,100,1,0,100,30,0,100,1,0,100,10,0,100,10.137395,1.904517246,100,99.987,0.006113406,100,0,0,0,0,0,0.190451725,0.000611341
stigmergy_search_efficient,100,10,30,0,56,0.28,10000,0,100,1,0,100,30,0,100,1,0,100,10,0,100,10.137395,1.904517246,100,99.987,0.006113406,100,0,0,0,0,0,0.190451725,0.000611341
stigmergy_search_efficient,100,10,30,0,57,0.285,10000,0,100,1,0,100,30,0,100,1,0,100,10,0,100,10.137395,1.904517246,100,99.987,0.006113406,100,0,0,0,0,0,0.190451725,0.000611341
stigmergy_search_efficient,100,10,30,0,58,0.29,10000,0,100,1,0,100,30,0,100,1,0,100,10,0,100,10.137395,1.904517246,100,99.987,0.006113406,100,0,0,0,0,0,0.190451725,0.000611341
stigmergy_search_efficient,100,10,30,0,59,0.295,10000,0,100,1,0,100,30,0,100,1,0,100,10,0,100,10.137395,1.904517246,100,99.987,0.006113406,100,0,0,0,0,0,0.190451725,0.000611341
stigmergy_search_efficient,100,10,30,0,60,0.3,10000,0,100,1,0,100,30,0,100,1,0,100,10,0,100,10.137395,1.904517246,100,99.987,0.006113406,100,0,0,0,0,0,0.190451725,0.000611341
stigmergy_search_efficient,100,10,30,0,61,0.305,10000,0,100,1,0,100,30,0,100,1,0,100,10,0,100,10.137395,1.904517246,100,99.987,0.006113406,100,0,0,0,0,0,0.190451725,0.000611341
stigmergy_search_efficient,100,10,30,0,62,0.31,10000,0,100,1,0,100,30,0,100,1,0,100,10,0,100,10.137395,1.904517246,100,99.987,0.006113406,100,0,0,0,0,0,0.190451725,0.000611341
stigmergy_search_efficient,100,10,30,0,63,0.315,10000,0,100,1,0,100,30,0,100,1,0,100,10,0,100,10.137395,1.904517246,100,99.987,0.006113406,100,0,0,0,0,0,0.190451725,0.000611341
stigmergy_search_efficient,100,10,30,0,64,0.32,10000,0,100,1,0,100,30,0,100,1,0,100,10,0,100,10.137395,1.904517246,100,99.987,0.006113406,100,0,0,0,0,0,0.190451725,0.000611341
stigmergy_search_efficient,100,10,30,0,65,0.325,10000,0,100,1,0,100,30,0,100,1,0,100,10,0,100,10.137395,1.904517246,100,99.987,0.006113406,100,0,0,0,0,0,0.190451725,0.000611341
stigmergy_search_efficient,100,10,30,0,66,0.33,10000,0,100,1,0,100,30,0,100,1,0,100,10,0,100,10.137395,1.904517246,100,99.987,0.006113406,100,0,0,0,0,0,0.190451725,0.000611341
stigmergy_search_efficient,100,10,30,0,67,0.335,10000,0,100,1,0,100,30,0,100,1,0,100,10,0,100,10.137395,1.904517246,100,99.987,0.006113406,100,0,0,0,0,0,0.190451725,0.000611341
stigmergy_search_efficient,100,10,30,0,68,0.34,10000,0,100,1,0,100,30,0,100,1,0,100,10,0,100,10.137395,1.904517246,100,99.987,0.006113406,100,0,0,0,0,0,0.190451725,0.000611341
stigmergy_search_efficient,100,10,30,0,69,0.345,10000,0,100,1,0,100,30,0,100,1,0,100,10,0,100,10.137395,1.904517246,100,99.987,0.006113406,100,0,0,0,0,0,0.190451725,0.000611341
stigmergy_search_efficient,100,10,30,0,70,0.35,10000,0,100,1,0,100,30,0,100,1,0,100,10,0,100,10.137395,1.904517246,100,99.987,0.006113406,100,0,0,0,0,0,0.190451725,0.000611341
stigmergy_search_efficient,100,10,30,0,71,0.355,10000,0,100,1,0,100,30,0,100,1,0,100,10,0,100,10.137395,1.904517246,100,99.987,0.006113406,100,0,0,0,0,0,0.190451725,0.000611341
stigmergy_search_efficient,100,10,30,0,72,0.36,10000,0,100,1,0,100,30,0,100,1,0,100,10,0,100,10.137395,1.904517246,100,99.987,0.006113406,100,0,0,0,0,0,0.190451725,0.000611341
stigmergy_search_efficient,100,10,30,0,73,0.365,10000,0,100,1,0,100,30,0,100,1,0,100,10,0,100,10.137395,1.904517246,100,99.987,0.006113406,100,0,0,0,0,0,0.190451725,0.000611341
stigmergy_search_efficient,100,10,30,0,74,0.37,10000,0,100,1,0,100,30,0,100,1,0,100,10,0,100,10.137395,1.904517246,100,99.987,0.006113406,100,0,0,0,0,0,0.190451725,0.000611341
stigmergy_search_efficient,100,10,30,0,75,0.375,10000,0,100,1,0,100,30,0,100,1,0,100,10,0,100,10.137395,1.904517246,100,99.987,0.006113406,100,0,0,0,0,0,0.190451725,0.000611341
stigmergy_search_efficient,100,10,30,0,76,0.38,10000,0,100,1,0,100,30,0,100,1,0,100,10,0,100,10.137395,1.904517246,100,99.987,0.006113406,100,0,0,0,0,0,0.190451725,0.000611341
stigmergy_search_efficient,100,10,30,0,77,0.385,10000,0,100,1,0,100,30,0,100,1,0,100,10,0,100,10.137395,1.904517246,100,99.987,0.006113406,100,0,0,0,0,0,0.190451725,0.000611341
stigmergy_search_efficient,100,10,30,0,78,0.39,10000,0,100,1,0,100,30,0,100,1,0,100,10,0,100,10.137395,1.904517246,100,99.987,0.006113406,100,0,0,0,0,0,0.190451725,0.000611341
stigmergy_search_efficient,100,10,30,0,79,0.395,10000,0,100,1,0,100,30,0,100,1,0,100,10,0,100,10.137395,1.904517246,100,99.987,0.006113406,100,0,0,0,0,0,0.190451725,0.000611341
stigmergy_search_efficient,100,10,30,0,80,0.4,10000,0,100,1,0,100,30,0,100,1,0,100,10,0,100,10.137395,1.904517246,100,99.987,0.006113406,100,0,0,0,0,0,0.190451725,0.000611341
stigmergy_search_efficient,100,10,30,0,81,0.405,10000,0,100,1,0,100,30,0,100,1,0,100,10,0,100,10.137395,1.904517246,100,99.987,0.006113406,100,0,0,0,0,0,0.190451725,0.000611341
stigmergy_search_efficient,100,10,30,0,82,0.41,10000,0,100,1,0,100,30,0,100,1,0,100,10,0,100,10.137395,1.904517246,100,99.987,0.006113406,100,0,0,0,0,0,0.190451725,0.000611341
stigmergy_search_efficient,100,10,30,0,83,0.415,10000,0,100,1,0,100,30,0,100,1,0,100,10,0,100,10.137395,1.904517246,100,99.987,0.006113406,100,0,0,0,0,0,0.190451725,0.000611341
stigmergy_search_efficient,100,10,30,0,84,0.42,10000,0,100,1,0,100,30,0,100,1,0,100,10,0,100,10.137395,1.904517246,100,99.987,0.006113406,100,0,0,0,0,0,0.190451725,0.000611341
stigmergy_search_efficient,100,10,30,0,85,0.425,10000,0,100,1,0,100,30,0,100,1,0,100,10,0,100,10.137395,1.904517246,100,99.987,0.006113406,100,0,0,0,0,0,0.190451725,0.000611341
stigmergy_search_efficient,100,10,30,0,86,0.43,10000,0,100,1,0,100,30,0,100,1,0,100,10,0,100,10.137395,1.904517246,100,99.987,0.006113406,100,0,0,0,0,0,0.190451725,0.000611341
stigmergy_search_efficient,100,10,30,0,87,0.435,10000,0,100,1,0,100,30,0,100,1,0,100,10,0,100,10.137395,1.904517246,100,99.987,0.006113406,100,0,0,0,0,0,0.190451725,0.000611341
stigmergy_search_efficient,100,10,30,0,88,0.44,10000,0,100,1,0,100,30,0,100,1,0,100,10,0,100,10.137395,1.904517246,100,99.987,0.006113406,100,0,0,0,0,0,0.190451725,0.000611341
stigmergy_search_efficient,100,10,30,0,89,0.445,10000,0,100,1,0,100,30,0,100,1,0,100,10,0,100,10.137395,1.904517246,100,99.987,0.006113406,100,0,0,0,0,0,0.190451725,0.000611341
stigmergy_search_efficient,100,10,30,0,90,0.45,10000,0,100,1,0,100,30,0,100,1,0,100,10,0,100,10.137395,1.904517246,100,99.987,0.006113406,100,0,0,0,0,0,0.190451725,0.000611341
stigmergy_search_efficient,100,10,30,0,91,0.455,10000,0,100,1,0,100,30,0,100,1,0,100,10,0,100,10.137395,1.904517246,100,99.987,0.006113406,100,0,0,0,0,0,0.190451725,0.000611341
stigmergy_search_efficient,100,10,30,0,92,0.46,10000,0,100,1,0,100,30,0,100,1,0,100,10,0,100,10.137395,1.904517246,100,99.987,0.006113406,100,0,0,0,0,0,0.190451725,0.000611341
stigmergy_search_efficient,100,10,30,0,93,0.465,10000,0,100,1,0,100,30,0,100,1,0,100,10,0,100,10.137395,1.904517246,100,99.987,0.006113406,100,0,0,0,0,0,0.190451725,0.000611341
stigmergy_search_efficient,100,10,30,0,94,0.47,10000,0,100,1,0,100,30,0,100,1,0,100,10,0,100,10.137395,1.904517246,100,99.987,0.006113406,100,0,0,0,0,0,0.190451725,0.000611341
stigmergy_search_efficient,100,10,30,0,95,0.475,10000,0,100,1,0,100,30,0,100,1,0,100,10,0,100,10.137395,1.904517246,100,99.987,0.006113406,100,0,0,0,0,0,0.190451725,0.000611341
stigmergy_search_efficient,100,10,30,0,96,0.48,10000,0,100,1,0,100,30,0,100,1,0,100,10,0,100,10.137395,1.904517246,100,99.987,0.006113406,100,0,0,0,0,0,0.190451725,0.000611341
stigmergy_search_efficient,100,10,30,0,97,0.485,10000,0,100,1,0,100,30,0,100,1,0,100,10,0,100,10.137395,1.904517246,100,99.987,0.006113406,100,0,0,0,0,0,0.190451725,0.000611341
stigmergy_search_efficient,100,10,30,0,98,0.49,10000,0,100,1,0,100,30,0,100,1,0,100,10,0,100,10.137395,1.904517246,100,99.987,0.006113406,100,0,0,0,0,0,0.190451725,0.000611341
stigmergy_search_efficient,100,10,30,0,99,0.495,10000,0,100,1,0,100,30,0,100,1,0,100,10,0,100,10.137395,1.904517246,100,99.987,0.006113406,100,0,0,0,0,0,0.190451725,0.000611341
stigmergy_search_efficient,100,10,30,0,100,0.5,10000,0,100,1,0,100,30,0,100,1,0,100,10,0,100,10.137395,1.904517246,100,99.987,0.006113406,100,0,0,0,0,0,0.190451725,0.000611341
stigmergy_search_efficient,100,10,30,0,101,0.505,10000,0,100,1,0,100,30,0,100,1,0,100,10,0,100,10.137395,1.904517246,100,99.987,0.006113406,100,0,0,0,0,0,0.190451725,0.000611341
stigmergy_search_efficient,100,10,30,0,102,0.51,10000,0,100,1,0,100,30,0,100,1,0,100,10,0,100,10.137395,1.904517246,100,99.987,0.006113406,100,0,0,0,0,0,0.190451725,0.000611341
stigmergy_search_efficient,100,10,30,0,103,0.515,10000,0,100,1,0,100,30,0,100,1,0,100,10,0,100,10.137395,1.904517246,100,99.987,0.006113406,100,0,0,0,0,0,0.190451725,0.000611341
stigmergy_search_efficient,100,10,30,0,104,0.52,10000,0,100,1,0,100,30,0,100,1,0,100,10,0,100,10.137395,1.904517246,100,99.987,0.006113406,100,0,0,0,0,0,0.190451725,0.000611341
stigmergy_search_efficient,100,10,30,0,105,0.525,10000,0,100,1,0,100,30,0,100,1,0,100,10,0,100,10.137395,1.904517246,100,99.987,0.006113406,100,0,0,0,0,0,0.190451725,0.000611341
stigmergy_search_efficient,100,10,30,0,106,0.53,10000,0,100,1,0,100,30,0,100,1,0,100,10,0,100,10.137395,1.904517246,100,99.987,0.006113406,100,0,0,0,0,0,0.190451725,0.000611341
stigmergy_search_efficient,100,10,30,0,107,0.535,10000,0,100,1,0,100,30,0,100,1,0,100,10,0,100,10.137395,1.904517246,100,99.987,0.006113406,100,0,0,0,0,0,0.190451725,0.000611341
stigmergy_search_efficient,100,10,30,0,108,0.54,10000,0,100,1,0,100,30,0,100,1,0,100,10,0,100,10.137395,1.904517246,100,99.987,0.006113406,100,0,0,0,0,0,0.190451725,0.000611341
stigmergy_search_efficient,100,10,30,0,109,0.545,10000,0,100,1,0,100,30,0,100,1,0,100,10,0,100,10.137395,1.904517246,100,99.987,0.006113406,100,0,0,0,0,0,0.190451725,0.000611341
stigmergy_search_efficient,100,10,30,0,110,0.55,10000,0,100,1,0,100,30,0,100,1,0,100,10,0,100,10.137395,1.904517246,100,99.987,0.006113406,100,0,0,0,0,0,0.190451725,0.000611341
stigmergy_search_efficient,100,10,30,0,111,0.555,10000,0,100,1,0,100,30,0,100,1,0,100,10,0,100,10.137395,1.904517246,100,99.987,0.006113406,100,0,0,0,0,0,0.190451725,0.000611341
stigmergy_search_efficient,100,10,30,0,112,0.56,10000,0,100,1,0,100,30,0,100,1,0,100,10,0,100,10.137395,1.904517246,100,99.987,0.006113406,100,0,0,0,0,0,0.190451725,0.000611341
stigmergy_search_efficient,100,10,30,0,113,0.565,10000,0,100,1,0,100,30,0,100,1,0,100,10,0,100,10.137395,1.904517246,100,99.987,0.006113406,100,0,0,0,0,0,0.190451725,0.000611341
stigmergy_search_efficient,100,10,30,0,114,0.57,10000,0,100,1,0,100,30,0,100,1,0,100,10,0,100,10.137395,1.904517246,100,99.987,0.006113406,100,0,0,0,0,0,0.190451725,0.000611341
stigmergy_search_efficient,100,10,30,0,115,0.575,10000,0,100,1,0,100,30,0,100,1,0,100,10,0,100,10.137395,1.904517246,100,99.987,0.006113406,100,0,0,0,0,0,0.190451725,0.000611341
stigmergy_search_efficient,100,10,30,0,116,0.58,10000,0,100,1,0,100,30,0,100,1,0,100,10,0,100,10.137395,1.904517246,100,99.987,0.006113406,100,0,0,0,0,0,0.190451725,0.000611341
stigmergy_search_efficient,100,10,30,0,117,0.585,10000,0,100,1,0,100,30,0,100,1,0,100,10,0,100,10.137395,1.904517246,100,99.987,0.006113406,100,0,0,0,0,0,0.190451725,0.000611341
stigmergy_search_efficient,100,10,30,0,118,0.59,10000,0,100,1,0,100,30,0,100,1,0,100,10,0,100,10.137395,1.904517246,100,99.987,0.006113406,100,0,0,0,0,0,0.190451725,0.000611341
stigmergy_search_efficient,100,10,30,0,119,0.595,10000,0,100,1,0,100,30,0,100,1,0,100,10,0,100,10.137395,1.904517246,100,99.987,0.006113406,100,0,0,0,0,0,0.190451725,0.000611341
stigmergy_search_efficient,100,10,30,0,120,0.6,10000,0,100,1,0,100,30,0,100,1,0,100,10,0,100,10.137395,1.904517246,100,99.987,0.006113406,100,0,0,0,0,0,0.190451725,0.000611341
stigmergy_search_efficient,100,10,30,0,121,0.605,10000,0,100,1,0,100,30,0,100,1,0,100,10,0,100,10.137395,1.904517246,100,99.987,0.006113406,100,0,0,0,0,0,0.190451725,0.000611341
stigmergy_search_efficient,100,10,30,0,122,0.61,10000,0,100,1,0,100,30,0,100,1,0,100,10,0,100,10.137395,1.904517246,100,99.987,0.006113406,100,0,0,0,0,0,0.190451725,0.000611341
stigmergy_search_efficient,100,10,30,0,123,0.615,10000,0,100,1,0,100,30,0,100,1,0,100,10,0,100,10.137395,1.904517246,100,99.987,0.006113406,100,0,0,0,0,0,0.190451725,0.000611341
stigmergy_search_efficient,100,10,30,0,124,0.62,10000,0,100,1,0,100,30,0,100,1,0,100,10,0,100,10.137395,1.904517246,100,99.987,0.006113406,100,0,0,0,0,0,0.190451725,0.000611341
stigmergy_search_efficient,100,10,30,0,125,0.625,10000,0,100,1,0,100,30,0,100,1,0,100,10,0,100,10.137395,1.904517246,100,99.987,0.006113406,100,0,0,0,0,0,0.190451725,0.000611341
stigmergy_search_efficient,100,10,30,0,126,0.63,10000,0,100,1,0,100,30,0,100,1,0,100,10,0,100,10.137395,1.904517246,100,99.987,0.006113406,100,0,0,0,0,0,0.190451725,0.000611341
stigmergy_search_efficient,100,10,30,0,127,0.635,10000,0,100,1,0,100,30,0,100,1,0,100,10,0,100,10.137395,1.904517246,100,99.987,0.006113406,100,0,0,0,0,0,0.190451725,0.000611341
stigmergy_search_efficient,100,10,30,0,128,0.64,10000,0,100,1,0,100,30,0,100,1,0,100,10,0,100,10.137395,1.904517246,100,99.987,0.006113406,100,0,0,0,0,0,0.190451725,0.000611341
stigmergy_search_efficient,100,10,30,0,129,0.645,10000,0,100,1,0,100,30,0,100,1,0,100,10,0,100,10.137395,1.904517246,100,99.987,0.006113406,100,0,0,0,0,0,0.190451725,0.000611341
stigmergy_search_efficient,100,10,30,0,130,0.65,10000,0,100,1,0,100,30,0,100,1,0,100,10,0,100,10.137395,1.904517246,100,99.987,0.006113406,100,0,0,0,0,0,0.190451725,0.000611341
stigmergy_search_efficient,100,10,30,0,131,0.655,10000,0,100,1,0,100,30,0,100,1,0,100,10,0,100,10.137395,1.904517246,100,99.987,0.006113406,100,0,0,0,0,0,0.190451725,0.000611341
stigmergy_search_efficient,100,10,30,0,132,0.66,10000,0,100,1,0,100,30,0,100,1,0,100,10,0,100,10.137395,1.904517246,100,99.987,0.006113406,100,0,0,0,0,0,0.190451725,0.000611341
stigmergy_search_efficient,100,10,30,0,133,0.665,10000,0,100,1,0,100,30,0,100,1,0,100,10,0,100,10.137395,1.904517246,100,99.987,0.006113406,100,0,0,0,0,0,0.190451725,0.000611341
stigmergy_search_efficient,100,10,30,0,134,0.67,10000,0,100,1,0,100,30,0,100,1,0,100,10,0,100,10.137395,1.904517246,100,99.987,0.006113406,100,0,0,0,0,0,0.190451725,0.000611341
stigmergy_search_efficient,100,10,30,0,135,0.675,10000,0,100,1,0,100,30,0,100,1,0,100,10,0,100,10.137395,1.904517246,100,99.987,0.006113406,100,0,0,0,0,0,0.190451725,0.000611341
stigmergy_search_efficient,100,10,30,0,136,0.68,10000,0,100,1,0,100,30,0,100,1,0,100,10,0,100,10.137395,1.904517246,100,99.987,0.006113406,100,0,0,0,0,0,0.190451725,0.000611341
stigmergy_search_efficient,100,10,30,0,137,0.685,10000,0,100,1,0,100,30,0,100,1,0,100,10,0,100,10.137395,1.904517246,100,99.987,0.006113406,100,0,0,0,0,0,0.190451725,0.000611341
stigmergy_search_efficient,100,10,30,0,138,0.69,10000,0,100,1,0,100,30,0,100,1,0,100,10,0,100,10.137395,1.904517246,100,99.987,0.006113406,100,0,0,0,0,0,0.190451725,0.000611341
stigmergy_search_efficient,100,10,30,0,139,0.695,10000,0,100,1,0,100,30,0,100,1,0,100,10,0,100,10.137395,1.904517246,100,99.987,0.006113406,100,0,0,0,0,0,0.190451725,0.000611341
stigmergy_search_efficient,100,10,30,0,140,0.7,10000,0,100,1,0,100,30,0,100,1,0,100,10,0,100,10.137395,1.904517246,100,99.987,0.006113406,100,0,0,0,0,0,0.190451725,0.000611341
stigmergy_search_efficient,100,10,30,0,141,0.705,10000,0,100,1,0,100,30,0,100,1,0,100,10,0,100,10.137395,1.904517246,100,99.987,0.006113406,100,0,0,0,0,0,0.190451725,0.000611341
stigmergy_search_efficient,100,10,30,0,142,0.71,10000,0,100,1,0,100,30,0,100,1,0,100,10,0,100,10.137395,1.904517246,100,99.987,0.006113406,100,0,0,0,0,0,0.190451725,0.000611341
stigmergy_search_efficient,100,10,30,0,143,0.715,10000,0,100,1,0,100,30,0,100,1,0,100,10,0,100,10.137395,1.904517246,100,99.987,0.006113406,100,0,0,0,0,0,0.190451725,0.000611341
stigmergy_search_efficient,100,10,30,0,144,0.72,10000,0,100,1,0,100,30,0,100,1,0,100,10,0,100,10.137395,1.904517246,100,99.987,0.006113406,100,0,0,0,0,0,0.190451725,0.000611341
stigmergy_search_efficient,100,10,30,0,145,0.725,10000,0,100,1,0,100,30,0,100,1,0,100,10,0,100,10.137395,1.904517246,100,99.987,0.006113406,100,0,0,0,0,0,0.190451725,0.000611341
stigmergy_search_efficient,100,10,30,0,146,0.73,10000,0,100,1,0,100,30,0,100,1,0,100,10,0,100,10.137395,1.904517246,100,99.987,0.006113406,100,0,0,0,0,0,0.190451725,0.000611341
stigmergy_search_efficient,100,10,30,0,147,0.735,10000,0,100,1,0,100,30,0,100,1,0,100,10,0,100,10.137395,1.904517246,100,99.987,0.006113406,100,0,0,0,0,0,0.190451725,0.000611341
stigmergy_search_efficient,100,10,30,0,148,0.74,10000,0,100,1,0,100,30,0,100,1,0,100,10,0,100,10.137395,1.904517246,100,99.987,0.006113406,100,0,0,0,0,0,0.190451725,0.000611341
stigmergy_search_efficient,100,10,30,0,149,0.745,10000,0,100,1,0,100,30,0,100,1,0,100,10,0,100,10.137395,1.904517246,100,99.987,0.006113406,100,0,0,0,0,0,0.190451725,0.000611341
stigmergy_search_efficient,100,10,30,0,150,0.75,10000,0,100,1,0,100,30,0,100,1,0,100,10,0,100,10.137395,1.904517246,100,99.987,0.006113406,100,0,0,0,0,0,0.190451725,0.000611341
stigmergy_search_efficient,100,10,30,0,151,0.755,10000,0,100,1,0,100,30,0,100,1,0,100,10,0,100,10.137395,1.904517246,100,99.987,0.006113406,100,0,0,0,0,0,0.190451725,0.000611341
stigmergy_search_efficient,100,10,30,0,152,0.76,10000,0,100,1,0,100,30,0,100,1,0,100,10,0,100,10.137395,1.904517246,100,99.987,0.006113406,100,0,0,0,0,0,0.190451725,0.000611341
stigmergy_search_efficient,100,10,30,0,153,0.765,10000,0,100,1,0,100,30,0,100,1,0,100,10,0,100,10.137395,1.904517246,100,99.987,0.006113406,100,0,0,0,0,0,0.190451725,0.000611341
stigmergy_search_efficient,100,10,30,0,154,0.77,10000,0,100,1,0,100,30,0,100,1,0,100,10,0,100,10.137395,1.904517246,100,99.987,0.006113406,100,0,0,0,0,0,0.190451725,0.000611341
stigmergy_search_efficient,100,10,30,0,155,0.775,10000,0,100,1,0,100,30,0,100,1,0,100,10,0,100,10.137395,1.904517246,100,99.987,0.006113406,100,0,0,0,0,0,0.190451725,0.000611341
stigmergy_search_efficient,100,10,30,0,156,0.78,10000,0,100,1,0,100,30,0,100,1,0,100,10,0,100,10.137395,1.904517246,100,99.987,0.006113406,100,0,0,0,0,0,0.190451725,0.000611341
stigmergy_search_efficient,100,10,30,0,157,0.785,10000,0,100,1,0,100,30,0,100,1,0,100,10,0,100,10.137395,1.904517246,100,99.987,0.006113406,100,0,0,0,0,0,0.190451725,0.000611341
stigmergy_search_efficient,100,10,30,0,158,0.79,10000,0,100,1,0,100,30,0,100,1,0,100,10,0,100,10.137395,1.904517246,100,99.987,0.006113406,100,0,0,0,0,0,0.190451725,0.000611341
stigmergy_search_efficient,100,10,30,0,159,0.795,10000,0,100,1,0,100,30,0,100,1,0,100,10,0,100,10.137395,1.904517246,100,99.987,0.006113406,100,0,0,0,0,0,0.190451725,0.000611341
stigmergy_search_efficient,100,10,30,0,160,0.8,10000,0,100,1,0,100,30,0,100,1,0,100,10,0,100,10.137395,1.904517246,100,99.987,0.006113406,100,0,0,0,0,0,0.190451725,0.000611341
stigmergy_search_efficient,100,10,30,0,161,0.805,10000,0,100,1,0,100,30,0,100,1,0,100,10,0,100,10.137395,1.904517246,100,99.987,0.006113406,100,0,0,0,0,0,0.190451725,0.000611341
stigmergy_search_efficient,100,10,30,0,162,0.81,10000,0,100,1,0,100,30,0,100,1,0,100,10,0,100,10.137395,1.904517246,100,99.987,0.006113406,100,0,0,0,0,0,0.190451725,0.000611341
stigmergy_search_efficient,100,10,30,0,163,0.815,10000,0,100,1,0,100,30,0,100,1,0,100,10,0,100,10.137395,1.904517246,100,99.987,0.006113406,100,0,0,0,0,0,0.190451725,0.000611341
stigmergy_search_efficient,100,10,30,0,164,0.82,10000,0,100,1,0,100,30,0,100,1,0,100,10,0,100,10.137395,1.904517246,100,99.987,0.006113406,100,0,0,0,0,0,0.190451725,0.000611341
stigmergy_search_efficient,100,10,30,0,165,0.825,10000,0,100,1,0,100,30,0,100,1,0,100,10,0,100,10.137395,1.904517246,100,99.987,0.006113406,100,0,0,0,0,0,0.190451725,0.000611341
stigmergy_search_efficient,100,10,30,0,166,0.83,10000,0,100,1,0,100,30,0,100,1,0,100,10,0,100,10.137395,1.904517246,100,99.987,0.006113406,100,0,0,0,0,0,0.190451725,0.000611341
stigmergy_search_efficient,100,10,30,0,167,0.835,10000,0,100,1,0,100,30,0,100,1,0,100,10,0,100,10.137395,1.904517246,100,99.987,0.006113406,100,0,0,0,0,0,0.190451725,0.000611341
stigmergy_search_efficient,100,10,30,0,168,0.84,10000,0,100,1,0,100,30,0,100,1,0,100,10,0,100,10.137395,1.904517246,100,99.987,0.006113406,100,0,0,0,0,0,0.190451725,0.000611341
stigmergy_search_efficient,100,10,30,0,169,0.845,10000,0,100,1,0,100,30,0,100,1,0,100,10,0,100,10.137395,1.904517246,100,99.987,0.006113406,100,0,0,0,0,0,0.190451725,0.000611341
stigmergy_search_efficient,100,10,30,0,170,0.85,10000,0,100,1,0,100,30,0,100,1,0,100,10,0,100,10.137395,1.904517246,100,99.987,0.006113406,100,0,0,0,0,0,0.190451725,0.000611341
stigmergy_search_efficient,100,10,30,0,171,0.855,10000,0,100,1,0,100,30,0,100,1,0,100,10,0,100,10.137395,1.904517246,100,99.987,0.006113406,100,0,0,0,0,0,0.190451725,0.000611341
stigmergy_search_efficient,100,10,30,0,172,0.86,10000,0,100,1,0,100,30,0,100,1,0,100,10,0,100,10.137395,1.904517246,100,99.987,0.006113406,100,0,0,0,0,0,0.190451725,0.000611341
stigmergy_search_efficient,100,10,30,0,173,0.865,10000,0,100,1,0,100,30,0,100,1,0,100,10,0,100,10.137395,1.904517246,100,99.987,0.006113406,100,0,0,0,0,0,0.190451725,0.000611341
stigmergy_search_efficient,100,10,30,0,174,0.87,10000,0,100,1,0,100,30,0,100,1,0,100,10,0,100,10.137395,1.904517246,100,99.987,0.006113406,100,0,0,0,0,0,0.190451725,0.000611341
stigmergy_search_efficient,100,10,30,0,175,0.875,10000,0,100,1,0,100,30,0,100,1,0,100,10,0,100,10.137395,1.904517246,100,99.987,0.006113406,100,0,0,0,0,0,0.190451725,0.000611341
stigmergy_search_efficient,100,10,30,0,176,0.88,10000,0,100,1,0,100,30,0,100,1,0,100,10,0,100,10.137395,1.904517246,100,99.987,0.006113406,100,0,0,0,0,0,0.190451725,0.000611341
stigmergy_search_efficient,100,10,30,0,177,0.885,10000,0,100,1,0,100,30,0,100,1,0,100,10,0,100,10.137395,1.904517246,100,99.987,0.006113406,100,0,0,0,0,0,0.190451725,0.000611341
stigmergy_search_efficient,100,10,30,0,178,0.89,10000,0,100,1,0,100,30,0,100,1,0,100,10,0,100,10.137395,1.904517246,100,99.987,0.006113406,100,0,0,0,0,0,0.190451725,0.000611341
stigmergy_search_efficient,100,10,30,0,179,0.895,10000,0,100,1,0,100,30,0,100,1,0,100,10,0,100,10.137395,1.904517246,100,99.987,0.006113406,100,0,0,0,0,0,0.190451725,0.000611341
stigmergy_search_efficient,100,10,30,0,180,0.9,10000,0,100,1,0,100,30,0,100,1,0,100,10,0,100,10.137395,1.904517246,100,99.987,0.006113406,100,0,0,0,0,0,0.190451725,0.000611341
stigmergy_search_efficient,100,10,30,0,181,0.905,10000,0,100,1,0,100,30,0,100,1,0,100,10,0,100,10.137395,1.904517246,100,99.987,0.006113406,100,0,0,0,0,0,0.190451725,0.000611341
stigmergy_search_efficient,100,10,30,0,182,0.91,10000,0,100,1,0,100,30,0,100,1,0,100,10,0,100,10.137395,1.904517246,100,99.987,0.006113406,100,0,0,0,0,0,0.190451725,0.000611341
stigmergy_search_efficient,100,10,30,0,183,0.915,10000,0,100,1,0,100,30,0,100,1,0,100,10,0,100,10.137395,1.904517246,100,99.987,0.006113406,100,0,0,0,0,0,0.190451725,0.000611341
stigmergy_search_efficient,100,10,30,0,184,0.92,10000,0,100,1,0,100,30,0,100,1,0,100,10,0,100,10.137395,1.904517246,100,99.987,0.006113406,100,0,0,0,0,0,0.190451725,0.000611341
stigmergy_search_efficient,100,10,30,0,185,0.925,10000,0,100,1,0,100,30,0,100,1,0,100,10,0,100,10.137395,1.904517246,100,99.987,0.006113406,100,0,0,0,0,0,0.190451725,0.000611341
stigmergy_search_efficient,100,10,30,0,186,0.93,10000,0,100,1,0,100,30,0,100,1,0,100,10,0,100,10.137395,1.904517246,100,99.987,0.006113406,100,0,0,0,0,0,0.190451725,0.000611341
stigmergy_search_efficient,100,10,30,0,187,0.935,10000,0,100,1,0,100,30,0,100,1,0,100,10,0,100,10.137395,1.904517246,100,99.987,0.006113406,100,0,0,0,0,0,0.190451725,0.000611341
stigmergy_search_efficient,100,10,30,0,188,0.94,10000,0,100,1,0,100,30,0,100,1,0,100,10,0,100,10.137395,1.904517246,100,99.987,0.006113406,100,0,0,0,0,0,0.190451725,0.000611341
stigmergy_search_efficient,100,10,30,0,189,0.945,10000,0,100,1,0,100,30,0,100,1,0,100,10,0,100,10.137395,1.904517246,100,99.987,0.006113406,100,0,0,0,0,0,0.190451725,0.000611341
stigmergy_search_efficient,100,10,30,0,190,0.95,10000,0,100,1,0,100,30,0,100,1,0,100,10,0,100,10.137395,1.904517246,100,99.987,0.006113406,100,0,0,0,0,0,0.190451725,0.000611341
stigmergy_search_efficient,100,10,30,0,191,0.955,10000,0,100,1,0,100,30,0,100,1,0,100,10,0,100,10.137395,1.904517246,100,99.987,0.006113406,100,0,0,0,0,0,0.190451725,0.000611341
stigmergy_search_efficient,100,10,30,0,192,0.96,10000,0,100,1,0,100,30,0,100,1,0,100,10,0,100,10.137395,1.904517246,100,99.987,0.006113406,100,0,0,0,0,0,0.190451725,0.000611341
stigmergy_search_efficient,100,10,30,0,193,0.965,10000,0,100,1,0,100,30,0,100,1,0,100,10,0,100,10.137395,1.904517246,100,99.987,0.006113406,100,0,0,0,0,0,0.190451725,0.000611341
stigmergy_search_efficient,100,10,30,0,194,0.97,10000,0,100,1,0,100,30,0,100,1,0,100,10,0,100,10.137395,1.904517246,100,99.987,0.006113406,100,0,0,0,0,0,0.190451725,0.000611341
stigmergy_search_efficient,100,10,30,0,195,0.975,10000,0,100,1,0,100,30,0,100,1,0,100,10,0,100,10.137395,1.904517246,100,99.987,0.006113406,100,0,0,0,0,0,0.190451725,0.000611341
stigmergy_search_efficient,100,10,30,0,196,0.98,10000,0,100,1,0,100,30,0,100,1,0,100,10,0,100,10.137395,1.904517246,100,99.987,0.006113406,100,0,0,0,0,0,0.190451725,0.000611341
stigmergy_search_efficient,100,10,30,0,197,0.985,10000,0,100,1,0,100,30,0,100,1,0,100,10,0,100,10.137395,1.904517246,100,99.987,0.006113406,100,0,0,0,0,0,0.190451725,0.000611341
stigmergy_search_efficient,100,10,30,0,198,0.99,10000,0,100,1,0,100,30,0,100,1,0,100,10,0,100,10.137395,1.904517246,100,99.987,0.006113406,100,0,0,0,0,0,0.190451725,0.000611341
stigmergy_search_efficient,100,10,30,0,199,0.995,10000,0,100,1,0,100,30,0,100,1,0,100,10,0,100,10.137395,1.904517246,100,99.987,0.006113406,100,0,0,0,0,0,0.190451725,0.000611341
stigmergy_search_efficient,100,10,30,0,200,1,10000,0,100,1,0,100,30,0,100,1,0,100,10,0,100,10.137395,1.904517246,100,99.987,0.006113406,100,0,0,0,0,0,0.190451725,0.000611341
stigmergy_search_efficient,150,15,45,0,0,0,0,0,100,0,0,100,0,0,100,0,0,100,15,0,100,0,0,100,0,0,100,0,0,0,0,0,0,0
stigmergy_search_efficient,150,15,45,0,1,0.005,3034.43,90.40439506,100,0.134863556,0.004017973,100,6.55,2.311040694,100,0.145555556,0.05135646,100,15,0,100,3.553119898,0.073078292,100,13.15506667,0.390565324,100,9.040439506,0.000401797,0.231104069,0.005135646,0,0.007307829,0.039056532
stigmergy_search_efficient,150,15,45,0,2,0.01,5584.06,223.4695568,100,0.248180444,0.00993198,100,11.48,2.698596717,100,0.255111111,0.059968816,100,15,0,100,3.857891701,0.142527326,100,24.53111111,0.975196982,100,22.34695568,0.000993198,0.269859672,0.005996882,0,0.014252733,0.097519698
stigmergy_search_efficient,150,15,45,0,3,0.015,7875.37,384.3230873,100,0.350016444,0.017081026,100,15.83,2.906123803,100,0.351777778,0.064580529,100,15,0,100,4.137043329,0.186428817,100,34.76546667,1.690715045,100,38.43230873,0.001708103,0.29061238,0.006458053,0,0.018642882,0.169071504
stigmergy_search_efficient,150,15,45,0,4,0.02,9901.59,470.8627391,100,0.440070667,0.020927233,100,20.1,3.310528048,100,0.446666667,0.07356729,100,15,0,100,4.409483894,0.191401211,100,43.816,2.079291945,100,47.08627391,0.002092723,0.331052805,0.007356729,0,0.019140121,0.207929195
stigmergy_search_efficient,150,15,45,0,5,0.025,11693.57,623.7188446,100,0.519714222,0.027720838,100,23.47,3.43321565,100,0.521555556,0.076293681,100,15,0,100,4.682785646,0.233097322,100,51.81666667,2.7570206,100,62.37188446,0.002772084,0.343321565,0.007629368,0,0.023309732,0.27570206
stigmergy_search_efficient,150,15,45,0,6,0.03,13274.95,720.9343457,100,0.589997778,0.032041526,100,26.42,3.725912538,100,0.587111111,0.082798056,100,15,0,100,4.956353885,0.25161587,100,58.86684444,3.197252775,100,72.09343457,0.003204153,0.372591254,0.008279806,0,0.025161587,0.319725278
stigmergy_search_efficient,150,15,45,0,7,0.035,14692.86,805.5324235,100,0.653016,0.035801441,100,29.61,3.987087745,100,0.658,0.08860195,100,15,0,100,5.229435727,0.268879042,100,65.18915556,3.572724782,100,80.55324235,0.003580144,0.398708775,0.008860195,0,0.026887904,0.357272478
stigmergy_search_efficient,150,15,45,0,8,0.04,15968.97,901.8365712,100,0.709732,0.040081625,100,32.13,3.770311993,100,0.714,0.083784711,100,15,0,100,5.503658468,0.292806371,100,70.87822222,3.998862589,100,90.18365712,0.004008163,0.377031199,0.008378471,0,0.029280637,0.399886259
stigmergy_search_efficient,150,15,45,0,9,0.045,17086.2,987.7993294,100,0.759386667,0.043902192,100,34.27,3.544393781,100,0.761555556,0.078764306,100,15,0,100,5.792017791,0.321772012,100,75.85715556,4.380926316,100,98.77993294,0.004390219,0.354439378,0.007876431,0,0.032177201,0.438092632
stigmergy_search_efficient,150,15,45,0,10,0.05,18092.78,994.47399,100,0.804123556,0.044198844,100,36.16,3.33248474,100,0.803555556,0.074055216,100,15,0,100,6.079387741,0.327050785,100,80.34248889,4.418822524,100,99.447399,0.004419884,0.333248474,0.007405522,0,0.032705079,0.441882252
stigmergy_search_efficient,150,15,45,0,11,0.055,18953.74,991.1885287,100,0.842388444,0.044052823,100,37.69,3.1,100,0.837555556,0.068888889,100,15,0,100,6.385909739,0.331306927,100,84.17844444,4.402035393,100,99.11885287,0.004405282,0.31,0.006888889,0,0.033130693,0.440203539
stigmergy_search_efficient,150,15,45,0,12,0.06,19693.62,1026.557155,100,0.875272,0.045624762,100,39.38,2.967092241,100,0.875111111,0.065935383,100,15,0,100,6.708368252,0.348318056,100,87.47791111,4.558539088,100,102.6557155,0.004562476,0.296709224,0.006593538,0,0.034831806,0.455853909
stigmergy_search_efficient,150,15,45,0,13,0.065,20280.53,1018.906509,100,0.901356889,0.045284734,100,40.6,2.722892105,100,0.902222222,0.060508713,100,15,0,100,7.059308029,0.354207506,100,90.09742222,4.529457584,100,101.8906509,0.004528473,0.27228921,0.006050871,0,0.035420751,0.452945758
stigmergy_search_efficient,150,15,45,0,14,0.07,20773.16,959.4997615,100,0.923251556,0.042644434,100,41.61,2.326374906,100,0.924666667,0.05169722,100,15,0,100,7.422684567,0.344600022,100,92.29337778,4.267388664,100,95.94997615,0.004264443,0.232637491,0.005169722,0,0.034460002,0.426738866
stigmergy_search_efficient,150,15,45,0,15,0.075,21192.39,891.7136934,100,0.941884,0.03963172,100,42.5,2.208797836,100,0.944444444,0.049084396,100,15,0,100,7.795897868,0.33175691,100,94.1612,3.967396085,100,89.17136934,0.003963172,0.220879784,0.00490844,0,0.033175691,0.396739608
stigmergy_search_efficient,150,15,45,0,16,0.08,21524.2,791.3163435,100,0.956631111,0.035169615,100,43.03,1.855676522,100,0.956222222,0.041237256,100,15,0,100,8.173430889,0.327836746,100,95.64262222,3.522033734,100,79.13163435,0.003516962,0.185567652,0.004123726,0,0.032783675,0.352203373
stigmergy_search_efficient,150,15,45,0,17,0.085,21768.02,693.0603918,100,0.967467556,0.030802684,100,43.49,1.623657176,100,0.966444444,0.036081271,100,15,0,100,8.564385393,0.353440115,100,96.73084444,3.084102183,100,69.30603918,0.003080268,0.162365718,0.003608127,0,0.035344012,0.308410218
stigmergy_search_efficient,150,15,45,0,18,0.09,21963.02,597.8059376,100,0.976134222,0.026569153,100,43.95,1.431076447,100,0.976666667,0.031801699,100,15,0,100,8.950298274,0.412690542,100,97.60022222,2.660649731,100,59.78059376,0.002656915,0.143107645,0.00318017,0,0.041269054,0.266064973
stigmergy_search_efficient,150,15,45,0,19,0.095,22119.88,501.7614081,100,0.983105778,0.022300507,100,44.2,1.263312945,100,0.982222222,0.028073621,100,15,0,100,9.308422662,0.51053187,100,98.29977778,2.233577844,100,50.17614081,0.002230051,0.126331294,0.002807362,0,0.051053187,0.223357784
stigmergy_search_efficient,150,15,45,0,20,0.1,22237.46,427.8732801,100,0.988331556,0.01901659,100,44.4,1.145919418,100,0.986666667,0.025464876,100,15,0,100,9.625028749,0.647249126,100,98.82466667,1.904348264,100,42.78732801,0.001901659,0.114591942,0.002546488,0,0.064724913,0.190434826
stigmergy_search_efficient,150,15,45,0,21,0.105,22311.03,366.9102071,100,0.991601333,0.01630712,100,44.58,1.016828104,100,0.990666667,0.02259618,100,15,0,100,9.890290725,0.805262296,100,99.15328889,1.632662069,100,36.69102071,0.001630712,0.10168281,0.002259618,0,0.08052623,0.163266207
stigmergy_search_efficient,150,15,45,0,22,0.11,22362.1,305.3412894,100,0.993871111,0.013570724,100,44.69,0.906709001,100,0.993111111,0.020149089,100,15,0,100,10.09858791,0.966980954,100,99.38084444,1.358902999,100,30.53412894,0.001357072,0.0906709,0.002014909,0,0.096698095,0.1358903
stigmergy_search_efficient,150,15,45,0,23,0.115,22406.88,251.8244651,100,0.995861333,0.011192198,100,44.76,0.817979773,100,0.994666667,0.018177328,100,15,0,100,10.27558519,1.13066661,100,99.57973333,1.121205117,100,25.18244651,0.00111922,0.081797977,0.001817733,0,0.113066661,0.112120512
stigmergy_search_efficient,150,15,45,0,24,0.12,22437,193.9645912,100,0.9972,0.008620648,100,44.83,0.603943271,100,0.996222222,0.013420962,100,15,0,100,10.40534265,1.270076268,100,99.71391111,0.864088982,100,19.39645912,0.000862065,0.060394327,0.001342096,0,0.127007627,0.086408898
stigmergy_search_efficient,150,15,45,0,25,0.125,22459.62,138.7774019,100,0.998205333,0.006167885,100,44.89,0.447100649,100,0.997555556,0.00993557,100,15,0,100,10.50518767,1.394544788,100,99.81471111,0.618190464,100,13.87774019,0.000616788,0.044710065,0.000993557,0,0.139454479,0.061819046
stigmergy_search_efficient,150,15,45,0,26,0.13,22476.3,90.11300425,100,0.998946667,0.004005022,100,44.97,0.222701503,100,0.999333333,0.004948922,100,15,0,100,10.57945601,1.499972131,100,99.88888889,0.40147676,100,9.011300425,0.000400502,0.02227015,0.000494892,0,0.149997213,0.040147676
stigmergy_search_efficient,150,15,45,0,27,0.135,22487.85,61.71102009,100,0.99946,0.002742712,100,45,0,100,1,0,100,15,0,100,10.64147844,1.598455473,100,99.94035556,0.274677418,100,6.171102009,0.000274271,0,0,0,0.159845547,0.027467742
stigmergy_search_efficient,150,15,45,0,28,0.14,22492.61,45.29407725,100,0.999671556,0.00201307,100,45,0,100,1,0,100,15,0,100,10.68383413,1.673143654,100,99.96164444,0.201084631,100,4.529407725,0.000201307,0,0,0,0.167314365,0.020108463
stigmergy_search_efficient,150,15,45,0,29,0.145,22495.96,36.36985098,100,0.999820444,0.001616438,100,45,0,100,1,0,100,15,0,100,10.72042571,1.744694374,100,99.97644444,0.162004528,100,3.636985098,0.000161644,0,0,0,0.174469437,0.016200453
stigmergy_search_efficient,150,15,45,0,30,0.15,22496.62,32.39927047,100,0.999849778,0.001439968,100,45,0,100,1,0,100,15,0,100,10.75060686,1.809176496,100,99.97951111,0.143449941,100,3.239927047,0.000143997,0,0,0,0.18091765,0.014344994
stigmergy_search_efficient,150,15,45,0,31,0.155,22496.71,32.39600144,100,0.999853778,0.001439822,100,45,0,100,1,0,100,15,0,100,10.77989104,1.87702295,100,99.97986667,0.143445156,100,3.239600144,0.000143982,0,0,0,0.187702295,0.014344516
stigmergy_search_efficient,150,15,45,0,32,0.16,22498.37,15.79710688,100,0.999927556,0.000702094,100,45,0,100,1,0,100,15,0,100,10.80344041,1.935522874,100,99.98711111,0.071025482,100,1.579710688,7.02E-05,0,0,0,0.193552287,0.007102548
stigmergy_search_efficient,150,15,45,0,33,0.165,22498.8,11.69822571,100,0.999946667,0.000519921,100,45,0,100,1,0,100,15,0,100,10.8248337,1.991995883,100,99.98902222,0.052376204,100,1.169822571,5.20E-05,0,0,0,0.199199588,0.00523762
stigmergy_search_efficient,150,15,45,0,34,0.17,22499.98,0.140705294,100,0.999999111,6.25E-06,100,45,0,100,1,0,100,15,0,100,10.83907435,2.031709178,100,99.99426667,0.002550011,100,0.014070529,6.25E-07,0,0,0,0.203170918,0.000255001
stigmergy_search_efficient,150,15,45,0,35,0.175,22499.99,0.1,100,0.999999556,4.44E-06,100,45,0,100,1,0,100,15,0,100,10.84859828,2.060096896,100,99.99426667,0.002550011,100,0.01,4.44E-07,0,0,0,0.20600969,0.000255001
stigmergy_search_efficient,150,15,45,0,36,0.18,22499.99,0.1,100,0.999999556,4.44E-06,100,45,0,100,1,0,100,15,0,100,10.85352916,2.075791312,100,99.99426667,0.002550011,100,0.01,4.44E-07,0,0,0,0.207579131,0.000255001
stigmergy_search_efficient,150,15,45,0,37,0.185,22499.99,0.1,100,0.999999556,4.44E-06,100,45,0,100,1,0,100,15,0,100,10.85845471,2.092511542,100,99.99426667,0.002550011,100,0.01,4.44E-07,0,0,0,0.209251154,0.000255001
stigmergy_search_efficient,150,15,45,0,38,0.19,22499.99,0.1,100,0.999999556,4.44E-06,100,45,0,100,1,0,100,15,0,100,10.86338649,2.110272255,100,99.99426667,0.002550011,100,0.01,4.44E-07,0,0,0,0.211027225,0.000255001
stigmergy_search_efficient,150,15,45,0,39,0.195,22499.99,0.1,100,0.999999556,4.44E-06,100,45,0,100,1,0,100,15,0,100,10.86836227,2.12919919,100,99.99426667,0.002550011,100,0.01,4.44E-07,0,0,0,0.212919919,0.000255001
stigmergy_search_efficient,150,15,45,0,40,0.2,22500,0,100,1,0,100,45,0,100,1,0,100,15,0,100,10.87275022,2.146708848,100,99.99426667,0.002550011,100,0,0,0,0,0,0.214670885,0.000255001
stigmergy_search_efficient,150,15,45,0,41,0.205,22500,0,100,1,0,100,45,0,100,1,0,100,15,0,100,10.87275022,2.146708848,100,99.99426667,0.002550011,100,0,0,0,0,0,0.214670885,0.000255001
stigmergy_search_efficient,150,15,45,0,42,0.21,22500,0,100,1,0,100,45,0,100,1,0,100,15,0,100,10.87275022,2.146708848,100,99.99426667,0.002550011,100,0,0,0,0,0,0.214670885,0.000255001
stigmergy_search_efficient,150,15,45,0,43,0.215,22500,0,100,1,0,100,45,0,100,1,0,100,15,0,100,10.87275022,2.146708848,100,99.99426667,0.002550011,100,0,0,0,0,0,0.214670885,0.000255001
stigmergy_search_efficient,150,15,45,0,44,0.22,22500,0,100,1,0,100,45,0,100,1,0,100,15,0,100,10.87275022,2.146708848,100,99.99426667,0.002550011,100,0,0,0,0,0,0.214670885,0.000255001
stigmergy_search_efficient,150,15,45,0,45,0.225,22500,0,100,1,0,100,45,0,100,1,0,100,15,0,100,10.87275022,2.146708848,100,99.99426667,0.002550011,100,0,0,0,0,0,0.214670885,0.000255001
stigmergy_search_efficient,150,15,45,0,46,0.23,22500,0,100,1,0,100,45,0,100,1,0,100,15,0,100,10.87275022,2.146708848,100,99.99426667,0.002550011,100,0,0,0,0,0,0.214670885,0.000255001
stigmergy_search_efficient,150,15,45,0,47,0.235,22500,0,100,1,0,100,45,0,100,1,0,100,15,0,100,10.87275022,2.146708848,100,99.99426667,0.002550011,100,0,0,0,0,0,0.214670885,0.000255001
stigmergy_search_efficient,150,15,45,0,48,0.24,22500,0,100,1,0,100,45,0,100,1,0,100,15,0,100,10.87275022,2.146708848,100,99.99426667,0.002550011,100,0,0,0,0,0,0.214670885,0.000255001
stigmergy_search_efficient,150,15,45,0,49,0.245,22500,0,100,1,0,100,45,0,100,1,0,100,15,0,100,10.87275022,2.146708848,100,99.99426667,0.002550011,100,0,0,0,0,0,0.214670885,0.000255001
stigmergy_search_efficient,150,15,45,0,50,0.25,22500,0,100,1,0,100,45,0,100,1,0,100,15,0,100,10.87275022,2.146708848,100,99.99426667,0.002550011,100,0,0,0,0,0,0.214670885,0.000255001
stigmergy_search_efficient,150,15,45,0,51,0.255,22500,0,100,1,0,100,45,0,100,1,0,100,15,0,100,10.87275022,2.146708848,100,99.99426667,0.002550011,100,0,0,0,0,0,0.214670885,0.000255001
stigmergy_search_efficient,150,15,45,0,52,0.26,22500,0,100,1,0,100,45,0,100,1,0,100,15,0,100,10.87275022,2.146708848,100,99.99426667,0.002550011,100,0,0,0,0,0,0.214670885,0.000255001
stigmergy_search_efficient,150,15,45,0,53,0.265,22500,0,100,1,0,100,45,0,100,1,0,100,15,0,100,10.87275022,2.146708848,100,99.99426667,0.002550011,100,0,0,0,0,0,0.214670885,0.000255001
stigmergy_search_efficient,150,15,45,0,54,0.27,22500,0,100,1,0,100,45,0,100,1,0,100,15,0,100,10.87275022,2.146708848,100,99.99426667,0.002550011,100,0,0,0,0,0,0.214670885,0.000255001
stigmergy_search_efficient,150,15,45,0,55,0.275,22500,0,100,1,0,100,45,0,100,1,0,100,15,0,100,10.87275022,2.146708848,100,99.99426667,0.002550011,100,0,0,0,0,0,0.214670885,0.000255001
stigmergy_search_efficient,150,15,45,0,56,0.28,22500,0,100,1,0,100,45,0,100,1,0,100,15,0,100,10.87275022,2.146708848,100,99.99426667,0.002550011,100,0,0,0,0,0,0.214670885,0.000255001
stigmergy_search_efficient,150,15,45,0,57,0.285,22500,0,100,1,0,100,45,0,100,1,0,100,15,0,100,10.87275022,2.146708848,100,99.99426667,0.002550011,100,0,0,0,0,0,0.214670885,0.000255001
stigmergy_search_efficient,150,15,45,0,58,0.29,22500,0,100,1,0,100,45,0,100,1,0,100,15,0,100,10.87275022,2.146708848,100,99.99426667,0.002550011,100,0,0,0,0,0,0.214670885,0.000255001
stigmergy_search_efficient,150,15,45,0,59,0.295,22500,0,100,1,0,100,45,0,100,1,0,100,15,0,100,10.87275022,2.146708848,100,99.99426667,0.002550011,100,0,0,0,0,0,0.214670885,0.000255001
stigmergy_search_efficient,150,15,45,0,60,0.3,22500,0,100,1,0,100,45,0,100,1,0,100,15,0,100,10.87275022,2.146708848,100,99.99426667,0.002550011,100,0,0,0,0,0,0.214670885,0.000255001
stigmergy_search_efficient,150,15,45,0,61,0.305,22500,0,100,1,0,100,45,0,100,1,0,100,15,0,100,10.87275022,2.146708848,100,99.99426667,0.002550011,100,0,0,0,0,0,0.214670885,0.000255001
stigmergy_search_efficient,150,15,45,0,62,0.31,22500,0,100,1,0,100,45,0,100,1,0,100,15,0,100,10.87275022,2.146708848,100,99.99426667,0.002550011,100,0,0,0,0,0,0.214670885,0.000255001
stigmergy_search_efficient,150,15,45,0,63,0.315,22500,0,100,1,0,100,45,0,100,1,0,100,15,0,100,10.87275022,2.146708848,100,99.99426667,0.002550011,100,0,0,0,0,0,0.214670885,0.000255001
stigmergy_search_efficient,150,15,45,0,64,0.32,22500,0,100,1,0,100,45,0,100,1,0,100,15,0,100,10.87275022,2.146708848,100,99.99426667,0.002550011,100,0,0,0,0,0,0.214670885,0.000255001
stigmergy_search_efficient,150,15,45,0,65,0.325,22500,0,100,1,0,100,45,0,100,1,0,100,15,0,100,10.87275022,2.146708848,100,99.99426667,0.002550011,100,0,0,0,0,0,0.214670885,0.000255001
stigmergy_search_efficient,150,15,45,0,66,0.33,22500,0,100,1,0,100,45,0,100,1,0,100,15,0,100,10.87275022,2.146708848,100,99.99426667,0.002550011,100,0,0,0,0,0,0.214670885,0.000255001
stigmergy_search_efficient,150,15,45,0,67,0.335,22500,0,100,1,0,100,45,0,100,1,0,100,15,0,100,10.87275022,2.146708848,100,99.99426667,0.002550011,100,0,0,0,0,0,0.214670885,0.000255001
stigmergy_search_efficient,150,15,45,0,68,0.34,22500,0,100,1,0,100,45,0,100,1,0,100,15,0,100,10.87275022,2.146708848,100,99.99426667,0.002550011,100,0,0,0,0,0,0.214670885,0.000255001
stigmergy_search_efficient,150,15,45,0,69,0.345,22500,0,100,1,0,100,45,0,100,1,0,100,15,0,100,10.87275022,2.146708848,100,99.99426667,0.002550011,100,0,0,0,0,0,0.214670885,0.000255001
stigmergy_search_efficient,150,15,45,0,70,0.35,22500,0,100,1,0,100,45,0,100,1,0,100,15,0,100,10.87275022,2.146708848,100,99.99426667,0.002550011,100,0,0,0,0,0,0.214670885,0.000255001
stigmergy_search_efficient,150,15,45,0,71,0.355,22500,0,100,1,0,100,45,0,100,1,0,100,15,0,100,10.87275022,2.146708848,100,99.99426667,0.002550011,100,0,0,0,0,0,0.214670885,0.000255001
stigmergy_search_efficient,150,15,45,0,72,0.36,22500,0,100,1,0,100,45,0,100,1,0,100,15,0,100,10.87275022,2.146708848,100,99.99426667,0.002550011,100,0,0,0,0,0,0.214670885,0.000255001
stigmergy_search_efficient,150,15,45,0,73,0.365,22500,0,100,1,0,100,45,0,100,1,0,100,15,0,100,10.87275022,2.146708848,100,99.99426667,0.002550011,100,0,0,0,0,0,0.214670885,0.000255001
stigmergy_search_efficient,150,15,45,0,74,0.37,22500,0,100,1,0,100,45,0,100,1,0,100,15,0,100,10.87275022,2.146708848,100,99.99426667,0.002550011,100,0,0,0,0,0,0.214670885,0.000255001
stigmergy_search_efficient,150,15,45,0,75,0.375,22500,0,100,1,0,100,45,0,100,1,0,100,15,0,100,10.87275022,2.146708848,100,99.99426667,0.002550011,100,0,0,0,0,0,0.214670885,0.000255001
stigmergy_search_efficient,150,15,45,0,76,0.38,22500,0,100,1,0,100,45,0,100,1,0,100,15,0,100,10.87275022,2.146708848,100,99.99426667,0.002550011,100,0,0,0,0,0,0.214670885,0.000255001
stigmergy_search_efficient,150,15,45,0,77,0.385,22500,0,100,1,0,100,45,0,100,1,0,100,15,0,100,10.87275022,2.146708848,100,99.99426667,0.002550011,100,0,0,0,0,0,0.214670885,0.000255001
stigmergy_search_efficient,150,15,45,0,78,0.39,22500,0,100,1,0,100,45,0,100,1,0,100,15,0,100,10.87275022,2.146708848,100,99.99426667,0.002550011,100,0,0,0,0,0,0.214670885,0.000255001
stigmergy_search_efficient,150,15,45,0,79,0.395,22500,0,100,1,0,100,45,0,100,1,0,100,15,0,100,10.87275022,2.146708848,100,99.99426667,0.002550011,100,0,0,0,0,0,0.214670885,0.000255001
stigmergy_search_efficient,150,15,45,0,80,0.4,22500,0,100,1,0,100,45,0,100,1,0,100,15,0,100,10.87275022,2.146708848,100,99.99426667,0.002550011,100,0,0,0,0,0,0.214670885,0.000255001
stigmergy_search_efficient,150,15,45,0,81,0.405,22500,0,100,1,0,100,45,0,100,1,0,100,15,0,100,10.87275022,2.146708848,100,99.99426667,0.002550011,100,0,0,0,0,0,0.214670885,0.000255001
stigmergy_search_efficient,150,15,45,0,82,0.41,22500,0,100,1,0,100,45,0,100,1,0,100,15,0,100,10.87275022,2.146708848,100,99.99426667,0.002550011,100,0,0,0,0,0,0.214670885,0.000255001
stigmergy_search_efficient,150,15,45,0,83,0.415,22500,0,100,1,0,100,45,0,100,1,0,100,15,0,100,10.87275022,2.146708848,100,99.99426667,0.002550011,100,0,0,0,0,0,0.214670885,0.000255001
stigmergy_search_efficient,150,15,45,0,84,0.42,22500,0,100,1,0,100,45,0,100,1,0,100,15,0,100,10.87275022,2.146708848,100,99.99426667,0.002550011,100,0,0,0,0,0,0.214670885,0.000255001
stigmergy_search_efficient,150,15,45,0,85,0.425,22500,0,100,1,0,100,45,0,100,1,0,100,15,0,100,10.87275022,2.146708848,100,99.99426667,0.002550011,100,0,0,0,0,0,0.214670885,0.000255001
stigmergy_search_efficient,150,15,45,0,86,0.43,22500,0,100,1,0,100,45,0,100,1,0,100,15,0,100,10.87275022,2.146708848,100,99.99426667,0.002550011,100,0,0,0,0,0,0.214670885,0.000255001
stigmergy_search_efficient,150,15,45,0,87,0.435,22500,0,100,1,0,100,45,0,100,1,0,100,15,0,100,10.87275022,2.146708848,100,99.99426667,0.002550011,100,0,0,0,0,0,0.214670885,0.000255001
stigmergy_search_efficient,150,15,45,0,88,0.44,22500,0,100,1,0,100,45,0,100,1,0,100,15,0,100,10.87275022,2.146708848,100,99.99426667,0.002550011,100,0,0,0,0,0,0.214670885,0.000255001
stigmergy_search_efficient,150,15,45,0,89,0.445,22500,0,100,1,0,100,45,0,100,1,0,100,15,0,100,10.87275022,2.146708848,100,99.99426667,0.002550011,100,0,0,0,0,0,0.214670885,0.000255001
stigmergy_search_efficient,150,15,45,0,90,0.45,22500,0,100,1,0,100,45,0,100,1,0,100,15,0,100,10.87275022,2.146708848,100,99.99426667,0.002550011,100,0,0,0,0,0,0.214670885,0.000255001
stigmergy_search_efficient,150,15,45,0,91,0.455,22500,0,100,1,0,100,45,0,100,1,0,100,15,0,100,10.87275022,2.146708848,100,99.99426667,0.002550011,100,0,0,0,0,0,0.214670885,0.000255001
stigmergy_search_efficient,150,15,45,0,92,0.46,22500,0,100,1,0,100,45,0,100,1,0,100,15,0,100,10.87275022,2.146708848,100,99.99426667,0.002550011,100,0,0,0,0,0,0.214670885,0.000255001
stigmergy_search_efficient,150,15,45,0,93,0.465,22500,0,100,1,0,100,45,0,100,1,0,100,15,0,100,10.87275022,2.146708848,100,99.99426667,0.002550011,100,0,0,0,0,0,0.214670885,0.000255001
stigmergy_search_efficient,150,15,45,0,94,0.47,22500,0,100,1,0,100,45,0,100,1,0,100,15,0,100,10.87275022,2.146708848,100,99.99426667,0.002550011,100,0,0,0,0,0,0.214670885,0.000255001
stigmergy_search_efficient,150,15,45,0,95,0.475,22500,0,100,1,0,100,45,0,100,1,0,100,15,0,100,10.87275022,2.146708848,100,99.99426667,0.002550011,100,0,0,0,0,0,0.214670885,0.000255001
stigmergy_search_efficient,150,15,45,0,96,0.48,22500,0,100,1,0,100,45,0,100,1,0,100,15,0,100,10.87275022,2.146708848,100,99.99426667,0.002550011,100,0,0,0,0,0,0.214670885,0.000255001
stigmergy_search_efficient,150,15,45,0,97,0.485,22500,0,100,1,0,100,45,0,100,1,0,100,15,0,100,10.87275022,2.146708848,100,99.99426667,0.002550011,100,0,0,0,0,0,0.214670885,0.000255001
stigmergy_search_efficient,150,15,45,0,98,0.49,22500,0,100,1,0,100,45,0,100,1,0,100,15,0,100,10.87275022,2.146708848,100,99.99426667,0.002550011,100,0,0,0,0,0,0.214670885,0.000255001
stigmergy_search_efficient,150,15,45,0,99,0.495,22500,0,100,1,0,100,45,0,100,1,0,100,15,0,100,10.87275022,2.146708848,100,99.99426667,0.002550011,100,0,0,0,0,0,0.214670885,0.000255001
stigmergy_search_efficient,150,15,45,0,100,0.5,22500,0,100,1,0,100,45,0,100,1,0,100,15,0,100,10.87275022,2.146708848,100,99.99426667,0.002550011,100,0,0,0,0,0,0.214670885,0.000255001
stigmergy_search_efficient,150,15,45,0,101,0.505,22500,0,100,1,0,100,45,0,100,1,0,100,15,0,100,10.87275022,2.146708848,100,99.99426667,0.002550011,100,0,0,0,0,0,0.214670885,0.000255001
stigmergy_search_efficient,150,15,45,0,102,0.51,22500,0,100,1,0,100,45,0,100,1,0,100,15,0,100,10.87275022,2.146708848,100,99.99426667,0.002550011,100,0,0,0,0,0,0.214670885,0.000255001
stigmergy_search_efficient,150,15,45,0,103,0.515,22500,0,100,1,0,100,45,0,100,1,0,100,15,0,100,10.87275022,2.146708848,100,99.99426667,0.002550011,100,0,0,0,0,0,0.214670885,0.000255001
stigmergy_search_efficient,150,15,45,0,104,0.52,22500,0,100,1,0,100,45,0,100,1,0,100,15,0,100,10.87275022,2.146708848,100,99.99426667,0.002550011,100,0,0,0,0,0,0.214670885,0.000255001
stigmergy_search_efficient,150,15,45,0,105,0.525,22500,0,100,1,0,100,45,0,100,1,0,100,15,0,100,10.87275022,2.146708848,100,99.99426667,0.002550011,100,0,0,0,0,0,0.214670885,0.000255001
stigmergy_search_efficient,150,15,45,0,106,0.53,22500,0,100,1,0,100,45,0,100,1,0,100,15,0,100,10.87275022,2.146708848,100,99.99426667,0.002550011,100,0,0,0,0,0,0.214670885,0.000255001
stigmergy_search_efficient,150,15,45,0,107,0.535,22500,0,100,1,0,100,45,0,100,1,0,100,15,0,100,10.87275022,2.146708848,100,99.99426667,0.002550011,100,0,0,0,0,0,0.214670885,0.000255001
stigmergy_search_efficient,150,15,45,0,108,0.54,22500,0,100,1,0,100,45,0,100,1,0,100,15,0,100,10.87275022,2.146708848,100,99.99426667,0.002550011,100,0,0,0,0,0,0.214670885,0.000255001
stigmergy_search_efficient,150,15,45,0,109,0.545,22500,0,100,1,0,100,45,0,100,1,0,100,15,0,100,10.87275022,2.146708848,100,99.99426667,0.002550011,100,0,0,0,0,0,0.214670885,0.000255001
stigmergy_search_efficient,150,15,45,0,110,0.55,22500,0,100,1,0,100,45,0,100,1,0,100,15,0,100,10.87275022,2.146708848,100,99.99426667,0.002550011,100,0,0,0,0,0,0.214670885,0.000255001
stigmergy_search_efficient,150,15,45,0,111,0.555,22500,0,100,1,0,100,45,0,100,1,0,100,15,0,100,10.87275022,2.146708848,100,99.99426667,0.002550011,100,0,0,0,0,0,0.214670885,0.000255001
stigmergy_search_efficient,150,15,45,0,112,0.56,22500,0,100,1,0,100,45,0,100,1,0,100,15,0,100,10.87275022,2.146708848,100,99.99426667,0.002550011,100,0,0,0,0,0,0.214670885,0.000255001
stigmergy_search_efficient,150,15,45,0,113,0.565,22500,0,100,1,0,100,45,0,100,1,0,100,15,0,100,10.87275022,2.146708848,100,99.99426667,0.002550011,100,0,0,0,0,0,0.214670885,0.000255001
stigmergy_search_efficient,150,15,45,0,114,0.57,22500,0,100,1,0,100,45,0,100,1,0,100,15,0,100,10.87275022,2.146708848,100,99.99426667,0.002550011,100,0,0,0,0,0,0.214670885,0.000255001
stigmergy_search_efficient,150,15,45,0,115,0.575,22500,0,100,1,0,100,45,0,100,1,0,100,15,0,100,10.87275022,2.146708848,100,99.99426667,0.002550011,100,0,0,0,0,0,0.214670885,0.000255001
stigmergy_search_efficient,150,15,45,0,116,0.58,22500,0,100,1,0,100,45,0,100,1,0,100,15,0,100,10.87275022,2.146708848,100,99.99426667,0.002550011,100,0,0,0,0,0,0.214670885,0.000255001
stigmergy_search_efficient,150,15,45,0,117,0.585,22500,0,100,1,0,100,45,0,100,1,0,100,15,0,100,10.87275022,2.146708848,100,99.99426667,0.002550011,100,0,0,0,0,0,0.214670885,0.000255001
stigmergy_search_efficient,150,15,45,0,118,0.59,22500,0,100,1,0,100,45,0,100,1,0,100,15,0,100,10.87275022,2.146708848,100,99.99426667,0.002550011,100,0,0,0,0,0,0.214670885,0.000255001
stigmergy_search_efficient,150,15,45,0,119,0.595,22500,0,100,1,0,100,45,0,100,1,0,100,15,0,100,10.87275022,2.146708848,100,99.99426667,0.002550011,100,0,0,0,0,0,0.214670885,0.000255001
stigmergy_search_efficient,150,15,45,0,120,0.6,22500,0,100,1,0,100,45,0,100,1,0,100,15,0,100,10.87275022,2.146708848,100,99.99426667,0.002550011,100,0,0,0,0,0,0.214670885,0.000255001
stigmergy_search_efficient,150,15,45,0,121,0.605,22500,0,100,1,0,100,45,0,100,1,0,100,15,0,100,10.87275022,2.146708848,100,99.99426667,0.002550011,100,0,0,0,0,0,0.214670885,0.000255001
stigmergy_search_efficient,150,15,45,0,122,0.61,22500,0,100,1,0,100,45,0,100,1,0,100,15,0,100,10.87275022,2.146708848,100,99.99426667,0.002550011,100,0,0,0,0,0,0.214670885,0.000255001
stigmergy_search_efficient,150,15,45,0,123,0.615,22500,0,100,1,0,100,45,0,100,1,0,100,15,0,100,10.87275022,2.146708848,100,99.99426667,0.002550011,100,0,0,0,0,0,0.214670885,0.000255001
stigmergy_search_efficient,150,15,45,0,124,0.62,22500,0,100,1,0,100,45,0,100,1,0,100,15,0,100,10.87275022,2.146708848,100,99.99426667,0.002550011,100,0,0,0,0,0,0.214670885,0.000255001
stigmergy_search_efficient,150,15,45,0,125,0.625,22500,0,100,1,0,100,45,0,100,1,0,100,15,0,100,10.87275022,2.146708848,100,99.99426667,0.002550011,100,0,0,0,0,0,0.214670885,0.000255001
stigmergy_search_efficient,150,15,45,0,126,0.63,22500,0,100,1,0,100,45,0,100,1,0,100,15,0,100,10.87275022,2.146708848,100,99.99426667,0.002550011,100,0,0,0,0,0,0.214670885,0.000255001
stigmergy_search_efficient,150,15,45,0,127,0.635,22500,0,100,1,0,100,45,0,100,1,0,100,15,0,100,10.87275022,2.146708848,100,99.99426667,0.002550011,100,0,0,0,0,0,0.214670885,0.000255001
stigmergy_search_efficient,150,15,45,0,128,0.64,22500,0,100,1,0,100,45,0,100,1,0,100,15,0,100,10.87275022,2.146708848,100,99.99426667,0.002550011,100,0,0,0,0,0,0.214670885,0.000255001
stigmergy_search_efficient,150,15,45,0,129,0.645,22500,0,100,1,0,100,45,0,100,1,0,100,15,0,100,10.87275022,2.146708848,100,99.99426667,0.002550011,100,0,0,0,0,0,0.214670885,0.000255001
stigmergy_search_efficient,150,15,45,0,130,0.65,22500,0,100,1,0,100,45,0,100,1,0,100,15,0,100,10.87275022,2.146708848,100,99.99426667,0.002550011,100,0,0,0,0,0,0.214670885,0.000255001
stigmergy_search_efficient,150,15,45,0,131,0.655,22500,0,100,1,0,100,45,0,100,1,0,100,15,0,100,10.87275022,2.146708848,100,99.99426667,0.002550011,100,0,0,0,0,0,0.214670885,0.000255001
stigmergy_search_efficient,150,15,45,0,132,0.66,22500,0,100,1,0,100,45,0,100,1,0,100,15,0,100,10.87275022,2.146708848,100,99.99426667,0.002550011,100,0,0,0,0,0,0.214670885,0.000255001
stigmergy_search_efficient,150,15,45,0,133,0.665,22500,0,100,1,0,100,45,0,100,1,0,100,15,0,100,10.87275022,2.146708848,100,99.99426667,0.002550011,100,0,0,0,0,0,0.214670885,0.000255001
stigmergy_search_efficient,150,15,45,0,134,0.67,22500,0,100,1,0,100,45,0,100,1,0,100,15,0,100,10.87275022,2.146708848,100,99.99426667,0.002550011,100,0,0,0,0,0,0.214670885,0.000255001
stigmergy_search_efficient,150,15,45,0,135,0.675,22500,0,100,1,0,100,45,0,100,1,0,100,15,0,100,10.87275022,2.146708848,100,99.99426667,0.002550011,100,0,0,0,0,0,0.214670885,0.000255001
stigmergy_search_efficient,150,15,45,0,136,0.68,22500,0,100,1,0,100,45,0,100,1,0,100,15,0,100,10.87275022,2.146708848,100,99.99426667,0.002550011,100,0,0,0,0,0,0.214670885,0.000255001
stigmergy_search_efficient,150,15,45,0,137,0.685,22500,0,100,1,0,100,45,0,100,1,0,100,15,0,100,10.87275022,2.146708848,100,99.99426667,0.002550011,100,0,0,0,0,0,0.214670885,0.000255001
stigmergy_search_efficient,150,15,45,0,138,0.69,22500,0,100,1,0,100,45,0,100,1,0,100,15,0,100,10.87275022,2.146708848,100,99.99426667,0.002550011,100,0,0,0,0,0,0.214670885,0.000255001
stigmergy_search_efficient,150,15,45,0,139,0.695,22500,0,100,1,0,100,45,0,100,1,0,100,15,0,100,10.87275022,2.146708848,100,99.99426667,0.002550011,100,0,0,0,0,0,0.214670885,0.000255001
stigmergy_search_efficient,150,15,45,0,140,0.7,22500,0,100,1,0,100,45,0,100,1,0,100,15,0,100,10.87275022,2.146708848,100,99.99426667,0.002550011,100,0,0,0,0,0,0.214670885,0.000255001
stigmergy_search_efficient,150,15,45,0,141,0.705,22500,0,100,1,0,100,45,0,100,1,0,100,15,0,100,10.87275022,2.146708848,100,99.99426667,0.002550011,100,0,0,0,0,0,0.214670885,0.000255001
stigmergy_search_efficient,150,15,45,0,142,0.71,22500,0,100,1,0,100,45,0,100,1,0,100,15,0,100,10.87275022,2.146708848,100,99.99426667,0.002550011,100,0,0,0,0,0,0.214670885,0.000255001
stigmergy_search_efficient,150,15,45,0,143,0.715,22500,0,100,1,0,100,45,0,100,1,0,100,15,0,100,10.87275022,2.146708848,100,99.99426667,0.002550011,100,0,0,0,0,0,0.214670885,0.000255001
stigmergy_search_efficient,150,15,45,0,144,0.72,22500,0,100,1,0,100,45,0,100,1,0,100,15,0,100,10.87275022,2.146708848,100,99.99426667,0.002550011,100,0,0,0,0,0,0.214670885,0.000255001
stigmergy_search_efficient,150,15,45,0,145,0.725,22500,0,100,1,0,100,45,0,100,1,0,100,15,0,100,10.87275022,2.146708848,100,99.99426667,0.002550011,100,0,0,0,0,0,0.214670885,0.000255001
stigmergy_search_efficient,150,15,45,0,146,0.73,22500,0,100,1,0,100,45,0,100,1,0,100,15,0,100,10.87275022,2.146708848,100,99.99426667,0.002550011,100,0,0,0,0,0,0.214670885,0.000255001
stigmergy_search_efficient,150,15,45,0,147,0.735,22500,0,100,1,0,100,45,0,100,1,0,100,15,0,100,10.87275022,2.146708848,100,99.99426667,0.002550011,100,0,0,0,0,0,0.214670885,0.000255001
stigmergy_search_efficient,150,15,45,0,148,0.74,22500,0,100,1,0,100,45,0,100,1,0,100,15,0,100,10.87275022,2.146708848,100,99.99426667,0.002550011,100,0,0,0,0,0,0.214670885,0.000255001
stigmergy_search_efficient,150,15,45,0,149,0.745,22500,0,100,1,0,100,45,0,100,1,0,100,15,0,100,10.87275022,2.146708848,100,99.99426667,0.002550011,100,0,0,0,0,0,0.214670885,0.000255001
stigmergy_search_efficient,150,15,45,0,150,0.75,22500,0,100,1,0,100,45,0,100,1,0,100,15,0,100,10.87275022,2.146708848,100,99.99426667,0.002550011,100,0,0,0,0,0,0.214670885,0.000255001
stigmergy_search_efficient,150,15,45,0,151,0.755,22500,0,100,1,0,100,45,0,100,1,0,100,15,0,100,10.87275022,2.146708848,100,99.99426667,0.002550011,100,0,0,0,0,0,0.214670885,0.000255001
stigmergy_search_efficient,150,15,45,0,152,0.76,22500,0,100,1,0,100,45,0,100,1,0,100,15,0,100,10.87275022,2.146708848,100,99.99426667,0.002550011,100,0,0,0,0,0,0.214670885,0.000255001
stigmergy_search_efficient,150,15,45,0,153,0.765,22500,0,100,1,0,100,45,0,100,1,0,100,15,0,100,10.87275022,2.146708848,100,99.99426667,0.002550011,100,0,0,0,0,0,0.214670885,0.000255001
stigmergy_search_efficient,150,15,45,0,154,0.77,22500,0,100,1,0,100,45,0,100,1,0,100,15,0,100,10.87275022,2.146708848,100,99.99426667,0.002550011,100,0,0,0,0,0,0.214670885,0.000255001
stigmergy_search_efficient,150,15,45,0,155,0.775,22500,0,100,1,0,100,45,0,100,1,0,100,15,0,100,10.87275022,2.146708848,100,99.99426667,0.002550011,100,0,0,0,0,0,0.214670885,0.000255001
stigmergy_search_efficient,150,15,45,0,156,0.78,22500,0,100,1,0,100,45,0,100,1,0,100,15,0,100,10.87275022,2.146708848,100,99.99426667,0.002550011,100,0,0,0,0,0,0.214670885,0.000255001
stigmergy_search_efficient,150,15,45,0,157,0.785,22500,0,100,1,0,100,45,0,100,1,0,100,15,0,100,10.87275022,2.146708848,100,99.99426667,0.002550011,100,0,0,0,0,0,0.214670885,0.000255001
stigmergy_search_efficient,150,15,45,0,158,0.79,22500,0,100,1,0,100,45,0,100,1,0,100,15,0,100,10.87275022,2.146708848,100,99.99426667,0.002550011,100,0,0,0,0,0,0.214670885,0.000255001
stigmergy_search_efficient,150,15,45,0,159,0.795,22500,0,100,1,0,100,45,0,100,1,0,100,15,0,100,10.87275022,2.146708848,100,99.99426667,0.002550011,100,0,0,0,0,0,0.214670885,0.000255001
stigmergy_search_efficient,150,15,45,0,160,0.8,22500,0,100,1,0,100,45,0,100,1,0,100,15,0,100,10.87275022,2.146708848,100,99.99426667,0.002550011,100,0,0,0,0,0,0.214670885,0.000255001
stigmergy_search_efficient,150,15,45,0,161,0.805,22500,0,100,1,0,100,45,0,100,1,0,100,15,0,100,10.87275022,2.146708848,100,99.99426667,0.002550011,100,0,0,0,0,0,0.214670885,0.000255001
stigmergy_search_efficient,150,15,45,0,162,0.81,22500,0,100,1,0,100,45,0,100,1,0,100,15,0,100,10.87275022,2.146708848,100,99.99426667,0.002550011,100,0,0,0,0,0,0.214670885,0.000255001
stigmergy_search_efficient,150,15,45,0,163,0.815,22500,0,100,1,0,100,45,0,100,1,0,100,15,0,100,10.87275022,2.146708848,100,99.99426667,0.002550011,100,0,0,0,0,0,0.214670885,0.000255001
stigmergy_search_efficient,150,15,45,0,164,0.82,22500,0,100,1,0,100,45,0,100,1,0,100,15,0,100,10.87275022,2.146708848,100,99.99426667,0.002550011,100,0,0,0,0,0,0.214670885,0.000255001
stigmergy_search_efficient,150,15,45,0,165,0.825,22500,0,100,1,0,100,45,0,100,1,0,100,15,0,100,10.87275022,2.146708848,100,99.99426667,0.002550011,100,0,0,0,0,0,0.214670885,0.000255001
stigmergy_search_efficient,150,15,45,0,166,0.83,22500,0,100,1,0,100,45,0,100,1,0,100,15,0,100,10.87275022,2.146708848,100,99.99426667,0.002550011,100,0,0,0,0,0,0.214670885,0.000255001
stigmergy_search_efficient,150,15,45,0,167,0.835,22500,0,100,1,0,100,45,0,100,1,0,100,15,0,100,10.87275022,2.146708848,100,99.99426667,0.002550011,100,0,0,0,0,0,0.214670885,0.000255001
stigmergy_search_efficient,150,15,45,0,168,0.84,22500,0,100,1,0,100,45,0,100,1,0,100,15,0,100,10.87275022,2.146708848,100,99.99426667,0.002550011,100,0,0,0,0,0,0.214670885,0.000255001
stigmergy_search_efficient,150,15,45,0,169,0.845,22500,0,100,1,0,100,45,0,100,1,0,100,15,0,100,10.87275022,2.146708848,100,99.99426667,0.002550011,100,0,0,0,0,0,0.214670885,0.000255001
stigmergy_search_efficient,150,15,45,0,170,0.85,22500,0,100,1,0,100,45,0,100,1,0,100,15,0,100,10.87275022,2.146708848,100,99.99426667,0.002550011,100,0,0,0,0,0,0.214670885,0.000255001
stigmergy_search_efficient,150,15,45,0,171,0.855,22500,0,100,1,0,100,45,0,100,1,0,100,15,0,100,10.87275022,2.146708848,100,99.99426667,0.002550011,100,0,0,0,0,0,0.214670885,0.000255001
stigmergy_search_efficient,150,15,45,0,172,0.86,22500,0,100,1,0,100,45,0,100,1,0,100,15,0,100,10.87275022,2.146708848,100,99.99426667,0.002550011,100,0,0,0,0,0,0.214670885,0.000255001
stigmergy_search_efficient,150,15,45,0,173,0.865,22500,0,100,1,0,100,45,0,100,1,0,100,15,0,100,10.87275022,2.146708848,100,99.99426667,0.002550011,100,0,0,0,0,0,0.214670885,0.000255001
stigmergy_search_efficient,150,15,45,0,174,0.87,22500,0,100,1,0,100,45,0,100,1,0,100,15,0,100,10.87275022,2.146708848,100,99.99426667,0.002550011,100,0,0,0,0,0,0.214670885,0.000255001
stigmergy_search_efficient,150,15,45,0,175,0.875,22500,0,100,1,0,100,45,0,100,1,0,100,15,0,100,10.87275022,2.146708848,100,99.99426667,0.002550011,100,0,0,0,0,0,0.214670885,0.000255001
stigmergy_search_efficient,150,15,45,0,176,0.88,22500,0,100,1,0,100,45,0,100,1,0,100,15,0,100,10.87275022,2.146708848,100,99.99426667,0.002550011,100,0,0,0,0,0,0.214670885,0.000255001
stigmergy_search_efficient,150,15,45,0,177,0.885,22500,0,100,1,0,100,45,0,100,1,0,100,15,0,100,10.87275022,2.146708848,100,99.99426667,0.002550011,100,0,0,0,0,0,0.214670885,0.000255001
stigmergy_search_efficient,150,15,45,0,178,0.89,22500,0,100,1,0,100,45,0,100,1,0,100,15,0,100,10.87275022,2.146708848,100,99.99426667,0.002550011,100,0,0,0,0,0,0.214670885,0.000255001
stigmergy_search_efficient,150,15,45,0,179,0.895,22500,0,100,1,0,100,45,0,100,1,0,100,15,0,100,10.87275022,2.146708848,100,99.99426667,0.002550011,100,0,0,0,0,0,0.214670885,0.000255001
stigmergy_search_efficient,150,15,45,0,180,0.9,22500,0,100,1,0,100,45,0,100,1,0,100,15,0,100,10.87275022,2.146708848,100,99.99426667,0.002550011,100,0,0,0,0,0,0.214670885,0.000255001
stigmergy_search_efficient,150,15,45,0,181,0.905,22500,0,100,1,0,100,45,0,100,1,0,100,15,0,100,10.87275022,2.146708848,100,99.99426667,0.002550011,100,0,0,0,0,0,0.214670885,0.000255001
stigmergy_search_efficient,150,15,45,0,182,0.91,22500,0,100,1,0,100,45,0,100,1,0,100,15,0,100,10.87275022,2.146708848,100,99.99426667,0.002550011,100,0,0,0,0,0,0.214670885,0.000255001
stigmergy_search_efficient,150,15,45,0,183,0.915,22500,0,100,1,0,100,45,0,100,1,0,100,15,0,100,10.87275022,2.146708848,100,99.99426667,0.002550011,100,0,0,0,0,0,0.214670885,0.000255001
stigmergy_search_efficient,150,15,45,0,184,0.92,22500,0,100,1,0,100,45,0,100,1,0,100,15,0,100,10.87275022,2.146708848,100,99.99426667,0.002550011,100,0,0,0,0,0,0.214670885,0.000255001
stigmergy_search_efficient,150,15,45,0,185,0.925,22500,0,100,1,0,100,45,0,100,1,0,100,15,0,100,10.87275022,2.146708848,100,99.99426667,0.002550011,100,0,0,0,0,0,0.214670885,0.000255001
stigmergy_search_efficient,150,15,45,0,186,0.93,22500,0,100,1,0,100,45,0,100,1,0,100,15,0,100,10.87275022,2.146708848,100,99.99426667,0.002550011,100,0,0,0,0,0,0.214670885,0.000255001
stigmergy_search_efficient,150,15,45,0,187,0.935,22500,0,100,1,0,100,45,0,100,1,0,100,15,0,100,10.87275022,2.146708848,100,99.99426667,0.002550011,100,0,0,0,0,0,0.214670885,0.000255001
stigmergy_search_efficient,150,15,45,0,188,0.94,22500,0,100,1,0,100,45,0,100,1,0,100,15,0,100,10.87275022,2.146708848,100,99.99426667,0.002550011,100,0,0,0,0,0,0.214670885,0.000255001
stigmergy_search_efficient,150,15,45,0,189,0.945,22500,0,100,1,0,100,45,0,100,1,0,100,15,0,100,10.87275022,2.146708848,100,99.99426667,0.002550011,100,0,0,0,0,0,0.214670885,0.000255001
stigmergy_search_efficient,150,15,45,0,190,0.95,22500,0,100,1,0,100,45,0,100,1,0,100,15,0,100,10.87275022,2.146708848,100,99.99426667,0.002550011,100,0,0,0,0,0,0.214670885,0.000255001
stigmergy_search_efficient,150,15,45,0,191,0.955,22500,0,100,1,0,100,45,0,100,1,0,100,15,0,100,10.87275022,2.146708848,100,99.99426667,0.002550011,100,0,0,0,0,0,0.214670885,0.000255001
stigmergy_search_efficient,150,15,45,0,192,0.96,22500,0,100,1,0,100,45,0,100,1,0,100,15,0,100,10.87275022,2.146708848,100,99.99426667,0.002550011,100,0,0,0,0,0,0.214670885,0.000255001
stigmergy_search_efficient,150,15,45,0,193,0.965,22500,0,100,1,0,100,45,0,100,1,0,100,15,0,100,10.87275022,2.146708848,100,99.99426667,0.002550011,100,0,0,0,0,0,0.214670885,0.000255001
stigmergy_search_efficient,150,15,45,0,194,0.97,22500,0,100,1,0,100,45,0,100,1,0,100,15,0,100,10.87275022,2.146708848,100,99.99426667,0.002550011,100,0,0,0,0,0,0.214670885,0.000255001
stigmergy_search_efficient,150,15,45,0,195,0.975,22500,0,100,1,0,100,45,0,100,1,0,100,15,0,100,10.87275022,2.146708848,100,99.99426667,0.002550011,100,0,0,0,0,0,0.214670885,0.000255001
stigmergy_search_efficient,150,15,45,0,196,0.98,22500,0,100,1,0,100,45,0,100,1,0,100,15,0,100,10.87275022,2.146708848,100,99.99426667,0.002550011,100,0,0,0,0,0,0.214670885,0.000255001
stigmergy_search_efficient,150,15,45,0,197,0.985,22500,0,100,1,0,100,45,0,100,1,0,100,15,0,100,10.87275022,2.146708848,100,99.99426667,0.002550011,100,0,0,0,0,0,0.214670885,0.000255001
stigmergy_search_efficient,150,15,45,0,198,0.99,22500,0,100,1,0,100,45,0,100,1,0,100,15,0,100,10.87275022,2.146708848,100,99.99426667,0.002550011,100,0,0,0,0,0,0.214670885,0.000255001
stigmergy_search_efficient,150,15,45,0,199,0.995,22500,0,100,1,0,100,45,0,100,1,0,100,15,0,100,10.87275022,2.146708848,100,99.99426667,0.002550011,100,0,0,0,0,0,0.214670885,0.000255001
stigmergy_search_efficient,150,15,45,0,200,1,22500,0,100,1,0,100,45,0,100,1,0,100,15,0,100,10.87275022,2.146708848,100,99.99426667,0.002550011,100,0,0,0,0,0,0.214670885,0.000255001
stigmergy_search_efficient,200,20,60,0,0,0,0,0,100,0,0,100,0,0,100,0,0,100,20,0,100,0,0,100,0,0,100,0,0,0,0,0,0,0
stigmergy_search_efficient,200,20,60,0,1,0.005,5354.26,149.5637846,100,0.1338565,0.003739095,100,7.47,2.194828633,100,0.1245,0.036580477,100,20,0,100,3.593825256,0.079022908,100,13.138875,0.37023477,100,14.95637846,0.000373909,0.219482863,0.003658048,0,0.007902291,0.037023477
stigmergy_search_efficient,200,20,60,0,2,0.01,9890.04,325.4221786,100,0.247251,0.008135554,100,14.64,3.010151176,100,0.244,0.050169186,100,20,0,100,3.9024539,0.116213698,100,24.517175,0.803844664,100,32.54221786,0.000813555,0.301015118,0.005016919,0,0.01162137,0.080384466
stigmergy_search_efficient,200,20,60,0,3,0.015,13921.47,567.4519951,100,0.34803675,0.0141863,100,20.44,3.801435136,100,0.340666667,0.063357252,100,20,0,100,4.187361525,0.156779221,100,34.63425,1.408179501,100,56.74519951,0.00141863,0.380143514,0.006335725,0,0.015677922,0.14081795
stigmergy_search_efficient,200,20,60,0,4,0.02,17532.66,779.0001779,100,0.4383165,0.019475004,100,25.81,4.241914472,100,0.430166667,0.070698575,100,20,0,100,4.450397861,0.185702545,100,43.695675,1.939161697,100,77.90001779,0.0019475,0.424191447,0.007069857,0,0.018570255,0.19391617
stigmergy_search_efficient,200,20,60,0,5,0.025,20697.22,982.7099984,100,0.5174305,0.02456775,100,30.74,4.409860393,100,0.512333333,0.073497673,100,20,0,100,4.722570879,0.214362518,100,51.630875,2.448641485,100,98.27099984,0.002456775,0.440986039,0.007349767,0,0.021436252,0.244864149
stigmergy_search_efficient,200,20,60,0,6,0.03,23598.77,1146.992201,100,0.58996925,0.028674805,100,35.4,4.896917191,100,0.59,0.081615287,100,20,0,100,4.976103482,0.233198003,100,58.900675,2.859439,100,114.6992201,0.002867481,0.489691719,0.008161529,0,0.0233198,0.2859439
stigmergy_search_efficient,200,20,60,0,7,0.035,26203.69,1321.090976,100,0.65509225,0.033027274,100,39.42,4.788833813,100,0.657,0.079813897,100,20,0,100,5.233579142,0.255494283,100,65.42495,3.294987469,100,132.1090976,0.003302727,0.478883381,0.00798139,0,0.025549428,0.329498747
stigmergy_search_efficient,200,20,60,0,8,0.04,28515.21,1556.516736,100,0.71288025,0.038912918,100,43.02,4.636221032,100,0.717,0.077270351,100,20,0,100,5.503224444,0.299188042,100,71.216625,3.884526273,100,155.6516736,0.003891292,0.463622103,0.007727035,0,0.029918804,0.388452627
stigmergy_search_efficient,200,20,60,0,9,0.045,30524.85,1702.277283,100,0.76312125,0.042556932,100,46.07,4.183312206,100,0.767833333,0.06972187,100,20,0,100,5.788713716,0.329069949,100,76.250825,4.251439225,100,170.2277283,0.004255693,0.418331221,0.006972187,0,0.032906995,0.425143923
stigmergy_search_efficient,200,20,60,0,10,0.05,32303.52,1773.676069,100,0.807588,0.044341902,100,48.54,3.799042942,100,0.809,0.063317382,100,20,0,100,6.081029995,0.342835579,100,80.705975,4.431741681,100,177.3676069,0.00443419,0.379904294,0.006331738,0,0.034283558,0.443174168
stigmergy_search_efficient,200,20,60,0,11,0.055,33866.64,1776.58962,100,0.846666,0.04441474,100,50.87,3.697268989,100,0.847833333,0.06162115,100,20,0,100,6.38264218,0.349249599,100,84.621625,4.440385943,100,177.658962,0.004441474,0.369726899,0.006162115,0,0.03492496,0.444038594
stigmergy_search_efficient,200,20,60,0,12,0.06,35193.51,1768.293805,100,0.87983775,0.044207345,100,52.66,3.441341059,100,0.877666667,0.057355684,100,20,0,100,6.70295245,0.353594118,100,87.947875,4.420733525,100,176.8293805,0.004420735,0.344134106,0.005735568,0,0.035359412,0.442073352
stigmergy_search_efficient,200,20,60,0,13,0.065,36279.74,1727.12191,100,0.9069935,0.043178048,100,54.54,3.261096054,100,0.909,0.054351601,100,20,0,100,7.045342239,0.352233715,100,90.670675,4.319291159,100,172.712191,0.004317805,0.326109605,0.00543516,0,0.035223371,0.431929116
stigmergy_search_efficient,200,20,60,0,14,0.07,37117.81,1647.682619,100,0.92794525,0.041192065,100,55.84,2.963481436,100,0.930666667,0.049391357,100,20,0,100,7.416762302,0.345587658,100,92.7719,4.121579882,100,164.7682619,0.004119207,0.296348144,0.004939136,0,0.034558766,0.412157988
stigmergy_search_efficient,200,20,60,0,15,0.075,37794.62,1564.027447,100,0.9448655,0.039100686,100,56.88,2.555564339,100,0.948,0.042592739,100,20,0,100,7.805235993,0.338491435,100,94.46875,3.912146223,100,156.4027447,0.003910069,0.255556434,0.004259274,0,0.033849143,0.391214622
stigmergy_search_efficient,200,20,60,0,16,0.08,38318.76,1484.998331,100,0.957969,0.037124958,100,57.51,2.447406378,100,0.9585,0.040790106,100,20,0,100,8.21061397,0.335379052,100,95.782925,3.714946301,100,148.4998331,0.003712496,0.244740638,0.004079011,0,0.033537905,0.37149463
stigmergy_search_efficient,200,20,60,0,17,0.085,38714.62,1387.914392,100,0.9678655,0.03469786,100,58.08,2.209620837,100,0.968,0.036827014,100,20,0,100,8.629187363,0.337297579,100,96.7764,3.472590097,100,138.7914392,0.003469786,0.220962084,0.003682701,0,0.033729758,0.34725901
stigmergy_search_efficient,200,20,60,0,18,0.09,39007.6,1279.160662,100,0.97519,0.031979017,100,58.53,2.081447631,100,0.9755,0.034690794,100,20,0,100,9.045752191,0.364247059,100,97.511175,3.201279011,100,127.9160662,0.003197902,0.208144763,0.003469079,0,0.036424706,0.320127901
stigmergy_search_efficient,200,20,60,0,19,0.095,39233.81,1165.159691,100,0.98084525,0.029128992,100,58.94,1.830272928,100,0.982333333,0.030504549,100,20,0,100,9.444695527,0.432061857,100,98.078325,2.915800933,100,116.5159691,0.002912899,0.183027293,0.003050455,0,0.043206186,0.291580093
stigmergy_search_efficient,200,20,60,0,20,0.1,39418.3,1039.721801,100,0.9854575,0.025993045,100,59.28,1.627292478,100,0.988,0.027121541,100,20,0,100,9.807359363,0.543447442,100,98.54025,2.602270146,100,103.9721801,0.002599305,0.162729248,0.002712154,0,0.054344744,0.260227015
stigmergy_search_efficient,200,20,60,0,21,0.105,39567.78,913.233279,100,0.9891945,0.022830832,100,59.45,1.438117456,100,0.990833333,0.023968624,100,20,0,100,10.11683208,0.688789866,100,98.9148,2.286095975,100,91.3233279,0.002283083,0.143811746,0.002396862,0,0.068878987,0.228609598
stigmergy_search_efficient,200,20,60,0,22,0.11,39681.87,797.9585779,100,0.99204675,0.019948964,100,59.54,1.31364248,100,0.992333333,0.021894041,100,20,0,100,10.37300327,0.851134121,100,99.20025,1.997115866,100,79.79585779,0.001994896,0.131364248,0.002189404,0,0.085113412,0.199711587
stigmergy_search_efficient,200,20,60,0,23,0.115,39773.37,706.1971518,100,0.99433425,0.017654929,100,59.64,1.218709369,100,0.994,0.020311823,100,20,0,100,10.58515611,1.018506831,100,99.42945,1.767370235,100,70.61971518,0.001765493,0.121870937,0.002031182,0,0.101850683,0.176737024
stigmergy_search_efficient,200,20,60,0,24,0.12,39837.99,625.8977309,100,0.99594975,0.015647443,100,59.74,1.078907041,100,0.995666667,0.017981784,100,20,0,100,10.75657404,1.178036124,100,99.59185,1.566095746,100,62.58977309,0.001564744,0.107890704,0.001798178,0,0.117803612,0.156609575
stigmergy_search_efficient,200,20,60,0,25,0.125,39875.24,557.7137335,100,0.996881,0.013942843,100,59.81,0.825049738,100,0.996833333,0.013750829,100,20,0,100,10.89414875,1.326866065,100,99.685025,1.395794436,100,55.77137335,0.001394284,0.082504974,0.001375083,0,0.132686607,0.139579444
stigmergy_search_efficient,200,20,60,0,26,0.13,39900.55,489.7412711,100,0.99751375,0.012243532,100,59.87,0.580055727,100,0.997833333,0.009667595,100,20,0,100,11.00236322,1.461568444,100,99.7484,1.225417601,100,48.97412711,0.001224353,0.058005573,0.00096676,0,0.146156844,0.12254176
stigmergy_search_efficient,200,20,60,0,27,0.135,39922.34,418.7452209,100,0.9980585,0.010468631,100,59.91,0.473435755,100,0.9985,0.007890596,100,20,0,100,11.08221461,1.573224856,100,99.8027,1.048688676,100,41.87452209,0.001046863,0.047343576,0.00078906,0,0.157322486,0.104868868
stigmergy_search_efficient,200,20,60,0,28,0.14,39941.21,326.7043669,100,0.99853025,0.008167609,100,59.93,0.355476633,100,0.998833333,0.005924611,100,20,0,100,11.13059799,1.651243509,100,99.849825,0.818727861,100,32.67043669,0.000816761,0.035547663,0.000592461,0,0.165124351,0.081872786
stigmergy_search_efficient,200,20,60,0,29,0.145,39959.16,247.2461955,100,0.998979,0.006181155,100,59.95,0.297294195,100,0.999166667,0.004954903,100,20,0,100,11.17851177,1.736558839,100,99.894775,0.619342077,100,24.72461955,0.000618115,0.02972942,0.00049549,0,0.173655884,0.061934208
stigmergy_search_efficient,200,20,60,0,30,0.15,39973.39,186.6942563,100,0.99933475,0.004667356,100,59.98,0.140705294,100,0.999666667,0.002345088,100,20,0,100,11.22069738,1.818169774,100,99.930425,0.467409049,100,18.66942563,0.000466736,0.014070529,0.000234509,0,0.181816977,0.046740905
stigmergy_search_efficient,200,20,60,0,31,0.155,39979.23,146.0335408,100,0.99948075,0.003650839,100,59.98,0.140705294,100,0.999666667,0.002345088,100,20,0,100,11.24899091,1.878307499,100,99.9451,0.365565309,100,14.60335408,0.000365084,0.014070529,0.000234509,0,0.18783075,0.036556531
stigmergy_search_efficient,200,20,60,0,32,0.16,39984.25,110.6811213,100,0.99960625,0.002767028,100,59.98,0.140705294,100,0.999666667,0.002345088,100,20,0,100,11.27238772,1.932222741,100,99.9576,0.277172757,100,11.06811213,0.000276703,0.014070529,0.000234509,0,0.193222274,0.027717276
stigmergy_search_efficient,200,20,60,0,33,0.165,39989.33,74.99724641,100,0.99973325,0.001874931,100,59.99,0.1,100,0.999833333,0.001666667,100,20,0,100,11.29029807,1.976818194,100,99.9703,0.18795325,100,7.499724641,0.000187493,0.01,0.000166667,0,0.197681819,0.018795325
stigmergy_search_efficient,200,20,60,0,34,0.17,39994.29,41.18234765,100,0.99985725,0.001029559,100,59.99,0.1,100,0.999833333,0.001666667,100,20,0,100,11.30594016,2.018269944,100,99.9827,0.103242066,100,4.118234765,0.000102956,0.01,0.000166667,0,0.201826994,0.010324207
stigmergy_search_efficient,200,20,60,0,35,0.175,39998.33,14.80243974,100,0.99995825,0.000370061,100,59.99,0.1,100,0.999833333,0.001666667,100,20,0,100,11.31918758,2.055685699,100,99.9928,0.037258109,100,1.480243974,3.70E-05,0.01,0.000166667,0,0.20556857,0.003725811
stigmergy_search_efficient,200,20,60,0,36,0.18,39999.99,0.1,100,0.99999975,2.50E-06,100,60,0,100,1,0,100,20,0,100,11.32885692,2.084615634,100,99.997,0.001465082,100,0.01,2.50E-07,0,0,0,0.208461563,0.000146508
stigmergy_search_efficient,200,20,60,0,37,0.185,39999.99,0.1,100,0.99999975,2.50E-06,100,60,0,100,1,0,100,20,0,100,11.3338298,2.100470897,100,99.997,0.001465082,100,0.01,2.50E-07,0,0,0,0.21004709,0.000146508
stigmergy_search_efficient,200,20,60,0,38,0.19,39999.99,0.1,100,0.99999975,2.50E-06,100,60,0,100,1,0,100,20,0,100,11.33877542,2.117280174,100,99.997,0.001465082,100,0.01,2.50E-07,0,0,0,0.211728017,0.000146508
stigmergy_search_efficient,200,20,60,0,39,0.195,40000,0,100,1,0,100,60,0,100,1,0,100,20,0,100,11.34296325,2.132307287,100,99.997,0.001465082,100,0,0,0,0,0,0.213230729,0.000146508
stigmergy_search_efficient,200,20,60,0,40,0.2,40000,0,100,1,0,100,60,0,100,1,0,100,20,0,100,11.34296325,2.132307287,100,99.997,0.001465082,100,0,0,0,0,0,0.213230729,0.000146508
stigmergy_search_efficient,200,20,60,0,41,0.205,40000,0,100,1,0,100,60,0,100,1,0,100,20,0,100,11.34296325,2.132307287,100,99.997,0.001465082,100,0,0,0,0,0,0.213230729,0.000146508
stigmergy_search_efficient,200,20,60,0,42,0.21,40000,0,100,1,0,100,60,0,100,1,0,100,20,0,100,11.34296325,2.132307287,100,99.997,0.001465082,100,0,0,0,0,0,0.213230729,0.000146508
stigmergy_search_efficient,200,20,60,0,43,0.215,40000,0,100,1,0,100,60,0,100,1,0,100,20,0,100,11.34296325,2.132307287,100,99.997,0.001465082,100,0,0,0,0,0,0.213230729,0.000146508
stigmergy_search_efficient,200,20,60,0,44,0.22,40000,0,100,1,0,100,60,0,100,1,0,100,20,0,100,11.34296325,2.132307287,100,99.997,0.001465082,100,0,0,0,0,0,0.213230729,0.000146508
stigmergy_search_efficient,200,20,60,0,45,0.225,40000,0,100,1,0,100,60,0,100,1,0,100,20,0,100,11.34296325,2.132307287,100,99.997,0.001465082,100,0,0,0,0,0,0.213230729,0.000146508
stigmergy_search_efficient,200,20,60,0,46,0.23,40000,0,100,1,0,100,60,0,100,1,0,100,20,0,100,11.34296325,2.132307287,100,99.997,0.001465082,100,0,0,0,0,0,0.213230729,0.000146508
stigmergy_search_efficient,200,20,60,0,47,0.235,40000,0,100,1,0,100,60,0,100,1,0,100,20,0,100,11.34296325,2.132307287,100,99.997,0.001465082,100,0,0,0,0,0,0.213230729,0.000146508
stigmergy_search_efficient,200,20,60,0,48,0.24,40000,0,100,1,0,100,60,0,100,1,0,100,20,0,100,11.34296325,2.132307287,100,99.997,0.001465082,100,0,0,0,0,0,0.213230729,0.000146508
stigmergy_search_efficient,200,20,60,0,49,0.245,40000,0,100,1,0,100,60,0,100,1,0,100,20,0,100,11.34296325,2.132307287,100,99.997,0.001465082,100,0,0,0,0,0,0.213230729,0.000146508
stigmergy_search_efficient,200,20,60,0,50,0.25,40000,0,100,1,0,100,60,0,100,1,0,100,20,0,100,11.34296325,2.132307287,100,99.997,0.001465082,100,0,0,0,0,0,0.213230729,0.000146508
stigmergy_search_efficient,200,20,60,0,51,0.255,40000,0,100,1,0,100,60,0,100,1,0,100,20,0,100,11.34296325,2.132307287,100,99.997,0.001465082,100,0,0,0,0,0,0.213230729,0.000146508
stigmergy_search_efficient,200,20,60,0,52,0.26,40000,0,100,1,0,100,60,0,100,1,0,100,20,0,100,11.34296325,2.132307287,100,99.997,0.001465082,100,0,0,0,0,0,0.213230729,0.000146508
stigmergy_search_efficient,200,20,60,0,53,0.265,40000,0,100,1,0,100,60,0,100,1,0,100,20,0,100,11.34296325,2.132307287,100,99.997,0.001465082,100,0,0,0,0,0,0.213230729,0.000146508
stigmergy_search_efficient,200,20,60,0,54,0.27,40000,0,100,1,0,100,60,0,100,1,0,100,20,0,100,11.34296325,2.132307287,100,99.997,0.001465082,100,0,0,0,0,0,0.213230729,0.000146508
stigmergy_search_efficient,200,20,60,0,55,0.275,40000,0,100,1,0,100,60,0,100,1,0,100,20,0,100,11.34296325,2.132307287,100,99.997,0.001465082,100,0,0,0,0,0,0.213230729,0.000146508
stigmergy_search_efficient,200,20,60,0,56,0.28,40000,0,100,1,0,100,60,0,100,1,0,100,20,0,100,11.34296325,2.132307287,100,99.997,0.001465082,100,0,0,0,0,0,0.213230729,0.000146508
stigmergy_search_efficient,200,20,60,0,57,0.285,40000,0,100,1,0,100,60,0,100,1,0,100,20,0,100,11.34296325,2.132307287,100,99.997,0.001465082,100,0,0,0,0,0,0.213230729,0.000146508
stigmergy_search_efficient,200,20,60,0,58,0.29,40000,0,100,1,0,100,60,0,100,1,0,100,20,0,100,11.34296325,2.132307287,100,99.997,0.001465082,100,0,0,0,0,0,0.213230729,0.000146508
stigmergy_search_efficient,200,20,60,0,59,0.295,40000,0,100,1,0,100,60,0,100,1,0,100,20,0,100,11.34296325,2.132307287,100,99.997,0.001465082,100,0,0,0,0,0,0.213230729,0.000146508
stigmergy_search_efficient,200,20,60,0,60,0.3,40000,0,100,1,0,100,60,0,100,1,0,100,20,0,100,11.34296325,2.132307287,100,99.997,0.001465082,100,0,0,0,0,0,0.213230729,0.000146508
stigmergy_search_efficient,200,20,60,0,61,0.305,40000,0,100,1,0,100,60,0,100,1,0,100,20,0,100,11.34296325,2.132307287,100,99.997,0.001465082,100,0,0,0,0,0,0.213230729,0.000146508
stigmergy_search_efficient,200,20,60,0,62,0.31,40000,0,100,1,0,100,60,0,100,1,0,100,20,0,100,11.34296325,2.132307287,100,99.997,0.001465082,100,0,0,0,0,0,0.213230729,0.000146508
stigmergy_search_efficient,200,20,60,0,63,0.315,40000,0,100,1,0,100,60,0,100,1,0,100,20,0,100,11.34296325,2.132307287,100,99.997,0.001465082,100,0,0,0,0,0,0.213230729,0.000146508
stigmergy_search_efficient,200,20,60,0,64,0.32,40000,0,100,1,0,100,60,0,100,1,0,100,20,0,100,11.34296325,2.132307287,100,99.997,0.001465082,100,0,0,0,0,0,0.213230729,0.000146508
stigmergy_search_efficient,200,20,60,0,65,0.325,40000,0,100,1,0,100,60,0,100,1,0,100,20,0,100,11.34296325,2.132307287,100,99.997,0.001465082,100,0,0,0,0,0,0.213230729,0.000146508
stigmergy_search_efficient,200,20,60,0,66,0.33,40000,0,100,1,0,100,60,0,100,1,0,100,20,0,100,11.34296325,2.132307287,100,99.997,0.001465082,100,0,0,0,0,0,0.213230729,0.000146508
stigmergy_search_efficient,200,20,60,0,67,0.335,40000,0,100,1,0,100,60,0,100,1,0,100,20,0,100,11.34296325,2.132307287,100,99.997,0.001465082,100,0,0,0,0,0,0.213230729,0.000146508
stigmergy_search_efficient,200,20,60,0,68,0.34,40000,0,100,1,0,100,60,0,100,1,0,100,20,0,100,11.34296325,2.132307287,100,99.997,0.001465082,100,0,0,0,0,0,0.213230729,0.000146508
stigmergy_search_efficient,200,20,60,0,69,0.345,40000,0,100,1,0,100,60,0,100,1,0,100,20,0,100,11.34296325,2.132307287,100,99.997,0.001465082,100,0,0,0,0,0,0.213230729,0.000146508
stigmergy_search_efficient,200,20,60,0,70,0.35,40000,0,100,1,0,100,60,0,100,1,0,100,20,0,100,11.34296325,2.132307287,100,99.997,0.001465082,100,0,0,0,0,0,0.213230729,0.000146508
stigmergy_search_efficient,200,20,60,0,71,0.355,40000,0,100,1,0,100,60,0,100,1,0,100,20,0,100,11.34296325,2.132307287,100,99.997,0.001465082,100,0,0,0,0,0,0.213230729,0.000146508
stigmergy_search_efficient,200,20,60,0,72,0.36,40000,0,100,1,0,100,60,0,100,1,0,100,20,0,100,11.34296325,2.132307287,100,99.997,0.001465082,100,0,0,0,0,0,0.213230729,0.000146508
stigmergy_search_efficient,200,20,60,0,73,0.365,40000,0,100,1,0,100,60,0,100,1,0,100,20,0,100,11.34296325,2.132307287,100,99.997,0.001465082,100,0,0,0,0,0,0.213230729,0.000146508
stigmergy_search_efficient,200,20,60,0,74,0.37,40000,0,100,1,0,100,60,0,100,1,0,100,20,0,100,11.34296325,2.132307287,100,99.997,0.001465082,100,0,0,0,0,0,0.213230729,0.000146508
stigmergy_search_efficient,200,20,60,0,75,0.375,40000,0,100,1,0,100,60,0,100,1,0,100,20,0,100,11.34296325,2.132307287,100,99.997,0.001465082,100,0,0,0,0,0,0.213230729,0.000146508
stigmergy_search_efficient,200,20,60,0,76,0.38,40000,0,100,1,0,100,60,0,100,1,0,100,20,0,100,11.34296325,2.132307287,100,99.997,0.001465082,100,0,0,0,0,0,0.213230729,0.000146508
stigmergy_search_efficient,200,20,60,0,77,0.385,40000,0,100,1,0,100,60,0,100,1,0,100,20,0,100,11.34296325,2.132307287,100,99.997,0.001465082,100,0,0,0,0,0,0.213230729,0.000146508
stigmergy_search_efficient,200,20,60,0,78,0.39,40000,0,100,1,0,100,60,0,100,1,0,100,20,0,100,11.34296325,2.132307287,100,99.997,0.001465082,100,0,0,0,0,0,0.213230729,0.000146508
stigmergy_search_efficient,200,20,60,0,79,0.395,40000,0,100,1,0,100,60,0,100,1,0,100,20,0,100,11.34296325,2.132307287,100,99.997,0.001465082,100,0,0,0,0,0,0.213230729,0.000146508
stigmergy_search_efficient,200,20,60,0,80,0.4,40000,0,100,1,0,100,60,0,100,1,0,100,20,0,100,11.34296325,2.132307287,100,99.997,0.001465082,100,0,0,0,0,0,0.213230729,0.000146508
stigmergy_search_efficient,200,20,60,0,81,0.405,40000,0,100,1,0,100,60,0,100,1,0,100,20,0,100,11.34296325,2.132307287,100,99.997,0.001465082,100,0,0,0,0,0,0.213230729,0.000146508
stigmergy_search_efficient,200,20,60,0,82,0.41,40000,0,100,1,0,100,60,0,100,1,0,100,20,0,100,11.34296325,2.132307287,100,99.997,0.001465082,100,0,0,0,0,0,0.213230729,0.000146508
stigmergy_search_efficient,200,20,60,0,83,0.415,40000,0,100,1,0,100,60,0,100,1,0,100,20,0,100,11.34296325,2.132307287,100,99.997,0.001465082,100,0,0,0,0,0,0.213230729,0.000146508
stigmergy_search_efficient,200,20,60,0,84,0.42,40000,0,100,1,0,100,60,0,100,1,0,100,20,0,100,11.34296325,2.132307287,100,99.997,0.001465082,100,0,0,0,0,0,0.213230729,0.000146508
stigmergy_search_efficient,200,20,60,0,85,0.425,40000,0,100,1,0,100,60,0,100,1,0,100,20,0,100,11.34296325,2.132307287,100,99.997,0.001465082,100,0,0,0,0,0,0.213230729,0.000146508
stigmergy_search_efficient,200,20,60,0,86,0.43,40000,0,100,1,0,100,60,0,100,1,0,100,20,0,100,11.34296325,2.132307287,100,99.997,0.001465082,100,0,0,0,0,0,0.213230729,0.000146508
stigmergy_search_efficient,200,20,60,0,87,0.435,40000,0,100,1,0,100,60,0,100,1,0,100,20,0,100,11.34296325,2.132307287,100,99.997,0.001465082,100,0,0,0,0,0,0.213230729,0.000146508
stigmergy_search_efficient,200,20,60,0,88,0.44,40000,0,100,1,0,100,60,0,100,1,0,100,20,0,100,11.34296325,2.132307287,100,99.997,0.001465082,100,0,0,0,0,0,0.213230729,0.000146508
stigmergy_search_efficient,200,20,60,0,89,0.445,40000,0,100,1,0,100,60,0,100,1,0,100,20,0,100,11.34296325,2.132307287,100,99.997,0.001465082,100,0,0,0,0,0,0.213230729,0.000146508
stigmergy_search_efficient,200,20,60,0,90,0.45,40000,0,100,1,0,100,60,0,100,1,0,100,20,0,100,11.34296325,2.132307287,100,99.997,0.001465082,100,0,0,0,0,0,0.213230729,0.000146508
stigmergy_search_efficient,200,20,60,0,91,0.455,40000,0,100,1,0,100,60,0,100,1,0,100,20,0,100,11.34296325,2.132307287,100,99.997,0.001465082,100,0,0,0,0,0,0.213230729,0.000146508
stigmergy_search_efficient,200,20,60,0,92,0.46,40000,0,100,1,0,100,60,0,100,1,0,100,20,0,100,11.34296325,2.132307287,100,99.997,0.001465082,100,0,0,0,0,0,0.213230729,0.000146508
stigmergy_search_efficient,200,20,60,0,93,0.465,40000,0,100,1,0,100,60,0,100,1,0,100,20,0,100,11.34296325,2.132307287,100,99.997,0.001465082,100,0,0,0,0,0,0.213230729,0.000146508
stigmergy_search_efficient,200,20,60,0,94,0.47,40000,0,100,1,0,100,60,0,100,1,0,100,20,0,100,11.34296325,2.132307287,100,99.997,0.001465082,100,0,0,0,0,0,0.213230729,0.000146508
stigmergy_search_efficient,200,20,60,0,95,0.475,40000,0,100,1,0,100,60,0,100,1,0,100,20,0,100,11.34296325,2.132307287,100,99.997,0.001465082,100,0,0,0,0,0,0.213230729,0.000146508
stigmergy_search_efficient,200,20,60,0,96,0.48,40000,0,100,1,0,100,60,0,100,1,0,100,20,0,100,11.34296325,2.132307287,100,99.997,0.001465082,100,0,0,0,0,0,0.213230729,0.000146508
stigmergy_search_efficient,200,20,60,0,97,0.485,40000,0,100,1,0,100,60,0,100,1,0,100,20,0,100,11.34296325,2.132307287,100,99.997,0.001465082,100,0,0,0,0,0,0.213230729,0.000146508
stigmergy_search_efficient,200,20,60,0,98,0.49,40000,0,100,1,0,100,60,0,100,1,0,100,20,0,100,11.34296325,2.132307287,100,99.997,0.001465082,100,0,0,0,0,0,0.213230729,0.000146508
stigmergy_search_efficient,200,20,60,0,99,0.495,40000,0,100,1,0,100,60,0,100,1,0,100,20,0,100,11.34296325,2.132307287,100,99.997,0.001465082,100,0,0,0,0,0,0.213230729,0.000146508
stigmergy_search_efficient,200,20,60,0,100,0.5,40000,0,100,1,0,100,60,0,100,1,0,100,20,0,100,11.34296325,2.132307287,100,99.997,0.001465082,100,0,0,0,0,0,0.213230729,0.000146508
stigmergy_search_efficient,200,20,60,0,101,0.505,40000,0,100,1,0,100,60,0,100,1,0,100,20,0,100,11.34296325,2.132307287,100,99.997,0.001465082,100,0,0,0,0,0,0.213230729,0.000146508
stigmergy_search_efficient,200,20,60,0,102,0.51,40000,0,100,1,0,100,60,0,100,1,0,100,20,0,100,11.34296325,2.132307287,100,99.997,0.001465082,100,0,0,0,0,0,0.213230729,0.000146508
stigmergy_search_efficient,200,20,60,0,103,0.515,40000,0,100,1,0,100,60,0,100,1,0,100,20,0,100,11.34296325,2.132307287,100,99.997,0.001465082,100,0,0,0,0,0,0.213230729,0.000146508
stigmergy_search_efficient,200,20,60,0,104,0.52,40000,0,100,1,0,100,60,0,100,1,0,100,20,0,100,11.34296325,2.132307287,100,99.997,0.001465082,100,0,0,0,0,0,0.213230729,0.000146508
stigmergy_search_efficient,200,20,60,0,105,0.525,40000,0,100,1,0,100,60,0,100,1,0,100,20,0,100,11.34296325,2.132307287,100,99.997,0.001465082,100,0,0,0,0,0,0.213230729,0.000146508
stigmergy_search_efficient,200,20,60,0,106,0.53,40000,0,100,1,0,100,60,0,100,1,0,100,20,0,100,11.34296325,2.132307287,100,99.997,0.001465082,100,0,0,0,0,0,0.213230729,0.000146508
stigmergy_search_efficient,200,20,60,0,107,0.535,40000,0,100,1,0,100,60,0,100,1,0,100,20,0,100,11.34296325,2.132307287,100,99.997,0.001465082,100,0,0,0,0,0,0.213230729,0.000146508
stigmergy_search_efficient,200,20,60,0,108,0.54,40000,0,100,1,0,100,60,0,100,1,0,100,20,0,100,11.34296325,2.132307287,100,99.997,0.001465082,100,0,0,0,0,0,0.213230729,0.000146508
stigmergy_search_efficient,200,20,60,0,109,0.545,40000,0,100,1,0,100,60,0,100,1,0,100,20,0,100,11.34296325,2.132307287,100,99.997,0.001465082,100,0,0,0,0,0,0.213230729,0.000146508
stigmergy_search_efficient,200,20,60,0,110,0.55,40000,0,100,1,0,100,60,0,100,1,0,100,20,0,100,11.34296325,2.132307287,100,99.997,0.001465082,100,0,0,0,0,0,0.213230729,0.000146508
stigmergy_search_efficient,200,20,60,0,111,0.555,40000,0,100,1,0,100,60,0,100,1,0,100,20,0,100,11.34296325,2.132307287,100,99.997,0.001465082,100,0,0,0,0,0,0.213230729,0.000146508
stigmergy_search_efficient,200,20,60,0,112,0.56,40000,0,100,1,0,100,60,0,100,1,0,100,20,0,100,11.34296325,2.132307287,100,99.997,0.001465082,100,0,0,0,0,0,0.213230729,0.000146508
stigmergy_search_efficient,200,20,60,0,113,0.565,40000,0,100,1,0,100,60,0,100,1,0,100,20,0,100,11.34296325,2.132307287,100,99.997,0.001465082,100,0,0,0,0,0,0.213230729,0.000146508
stigmergy_search_efficient,200,20,60,0,114,0.57,40000,0,100,1,0,100,60,0,100,1,0,100,20,0,100,11.34296325,2.132307287,100,99.997,0.001465082,100,0,0,0,0,0,0.213230729,0.000146508
stigmergy_search_efficient,200,20,60,0,115,0.575,40000,0,100,1,0,100,60,0,100,1,0,100,20,0,100,11.34296325,2.132307287,100,99.997,0.001465082,100,0,0,0,0,0,0.213230729,0.000146508
stigmergy_search_efficient,200,20,60,0,116,0.58,40000,0,100,1,0,100,60,0,100,1,0,100,20,0,100,11.34296325,2.132307287,100,99.997,0.001465082,100,0,0,0,0,0,0.213230729,0.000146508
stigmergy_search_efficient,200,20,60,0,117,0.585,40000,0,100,1,0,100,60,0,100,1,0,100,20,0,100,11.34296325,2.132307287,100,99.997,0.001465082,100,0,0,0,0,0,0.213230729,0.000146508
stigmergy_search_efficient,200,20,60,0,118,0.59,40000,0,100,1,0,100,60,0,100,1,0,100,20,0,100,11.34296325,2.132307287,100,99.997,0.001465082,100,0,0,0,0,0,0.213230729,0.000146508
stigmergy_search_efficient,200,20,60,0,119,0.595,40000,0,100,1,0,100,60,0,100,1,0,100,20,0,100,11.34296325,2.132307287,100,99.997,0.001465082,100,0,0,0,0,0,0.213230729,0.000146508
stigmergy_search_efficient,200,20,60,0,120,0.6,40000,0,100,1,0,100,60,0,100,1,0,100,20,0,100,11.34296325,2.132307287,100,99.997,0.001465082,100,0,0,0,0,0,0.213230729,0.000146508
stigmergy_search_efficient,200,20,60,0,121,0.605,40000,0,100,1,0,100,60,0,100,1,0,100,20,0,100,11.34296325,2.132307287,100,99.997,0.001465082,100,0,0,0,0,0,0.213230729,0.000146508
stigmergy_search_efficient,200,20,60,0,122,0.61,40000,0,100,1,0,100,60,0,100,1,0,100,20,0,100,11.34296325,2.132307287,100,99.997,0.001465082,100,0,0,0,0,0,0.213230729,0.000146508
stigmergy_search_efficient,200,20,60,0,123,0.615,40000,0,100,1,0,100,60,0,100,1,0,100,20,0,100,11.34296325,2.132307287,100,99.997,0.001465082,100,0,0,0,0,0,0.213230729,0.000146508
stigmergy_search_efficient,200,20,60,0,124,0.62,40000,0,100,1,0,100,60,0,100,1,0,100,20,0,100,11.34296325,2.132307287,100,99.997,0.001465082,100,0,0,0,0,0,0.213230729,0.000146508
stigmergy_search_efficient,200,20,60,0,125,0.625,40000,0,100,1,0,100,60,0,100,1,0,100,20,0,100,11.34296325,2.132307287,100,99.997,0.001465082,100,0,0,0,0,0,0.213230729,0.000146508
stigmergy_search_efficient,200,20,60,0,126,0.63,40000,0,100,1,0,100,60,0,100,1,0,100,20,0,100,11.34296325,2.132307287,100,99.997,0.001465082,100,0,0,0,0,0,0.213230729,0.000146508
stigmergy_search_efficient,200,20,60,0,127,0.635,40000,0,100,1,0,100,60,0,100,1,0,100,20,0,100,11.34296325,2.132307287,100,99.997,0.001465082,100,0,0,0,0,0,0.213230729,0.000146508
stigmergy_search_efficient,200,20,60,0,128,0.64,40000,0,100,1,0,100,60,0,100,1,0,100,20,0,100,11.34296325,2.132307287,100,99.997,0.001465082,100,0,0,0,0,0,0.213230729,0.000146508
stigmergy_search_efficient,200,20,60,0,129,0.645,40000,0,100,1,0,100,60,0,100,1,0,100,20,0,100,11.34296325,2.132307287,100,99.997,0.001465082,100,0,0,0,0,0,0.213230729,0.000146508
stigmergy_search_efficient,200,20,60,0,130,0.65,40000,0,100,1,0,100,60,0,100,1,0,100,20,0,100,11.34296325,2.132307287,100,99.997,0.001465082,100,0,0,0,0,0,0.213230729,0.000146508
stigmergy_search_efficient,200,20,60,0,131,0.655,40000,0,100,1,0,100,60,0,100,1,0,100,20,0,100,11.34296325,2.132307287,100,99.997,0.001465082,100,0,0,0,0,0,0.213230729,0.000146508
stigmergy_search_efficient,200,20,60,0,132,0.66,40000,0,100,1,0,100,60,0,100,1,0,100,20,0,100,11.34296325,2.132307287,100,99.997,0.001465082,100,0,0,0,0,0,0.213230729,0.000146508
stigmergy_search_efficient,200,20,60,0,133,0.665,40000,0,100,1,0,100,60,0,100,1,0,100,20,0,100,11.34296325,2.132307287,100,99.997,0.001465082,100,0,0,0,0,0,0.213230729,0.000146508
stigmergy_search_efficient,200,20,60,0,134,0.67,40000,0,100,1,0,100,60,0,100,1,0,100,20,0,100,11.34296325,2.132307287,100,99.997,0.001465082,100,0,0,0,0,0,0.213230729,0.000146508
stigmergy_search_efficient,200,20,60,0,135,0.675,40000,0,100,1,0,100,60,0,100,1,0,100,20,0,100,11.34296325,2.132307287,100,99.997,0.001465082,100,0,0,0,0,0,0.213230729,0.000146508
stigmergy_search_efficient,200,20,60,0,136,0.68,40000,0,100,1,0,100,60,0,100,1,0,100,20,0,100,11.34296325,2.132307287,100,99.997,0.001465082,100,0,0,0,0,0,0.213230729,0.000146508
stigmergy_search_efficient,200,20,60,0,137,0.685,40000,0,100,1,0,100,60,0,100,1,0,100,20,0,100,11.34296325,2.132307287,100,99.997,0.001465082,100,0,0,0,0,0,0.213230729,0.000146508
stigmergy_search_efficient,200,20,60,0,138,0.69,40000,0,100,1,0,100,60,0,100,1,0,100,20,0,100,11.34296325,2.132307287,100,99.997,0.001465082,100,0,0,0,0,0,0.213230729,0.000146508
stigmergy_search_efficient,200,20,60,0,139,0.695,40000,0,100,1,0,100,60,0,100,1,0,100,20,0,100,11.34296325,2.132307287,100,99.997,0.001465082,100,0,0,0,0,0,0.213230729,0.000146508
stigmergy_search_efficient,200,20,60,0,140,0.7,40000,0,100,1,0,100,60,0,100,1,0,100,20,0,100,11.34296325,2.132307287,100,99.997,0.001465082,100,0,0,0,0,0,0.213230729,0.000146508
stigmergy_search_efficient,200,20,60,0,141,0.705,40000,0,100,1,0,100,60,0,100,1,0,100,20,0,100,11.34296325,2.132307287,100,99.997,0.001465082,100,0,0,0,0,0,0.213230729,0.000146508
stigmergy_search_efficient,200,20,60,0,142,0.71,40000,0,100,1,0,100,60,0,100,1,0,100,20,0,100,11.34296325,2.132307287,100,99.997,0.001465082,100,0,0,0,0,0,0.213230729,0.000146508
stigmergy_search_efficient,200,20,60,0,143,0.715,40000,0,100,1,0,100,60,0,100,1,0,100,20,0,100,11.34296325,2.132307287,100,99.997,0.001465082,100,0,0,0,0,0,0.213230729,0.000146508
stigmergy_search_efficient,200,20,60,0,144,0.72,40000,0,100,1,0,100,60,0,100,1,0,100,20,0,100,11.34296325,2.132307287,100,99.997,0.001465082,100,0,0,0,0,0,0.213230729,0.000146508
stigmergy_search_efficient,200,20,60,0,145,0.725,40000,0,100,1,0,100,60,0,100,1,0,100,20,0,100,11.34296325,2.132307287,100,99.997,0.001465082,100,0,0,0,0,0,0.213230729,0.000146508
stigmergy_search_efficient,200,20,60,0,146,0.73,40000,0,100,1,0,100,60,0,100,1,0,100,20,0,100,11.34296325,2.132307287,100,99.997,0.001465082,100,0,0,0,0,0,0.213230729,0.000146508
stigmergy_search_efficient,200,20,60,0,147,0.735,40000,0,100,1,0,100,60,0,100,1,0,100,20,0,100,11.34296325,2.132307287,100,99.997,0.001465082,100,0,0,0,0,0,0.213230729,0.000146508
stigmergy_search_efficient,200,20,60,0,148,0.74,40000,0,100,1,0,100,60,0,100,1,0,100,20,0,100,11.34296325,2.132307287,100,99.997,0.001465082,100,0,0,0,0,0,0.213230729,0.000146508
stigmergy_search_efficient,200,20,60,0,149,0.745,40000,0,100,1,0,100,60,0,100,1,0,100,20,0,100,11.34296325,2.132307287,100,99.997,0.001465082,100,0,0,0,0,0,0.213230729,0.000146508
stigmergy_search_efficient,200,20,60,0,150,0.75,40000,0,100,1,0,100,60,0,100,1,0,100,20,0,100,11.34296325,2.132307287,100,99.997,0.001465082,100,0,0,0,0,0,0.213230729,0.000146508
stigmergy_search_efficient,200,20,60,0,151,0.755,40000,0,100,1,0,100,60,0,100,1,0,100,20,0,100,11.34296325,2.132307287,100,99.997,0.001465082,100,0,0,0,0,0,0.213230729,0.000146508
stigmergy_search_efficient,200,20,60,0,152,0.76,40000,0,100,1,0,100,60,0,100,1,0,100,20,0,100,11.34296325,2.132307287,100,99.997,0.001465082,100,0,0,0,0,0,0.213230729,0.000146508
stigmergy_search_efficient,200,20,60,0,153,0.765,40000,0,100,1,0,100,60,0,100,1,0,100,20,0,100,11.34296325,2.132307287,100,99.997,0.001465082,100,0,0,0,0,0,0.213230729,0.000146508
stigmergy_search_efficient,200,20,60,0,154,0.77,40000,0,100,1,0,100,60,0,100,1,0,100,20,0,100,11.34296325,2.132307287,100,99.997,0.001465082,100,0,0,0,0,0,0.213230729,0.000146508
stigmergy_search_efficient,200,20,60,0,155,0.775,40000,0,100,1,0,100,60,0,100,1,0,100,20,0,100,11.34296325,2.132307287,100,99.997,0.001465082,100,0,0,0,0,0,0.213230729,0.000146508
stigmergy_search_efficient,200,20,60,0,156,0.78,40000,0,100,1,0,100,60,0,100,1,0,100,20,0,100,11.34296325,2.132307287,100,99.997,0.001465082,100,0,0,0,0,0,0.213230729,0.000146508
stigmergy_search_efficient,200,20,60,0,157,0.785,40000,0,100,1,0,100,60,0,100,1,0,100,20,0,100,11.34296325,2.132307287,100,99.997,0.001465082,100,0,0,0,0,0,0.213230729,0.000146508
stigmergy_search_efficient,200,20,60,0,158,0.79,40000,0,100,1,0,100,60,0,100,1,0,100,20,0,100,11.34296325,2.132307287,100,99.997,0.001465082,100,0,0,0,0,0,0.213230729,0.000146508
stigmergy_search_efficient,200,20,60,0,159,0.795,40000,0,100,1,0,100,60,0,100,1,0,100,20,0,100,11.34296325,2.132307287,100,99.997,0.001465082,100,0,0,0,0,0,0.213230729,0.000146508
stigmergy_search_efficient,200,20,60,0,160,0.8,40000,0,100,1,0,100,60,0,100,1,0,100,20,0,100,11.34296325,2.132307287,100,99.997,0.001465082,100,0,0,0,0,0,0.213230729,0.000146508
stigmergy_search_efficient,200,20,60,0,161,0.805,40000,0,100,1,0,100,60,0,100,1,0,100,20,0,100,11.34296325,2.132307287,100,99.997,0.001465082,100,0,0,0,0,0,0.213230729,0.000146508
stigmergy_search_efficient,200,20,60,0,162,0.81,40000,0,100,1,0,100,60,0,100,1,0,100,20,0,100,11.34296325,2.132307287,100,99.997,0.001465082,100,0,0,0,0,0,0.213230729,0.000146508
stigmergy_search_efficient,200,20,60,0,163,0.815,40000,0,100,1,0,100,60,0,100,1,0,100,20,0,100,11.34296325,2.132307287,100,99.997,0.001465082,100,0,0,0,0,0,0.213230729,0.000146508
stigmergy_search_efficient,200,20,60,0,164,0.82,40000,0,100,1,0,100,60,0,100,1,0,100,20,0,100,11.34296325,2.132307287,100,99.997,0.001465082,100,0,0,0,0,0,0.213230729,0.000146508
stigmergy_search_efficient,200,20,60,0,165,0.825,40000,0,100,1,0,100,60,0,100,1,0,100,20,0,100,11.34296325,2.132307287,100,99.997,0.001465082,100,0,0,0,0,0,0.213230729,0.000146508
stigmergy_search_efficient,200,20,60,0,166,0.83,40000,0,100,1,0,100,60,0,100,1,0,100,20,0,100,11.34296325,2.132307287,100,99.997,0.001465082,100,0,0,0,0,0,0.213230729,0.000146508
stigmergy_search_efficient,200,20,60,0,167,0.835,40000,0,100,1,0,100,60,0,100,1,0,100,20,0,100,11.34296325,2.132307287,100,99.997,0.001465082,100,0,0,0,0,0,0.213230729,0.000146508
stigmergy_search_efficient,200,20,60,0,168,0.84,40000,0,100,1,0,100,60,0,100,1,0,100,20,0,100,11.34296325,2.132307287,100,99.997,0.001465082,100,0,0,0,0,0,0.213230729,0.000146508
stigmergy_search_efficient,200,20,60,0,169,0.845,40000,0,100,1,0,100,60,0,100,1,0,100,20,0,100,11.34296325,2.132307287,100,99.997,0.001465082,100,0,0,0,0,0,0.213230729,0.000146508
stigmergy_search_efficient,200,20,60,0,170,0.85,40000,0,100,1,0,100,60,0,100,1,0,100,20,0,100,11.34296325,2.132307287,100,99.997,0.001465082,100,0,0,0,0,0,0.213230729,0.000146508
stigmergy_search_efficient,200,20,60,0,171,0.855,40000,0,100,1,0,100,60,0,100,1,0,100,20,0,100,11.34296325,2.132307287,100,99.997,0.001465082,100,0,0,0,0,0,0.213230729,0.000146508
stigmergy_search_efficient,200,20,60,0,172,0.86,40000,0,100,1,0,100,60,0,100,1,0,100,20,0,100,11.34296325,2.132307287,100,99.997,0.001465082,100,0,0,0,0,0,0.213230729,0.000146508
stigmergy_search_efficient,200,20,60,0,173,0.865,40000,0,100,1,0,100,60,0,100,1,0,100,20,0,100,11.34296325,2.132307287,100,99.997,0.001465082,100,0,0,0,0,0,0.213230729,0.000146508
stigmergy_search_efficient,200,20,60,0,174,0.87,40000,0,100,1,0,100,60,0,100,1,0,100,20,0,100,11.34296325,2.132307287,100,99.997,0.001465082,100,0,0,0,0,0,0.213230729,0.000146508
stigmergy_search_efficient,200,20,60,0,175,0.875,40000,0,100,1,0,100,60,0,100,1,0,100,20,0,100,11.34296325,2.132307287,100,99.997,0.001465082,100,0,0,0,0,0,0.213230729,0.000146508
stigmergy_search_efficient,200,20,60,0,176,0.88,40000,0,100,1,0,100,60,0,100,1,0,100,20,0,100,11.34296325,2.132307287,100,99.997,0.001465082,100,0,0,0,0,0,0.213230729,0.000146508
stigmergy_search_efficient,200,20,60,0,177,0.885,40000,0,100,1,0,100,60,0,100,1,0,100,20,0,100,11.34296325,2.132307287,100,99.997,0.001465082,100,0,0,0,0,0,0.213230729,0.000146508
stigmergy_search_efficient,200,20,60,0,178,0.89,40000,0,100,1,0,100,60,0,100,1,0,100,20,0,100,11.34296325,2.132307287,100,99.997,0.001465082,100,0,0,0,0,0,0.213230729,0.000146508
stigmergy_search_efficient,200,20,60,0,179,0.895,40000,0,100,1,0,100,60,0,100,1,0,100,20,0,100,11.34296325,2.132307287,100,99.997,0.001465082,100,0,0,0,0,0,0.213230729,0.000146508
stigmergy_search_efficient,200,20,60,0,180,0.9,40000,0,100,1,0,100,60,0,100,1,0,100,20,0,100,11.34296325,2.132307287,100,99.997,0.001465082,100,0,0,0,0,0,0.213230729,0.000146508
stigmergy_search_efficient,200,20,60,0,181,0.905,40000,0,100,1,0,100,60,0,100,1,0,100,20,0,100,11.34296325,2.132307287,100,99.997,0.001465082,100,0,0,0,0,0,0.213230729,0.000146508
stigmergy_search_efficient,200,20,60,0,182,0.91,40000,0,100,1,0,100,60,0,100,1,0,100,20,0,100,11.34296325,2.132307287,100,99.997,0.001465082,100,0,0,0,0,0,0.213230729,0.000146508
stigmergy_search_efficient,200,20,60,0,183,0.915,40000,0,100,1,0,100,60,0,100,1,0,100,20,0,100,11.34296325,2.132307287,100,99.997,0.001465082,100,0,0,0,0,0,0.213230729,0.000146508
stigmergy_search_efficient,200,20,60,0,184,0.92,40000,0,100,1,0,100,60,0,100,1,0,100,20,0,100,11.34296325,2.132307287,100,99.997,0.001465082,100,0,0,0,0,0,0.213230729,0.000146508
stigmergy_search_efficient,200,20,60,0,185,0.925,40000,0,100,1,0,100,60,0,100,1,0,100,20,0,100,11.34296325,2.132307287,100,99.997,0.001465082,100,0,0,0,0,0,0.213230729,0.000146508
stigmergy_search_efficient,200,20,60,0,186,0.93,40000,0,100,1,0,100,60,0,100,1,0,100,20,0,100,11.34296325,2.132307287,100,99.997,0.001465082,100,0,0,0,0,0,0.213230729,0.000146508
stigmergy_search_efficient,200,20,60,0,187,0.935,40000,0,100,1,0,100,60,0,100,1,0,100,20,0,100,11.34296325,2.132307287,100,99.997,0.001465082,100,0,0,0,0,0,0.213230729,0.000146508
stigmergy_search_efficient,200,20,60,0,188,0.94,40000,0,100,1,0,100,60,0,100,1,0,100,20,0,100,11.34296325,2.132307287,100,99.997,0.001465082,100,0,0,0,0,0,0.213230729,0.000146508
stigmergy_search_efficient,200,20,60,0,189,0.945,40000,0,100,1,0,100,60,0,100,1,0,100,20,0,100,11.34296325,2.132307287,100,99.997,0.001465082,100,0,0,0,0,0,0.213230729,0.000146508
stigmergy_search_efficient,200,20,60,0,190,0.95,40000,0,100,1,0,100,60,0,100,1,0,100,20,0,100,11.34296325,2.132307287,100,99.997,0.001465082,100,0,0,0,0,0,0.213230729,0.000146508
stigmergy_search_efficient,200,20,60,0,191,0.955,40000,0,100,1,0,100,60,0,100,1,0,100,20,0,100,11.34296325,2.132307287,100,99.997,0.001465082,100,0,0,0,0,0,0.213230729,0.000146508
stigmergy_search_efficient,200,20,60,0,192,0.96,40000,0,100,1,0,100,60,0,100,1,0,100,20,0,100,11.34296325,2.132307287,100,99.997,0.001465082,100,0,0,0,0,0,0.213230729,0.000146508
stigmergy_search_efficient,200,20,60,0,193,0.965,40000,0,100,1,0,100,60,0,100,1,0,100,20,0,100,11.34296325,2.132307287,100,99.997,0.001465082,100,0,0,0,0,0,0.213230729,0.000146508
stigmergy_search_efficient,200,20,60,0,194,0.97,40000,0,100,1,0,100,60,0,100,1,0,100,20,0,100,11.34296325,2.132307287,100,99.997,0.001465082,100,0,0,0,0,0,0.213230729,0.000146508
stigmergy_search_efficient,200,20,60,0,195,0.975,40000,0,100,1,0,100,60,0,100,1,0,100,20,0,100,11.34296325,2.132307287,100,99.997,0.001465082,100,0,0,0,0,0,0.213230729,0.000146508
stigmergy_search_efficient,200,20,60,0,196,0.98,40000,0,100,1,0,100,60,0,100,1,0,100,20,0,100,11.34296325,2.132307287,100,99.997,0.001465082,100,0,0,0,0,0,0.213230729,0.000146508
stigmergy_search_efficient,200,20,60,0,197,0.985,40000,0,100,1,0,100,60,0,100,1,0,100,20,0,100,11.34296325,2.132307287,100,99.997,0.001465082,100,0,0,0,0,0,0.213230729,0.000146508
stigmergy_search_efficient,200,20,60,0,198,0.99,40000,0,100,1,0,100,60,0,100,1,0,100,20,0,100,11.34296325,2.132307287,100,99.997,0.001465082,100,0,0,0,0,0,0.213230729,0.000146508
stigmergy_search_efficient,200,20,60,0,199,0.995,40000,0,100,1,0,100,60,0,100,1,0,100,20,0,100,11.34296325,2.132307287,100,99.997,0.001465082,100,0,0,0,0,0,0.213230729,0.000146508
stigmergy_search_efficient,200,20,60,0,200,1,40000,0,100,1,0,100,60,0,100,1,0,100,20,0,100,11.34296325,2.132307287,100,99.997,0.001465082,100,0,0,0,0,0,0.213230729,0.000146508
stigmergy_search_efficient,250,25,75,0,0,0,0,0,100,0,0,100,0,0,100,0,0,100,25,0,100,0,0,100,0,0,100,0,0,0,0,0,0,0
stigmergy_search_efficient,250,25,75,0,1,0.005,8342.99,196.0484631,100,0.13348784,0.003136775,100,9.24,2.49492414,100,0.1232,0.033265655,100,25,0,100,3.620385151,0.065812785,100,13.154544,0.309251241,100,19.60484631,0.000313678,0.249492414,0.003326566,0,0.006581279,0.030925124
stigmergy_search_efficient,250,25,75,0,2,0.01,15404.19,456.0907825,100,0.24646704,0.007297453,100,18.22,3.881007887,100,0.242933333,0.051746772,100,25,0,100,3.939936911,0.102626118,100,24.487072,0.722591151,100,45.60907825,0.000729745,0.388100789,0.005174677,0,0.010262612,0.072259115
stigmergy_search_efficient,250,25,75,0,3,0.015,21643.17,811.356727,100,0.34629072,0.012981708,100,25.68,4.317874524,100,0.3424,0.05757166,100,25,0,100,4.23183926,0.145759094,100,34.500496,1.290562735,100,81.1356727,0.001298171,0.431787452,0.005757166,0,0.014575909,0.129056273
stigmergy_search_efficient,250,25,75,0,4,0.02,27175.32,1041.144755,100,0.43480512,0.016658316,100,32.29,4.780632222,100,0.430533333,0.063741763,100,25,0,100,4.505472858,0.157926135,100,43.375728,1.66018545,100,104.1144755,0.001665832,0.478063222,0.006374176,0,0.015792613,0.166018545
stigmergy_search_efficient,250,25,75,0,5,0.025,32177.62,1359.15463,100,0.51484192,0.021746474,100,38.37,4.890012497,100,0.5116,0.065200167,100,25,0,100,4.764395732,0.18568853,100,51.394816,2.167129908,100,135.915463,0.002174647,0.48900125,0.006520017,0,0.018568853,0.216712991
stigmergy_search_efficient,250,25,75,0,6,0.03,36676.33,1709.750475,100,0.58682128,0.027356008,100,43.46,5.131443966,100,0.579466667,0.068419253,100,25,0,100,5.022609577,0.217782709,100,58.607328,2.728685514,100,170.9750475,0.002735601,0.513144397,0.006841925,0,0.021778271,0.272868551
stigmergy_search_efficient,250,25,75,0,7,0.035,40582.96,2038.666414,100,0.64932736,0.032618663,100,48.63,5.279376685,100,0.6484,0.070391689,100,25,0,100,5.300521601,0.249508284,100,64.869536,3.256809504,100,203.8666414,0.003261866,0.527937668,0.007039169,0,0.024950828,0.32568095
stigmergy_search_efficient,250,25,75,0,8,0.04,44039.65,2281.149504,100,0.7046344,0.036498392,100,52.84,5.11626442,100,0.704533333,0.068216859,100,25,0,100,5.585844622,0.276028566,100,70.408752,3.646136866,100,228.1149504,0.003649839,0.511626442,0.006821686,0,0.027602857,0.364613687
stigmergy_search_efficient,250,25,75,0,9,0.045,47130.52,2442.106366,100,0.75408832,0.039073702,100,56.72,4.987013438,100,0.756266667,0.066493513,100,25,0,100,5.875223299,0.294126418,100,75.361648,3.903914716,100,244.2106366,0.00390737,0.498701344,0.006649351,0,0.029412642,0.390391472
stigmergy_search_efficient,250,25,75,0,10,0.05,49822.67,2592.833293,100,0.79716272,0.041485333,100,59.65,4.749003085,100,0.795333333,0.063320041,100,25,0,100,6.178545409,0.315184024,100,79.676528,4.147105948,100,259.2833293,0.004148533,0.474900309,0.006332004,0,0.031518402,0.414710595
stigmergy_search_efficient,250,25,75,0,11,0.055,52168.13,2674.878129,100,0.83469008,0.04279805,100,62.34,4.501896346,100,0.8312,0.060025285,100,25,0,100,6.493029376,0.33037321,100,83.435664,4.27848067,100,267.4878129,0.004279805,0.450189635,0.006002528,0,0.033037321,0.427848067
stigmergy_search_efficient,250,25,75,0,12,0.06,54186.48,2667.708374,100,0.86698368,0.042683334,100,64.77,4.485340882,100,0.8636,0.059804545,100,25,0,100,6.821267672,0.336461746,100,86.670448,4.268068094,100,266.7708374,0.004268333,0.448534088,0.005980455,0,0.033646175,0.426806809
stigmergy_search_efficient,250,25,75,0,13,0.065,55881.66,2580.872307,100,0.89410656,0.041293957,100,66.98,4.306396464,100,0.893066667,0.05741862,100,25,0,100,7.166550709,0.334532891,100,89.38816,4.130576623,100,258.0872307,0.004129396,0.430639646,0.005741862,0,0.033453289,0.413057662
stigmergy_search_efficient,250,25,75,0,14,0.07,57283.81,2493.209431,100,0.91654096,0.039891351,100,68.74,3.955867653,100,0.916533333,0.052744902,100,25,0,100,7.529831157,0.333221619,100,91.635296,3.990052755,100,249.3209431,0.003989135,0.395586765,0.00527449,0,0.033322162,0.399005276
stigmergy_search_efficient,250,25,75,0,15,0.075,58425.49,2352.902233,100,0.93480784,0.037646436,100,70.03,3.783149775,100,0.933733333,0.050441997,100,25,0,100,7.91047482,0.324623574,100,93.465216,3.766456628,100,235.2902233,0.003764644,0.378314978,0.0050442,0,0.032462357,0.376645663
stigmergy_search_efficient,250,25,75,0,16,0.08,59387.57,2152.457699,100,0.95020112,0.034439323,100,71.18,3.476849846,100,0.949066667,0.046357998,100,25,0,100,8.300796779,0.306987993,100,95.007456,3.446766185,100,215.2457699,0.003443932,0.347684985,0.0046358,0,0.030698799,0.344676618
stigmergy_search_efficient,250,25,75,0,17,0.085,60142.4,1921.978379,100,0.9622784,0.030751654,100,72.06,2.943302618,100,0.9608,0.039244035,100,25,0,100,8.706948964,0.286247589,100,96.218176,3.078032297,100,192.1978379,0.003075165,0.294330262,0.003924403,0,0.028624759,0.30780323
stigmergy_search_efficient,250,25,75,0,18,0.09,60708.11,1679.535457,100,0.97132976,0.026872567,100,72.76,2.52310535,100,0.970133333,0.033641405,100,25,0,100,9.116717642,0.288874592,100,97.12584,2.690288178,100,167.9535457,0.002687257,0.252310535,0.00336414,0,0.028887459,0.269028818
stigmergy_search_efficient,250,25,75,0,19,0.095,61131.85,1442.531238,100,0.9781096,0.0230805,100,73.22,2.307563322,100,0.976266667,0.030767511,100,25,0,100,9.519061924,0.339702074,100,97.8052,2.310478461,100,144.2531238,0.00230805,0.230756332,0.003076751,0,0.033970207,0.231047846
stigmergy_search_efficient,250,25,75,0,20,0.1,61456.02,1258.166326,100,0.98329632,0.020130661,100,73.53,2.095955702,100,0.9804,0.027946076,100,25,0,100,9.900170561,0.444669782,100,98.325024,2.014845204,100,125.8166326,0.002013066,0.20959557,0.002794608,0,0.044466978,0.20148452
stigmergy_search_efficient,250,25,75,0,21,0.105,61727.41,1102.548518,100,0.98763856,0.017640776,100,73.87,1.941856864,100,0.984933333,0.025891425,100,25,0,100,10.24058702,0.588938373,100,98.759648,1.765694319,100,110.2548518,0.001764078,0.194185686,0.002589142,0,0.058893837,0.176569432
stigmergy_search_efficient,250,25,75,0,22,0.11,61956.57,959.2992945,100,0.99130512,0.015348789,100,74.19,1.667848066,100,0.9892,0.022237974,100,25,0,100,10.547838,0.75203016,100,99.126768,1.536027506,100,95.92992945,0.001534879,0.166784807,0.002223797,0,0.075203016,0.153602751
stigmergy_search_efficient,250,25,75,0,23,0.115,62127.21,849.1016084,100,0.99403536,0.013585626,100,74.5,1.403458931,100,0.993333333,0.018712786,100,25,0,100,10.80525392,0.921047235,100,99.400512,1.359434281,100,84.91016084,0.001358563,0.140345893,0.001871279,0,0.092104723,0.135943428
stigmergy_search_efficient,250,25,75,0,24,0.12,62246.19,745.2410727,100,0.99593904,0.011923857,100,74.65,1.217506974,100,0.995333333,0.016233426,100,25,0,100,11.02190911,1.090276334,100,99.591296,1.19314978,100,74.52410727,0.001192386,0.121750697,0.001623343,0,0.109027633,0.119314978
stigmergy_search_efficient,250,25,75,0,25,0.125,62318.45,667.0195184,100,0.9970952,0.010672312,100,74.76,1.055241846,100,0.9968,0.014069891,100,25,0,100,11.17367828,1.232472769,100,99.707312,1.067562127,100,66.70195184,0.001067231,0.105524185,0.001406989,0,0.123247277,0.106756213
stigmergy_search_efficient,250,25,75,0,26,0.13,62356.2,602.5963354,100,0.9976992,0.009641541,100,74.79,1.047314989,100,0.9972,0.0139642,100,25,0,100,11.27215186,1.346986633,100,99.767824,0.964502301,100,60.25963354,0.000964154,0.104731499,0.00139642,0,0.134698663,0.09645023
stigmergy_search_efficient,250,25,75,0,27,0.135,62381.78,544.1022182,100,0.99810848,0.008705635,100,74.82,0.998787143,100,0.9976,0.013317162,100,25,0,100,11.35148906,1.456062444,100,99.808848,0.870840989,100,54.41022182,0.000870564,0.099878714,0.001331716,0,0.145606244,0.087084099
stigmergy_search_efficient,250,25,75,0,28,0.14,62403.94,487.8282489,100,0.99846304,0.007805252,100,74.87,0.74745359,100,0.998266667,0.009966048,100,25,0,100,11.42135672,1.564293031,100,99.844304,0.780828206,100,48.78282489,0.000780525,0.074745359,0.000996605,0,0.156429303,0.078082821
stigmergy_search_efficient,250,25,75,0,29,0.145,62422.07,438.704826,100,0.99875312,0.007019277,100,74.88,0.742368582,100,0.9984,0.009898248,100,25,0,100,11.48664205,1.675573785,100,99.873264,0.702190302,100,43.8704826,0.000701928,0.074236858,0.000989825,0,0.167557379,0.07021903
stigmergy_search_efficient,250,25,75,0,30,0.15,62438.56,395.1529641,100,0.99901696,0.006322447,100,74.91,0.621093854,100,0.9988,0.008281251,100,25,0,100,11.53588147,1.766948871,100,99.899712,0.632351259,100,39.51529641,0.000632245,0.062109385,0.000828125,0,0.176694887,0.063235126
stigmergy_search_efficient,250,25,75,0,31,0.155,62449.93,358.3782848,100,0.99919888,0.005734053,100,74.93,0.607279078,100,0.999066667,0.008097054,100,25,0,100,11.57410452,1.844555074,100,99.917872,0.573730436,100,35.83782848,0.000573405,0.060727908,0.000809705,0,0.184455507,0.057373044
stigmergy_search_efficient,250,25,75,0,32,0.16,62460.57,325.6471802,100,0.99936912,0.005210355,100,74.94,0.6,100,0.9992,0.008,100,25,0,100,11.60505853,1.912779568,100,99.9348,0.521204901,100,32.56471802,0.000521035,0.06,0.0008,0,0.191277957,0.05212049
stigmergy_search_efficient,250,25,75,0,33,0.165,62468.74,294.8608855,100,0.99949984,0.004717774,100,74.95,0.5,100,0.999333333,0.006666667,100,25,0,100,11.62076191,1.950842694,100,99.947936,0.471911345,100,29.48608855,0.000471777,0.05,0.000666667,0,0.195084269,0.047191134
stigmergy_search_efficient,250,25,75,0,34,0.17,62473.26,267.1980546,100,0.99957216,0.004275169,100,74.95,0.5,100,0.999333333,0.006666667,100,25,0,100,11.63286894,1.98283851,100,99.9552,0.42763732,100,26.71980546,0.000427517,0.05,0.000666667,0,0.198283851,0.042763732
stigmergy_search_efficient,250,25,75,0,35,0.175,62475.97,240.0980631,100,0.99961552,0.003841569,100,74.95,0.5,100,0.999333333,0.006666667,100,25,0,100,11.64217772,2.009666671,100,99.959536,0.384277428,100,24.00980631,0.000384157,0.05,0.000666667,0,0.200966667,0.038427743
stigmergy_search_efficient,250,25,75,0,36,0.18,62478.66,213.1980736,100,0.99965856,0.003411169,100,74.95,0.5,100,0.999333333,0.006666667,100,25,0,100,11.65149732,2.038298511,100,99.96384,0.341237562,100,21.31980736,0.000341117,0.05,0.000666667,0,0.203829851,0.034123756
stigmergy_search_efficient,250,25,75,0,37,0.185,62481.33,186.498087,100,0.99970128,0.002983969,100,74.95,0.5,100,0.999333333,0.006666667,100,25,0,100,11.66080005,2.068570396,100,99.968112,0.298517734,100,18.6498087,0.000298397,0.05,0.000666667,0,0.20685704,0.029851773
stigmergy_search_efficient,250,25,75,0,38,0.19,62484,160,100,0.999744,0.00256,100,74.96,0.4,100,0.999466667,0.005333333,100,25,0,100,11.66530694,2.08457047,100,99.9724,0.256122433,100,16,0.000256,0.04,0.000533333,0,0.208457047,0.025612243
stigmergy_search_efficient,250,25,75,0,39,0.195,62486.63,133.7,100,0.99978608,0.0021392,100,74.97,0.3,100,0.9996,0.004,100,25,0,100,11.6695903,2.100603554,100,99.976608,0.214042673,100,13.37,0.00021392,0.03,0.0004,0,0.210060355,0.021404267
stigmergy_search_efficient,250,25,75,0,40,0.2,62489.24,107.6,100,0.99982784,0.0017216,100,74.97,0.3,100,0.9996,0.004,100,25,0,100,11.67382448,2.117185005,100,99.980784,0.172283027,100,10.76,0.00017216,0.03,0.0004,0,0.2117185,0.017228303
stigmergy_search_efficient,250,25,75,0,41,0.205,62491.88,81.2,100,0.99987008,0.0012992,100,74.97,0.3,100,0.9996,0.004,100,25,0,100,11.67802648,2.13434366,100,99.984992,0.130203613,100,8.12,0.00012992,0.03,0.0004,0,0.213434366,0.013020361
stigmergy_search_efficient,250,25,75,0,42,0.21,62494.45,55.5,100,0.9999112,0.000888,100,74.99,0.1,100,0.999866667,0.001333333,100,25,0,100,11.68222161,2.152156309,100,99.98912,0.088924728,100,5.55,8.88E-05,0.01,0.000133333,0,0.215215631,0.008892473
stigmergy_search_efficient,250,25,75,0,43,0.215,62496.98,30.2,100,0.99995168,0.0004832,100,74.99,0.1,100,0.999866667,0.001333333,100,25,0,100,11.68639128,2.17051956,100,99.993168,0.048447666,100,3.02,4.83E-05,0.01,0.000133333,0,0.217051956,0.004844767
stigmergy_search_efficient,250,25,75,0,44,0.22,62499.36,6.4,100,0.99998976,0.0001024,100,75,0,100,1,0,100,25,0,100,11.69056864,2.189558581,100,99.996992,0.010231815,100,0.64,1.02E-05,0,0,0,0.218955858,0.001023181
stigmergy_search_efficient,250,25,75,0,45,0.225,62500,0,100,1,0,100,75,0,100,1,0,100,25,0,100,11.69288112,2.200368328,100,99.998016,0.000791715,100,0,0,0,0,0,0.220036833,7.92E-05
stigmergy_search_efficient,250,25,75,0,46,0.23,62500,0,100,1,0,100,75,0,100,1,0,100,25,0,100,11.69288112,2.200368328,100,99.998016,0.000791715,100,0,0,0,0,0,0.220036833,7.92E-05
stigmergy_search_efficient,250,25,75,0,47,0.235,62500,0,100,1,0,100,75,0,100,1,0,100,25,0,100,11.69288112,2.200368328,100,99.998016,0.000791715,100,0,0,0,0,0,0.220036833,7.92E-05
stigmergy_search_efficient,250,25,75,0,48,0.24,62500,0,100,1,0,100,75,0,100,1,0,100,25,0,100,11.69288112,2.200368328,100,99.998016,0.000791715,100,0,0,0,0,0,0.220036833,7.92E-05
stigmergy_search_efficient,250,25,75,0,49,0.245,62500,0,100,1,0,100,75,0,100,1,0,100,25,0,100,11.69288112,2.200368328,100,99.998016,0.000791715,100,0,0,0,0,0,0.220036833,7.92E-05
stigmergy_search_efficient,250,25,75,0,50,0.25,62500,0,100,1,0,100,75,0,100,1,0,100,25,0,100,11.69288112,2.200368328,100,99.998016,0.000791715,100,0,0,0,0,0,0.220036833,7.92E-05
stigmergy_search_efficient,250,25,75,0,51,0.255,62500,0,100,1,0,100,75,0,100,1,0,100,25,0,100,11.69288112,2.200368328,100,99.998016,0.000791715,100,0,0,0,0,0,0.220036833,7.92E-05
stigmergy_search_efficient,250,25,75,0,52,0.26,62500,0,100,1,0,100,75,0,100,1,0,100,25,0,100,11.69288112,2.200368328,100,99.998016,0.000791715,100,0,0,0,0,0,0.220036833,7.92E-05
stigmergy_search_efficient,250,25,75,0,53,0.265,62500,0,100,1,0,100,75,0,100,1,0,100,25,0,100,11.69288112,2.200368328,100,99.998016,0.000791715,100,0,0,0,0,0,0.220036833,7.92E-05
stigmergy_search_efficient,250,25,75,0,54,0.27,62500,0,100,1,0,100,75,0,100,1,0,100,25,0,100,11.69288112,2.200368328,100,99.998016,0.000791715,100,0,0,0,0,0,0.220036833,7.92E-05
stigmergy_search_efficient,250,25,75,0,55,0.275,62500,0,100,1,0,100,75,0,100,1,0,100,25,0,100,11.69288112,2.200368328,100,99.998016,0.000791715,100,0,0,0,0,0,0.220036833,7.92E-05
stigmergy_search_efficient,250,25,75,0,56,0.28,62500,0,100,1,0,100,75,0,100,1,0,100,25,0,100,11.69288112,2.200368328,100,99.998016,0.000791715,100,0,0,0,0,0,0.220036833,7.92E-05
stigmergy_search_efficient,250,25,75,0,57,0.285,62500,0,100,1,0,100,75,0,100,1,0,100,25,0,100,11.69288112,2.200368328,100,99.998016,0.000791715,100,0,0,0,0,0,0.220036833,7.92E-05
stigmergy_search_efficient,250,25,75,0,58,0.29,62500,0,100,1,0,100,75,0,100,1,0,100,25,0,100,11.69288112,2.200368328,100,99.998016,0.000791715,100,0,0,0,0,0,0.220036833,7.92E-05
stigmergy_search_efficient,250,25,75,0,59,0.295,62500,0,100,1,0,100,75,0,100,1,0,100,25,0,100,11.69288112,2.200368328,100,99.998016,0.000791715,100,0,0,0,0,0,0.220036833,7.92E-05
stigmergy_search_efficient,250,25,75,0,60,0.3,62500,0,100,1,0,100,75,0,100,1,0,100,25,0,100,11.69288112,2.200368328,100,99.998016,0.000791715,100,0,0,0,0,0,0.220036833,7.92E-05
stigmergy_search_efficient,250,25,75,0,61,0.305,62500,0,100,1,0,100,75,0,100,1,0,100,25,0,100,11.69288112,2.200368328,100,99.998016,0.000791715,100,0,0,0,0,0,0.220036833,7.92E-05
stigmergy_search_efficient,250,25,75,0,62,0.31,62500,0,100,1,0,100,75,0,100,1,0,100,25,0,100,11.69288112,2.200368328,100,99.998016,0.000791715,100,0,0,0,0,0,0.220036833,7.92E-05
stigmergy_search_efficient,250,25,75,0,63,0.315,62500,0,100,1,0,100,75,0,100,1,0,100,25,0,100,11.69288112,2.200368328,100,99.998016,0.000791715,100,0,0,0,0,0,0.220036833,7.92E-05
stigmergy_search_efficient,250,25,75,0,64,0.32,62500,0,100,1,0,100,75,0,100,1,0,100,25,0,100,11.69288112,2.200368328,100,99.998016,0.000791715,100,0,0,0,0,0,0.220036833,7.92E-05
stigmergy_search_efficient,250,25,75,0,65,0.325,62500,0,100,1,0,100,75,0,100,1,0,100,25,0,100,11.69288112,2.200368328,100,99.998016,0.000791715,100,0,0,0,0,0,0.220036833,7.92E-05
stigmergy_search_efficient,250,25,75,0,66,0.33,62500,0,100,1,0,100,75,0,100,1,0,100,25,0,100,11.69288112,2.200368328,100,99.998016,0.000791715,100,0,0,0,0,0,0.220036833,7.92E-05
stigmergy_search_efficient,250,25,75,0,67,0.335,62500,0,100,1,0,100,75,0,100,1,0,100,25,0,100,11.69288112,2.200368328,100,99.998016,0.000791715,100,0,0,0,0,0,0.220036833,7.92E-05
stigmergy_search_efficient,250,25,75,0,68,0.34,62500,0,100,1,0,100,75,0,100,1,0,100,25,0,100,11.69288112,2.200368328,100,99.998016,0.000791715,100,0,0,0,0,0,0.220036833,7.92E-05
stigmergy_search_efficient,250,25,75,0,69,0.345,62500,0,100,1,0,100,75,0,100,1,0,100,25,0,100,11.69288112,2.200368328,100,99.998016,0.000791715,100,0,0,0,0,0,0.220036833,7.92E-05
stigmergy_search_efficient,250,25,75,0,70,0.35,62500,0,100,1,0,100,75,0,100,1,0,100,25,0,100,11.69288112,2.200368328,100,99.998016,0.000791715,100,0,0,0,0,0,0.220036833,7.92E-05
stigmergy_search_efficient,250,25,75,0,71,0.355,62500,0,100,1,0,100,75,0,100,1,0,100,25,0,100,11.69288112,2.200368328,100,99.998016,0.000791715,100,0,0,0,0,0,0.220036833,7.92E-05
stigmergy_search_efficient,250,25,75,0,72,0.36,62500,0,100,1,0,100,75,0,100,1,0,100,25,0,100,11.69288112,2.200368328,100,99.998016,0.000791715,100,0,0,0,0,0,0.220036833,7.92E-05
stigmergy_search_efficient,250,25,75,0,73,0.365,62500,0,100,1,0,100,75,0,100,1,0,100,25,0,100,11.69288112,2.200368328,100,99.998016,0.000791715,100,0,0,0,0,0,0.220036833,7.92E-05
stigmergy_search_efficient,250,25,75,0,74,0.37,62500,0,100,1,0,100,75,0,100,1,0,100,25,0,100,11.69288112,2.200368328,100,99.998016,0.000791715,100,0,0,0,0,0,0.220036833,7.92E-05
stigmergy_search_efficient,250,25,75,0,75,0.375,62500,0,100,1,0,100,75,0,100,1,0,100,25,0,100,11.69288112,2.200368328,100,99.998016,0.000791715,100,0,0,0,0,0,0.220036833,7.92E-05
stigmergy_search_efficient,250,25,75,0,76,0.38,62500,0,100,1,0,100,75,0,100,1,0,100,25,0,100,11.69288112,2.200368328,100,99.998016,0.000791715,100,0,0,0,0,0,0.220036833,7.92E-05
stigmergy_search_efficient,250,25,75,0,77,0.385,62500,0,100,1,0,100,75,0,100,1,0,100,25,0,100,11.69288112,2.200368328,100,99.998016,0.000791715,100,0,0,0,0,0,0.220036833,7.92E-05
stigmergy_search_efficient,250,25,75,0,78,0.39,62500,0,100,1,0,100,75,0,100,1,0,100,25,0,100,11.69288112,2.200368328,100,99.998016,0.000791715,100,0,0,0,0,0,0.220036833,7.92E-05
stigmergy_search_efficient,250,25,75,0,79,0.395,62500,0,100,1,0,100,75,0,100,1,0,100,25,0,100,11.69288112,2.200368328,100,99.998016,0.000791715,100,0,0,0,0,0,0.220036833,7.92E-05
stigmergy_search_efficient,250,25,75,0,80,0.4,62500,0,100,1,0,100,75,0,100,1,0,100,25,0,100,11.69288112,2.200368328,100,99.998016,0.000791715,100,0,0,0,0,0,0.220036833,7.92E-05
stigmergy_search_efficient,250,25,75,0,81,0.405,62500,0,100,1,0,100,75,0,100,1,0,100,25,0,100,11.69288112,2.200368328,100,99.998016,0.000791715,100,0,0,0,0,0,0.220036833,7.92E-05
stigmergy_search_efficient,250,25,75,0,82,0.41,62500,0,100,1,0,100,75,0,100,1,0,100,25,0,100,11.69288112,2.200368328,100,99.998016,0.000791715,100,0,0,0,0,0,0.220036833,7.92E-05
stigmergy_search_efficient,250,25,75,0,83,0.415,62500,0,100,1,0,100,75,0,100,1,0,100,25,0,100,11.69288112,2.200368328,100,99.998016,0.000791715,100,0,0,0,0,0,0.220036833,7.92E-05
stigmergy_search_efficient,250,25,75,0,84,0.42,62500,0,100,1,0,100,75,0,100,1,0,100,25,0,100,11.69288112,2.200368328,100,99.998016,0.000791715,100,0,0,0,0,0,0.220036833,7.92E-05
stigmergy_search_efficient,250,25,75,0,85,0.425,62500,0,100,1,0,100,75,0,100,1,0,100,25,0,100,11.69288112,2.200368328,100,99.998016,0.000791715,100,0,0,0,0,0,0.220036833,7.92E-05
stigmergy_search_efficient,250,25,75,0,86,0.43,62500,0,100,1,0,100,75,0,100,1,0,100,25,0,100,11.69288112,2.200368328,100,99.998016,0.000791715,100,0,0,0,0,0,0.220036833,7.92E-05
stigmergy_search_efficient,250,25,75,0,87,0.435,62500,0,100,1,0,100,75,0,100,1,0,100,25,0,100,11.69288112,2.200368328,100,99.998016,0.000791715,100,0,0,0,0,0,0.220036833,7.92E-05
stigmergy_search_efficient,250,25,75,0,88,0.44,62500,0,100,1,0,100,75,0,100,1,0,100,25,0,100,11.69288112,2.200368328,100,99.998016,0.000791715,100,0,0,0,0,0,0.220036833,7.92E-05
stigmergy_search_efficient,250,25,75,0,89,0.445,62500,0,100,1,0,100,75,0,100,1,0,100,25,0,100,11.69288112,2.200368328,100,99.998016,0.000791715,100,0,0,0,0,0,0.220036833,7.92E-05
stigmergy_search_efficient,250,25,75,0,90,0.45,62500,0,100,1,0,100,75,0,100,1,0,100,25,0,100,11.69288112,2.200368328,100,99.998016,0.000791715,100,0,0,0,0,0,0.220036833,7.92E-05
stigmergy_search_efficient,250,25,75,0,91,0.455,62500,0,100,1,0,100,75,0,100,1,0,100,25,0,100,11.69288112,2.200368328,100,99.998016,0.000791715,100,0,0,0,0,0,0.220036833,7.92E-05
stigmergy_search_efficient,250,25,75,0,92,0.46,62500,0,100,1,0,100,75,0,100,1,0,100,25,0,100,11.69288112,2.200368328,100,99.998016,0.000791715,100,0,0,0,0,0,0.220036833,7.92E-05
stigmergy_search_efficient,250,25,75,0,93,0.465,62500,0,100,1,0,100,75,0,100,1,0,100,25,0,100,11.69288112,2.200368328,100,99.998016,0.000791715,100,0,0,0,0,0,0.220036833,7.92E-05
stigmergy_search_efficient,250,25,75,0,94,0.47,62500,0,100,1,0,100,75,0,100,1,0,100,25,0,100,11.69288112,2.200368328,100,99.998016,0.000791715,100,0,0,0,0,0,0.220036833,7.92E-05
stigmergy_search_efficient,250,25,75,0,95,0.475,62500,0,100,1,0,100,75,0,100,1,0,100,25,0,100,11.69288112,2.200368328,100,99.998016,0.000791715,100,0,0,0,0,0,0.220036833,7.92E-05
stigmergy_search_efficient,250,25,75,0,96,0.48,62500,0,100,1,0,100,75,0,100,1,0,100,25,0,100,11.69288112,2.200368328,100,99.998016,0.000791715,100,0,0,0,0,0,0.220036833,7.92E-05
stigmergy_search_efficient,250,25,75,0,97,0.485,62500,0,100,1,0,100,75,0,100,1,0,100,25,0,100,11.69288112,2.200368328,100,99.998016,0.000791715,100,0,0,0,0,0,0.220036833,7.92E-05
stigmergy_search_efficient,250,25,75,0,98,0.49,62500,0,100,1,0,100,75,0,100,1,0,100,25,0,100,11.69288112,2.200368328,100,99.998016,0.000791715,100,0,0,0,0,0,0.220036833,7.92E-05
stigmergy_search_efficient,250,25,75,0,99,0.495,62500,0,100,1,0,100,75,0,100,1,0,100,25,0,100,11.69288112,2.200368328,100,99.998016,0.000791715,100,0,0,0,0,0,0.220036833,7.92E-05
stigmergy_search_efficient,250,25,75,0,100,0.5,62500,0,100,1,0,100,75,0,100,1,0,100,25,0,100,11.69288112,2.200368328,100,99.998016,0.000791715,100,0,0,0,0,0,0.220036833,7.92E-05
stigmergy_search_efficient,250,25,75,0,101,0.505,62500,0,100,1,0,100,75,0,100,1,0,100,25,0,100,11.69288112,2.200368328,100,99.998016,0.000791715,100,0,0,0,0,0,0.220036833,7.92E-05
stigmergy_search_efficient,250,25,75,0,102,0.51,62500,0,100,1,0,100,75,0,100,1,0,100,25,0,100,11.69288112,2.200368328,100,99.998016,0.000791715,100,0,0,0,0,0,0.220036833,7.92E-05
stigmergy_search_efficient,250,25,75,0,103,0.515,62500,0,100,1,0,100,75,0,100,1,0,100,25,0,100,11.69288112,2.200368328,100,99.998016,0.000791715,100,0,0,0,0,0,0.220036833,7.92E-05
stigmergy_search_efficient,250,25,75,0,104,0.52,62500,0,100,1,0,100,75,0,100,1,0,100,25,0,100,11.69288112,2.200368328,100,99.998016,0.000791715,100,0,0,0,0,0,0.220036833,7.92E-05
stigmergy_search_efficient,250,25,75,0,105,0.525,62500,0,100,1,0,100,75,0,100,1,0,100,25,0,100,11.69288112,2.200368328,100,99.998016,0.000791715,100,0,0,0,0,0,0.220036833,7.92E-05
stigmergy_search_efficient,250,25,75,0,106,0.53,62500,0,100,1,0,100,75,0,100,1,0,100,25,0,100,11.69288112,2.200368328,100,99.998016,0.000791715,100,0,0,0,0,0,0.220036833,7.92E-05
stigmergy_search_efficient,250,25,75,0,107,0.535,62500,0,100,1,0,100,75,0,100,1,0,100,25,0,100,11.69288112,2.200368328,100,99.998016,0.000791715,100,0,0,0,0,0,0.220036833,7.92E-05
stigmergy_search_efficient,250,25,75,0,108,0.54,62500,0,100,1,0,100,75,0,100,1,0,100,25,0,100,11.69288112,2.200368328,100,99.998016,0.000791715,100,0,0,0,0,0,0.220036833,7.92E-05
stigmergy_search_efficient,250,25,75,0,109,0.545,62500,0,100,1,0,100,75,0,100,1,0,100,25,0,100,11.69288112,2.200368328,100,99.998016,0.000791715,100,0,0,0,0,0,0.220036833,7.92E-05
stigmergy_search_efficient,250,25,75,0,110,0.55,62500,0,100,1,0,100,75,0,100,1,0,100,25,0,100,11.69288112,2.200368328,100,99.998016,0.000791715,100,0,0,0,0,0,0.220036833,7.92E-05
stigmergy_search_efficient,250,25,75,0,111,0.555,62500,0,100,1,0,100,75,0,100,1,0,100,25,0,100,11.69288112,2.200368328,100,99.998016,0.000791715,100,0,0,0,0,0,0.220036833,7.92E-05
stigmergy_search_efficient,250,25,75,0,112,0.56,62500,0,100,1,0,100,75,0,100,1,0,100,25,0,100,11.69288112,2.200368328,100,99.998016,0.000791715,100,0,0,0,0,0,0.220036833,7.92E-05
stigmergy_search_efficient,250,25,75,0,113,0.565,62500,0,100,1,0,100,75,0,100,1,0,100,25,0,100,11.69288112,2.200368328,100,99.998016,0.000791715,100,0,0,0,0,0,0.220036833,7.92E-05
stigmergy_search_efficient,250,25,75,0,114,0.57,62500,0,100,1,0,100,75,0,100,1,0,100,25,0,100,11.69288112,2.200368328,100,99.998016,0.000791715,100,0,0,0,0,0,0.220036833,7.92E-05
stigmergy_search_efficient,250,25,75,0,115,0.575,62500,0,100,1,0,100,75,0,100,1,0,100,25,0,100,11.69288112,2.200368328,100,99.998016,0.000791715,100,0,0,0,0,0,0.220036833,7.92E-05
stigmergy_search_efficient,250,25,75,0,116,0.58,62500,0,100,1,0,100,75,0,100,1,0,100,25,0,100,11.69288112,2.200368328,100,99.998016,0.000791715,100,0,0,0,0,0,0.220036833,7.92E-05
stigmergy_search_efficient,250,25,75,0,117,0.585,62500,0,100,1,0,100,75,0,100,1,0,100,25,0,100,11.69288112,2.200368328,100,99.998016,0.000791715,100,0,0,0,0,0,0.220036833,7.92E-05
stigmergy_search_efficient,250,25,75,0,118,0.59,62500,0,100,1,0,100,75,0,100,1,0,100,25,0,100,11.69288112,2.200368328,100,99.998016,0.000791715,100,0,0,0,0,0,0.220036833,7.92E-05
stigmergy_search_efficient,250,25,75,0,119,0.595,62500,0,100,1,0,100,75,0,100,1,0,100,25,0,100,11.69288112,2.200368328,100,99.998016,0.000791715,100,0,0,0,0,0,0.220036833,7.92E-05
stigmergy_search_efficient,250,25,75,0,120,0.6,62500,0,100,1,0,100,75,0,100,1,0,100,25,0,100,11.69288112,2.200368328,100,99.998016,0.000791715,100,0,0,0,0,0,0.220036833,7.92E-05
stigmergy_search_efficient,250,25,75,0,121,0.605,62500,0,100,1,0,100,75,0,100,1,0,100,25,0,100,11.69288112,2.200368328,100,99.998016,0.000791715,100,0,0,0,0,0,0.220036833,7.92E-05
stigmergy_search_efficient,250,25,75,0,122,0.61,62500,0,100,1,0,100,75,0,100,1,0,100,25,0,100,11.69288112,2.200368328,100,99.998016,0.000791715,100,0,0,0,0,0,0.220036833,7.92E-05
stigmergy_search_efficient,250,25,75,0,123,0.615,62500,0,100,1,0,100,75,0,100,1,0,100,25,0,100,11.69288112,2.200368328,100,99.998016,0.000791715,100,0,0,0,0,0,0.220036833,7.92E-05
stigmergy_search_efficient,250,25,75,0,124,0.62,62500,0,100,1,0,100,75,0,100,1,0,100,25,0,100,11.69288112,2.200368328,100,99.998016,0.000791715,100,0,0,0,0,0,0.220036833,7.92E-05
stigmergy_search_efficient,250,25,75,0,125,0.625,62500,0,100,1,0,100,75,0,100,1,0,100,25,0,100,11.69288112,2.200368328,100,99.998016,0.000791715,100,0,0,0,0,0,0.220036833,7.92E-05
stigmergy_search_efficient,250,25,75,0,126,0.63,62500,0,100,1,0,100,75,0,100,1,0,100,25,0,100,11.69288112,2.200368328,100,99.998016,0.000791715,100,0,0,0,0,0,0.220036833,7.92E-05
stigmergy_search_efficient,250,25,75,0,127,0.635,62500,0,100,1,0,100,75,0,100,1,0,100,25,0,100,11.69288112,2.200368328,100,99.998016,0.000791715,100,0,0,0,0,0,0.220036833,7.92E-05
stigmergy_search_efficient,250,25,75,0,128,0.64,62500,0,100,1,0,100,75,0,100,1,0,100,25,0,100,11.69288112,2.200368328,100,99.998016,0.000791715,100,0,0,0,0,0,0.220036833,7.92E-05
stigmergy_search_efficient,250,25,75,0,129,0.645,62500,0,100,1,0,100,75,0,100,1,0,100,25,0,100,11.69288112,2.200368328,100,99.998016,0.000791715,100,0,0,0,0,0,0.220036833,7.92E-05
stigmergy_search_efficient,250,25,75,0,130,0.65,62500,0,100,1,0,100,75,0,100,1,0,100,25,0,100,11.69288112,2.200368328,100,99.998016,0.000791715,100,0,0,0,0,0,0.220036833,7.92E-05
stigmergy_search_efficient,250,25,75,0,131,0.655,62500,0,100,1,0,100,75,0,100,1,0,100,25,0,100,11.69288112,2.200368328,100,99.998016,0.000791715,100,0,0,0,0,0,0.220036833,7.92E-05
stigmergy_search_efficient,250,25,75,0,132,0.66,62500,0,100,1,0,100,75,0,100,1,0,100,25,0,100,11.69288112,2.200368328,100,99.998016,0.000791715,100,0,0,0,0,0,0.220036833,7.92E-05
stigmergy_search_efficient,250,25,75,0,133,0.665,62500,0,100,1,0,100,75,0,100,1,0,100,25,0,100,11.69288112,2.200368328,100,99.998016,0.000791715,100,0,0,0,0,0,0.220036833,7.92E-05
stigmergy_search_efficient,250,25,75,0,134,0.67,62500,0,100,1,0,100,75,0,100,1,0,100,25,0,100,11.69288112,2.200368328,100,99.998016,0.000791715,100,0,0,0,0,0,0.220036833,7.92E-05
stigmergy_search_efficient,250,25,75,0,135,0.675,62500,0,100,1,0,100,75,0,100,1,0,100,25,0,100,11.69288112,2.200368328,100,99.998016,0.000791715,100,0,0,0,0,0,0.220036833,7.92E-05
stigmergy_search_efficient,250,25,75,0,136,0.68,62500,0,100,1,0,100,75,0,100,1,0,100,25,0,100,11.69288112,2.200368328,100,99.998016,0.000791715,100,0,0,0,0,0,0.220036833,7.92E-05
stigmergy_search_efficient,250,25,75,0,137,0.685,62500,0,100,1,0,100,75,0,100,1,0,100,25,0,100,11.69288112,2.200368328,100,99.998016,0.000791715,100,0,0,0,0,0,0.220036833,7.92E-05
stigmergy_search_efficient,250,25,75,0,138,0.69,62500,0,100,1,0,100,75,0,100,1,0,100,25,0,100,11.69288112,2.200368328,100,99.998016,0.000791715,100,0,0,0,0,0,0.220036833,7.92E-05
stigmergy_search_efficient,250,25,75,0,139,0.695,62500,0,100,1,0,100,75,0,100,1,0,100,25,0,100,11.69288112,2.200368328,100,99.998016,0.000791715,100,0,0,0,0,0,0.220036833,7.92E-05
stigmergy_search_efficient,250,25,75,0,140,0.7,62500,0,100,1,0,100,75,0,100,1,0,100,25,0,100,11.69288112,2.200368328,100,99.998016,0.000791715,100,0,0,0,0,0,0.220036833,7.92E-05
stigmergy_search_efficient,250,25,75,0,141,0.705,62500,0,100,1,0,100,75,0,100,1,0,100,25,0,100,11.69288112,2.200368328,100,99.998016,0.000791715,100,0,0,0,0,0,0.220036833,7.92E-05
stigmergy_search_efficient,250,25,75,0,142,0.71,62500,0,100,1,0,100,75,0,100,1,0,100,25,0,100,11.69288112,2.200368328,100,99.998016,0.000791715,100,0,0,0,0,0,0.220036833,7.92E-05
stigmergy_search_efficient,250,25,75,0,143,0.715,62500,0,100,1,0,100,75,0,100,1,0,100,25,0,100,11.69288112,2.200368328,100,99.998016,0.000791715,100,0,0,0,0,0,0.220036833,7.92E-05
stigmergy_search_efficient,250,25,75,0,144,0.72,62500,0,100,1,0,100,75,0,100,1,0,100,25,0,100,11.69288112,2.200368328,100,99.998016,0.000791715,100,0,0,0,0,0,0.220036833,7.92E-05
stigmergy_search_efficient,250,25,75,0,145,0.725,62500,0,100,1,0,100,75,0,100,1,0,100,25,0,100,11.69288112,2.200368328,100,99.998016,0.000791715,100,0,0,0,0,0,0.220036833,7.92E-05
stigmergy_search_efficient,250,25,75,0,146,0.73,62500,0,100,1,0,100,75,0,100,1,0,100,25,0,100,11.69288112,2.200368328,100,99.998016,0.000791715,100,0,0,0,0,0,0.220036833,7.92E-05
stigmergy_search_efficient,250,25,75,0,147,0.735,62500,0,100,1,0,100,75,0,100,1,0,100,25,0,100,11.69288112,2.200368328,100,99.998016,0.000791715,100,0,0,0,0,0,0.220036833,7.92E-05
stigmergy_search_efficient,250,25,75,0,148,0.74,62500,0,100,1,0,100,75,0,100,1,0,100,25,0,100,11.69288112,2.200368328,100,99.998016,0.000791715,100,0,0,0,0,0,0.220036833,7.92E-05
stigmergy_search_efficient,250,25,75,0,149,0.745,62500,0,100,1,0,100,75,0,100,1,0,100,25,0,100,11.69288112,2.200368328,100,99.998016,0.000791715,100,0,0,0,0,0,0.220036833,7.92E-05
stigmergy_search_efficient,250,25,75,0,150,0.75,62500,0,100,1,0,100,75,0,100,1,0,100,25,0,100,11.69288112,2.200368328,100,99.998016,0.000791715,100,0,0,0,0,0,0.220036833,7.92E-05
stigmergy_search_efficient,250,25,75,0,151,0.755,62500,0,100,1,0,100,75,0,100,1,0,100,25,0,100,11.69288112,2.200368328,100,99.998016,0.000791715,100,0,0,0,0,0,0.220036833,7.92E-05
stigmergy_search_efficient,250,25,75,0,152,0.76,62500,0,100,1,0,100,75,0,100,1,0,100,25,0,100,11.69288112,2.200368328,100,99.998016,0.000791715,100,0,0,0,0,0,0.220036833,7.92E-05
stigmergy_search_efficient,250,25,75,0,153,0.765,62500,0,100,1,0,100,75,0,100,1,0,100,25,0,100,11.69288112,2.200368328,100,99.998016,0.000791715,100,0,0,0,0,0,0.220036833,7.92E-05
stigmergy_search_efficient,250,25,75,0,154,0.77,62500,0,100,1,0,100,75,0,100,1,0,100,25,0,100,11.69288112,2.200368328,100,99.998016,0.000791715,100,0,0,0,0,0,0.220036833,7.92E-05
stigmergy_search_efficient,250,25,75,0,155,0.775,62500,0,100,1,0,100,75,0,100,1,0,100,25,0,100,11.69288112,2.200368328,100,99.998016,0.000791715,100,0,0,0,0,0,0.220036833,7.92E-05
stigmergy_search_efficient,250,25,75,0,156,0.78,62500,0,100,1,0,100,75,0,100,1,0,100,25,0,100,11.69288112,2.200368328,100,99.998016,0.000791715,100,0,0,0,0,0,0.220036833,7.92E-05
stigmergy_search_efficient,250,25,75,0,157,0.785,62500,0,100,1,0,100,75,0,100,1,0,100,25,0,100,11.69288112,2.200368328,100,99.998016,0.000791715,100,0,0,0,0,0,0.220036833,7.92E-05
stigmergy_search_efficient,250,25,75,0,158,0.79,62500,0,100,1,0,100,75,0,100,1,0,100,25,0,100,11.69288112,2.200368328,100,99.998016,0.000791715,100,0,0,0,0,0,0.220036833,7.92E-05
stigmergy_search_efficient,250,25,75,0,159,0.795,62500,0,100,1,0,100,75,0,100,1,0,100,25,0,100,11.69288112,2.200368328,100,99.998016,0.000791715,100,0,0,0,0,0,0.220036833,7.92E-05
stigmergy_search_efficient,250,25,75,0,160,0.8,62500,0,100,1,0,100,75,0,100,1,0,100,25,0,100,11.69288112,2.200368328,100,99.998016,0.000791715,100,0,0,0,0,0,0.220036833,7.92E-05
stigmergy_search_efficient,250,25,75,0,161,0.805,62500,0,100,1,0,100,75,0,100,1,0,100,25,0,100,11.69288112,2.200368328,100,99.998016,0.000791715,100,0,0,0,0,0,0.220036833,7.92E-05
stigmergy_search_efficient,250,25,75,0,162,0.81,62500,0,100,1,0,100,75,0,100,1,0,100,25,0,100,11.69288112,2.200368328,100,99.998016,0.000791715,100,0,0,0,0,0,0.220036833,7.92E-05
stigmergy_search_efficient,250,25,75,0,163,0.815,62500,0,100,1,0,100,75,0,100,1,0,100,25,0,100,11.69288112,2.200368328,100,99.998016,0.000791715,100,0,0,0,0,0,0.220036833,7.92E-05
stigmergy_search_efficient,250,25,75,0,164,0.82,62500,0,100,1,0,100,75,0,100,1,0,100,25,0,100,11.69288112,2.200368328,100,99.998016,0.000791715,100,0,0,0,0,0,0.220036833,7.92E-05
stigmergy_search_efficient,250,25,75,0,165,0.825,62500,0,100,1,0,100,75,0,100,1,0,100,25,0,100,11.69288112,2.200368328,100,99.998016,0.000791715,100,0,0,0,0,0,0.220036833,7.92E-05
stigmergy_search_efficient,250,25,75,0,166,0.83,62500,0,100,1,0,100,75,0,100,1,0,100,25,0,100,11.69288112,2.200368328,100,99.998016,0.000791715,100,0,0,0,0,0,0.220036833,7.92E-05
stigmergy_search_efficient,250,25,75,0,167,0.835,62500,0,100,1,0,100,75,0,100,1,0,100,25,0,100,11.69288112,2.200368328,100,99.998016,0.000791715,100,0,0,0,0,0,0.220036833,7.92E-05
stigmergy_search_efficient,250,25,75,0,168,0.84,62500,0,100,1,0,100,75,0,100,1,0,100,25,0,100,11.69288112,2.200368328,100,99.998016,0.000791715,100,0,0,0,0,0,0.220036833,7.92E-05
stigmergy_search_efficient,250,25,75,0,169,0.845,62500,0,100,1,0,100,75,0,100,1,0,100,25,0,100,11.69288112,2.200368328,100,99.998016,0.000791715,100,0,0,0,0,0,0.220036833,7.92E-05
stigmergy_search_efficient,250,25,75,0,170,0.85,62500,0,100,1,0,100,75,0,100,1,0,100,25,0,100,11.69288112,2.200368328,100,99.998016,0.000791715,100,0,0,0,0,0,0.220036833,7.92E-05
stigmergy_search_efficient,250,25,75,0,171,0.855,62500,0,100,1,0,100,75,0,100,1,0,100,25,0,100,11.69288112,2.200368328,100,99.998016,0.000791715,100,0,0,0,0,0,0.220036833,7.92E-05
stigmergy_search_efficient,250,25,75,0,172,0.86,62500,0,100,1,0,100,75,0,100,1,0,100,25,0,100,11.69288112,2.200368328,100,99.998016,0.000791715,100,0,0,0,0,0,0.220036833,7.92E-05
stigmergy_search_efficient,250,25,75,0,173,0.865,62500,0,100,1,0,100,75,0,100,1,0,100,25,0,100,11.69288112,2.200368328,100,99.998016,0.000791715,100,0,0,0,0,0,0.220036833,7.92E-05
stigmergy_search_efficient,250,25,75,0,174,0.87,62500,0,100,1,0,100,75,0,100,1,0,100,25,0,100,11.69288112,2.200368328,100,99.998016,0.000791715,100,0,0,0,0,0,0.220036833,7.92E-05
stigmergy_search_efficient,250,25,75,0,175,0.875,62500,0,100,1,0,100,75,0,100,1,0,100,25,0,100,11.69288112,2.200368328,100,99.998016,0.000791715,100,0,0,0,0,0,0.220036833,7.92E-05
stigmergy_search_efficient,250,25,75,0,176,0.88,62500,0,100,1,0,100,75,0,100,1,0,100,25,0,100,11.69288112,2.200368328,100,99.998016,0.000791715,100,0,0,0,0,0,0.220036833,7.92E-05
stigmergy_search_efficient,250,25,75,0,177,0.885,62500,0,100,1,0,100,75,0,100,1,0,100,25,0,100,11.69288112,2.200368328,100,99.998016,0.000791715,100,0,0,0,0,0,0.220036833,7.92E-05
stigmergy_search_efficient,250,25,75,0,178,0.89,62500,0,100,1,0,100,75,0,100,1,0,100,25,0,100,11.69288112,2.200368328,100,99.998016,0.000791715,100,0,0,0,0,0,0.220036833,7.92E-05
stigmergy_search_efficient,250,25,75,0,179,0.895,62500,0,100,1,0,100,75,0,100,1,0,100,25,0,100,11.69288112,2.200368328,100,99.998016,0.000791715,100,0,0,0,0,0,0.220036833,7.92E-05
stigmergy_search_efficient,250,25,75,0,180,0.9,62500,0,100,1,0,100,75,0,100,1,0,100,25,0,100,11.69288112,2.200368328,100,99.998016,0.000791715,100,0,0,0,0,0,0.220036833,7.92E-05
stigmergy_search_efficient,250,25,75,0,181,0.905,62500,0,100,1,0,100,75,0,100,1,0,100,25,0,100,11.69288112,2.200368328,100,99.998016,0.000791715,100,0,0,0,0,0,0.220036833,7.92E-05
stigmergy_search_efficient,250,25,75,0,182,0.91,62500,0,100,1,0,100,75,0,100,1,0,100,25,0,100,11.69288112,2.200368328,100,99.998016,0.000791715,100,0,0,0,0,0,0.220036833,7.92E-05
stigmergy_search_efficient,250,25,75,0,183,0.915,62500,0,100,1,0,100,75,0,100,1,0,100,25,0,100,11.69288112,2.200368328,100,99.998016,0.000791715,100,0,0,0,0,0,0.220036833,7.92E-05
stigmergy_search_efficient,250,25,75,0,184,0.92,62500,0,100,1,0,100,75,0,100,1,0,100,25,0,100,11.69288112,2.200368328,100,99.998016,0.000791715,100,0,0,0,0,0,0.220036833,7.92E-05
stigmergy_search_efficient,250,25,75,0,185,0.925,62500,0,100,1,0,100,75,0,100,1,0,100,25,0,100,11.69288112,2.200368328,100,99.998016,0.000791715,100,0,0,0,0,0,0.220036833,7.92E-05
stigmergy_search_efficient,250,25,75,0,186,0.93,62500,0,100,1,0,100,75,0,100,1,0,100,25,0,100,11.69288112,2.200368328,100,99.998016,0.000791715,100,0,0,0,0,0,0.220036833,7.92E-05
stigmergy_search_efficient,250,25,75,0,187,0.935,62500,0,100,1,0,100,75,0,100,1,0,100,25,0,100,11.69288112,2.200368328,100,99.998016,0.000791715,100,0,0,0,0,0,0.220036833,7.92E-05
stigmergy_search_efficient,250,25,75,0,188,0.94,62500,0,100,1,0,100,75,0,100,1,0,100,25,0,100,11.69288112,2.200368328,100,99.998016,0.000791715,100,0,0,0,0,0,0.220036833,7.92E-05
stigmergy_search_efficient,250,25,75,0,189,0.945,62500,0,100,1,0,100,75,0,100,1,0,100,25,0,100,11.69288112,2.200368328,100,99.998016,0.000791715,100,0,0,0,0,0,0.220036833,7.92E-05
stigmergy_search_efficient,250,25,75,0,190,0.95,62500,0,100,1,0,100,75,0,100,1,0,100,25,0,100,11.69288112,2.200368328,100,99.998016,0.000791715,100,0,0,0,0,0,0.220036833,7.92E-05
stigmergy_search_efficient,250,25,75,0,191,0.955,62500,0,100,1,0,100,75,0,100,1,0,100,25,0,100,11.69288112,2.200368328,100,99.998016,0.000791715,100,0,0,0,0,0,0.220036833,7.92E-05
stigmergy_search_efficient,250,25,75,0,192,0.96,62500,0,100,1,0,100,75,0,100,1,0,100,25,0,100,11.69288112,2.200368328,100,99.998016,0.000791715,100,0,0,0,0,0,0.220036833,7.92E-05
stigmergy_search_efficient,250,25,75,0,193,0.965,62500,0,100,1,0,100,75,0,100,1,0,100,25,0,100,11.69288112,2.200368328,100,99.998016,0.000791715,100,0,0,0,0,0,0.220036833,7.92E-05
stigmergy_search_efficient,250,25,75,0,194,0.97,62500,0,100,1,0,100,75,0,100,1,0,100,25,0,100,11.69288112,2.200368328,100,99.998016,0.000791715,100,0,0,0,0,0,0.220036833,7.92E-05
stigmergy_search_efficient,250,25,75,0,195,0.975,62500,0,100,1,0,100,75,0,100,1,0,100,25,0,100,11.69288112,2.200368328,100,99.998016,0.000791715,100,0,0,0,0,0,0.220036833,7.92E-05
stigmergy_search_efficient,250,25,75,0,196,0.98,62500,0,100,1,0,100,75,0,100,1,0,100,25,0,100,11.69288112,2.200368328,100,99.998016,0.000791715,100,0,0,0,0,0,0.220036833,7.92E-05
stigmergy_search_efficient,250,25,75,0,197,0.985,62500,0,100,1,0,100,75,0,100,1,0,100,25,0,100,11.69288112,2.200368328,100,99.998016,0.000791715,100,0,0,0,0,0,0.220036833,7.92E-05
stigmergy_search_efficient,250,25,75,0,198,0.99,62500,0,100,1,0,100,75,0,100,1,0,100,25,0,100,11.69288112,2.200368328,100,99.998016,0.000791715,100,0,0,0,0,0,0.220036833,7.92E-05
stigmergy_search_efficient,250,25,75,0,199,0.995,62500,0,100,1,0,100,75,0,100,1,0,100,25,0,100,11.69288112,2.200368328,100,99.998016,0.000791715,100,0,0,0,0,0,0.220036833,7.92E-05
stigmergy_search_efficient,250,25,75,0,200,1,62500,0,100,1,0,100,75,0,100,1,0,100,25,0,100,11.69288112,2.200368328,100,99.998016,0.000791715,100,0,0,0,0,0,0.220036833,7.92E-05
stigmergy_search_efficient,300,30,90,0,0,0,0,0,100,0,0,100,0,0,100,0,0,100,30,0,100,0,0,100,0,0,100,0,0,0,0,0,0,0
stigmergy_search_efficient,300,30,90,0,1,0.005,12012.76,241.2355452,100,0.133475111,0.002680395,100,11.34,2.796895826,100,0.126,0.03107662,100,30,0,100,3.634200735,0.057747446,100,13.18643333,0.26497816,100,24.12355452,0.000268039,0.279689583,0.003107662,0,0.005774745,0.026497816
stigmergy_search_efficient,300,30,90,0,2,0.01,22290.77,604.3958642,100,0.247675222,0.00671551,100,21.1,3.666666667,100,0.234444444,0.040740741,100,30,0,100,3.941251797,0.101206351,100,24.63685556,0.664432528,100,60.43958642,0.000671551,0.366666667,0.004074074,0,0.010120635,0.066443253
stigmergy_search_efficient,300,30,90,0,3,0.015,31190.62,1033.786516,100,0.346562444,0.011486517,100,29.73,4.666352803,100,0.330333333,0.051848364,100,30,0,100,4.246215965,0.136717197,100,34.55554444,1.142656144,100,103.3786516,0.001148652,0.46663528,0.005184836,0,0.01367172,0.114265614
stigmergy_search_efficient,300,30,90,0,4,0.02,39061.4,1396.288146,100,0.434015556,0.015514313,100,37.25,4.837511256,100,0.413888889,0.053750125,100,30,0,100,4.531053194,0.157291662,100,43.31874444,1.547154488,100,139.6288146,0.001551431,0.483751126,0.005375013,0,0.015729166,0.154715449
stigmergy_search_efficient,300,30,90,0,5,0.025,46197.23,1753.834684,100,0.513302556,0.019487052,100,44.51,5.207793305,100,0.494555556,0.05786437,100,30,0,100,4.794509181,0.17743331,100,51.26108889,1.944169472,100,175.3834684,0.001948705,0.520779331,0.005786437,0,0.017743331,0.194416947
stigmergy_search_efficient,300,30,90,0,6,0.03,52601.27,2157.149409,100,0.584458556,0.023968327,100,50.56,5.219079218,100,0.561777778,0.057989769,100,30,0,100,5.056976912,0.205335578,100,58.38547778,2.392985281,100,215.7149409,0.002396833,0.521907922,0.005798977,0,0.020533558,0.239298528
stigmergy_search_efficient,300,30,90,0,7,0.035,58332.98,2463.161834,100,0.648144222,0.027368465,100,56.64,5.271459269,100,0.629333333,0.05857177,100,30,0,100,5.323501456,0.222221253,100,64.7622,2.733674971,100,246.3161834,0.002736846,0.527145927,0.005857177,0,0.022222125,0.273367497
stigmergy_search_efficient,300,30,90,0,8,0.04,63611.58,2772.476773,100,0.706795333,0.030805297,100,61.81,5.627664352,100,0.686777778,0.062529604,100,30,0,100,5.582308408,0.240168156,100,70.63313333,3.078037801,100,277.2476773,0.00308053,0.562766435,0.00625296,0,0.024016816,0.30780378
stigmergy_search_efficient,300,30,90,0,9,0.045,68332.75,2986.433755,100,0.759252778,0.033182597,100,66.66,5.371492278,100,0.740666667,0.059683248,100,30,0,100,5.849314219,0.25467699,100,75.88575556,3.316445832,100,298.6433755,0.00331826,0.537149228,0.005968325,0,0.025467699,0.331644583
stigmergy_search_efficient,300,30,90,0,10,0.05,72365.38,3122.779737,100,0.804059778,0.034697553,100,70.95,5.160798231,100,0.788333333,0.057342203,100,30,0,100,6.139431213,0.265559555,100,80.3726,3.468677854,100,312.2779737,0.003469755,0.516079823,0.00573422,0,0.026555955,0.346867785
stigmergy_search_efficient,300,30,90,0,11,0.055,75866.87,3178.770802,100,0.842965222,0.035319676,100,74.83,4.978854276,100,0.831444444,0.055320603,100,30,0,100,6.443282015,0.273619191,100,84.26837778,3.530651162,100,317.8770802,0.003531968,0.497885428,0.00553206,0,0.027361919,0.353065116
stigmergy_search_efficient,300,30,90,0,12,0.06,78791.23,3121.900466,100,0.875458111,0.034687783,100,77.85,4.77445856,100,0.865,0.05304954,100,30,0,100,6.76923137,0.27398801,100,87.52294444,3.469128361,100,312.1900466,0.003468778,0.477445856,0.005304954,0,0.027398801,0.346912836
stigmergy_search_efficient,300,30,90,0,13,0.065,81204.29,3004.964476,100,0.902269889,0.033388494,100,80.49,4.580359917,100,0.894333333,0.050892888,100,30,0,100,7.115858985,0.268414336,100,90.20823333,3.339741461,100,300.4964476,0.003338849,0.458035992,0.005089289,0,0.026841434,0.333974146
stigmergy_search_efficient,300,30,90,0,14,0.07,83212.01,2852.666258,100,0.924577889,0.031696292,100,82.92,3.90979087,100,0.921333333,0.043442121,100,30,0,100,7.478326685,0.26224564,100,92.44251111,3.170614141,100,285.2666258,0.003169629,0.390979087,0.004344212,0,0.026224564,0.317061414
stigmergy_search_efficient,300,30,90,0,15,0.075,84807.19,2657.187146,100,0.942302111,0.029524302,100,84.63,3.436744407,100,0.940333333,0.038186049,100,30,0,100,7.861653036,0.252896617,100,94.21855556,2.954015005,100,265.7187146,0.00295243,0.343674441,0.003818605,0,0.025289662,0.295401501
stigmergy_search_efficient,300,30,90,0,16,0.08,86120.85,2431.127412,100,0.956898333,0.027012527,100,85.86,3.0418628,100,0.954,0.033798476,100,30,0,100,8.257663367,0.2405172,100,95.68003333,2.703060629,100,243.1127412,0.002701253,0.30418628,0.003379848,0,0.02405172,0.270306063
stigmergy_search_efficient,300,30,90,0,17,0.085,87145.94,2176.320692,100,0.968288222,0.024181341,100,86.97,2.641758673,100,0.966333333,0.029352874,100,30,0,100,8.670420183,0.224066174,100,96.82153333,2.419799547,100,217.6320692,0.002418134,0.264175867,0.002935287,0,0.022406617,0.241979955
stigmergy_search_efficient,300,30,90,0,18,0.09,87922.01,1955.028122,100,0.976911222,0.021722535,100,87.82,2.302304511,100,0.975777778,0.025581161,100,30,0,100,9.093588329,0.217227258,100,97.6856,2.174024388,100,195.5028122,0.002172253,0.230230451,0.002558116,0,0.021722726,0.217402439
stigmergy_search_efficient,300,30,90,0,19,0.095,88479.59,1733.125029,100,0.983106556,0.019256945,100,88.57,1.87624706,100,0.984111111,0.02084719,100,30,0,100,9.509887107,0.257580229,100,98.30666667,1.927140448,100,173.3125029,0.001925694,0.187624706,0.002084719,0,0.025758023,0.192714045
stigmergy_search_efficient,300,30,90,0,20,0.1,88873.75,1518.052842,100,0.987486111,0.016867254,100,88.92,1.65559962,100,0.988,0.018395551,100,30,0,100,9.900521227,0.359512994,100,98.7455,1.688146445,100,151.8052842,0.001686725,0.165559962,0.001839555,0,0.035951299,0.168814644
stigmergy_search_efficient,300,30,90,0,21,0.105,89159.57,1310.672919,100,0.990661889,0.014563032,100,89.2,1.449486151,100,0.991111111,0.016105402,100,30,0,100,10.23632869,0.511967936,100,99.06373333,1.45749072,100,131.0672919,0.001456303,0.144948615,0.00161054,0,0.051196794,0.145749072
stigmergy_search_efficient,300,30,90,0,22,0.11,89366.89,1124.884568,100,0.992965444,0.012498717,100,89.42,1.232391122,100,0.993555556,0.013693235,100,30,0,100,10.52188639,0.689527758,100,99.29444444,1.250925294,100,112.4884568,0.001249872,0.123239112,0.001369323,0,0.068952776,0.125092529
stigmergy_search_efficient,300,30,90,0,23,0.115,89538.12,963.2960177,100,0.994868,0.010703289,100,89.6,1.07308674,100,0.995555556,0.011923186,100,30,0,100,10.76976576,0.875699594,100,99.485,1.071265334,100,96.32960177,0.001070329,0.107308674,0.001192319,0,0.087569959,0.107126533
stigmergy_search_efficient,300,30,90,0,24,0.12,89683.64,799.1983928,100,0.996484889,0.008879982,100,89.71,0.879566009,100,0.996777778,0.009772956,100,30,0,100,10.95993353,1.045855495,100,99.64663333,0.88897792,100,79.91983928,0.000887998,0.087956601,0.000977296,0,0.10458555,0.088897792
stigmergy_search_efficient,300,30,90,0,25,0.125,89783.76,643.3743765,100,0.997597333,0.007148604,100,89.8,0.651338947,100,0.997777778,0.007237099,100,30,0,100,11.1187571,1.210518337,100,99.75821111,0.715664938,100,64.33743765,0.00071486,0.065133895,0.00072371,0,0.121051834,0.071566494
stigmergy_search_efficient,300,30,90,0,26,0.13,89844.35,530.4913365,100,0.998270556,0.005894348,100,89.88,0.498077111,100,0.998666667,0.00553419,100,30,0,100,11.25318263,1.367425091,100,99.82573333,0.589788922,100,53.04913365,0.000589435,0.049807711,0.000553419,0,0.136742509,0.058978892
stigmergy_search_efficient,300,30,90,0,27,0.135,89882.25,442.9363311,100,0.998691667,0.004921515,100,89.9,0.481999204,100,0.998888889,0.005355547,100,30,0,100,11.35994494,1.507119098,100,99.8678,0.492627653,100,44.29363311,0.000492151,0.04819992,0.000535555,0,0.15071191,0.049262765
stigmergy_search_efficient,300,30,90,0,28,0.14,89918.9,356.1164972,100,0.999098889,0.00395685,100,89.92,0.442216639,100,0.999111111,0.004913518,100,30,0,100,11.43764517,1.620995173,100,99.90848889,0.396056428,100,35.61164972,0.000395685,0.044221664,0.000491352,0,0.162099517,0.039605643
stigmergy_search_efficient,300,30,90,0,29,0.145,89946.35,295.3518831,100,0.999403889,0.003281688,100,89.94,0.422115882,100,0.999333333,0.004690176,100,30,0,100,11.50648215,1.731627185,100,99.93903333,0.328480335,100,29.53518831,0.000328169,0.042211588,0.000469018,0,0.173162718,0.032848033
stigmergy_search_efficient,300,30,90,0,30,0.15,89962.75,240.6826308,100,0.999586111,0.002674251,100,89.96,0.4,100,0.999555556,0.004444444,100,30,0,100,11.55293704,1.81388765,100,99.95731111,0.267761323,100,24.06826308,0.000267425,0.04,0.000444444,0,0.181388765,0.026776132
stigmergy_search_efficient,300,30,90,0,31,0.155,89977.44,160.7017012,100,0.999749333,0.001785574,100,89.98,0.2,100,0.999777778,0.002222222,100,30,0,100,11.58483975,1.875733665,100,99.97362222,0.178962078,100,16.07017012,0.000178557,0.02,0.000222222,0,0.187573366,0.017896208
stigmergy_search_efficient,300,30,90,0,32,0.16,89985.93,99.20219684,100,0.999843667,0.001102247,100,90,0,100,1,0,100,30,0,100,11.60334288,1.915564655,100,99.98307778,0.110445577,100,9.920219684,0.000110225,0,0,0,0.191556466,0.011044558
stigmergy_search_efficient,300,30,90,0,33,0.165,89993.34,46.64441461,100,0.999926,0.000518271,100,90,0,100,1,0,100,30,0,100,11.6219617,1.959139627,100,99.99131111,0.052041352,100,4.664441461,5.18E-05,0,0,0,0.195913963,0.005204135
stigmergy_search_efficient,300,30,90,0,34,0.17,89999.03,8.361111279,100,0.999989222,9.29E-05,100,90,0,100,1,0,100,30,0,100,11.64077101,2.006477813,100,99.99766667,0.009282127,100,0.836111128,9.29E-06,0,0,0,0.200647781,0.000928213
stigmergy_search_efficient,300,30,90,0,35,0.175,89999.97,0.222701503,100,0.999999667,2.47E-06,100,90,0,100,1,0,100,30,0,100,11.65360221,2.040967689,100,99.99871111,0.000466351,100,0.02227015,2.47E-07,0,0,0,0.204096769,4.66E-05
stigmergy_search_efficient,300,30,90,0,36,0.18,89999.98,0.2,100,0.999999778,2.22E-06,100,90,0,100,1,0,100,30,0,100,11.65985918,2.059033862,100,99.99871111,0.000466351,100,0.02,2.22E-07,0,0,0,0.205903386,4.66E-05
stigmergy_search_efficient,300,30,90,0,37,0.185,89999.98,0.2,100,0.999999778,2.22E-06,100,90,0,100,1,0,100,30,0,100,11.66480318,2.074456404,100,99.99871111,0.000466351,100,0.02,2.22E-07,0,0,0,0.20744564,4.66E-05
stigmergy_search_efficient,300,30,90,0,38,0.19,89999.98,0.2,100,0.999999778,2.22E-06,100,90,0,100,1,0,100,30,0,100,11.66976962,2.091011639,100,99.99871111,0.000466351,100,0.02,2.22E-07,0,0,0,0.209101164,4.66E-05
stigmergy_search_efficient,300,30,90,0,39,0.195,89999.98,0.2,100,0.999999778,2.22E-06,100,90,0,100,1,0,100,30,0,100,11.67471984,2.108547769,100,99.99871111,0.000466351,100,0.02,2.22E-07,0,0,0,0.210854777,4.66E-05
stigmergy_search_efficient,300,30,90,0,40,0.2,89999.98,0.2,100,0.999999778,2.22E-06,100,90,0,100,1,0,100,30,0,100,11.67965084,2.127017669,100,99.99871111,0.000466351,100,0.02,2.22E-07,0,0,0,0.212701767,4.66E-05
stigmergy_search_efficient,300,30,90,0,41,0.205,90000,0,100,1,0,100,90,0,100,1,0,100,30,0,100,11.68079489,2.131443072,100,99.99873333,0.000418431,100,0,0,0,0,0,0.213144307,4.18E-05
stigmergy_search_efficient,300,30,90,0,42,0.21,90000,0,100,1,0,100,90,0,100,1,0,100,30,0,100,11.68079489,2.131443072,100,99.99873333,0.000418431,100,0,0,0,0,0,0.213144307,4.18E-05
stigmergy_search_efficient,300,30,90,0,43,0.215,90000,0,100,1,0,100,90,0,100,1,0,100,30,0,100,11.68079489,2.131443072,100,99.99873333,0.000418431,100,0,0,0,0,0,0.213144307,4.18E-05
stigmergy_search_efficient,300,30,90,0,44,0.22,90000,0,100,1,0,100,90,0,100,1,0,100,30,0,100,11.68079489,2.131443072,100,99.99873333,0.000418431,100,0,0,0,0,0,0.213144307,4.18E-05
stigmergy_search_efficient,300,30,90,0,45,0.225,90000,0,100,1,0,100,90,0,100,1,0,100,30,0,100,11.68079489,2.131443072,100,99.99873333,0.000418431,100,0,0,0,0,0,0.213144307,4.18E-05
stigmergy_search_efficient,300,30,90,0,46,0.23,90000,0,100,1,0,100,90,0,100,1,0,100,30,0,100,11.68079489,2.131443072,100,99.99873333,0.000418431,100,0,0,0,0,0,0.213144307,4.18E-05
stigmergy_search_efficient,300,30,90,0,47,0.235,90000,0,100,1,0,100,90,0,100,1,0,100,30,0,100,11.68079489,2.131443072,100,99.99873333,0.000418431,100,0,0,0,0,0,0.213144307,4.18E-05
stigmergy_search_efficient,300,30,90,0,48,0.24,90000,0,100,1,0,100,90,0,100,1,0,100,30,0,100,11.68079489,2.131443072,100,99.99873333,0.000418431,100,0,0,0,0,0,0.213144307,4.18E-05
stigmergy_search_efficient,300,30,90,0,49,0.245,90000,0,100,1,0,100,90,0,100,1,0,100,30,0,100,11.68079489,2.131443072,100,99.99873333,0.000418431,100,0,0,0,0,0,0.213144307,4.18E-05
stigmergy_search_efficient,300,30,90,0,50,0.25,90000,0,100,1,0,100,90,0,100,1,0,100,30,0,100,11.68079489,2.131443072,100,99.99873333,0.000418431,100,0,0,0,0,0,0.213144307,4.18E-05
stigmergy_search_efficient,300,30,90,0,51,0.255,90000,0,100,1,0,100,90,0,100,1,0,100,30,0,100,11.68079489,2.131443072,100,99.99873333,0.000418431,100,0,0,0,0,0,0.213144307,4.18E-05
stigmergy_search_efficient,300,30,90,0,52,0.26,90000,0,100,1,0,100,90,0,100,1,0,100,30,0,100,11.68079489,2.131443072,100,99.99873333,0.000418431,100,0,0,0,0,0,0.213144307,4.18E-05
stigmergy_search_efficient,300,30,90,0,53,0.265,90000,0,100,1,0,100,90,0,100,1,0,100,30,0,100,11.68079489,2.131443072,100,99.99873333,0.000418431,100,0,0,0,0,0,0.213144307,4.18E-05
stigmergy_search_efficient,300,30,90,0,54,0.27,90000,0,100,1,0,100,90,0,100,1,0,100,30,0,100,11.68079489,2.131443072,100,99.99873333,0.000418431,100,0,0,0,0,0,0.213144307,4.18E-05
stigmergy_search_efficient,300,30,90,0,55,0.275,90000,0,100,1,0,100,90,0,100,1,0,100,30,0,100,11.68079489,2.131443072,100,99.99873333,0.000418431,100,0,0,0,0,0,0.213144307,4.18E-05
stigmergy_search_efficient,300,30,90,0,56,0.28,90000,0,100,1,0,100,90,0,100,1,0,100,30,0,100,11.68079489,2.131443072,100,99.99873333,0.000418431,100,0,0,0,0,0,0.213144307,4.18E-05
stigmergy_search_efficient,300,30,90,0,57,0.285,90000,0,100,1,0,100,90,0,100,1,0,100,30,0,100,11.68079489,2.131443072,100,99.99873333,0.000418431,100,0,0,0,0,0,0.213144307,4.18E-05
stigmergy_search_efficient,300,30,90,0,58,0.29,90000,0,100,1,0,100,90,0,100,1,0,100,30,0,100,11.68079489,2.131443072,100,99.99873333,0.000418431,100,0,0,0,0,0,0.213144307,4.18E-05
stigmergy_search_efficient,300,30,90,0,59,0.295,90000,0,100,1,0,100,90,0,100,1,0,100,30,0,100,11.68079489,2.131443072,100,99.99873333,0.000418431,100,0,0,0,0,0,0.213144307,4.18E-05
stigmergy_search_efficient,300,30,90,0,60,0.3,90000,0,100,1,0,100,90,0,100,1,0,100,30,0,100,11.68079489,2.131443072,100,99.99873333,0.000418431,100,0,0,0,0,0,0.213144307,4.18E-05
stigmergy_search_efficient,300,30,90,0,61,0.305,90000,0,100,1,0,100,90,0,100,1,0,100,30,0,100,11.68079489,2.131443072,100,99.99873333,0.000418431,100,0,0,0,0,0,0.213144307,4.18E-05
stigmergy_search_efficient,300,30,90,0,62,0.31,90000,0,100,1,0,100,90,0,100,1,0,100,30,0,100,11.68079489,2.131443072,100,99.99873333,0.000418431,100,0,0,0,0,0,0.213144307,4.18E-05
stigmergy_search_efficient,300,30,90,0,63,0.315,90000,0,100,1,0,100,90,0,100,1,0,100,30,0,100,11.68079489,2.131443072,100,99.99873333,0.000418431,100,0,0,0,0,0,0.213144307,4.18E-05
stigmergy_search_efficient,300,30,90,0,64,0.32,90000,0,100,1,0,100,90,0,100,1,0,100,30,0,100,11.68079489,2.131443072,100,99.99873333,0.000418431,100,0,0,0,0,0,0.213144307,4.18E-05
stigmergy_search_efficient,300,30,90,0,65,0.325,90000,0,100,1,0,100,90,0,100,1,0,100,30,0,100,11.68079489,2.131443072,100,99.99873333,0.000418431,100,0,0,0,0,0,0.213144307,4.18E-05
stigmergy_search_efficient,300,30,90,0,66,0.33,90000,0,100,1,0,100,90,0,100,1,0,100,30,0,100,11.68079489,2.131443072,100,99.99873333,0.000418431,100,0,0,0,0,0,0.213144307,4.18E-05
stigmergy_search_efficient,300,30,90,0,67,0.335,90000,0,100,1,0,100,90,0,100,1,0,100,30,0,100,11.68079489,2.131443072,100,99.99873333,0.000418431,100,0,0,0,0,0,0.213144307,4.18E-05
stigmergy_search_efficient,300,30,90,0,68,0.34,90000,0,100,1,0,100,90,0,100,1,0,100,30,0,100,11.68079489,2.131443072,100,99.99873333,0.000418431,100,0,0,0,0,0,0.213144307,4.18E-05
stigmergy_search_efficient,300,30,90,0,69,0.345,90000,0,100,1,0,100,90,0,100,1,0,100,30,0,100,11.68079489,2.131443072,100,99.99873333,0.000418431,100,0,0,0,0,0,0.213144307,4.18E-05
stigmergy_search_efficient,300,30,90,0,70,0.35,90000,0,100,1,0,100,90,0,100,1,0,100,30,0,100,11.68079489,2.131443072,100,99.99873333,0.000418431,100,0,0,0,0,0,0.213144307,4.18E-05
stigmergy_search_efficient,300,30,90,0,71,0.355,90000,0,100,1,0,100,90,0,100,1,0,100,30,0,100,11.68079489,2.131443072,100,99.99873333,0.000418431,100,0,0,0,0,0,0.213144307,4.18E-05
stigmergy_search_efficient,300,30,90,0,72,0.36,90000,0,100,1,0,100,90,0,100,1,0,100,30,0,100,11.68079489,2.131443072,100,99.99873333,0.000418431,100,0,0,0,0,0,0.213144307,4.18E-05
stigmergy_search_efficient,300,30,90,0,73,0.365,90000,0,100,1,0,100,90,0,100,1,0,100,30,0,100,11.68079489,2.131443072,100,99.99873333,0.000418431,100,0,0,0,0,0,0.213144307,4.18E-05
stigmergy_search_efficient,300,30,90,0,74,0.37,90000,0,100,1,0,100,90,0,100,1,0,100,30,0,100,11.68079489,2.131443072,100,99.99873333,0.000418431,100,0,0,0,0,0,0.213144307,4.18E-05
stigmergy_search_efficient,300,30,90,0,75,0.375,90000,0,100,1,0,100,90,0,100,1,0,100,30,0,100,11.68079489,2.131443072,100,99.99873333,0.000418431,100,0,0,0,0,0,0.213144307,4.18E-05
stigmergy_search_efficient,300,30,90,0,76,0.38,90000,0,100,1,0,100,90,0,100,1,0,100,30,0,100,11.68079489,2.131443072,100,99.99873333,0.000418431,100,0,0,0,0,0,0.213144307,4.18E-05
stigmergy_search_efficient,300,30,90,0,77,0.385,90000,0,100,1,0,100,90,0,100,1,0,100,30,0,100,11.68079489,2.131443072,100,99.99873333,0.000418431,100,0,0,0,0,0,0.213144307,4.18E-05
stigmergy_search_efficient,300,30,90,0,78,0.39,90000,0,100,1,0,100,90,0,100,1,0,100,30,0,100,11.68079489,2.131443072,100,99.99873333,0.000418431,100,0,0,0,0,0,0.213144307,4.18E-05
stigmergy_search_efficient,300,30,90,0,79,0.395,90000,0,100,1,0,100,90,0,100,1,0,100,30,0,100,11.68079489,2.131443072,100,99.99873333,0.000418431,100,0,0,0,0,0,0.213144307,4.18E-05
stigmergy_search_efficient,300,30,90,0,80,0.4,90000,0,100,1,0,100,90,0,100,1,0,100,30,0,100,11.68079489,2.131443072,100,99.99873333,0.000418431,100,0,0,0,0,0,0.213144307,4.18E-05
stigmergy_search_efficient,300,30,90,0,81,0.405,90000,0,100,1,0,100,90,0,100,1,0,100,30,0,100,11.68079489,2.131443072,100,99.99873333,0.000418431,100,0,0,0,0,0,0.213144307,4.18E-05
stigmergy_search_efficient,300,30,90,0,82,0.41,90000,0,100,1,0,100,90,0,100,1,0,100,30,0,100,11.68079489,2.131443072,100,99.99873333,0.000418431,100,0,0,0,0,0,0.213144307,4.18E-05
stigmergy_search_efficient,300,30,90,0,83,0.415,90000,0,100,1,0,100,90,0,100,1,0,100,30,0,100,11.68079489,2.131443072,100,99.99873333,0.000418431,100,0,0,0,0,0,0.213144307,4.18E-05
stigmergy_search_efficient,300,30,90,0,84,0.42,90000,0,100,1,0,100,90,0,100,1,0,100,30,0,100,11.68079489,2.131443072,100,99.99873333,0.000418431,100,0,0,0,0,0,0.213144307,4.18E-05
stigmergy_search_efficient,300,30,90,0,85,0.425,90000,0,100,1,0,100,90,0,100,1,0,100,30,0,100,11.68079489,2.131443072,100,99.99873333,0.000418431,100,0,0,0,0,0,0.213144307,4.18E-05
stigmergy_search_efficient,300,30,90,0,86,0.43,90000,0,100,1,0,100,90,0,100,1,0,100,30,0,100,11.68079489,2.131443072,100,99.99873333,0.000418431,100,0,0,0,0,0,0.213144307,4.18E-05
stigmergy_search_efficient,300,30,90,0,87,0.435,90000,0,100,1,0,100,90,0,100,1,0,100,30,0,100,11.68079489,2.131443072,100,99.99873333,0.000418431,100,0,0,0,0,0,0.213144307,4.18E-05
stigmergy_search_efficient,300,30,90,0,88,0.44,90000,0,100,1,0,100,90,0,100,1,0,100,30,0,100,11.68079489,2.131443072,100,99.99873333,0.000418431,100,0,0,0,0,0,0.213144307,4.18E-05
stigmergy_search_efficient,300,30,90,0,89,0.445,90000,0,100,1,0,100,90,0,100,1,0,100,30,0,100,11.68079489,2.131443072,100,99.99873333,0.000418431,100,0,0,0,0,0,0.213144307,4.18E-05
stigmergy_search_efficient,300,30,90,0,90,0.45,90000,0,100,1,0,100,90,0,100,1,0,100,30,0,100,11.68079489,2.131443072,100,99.99873333,0.000418431,100,0,0,0,0,0,0.213144307,4.18E-05
stigmergy_search_efficient,300,30,90,0,91,0.455,90000,0,100,1,0,100,90,0,100,1,0,100,30,0,100,11.68079489,2.131443072,100,99.99873333,0.000418431,100,0,0,0,0,0,0.213144307,4.18E-05
stigmergy_search_efficient,300,30,90,0,92,0.46,90000,0,100,1,0,100,90,0,100,1,0,100,30,0,100,11.68079489,2.131443072,100,99.99873333,0.000418431,100,0,0,0,0,0,0.213144307,4.18E-05
stigmergy_search_efficient,300,30,90,0,93,0.465,90000,0,100,1,0,100,90,0,100,1,0,100,30,0,100,11.68079489,2.131443072,100,99.99873333,0.000418431,100,0,0,0,0,0,0.213144307,4.18E-05
stigmergy_search_efficient,300,30,90,0,94,0.47,90000,0,100,1,0,100,90,0,100,1,0,100,30,0,100,11.68079489,2.131443072,100,99.99873333,0.000418431,100,0,0,0,0,0,0.213144307,4.18E-05
stigmergy_search_efficient,300,30,90,0,95,0.475,90000,0,100,1,0,100,90,0,100,1,0,100,30,0,100,11.68079489,2.131443072,100,99.99873333,0.000418431,100,0,0,0,0,0,0.213144307,4.18E-05
stigmergy_search_efficient,300,30,90,0,96,0.48,90000,0,100,1,0,100,90,0,100,1,0,100,30,0,100,11.68079489,2.131443072,100,99.99873333,0.000418431,100,0,0,0,0,0,0.213144307,4.18E-05
stigmergy_search_efficient,300,30,90,0,97,0.485,90000,0,100,1,0,100,90,0,100,1,0,100,30,0,100,11.68079489,2.131443072,100,99.99873333,0.000418431,100,0,0,0,0,0,0.213144307,4.18E-05
stigmergy_search_efficient,300,30,90,0,98,0.49,90000,0,100,1,0,100,90,0,100,1,0,100,30,0,100,11.68079489,2.131443072,100,99.99873333,0.000418431,100,0,0,0,0,0,0.213144307,4.18E-05
stigmergy_search_efficient,300,30,90,0,99,0.495,90000,0,100,1,0,100,90,0,100,1,0,100,30,0,100,11.68079489,2.131443072,100,99.99873333,0.000418431,100,0,0,0,0,0,0.213144307,4.18E-05
stigmergy_search_efficient,300,30,90,0,100,0.5,90000,0,100,1,0,100,90,0,100,1,0,100,30,0,100,11.68079489,2.131443072,100,99.99873333,0.000418431,100,0,0,0,0,0,0.213144307,4.18E-05
stigmergy_search_efficient,300,30,90,0,101,0.505,90000,0,100,1,0,100,90,0,100,1,0,100,30,0,100,11.68079489,2.131443072,100,99.99873333,0.000418431,100,0,0,0,0,0,0.213144307,4.18E-05
stigmergy_search_efficient,300,30,90,0,102,0.51,90000,0,100,1,0,100,90,0,100,1,0,100,30,0,100,11.68079489,2.131443072,100,99.99873333,0.000418431,100,0,0,0,0,0,0.213144307,4.18E-05
stigmergy_search_efficient,300,30,90,0,103,0.515,90000,0,100,1,0,100,90,0,100,1,0,100,30,0,100,11.68079489,2.131443072,100,99.99873333,0.000418431,100,0,0,0,0,0,0.213144307,4.18E-05
stigmergy_search_efficient,300,30,90,0,104,0.52,90000,0,100,1,0,100,90,0,100,1,0,100,30,0,100,11.68079489,2.131443072,100,99.99873333,0.000418431,100,0,0,0,0,0,0.213144307,4.18E-05
stigmergy_search_efficient,300,30,90,0,105,0.525,90000,0,100,1,0,100,90,0,100,1,0,100,30,0,100,11.68079489,2.131443072,100,99.99873333,0.000418431,100,0,0,0,0,0,0.213144307,4.18E-05
stigmergy_search_efficient,300,30,90,0,106,0.53,90000,0,100,1,0,100,90,0,100,1,0,100,30,0,100,11.68079489,2.131443072,100,99.99873333,0.000418431,100,0,0,0,0,0,0.213144307,4.18E-05
stigmergy_search_efficient,300,30,90,0,107,0.535,90000,0,100,1,0,100,90,0,100,1,0,100,30,0,100,11.68079489,2.131443072,100,99.99873333,0.000418431,100,0,0,0,0,0,0.213144307,4.18E-05
stigmergy_search_efficient,300,30,90,0,108,0.54,90000,0,100,1,0,100,90,0,100,1,0,100,30,0,100,11.68079489,2.131443072,100,99.99873333,0.000418431,100,0,0,0,0,0,0.213144307,4.18E-05
stigmergy_search_efficient,300,30,90,0,109,0.545,90000,0,100,1,0,100,90,0,100,1,0,100,30,0,100,11.68079489,2.131443072,100,99.99873333,0.000418431,100,0,0,0,0,0,0.213144307,4.18E-05
stigmergy_search_efficient,300,30,90,0,110,0.55,90000,0,100,1,0,100,90,0,100,1,0,100,30,0,100,11.68079489,2.131443072,100,99.99873333,0.000418431,100,0,0,0,0,0,0.213144307,4.18E-05
stigmergy_search_efficient,300,30,90,0,111,0.555,90000,0,100,1,0,100,90,0,100,1,0,100,30,0,100,11.68079489,2.131443072,100,99.99873333,0.000418431,100,0,0,0,0,0,0.213144307,4.18E-05
stigmergy_search_efficient,300,30,90,0,112,0.56,90000,0,100,1,0,100,90,0,100,1,0,100,30,0,100,11.68079489,2.131443072,100,99.99873333,0.000418431,100,0,0,0,0,0,0.213144307,4.18E-05
stigmergy_search_efficient,300,30,90,0,113,0.565,90000,0,100,1,0,100,90,0,100,1,0,100,30,0,100,11.68079489,2.131443072,100,99.99873333,0.000418431,100,0,0,0,0,0,0.213144307,4.18E-05
stigmergy_search_efficient,300,30,90,0,114,0.57,90000,0,100,1,0,100,90,0,100,1,0,100,30,0,100,11.68079489,2.131443072,100,99.99873333,0.000418431,100,0,0,0,0,0,0.213144307,4.18E-05
stigmergy_search_efficient,300,30,90,0,115,0.575,90000,0,100,1,0,100,90,0,100,1,0,100,30,0,100,11.68079489,2.131443072,100,99.99873333,0.000418431,100,0,0,0,0,0,0.213144307,4.18E-05
stigmergy_search_efficient,300,30,90,0,116,0.58,90000,0,100,1,0,100,90,0,100,1,0,100,30,0,100,11.68079489,2.131443072,100,99.99873333,0.000418431,100,0,0,0,0,0,0.213144307,4.18E-05
stigmergy_search_efficient,300,30,90,0,117,0.585,90000,0,100,1,0,100,90,0,100,1,0,100,30,0,100,11.68079489,2.131443072,100,99.99873333,0.000418431,100,0,0,0,0,0,0.213144307,4.18E-05
stigmergy_search_efficient,300,30,90,0,118,0.59,90000,0,100,1,0,100,90,0,100,1,0,100,30,0,100,11.68079489,2.131443072,100,99.99873333,0.000418431,100,0,0,0,0,0,0.213144307,4.18E-05
stigmergy_search_efficient,300,30,90,0,119,0.595,90000,0,100,1,0,100,90,0,100,1,0,100,30,0,100,11.68079489,2.131443072,100,99.99873333,0.000418431,100,0,0,0,0,0,0.213144307,4.18E-05
stigmergy_search_efficient,300,30,90,0,120,0.6,90000,0,100,1,0,100,90,0,100,1,0,100,30,0,100,11.68079489,2.131443072,100,99.99873333,0.000418431,100,0,0,0,0,0,0.213144307,4.18E-05
stigmergy_search_efficient,300,30,90,0,121,0.605,90000,0,100,1,0,100,90,0,100,1,0,100,30,0,100,11.68079489,2.131443072,100,99.99873333,0.000418431,100,0,0,0,0,0,0.213144307,4.18E-05
stigmergy_search_efficient,300,30,90,0,122,0.61,90000,0,100,1,0,100,90,0,100,1,0,100,30,0,100,11.68079489,2.131443072,100,99.99873333,0.000418431,100,0,0,0,0,0,0.213144307,4.18E-05
stigmergy_search_efficient,300,30,90,0,123,0.615,90000,0,100,1,0,100,90,0,100,1,0,100,30,0,100,11.68079489,2.131443072,100,99.99873333,0.000418431,100,0,0,0,0,0,0.213144307,4.18E-05
stigmergy_search_efficient,300,30,90,0,124,0.62,90000,0,100,1,0,100,90,0,100,1,0,100,30,0,100,11.68079489,2.131443072,100,99.99873333,0.000418431,100,0,0,0,0,0,0.213144307,4.18E-05
stigmergy_search_efficient,300,30,90,0,125,0.625,90000,0,100,1,0,100,90,0,100,1,0,100,30,0,100,11.68079489,2.131443072,100,99.99873333,0.000418431,100,0,0,0,0,0,0.213144307,4.18E-05
stigmergy_search_efficient,300,30,90,0,126,0.63,90000,0,100,1,0,100,90,0,100,1,0,100,30,0,100,11.68079489,2.131443072,100,99.99873333,0.000418431,100,0,0,0,0,0,0.213144307,4.18E-05
stigmergy_search_efficient,300,30,90,0,127,0.635,90000,0,100,1,0,100,90,0,100,1,0,100,30,0,100,11.68079489,2.131443072,100,99.99873333,0.000418431,100,0,0,0,0,0,0.213144307,4.18E-05
stigmergy_search_efficient,300,30,90,0,128,0.64,90000,0,100,1,0,100,90,0,100,1,0,100,30,0,100,11.68079489,2.131443072,100,99.99873333,0.000418431,100,0,0,0,0,0,0.213144307,4.18E-05
stigmergy_search_efficient,300,30,90,0,129,0.645,90000,0,100,1,0,100,90,0,100,1,0,100,30,0,100,11.68079489,2.131443072,100,99.99873333,0.000418431,100,0,0,0,0,0,0.213144307,4.18E-05
stigmergy_search_efficient,300,30,90,0,130,0.65,90000,0,100,1,0,100,90,0,100,1,0,100,30,0,100,11.68079489,2.131443072,100,99.99873333,0.000418431,100,0,0,0,0,0,0.213144307,4.18E-05
stigmergy_search_efficient,300,30,90,0,131,0.655,90000,0,100,1,0,100,90,0,100,1,0,100,30,0,100,11.68079489,2.131443072,100,99.99873333,0.000418431,100,0,0,0,0,0,0.213144307,4.18E-05
stigmergy_search_efficient,300,30,90,0,132,0.66,90000,0,100,1,0,100,90,0,100,1,0,100,30,0,100,11.68079489,2.131443072,100,99.99873333,0.000418431,100,0,0,0,0,0,0.213144307,4.18E-05
stigmergy_search_efficient,300,30,90,0,133,0.665,90000,0,100,1,0,100,90,0,100,1,0,100,30,0,100,11.68079489,2.131443072,100,99.99873333,0.000418431,100,0,0,0,0,0,0.213144307,4.18E-05
stigmergy_search_efficient,300,30,90,0,134,0.67,90000,0,100,1,0,100,90,0,100,1,0,100,30,0,100,11.68079489,2.131443072,100,99.99873333,0.000418431,100,0,0,0,0,0,0.213144307,4.18E-05
stigmergy_search_efficient,300,30,90,0,135,0.675,90000,0,100,1,0,100,90,0,100,1,0,100,30,0,100,11.68079489,2.131443072,100,99.99873333,0.000418431,100,0,0,0,0,0,0.213144307,4.18E-05
stigmergy_search_efficient,300,30,90,0,136,0.68,90000,0,100,1,0,100,90,0,100,1,0,100,30,0,100,11.68079489,2.131443072,100,99.99873333,0.000418431,100,0,0,0,0,0,0.213144307,4.18E-05
stigmergy_search_efficient,300,30,90,0,137,0.685,90000,0,100,1,0,100,90,0,100,1,0,100,30,0,100,11.68079489,2.131443072,100,99.99873333,0.000418431,100,0,0,0,0,0,0.213144307,4.18E-05
stigmergy_search_efficient,300,30,90,0,138,0.69,90000,0,100,1,0,100,90,0,100,1,0,100,30,0,100,11.68079489,2.131443072,100,99.99873333,0.000418431,100,0,0,0,0,0,0.213144307,4.18E-05
stigmergy_search_efficient,300,30,90,0,139,0.695,90000,0,100,1,0,100,90,0,100,1,0,100,30,0,100,11.68079489,2.131443072,100,99.99873333,0.000418431,100,0,0,0,0,0,0.213144307,4.18E-05
stigmergy_search_efficient,300,30,90,0,140,0.7,90000,0,100,1,0,100,90,0,100,1,0,100,30,0,100,11.68079489,2.131443072,100,99.99873333,0.000418431,100,0,0,0,0,0,0.213144307,4.18E-05
stigmergy_search_efficient,300,30,90,0,141,0.705,90000,0,100,1,0,100,90,0,100,1,0,100,30,0,100,11.68079489,2.131443072,100,99.99873333,0.000418431,100,0,0,0,0,0,0.213144307,4.18E-05
stigmergy_search_efficient,300,30,90,0,142,0.71,90000,0,100,1,0,100,90,0,100,1,0,100,30,0,100,11.68079489,2.131443072,100,99.99873333,0.000418431,100,0,0,0,0,0,0.213144307,4.18E-05
stigmergy_search_efficient,300,30,90,0,143,0.715,90000,0,100,1,0,100,90,0,100,1,0,100,30,0,100,11.68079489,2.131443072,100,99.99873333,0.000418431,100,0,0,0,0,0,0.213144307,4.18E-05
stigmergy_search_efficient,300,30,90,0,144,0.72,90000,0,100,1,0,100,90,0,100,1,0,100,30,0,100,11.68079489,2.131443072,100,99.99873333,0.000418431,100,0,0,0,0,0,0.213144307,4.18E-05
stigmergy_search_efficient,300,30,90,0,145,0.725,90000,0,100,1,0,100,90,0,100,1,0,100,30,0,100,11.68079489,2.131443072,100,99.99873333,0.000418431,100,0,0,0,0,0,0.213144307,4.18E-05
stigmergy_search_efficient,300,30,90,0,146,0.73,90000,0,100,1,0,100,90,0,100,1,0,100,30,0,100,11.68079489,2.131443072,100,99.99873333,0.000418431,100,0,0,0,0,0,0.213144307,4.18E-05
stigmergy_search_efficient,300,30,90,0,147,0.735,90000,0,100,1,0,100,90,0,100,1,0,100,30,0,100,11.68079489,2.131443072,100,99.99873333,0.000418431,100,0,0,0,0,0,0.213144307,4.18E-05
stigmergy_search_efficient,300,30,90,0,148,0.74,90000,0,100,1,0,100,90,0,100,1,0,100,30,0,100,11.68079489,2.131443072,100,99.99873333,0.000418431,100,0,0,0,0,0,0.213144307,4.18E-05
stigmergy_search_efficient,300,30,90,0,149,0.745,90000,0,100,1,0,100,90,0,100,1,0,100,30,0,100,11.68079489,2.131443072,100,99.99873333,0.000418431,100,0,0,0,0,0,0.213144307,4.18E-05
stigmergy_search_efficient,300,30,90,0,150,0.75,90000,0,100,1,0,100,90,0,100,1,0,100,30,0,100,11.68079489,2.131443072,100,99.99873333,0.000418431,100,0,0,0,0,0,0.213144307,4.18E-05
stigmergy_search_efficient,300,30,90,0,151,0.755,90000,0,100,1,0,100,90,0,100,1,0,100,30,0,100,11.68079489,2.131443072,100,99.99873333,0.000418431,100,0,0,0,0,0,0.213144307,4.18E-05
stigmergy_search_efficient,300,30,90,0,152,0.76,90000,0,100,1,0,100,90,0,100,1,0,100,30,0,100,11.68079489,2.131443072,100,99.99873333,0.000418431,100,0,0,0,0,0,0.213144307,4.18E-05
stigmergy_search_efficient,300,30,90,0,153,0.765,90000,0,100,1,0,100,90,0,100,1,0,100,30,0,100,11.68079489,2.131443072,100,99.99873333,0.000418431,100,0,0,0,0,0,0.213144307,4.18E-05
stigmergy_search_efficient,300,30,90,0,154,0.77,90000,0,100,1,0,100,90,0,100,1,0,100,30,0,100,11.68079489,2.131443072,100,99.99873333,0.000418431,100,0,0,0,0,0,0.213144307,4.18E-05
stigmergy_search_efficient,300,30,90,0,155,0.775,90000,0,100,1,0,100,90,0,100,1,0,100,30,0,100,11.68079489,2.131443072,100,99.99873333,0.000418431,100,0,0,0,0,0,0.213144307,4.18E-05
stigmergy_search_efficient,300,30,90,0,156,0.78,90000,0,100,1,0,100,90,0,100,1,0,100,30,0,100,11.68079489,2.131443072,100,99.99873333,0.000418431,100,0,0,0,0,0,0.213144307,4.18E-05
stigmergy_search_efficient,300,30,90,0,157,0.785,90000,0,100,1,0,100,90,0,100,1,0,100,30,0,100,11.68079489,2.131443072,100,99.99873333,0.000418431,100,0,0,0,0,0,0.213144307,4.18E-05
stigmergy_search_efficient,300,30,90,0,158,0.79,90000,0,100,1,0,100,90,0,100,1,0,100,30,0,100,11.68079489,2.131443072,100,99.99873333,0.000418431,100,0,0,0,0,0,0.213144307,4.18E-05
stigmergy_search_efficient,300,30,90,0,159,0.795,90000,0,100,1,0,100,90,0,100,1,0,100,30,0,100,11.68079489,2.131443072,100,99.99873333,0.000418431,100,0,0,0,0,0,0.213144307,4.18E-05
stigmergy_search_efficient,300,30,90,0,160,0.8,90000,0,100,1,0,100,90,0,100,1,0,100,30,0,100,11.68079489,2.131443072,100,99.99873333,0.000418431,100,0,0,0,0,0,0.213144307,4.18E-05
stigmergy_search_efficient,300,30,90,0,161,0.805,90000,0,100,1,0,100,90,0,100,1,0,100,30,0,100,11.68079489,2.131443072,100,99.99873333,0.000418431,100,0,0,0,0,0,0.213144307,4.18E-05
stigmergy_search_efficient,300,30,90,0,162,0.81,90000,0,100,1,0,100,90,0,100,1,0,100,30,0,100,11.68079489,2.131443072,100,99.99873333,0.000418431,100,0,0,0,0,0,0.213144307,4.18E-05
stigmergy_search_efficient,300,30,90,0,163,0.815,90000,0,100,1,0,100,90,0,100,1,0,100,30,0,100,11.68079489,2.131443072,100,99.99873333,0.000418431,100,0,0,0,0,0,0.213144307,4.18E-05
stigmergy_search_efficient,300,30,90,0,164,0.82,90000,0,100,1,0,100,90,0,100,1,0,100,30,0,100,11.68079489,2.131443072,100,99.99873333,0.000418431,100,0,0,0,0,0,0.213144307,4.18E-05
stigmergy_search_efficient,300,30,90,0,165,0.825,90000,0,100,1,0,100,90,0,100,1,0,100,30,0,100,11.68079489,2.131443072,100,99.99873333,0.000418431,100,0,0,0,0,0,0.213144307,4.18E-05
stigmergy_search_efficient,300,30,90,0,166,0.83,90000,0,100,1,0,100,90,0,100,1,0,100,30,0,100,11.68079489,2.131443072,100,99.99873333,0.000418431,100,0,0,0,0,0,0.213144307,4.18E-05
stigmergy_search_efficient,300,30,90,0,167,0.835,90000,0,100,1,0,100,90,0,100,1,0,100,30,0,100,11.68079489,2.131443072,100,99.99873333,0.000418431,100,0,0,0,0,0,0.213144307,4.18E-05
stigmergy_search_efficient,300,30,90,0,168,0.84,90000,0,100,1,0,100,90,0,100,1,0,100,30,0,100,11.68079489,2.131443072,100,99.99873333,0.000418431,100,0,0,0,0,0,0.213144307,4.18E-05
stigmergy_search_efficient,300,30,90,0,169,0.845,90000,0,100,1,0,100,90,0,100,1,0,100,30,0,100,11.68079489,2.131443072,100,99.99873333,0.000418431,100,0,0,0,0,0,0.213144307,4.18E-05
stigmergy_search_efficient,300,30,90,0,170,0.85,90000,0,100,1,0,100,90,0,100,1,0,100,30,0,100,11.68079489,2.131443072,100,99.99873333,0.000418431,100,0,0,0,0,0,0.213144307,4.18E-05
stigmergy_search_efficient,300,30,90,0,171,0.855,90000,0,100,1,0,100,90,0,100,1,0,100,30,0,100,11.68079489,2.131443072,100,99.99873333,0.000418431,100,0,0,0,0,0,0.213144307,4.18E-05
stigmergy_search_efficient,300,30,90,0,172,0.86,90000,0,100,1,0,100,90,0,100,1,0,100,30,0,100,11.68079489,2.131443072,100,99.99873333,0.000418431,100,0,0,0,0,0,0.213144307,4.18E-05
stigmergy_search_efficient,300,30,90,0,173,0.865,90000,0,100,1,0,100,90,0,100,1,0,100,30,0,100,11.68079489,2.131443072,100,99.99873333,0.000418431,100,0,0,0,0,0,0.213144307,4.18E-05
stigmergy_search_efficient,300,30,90,0,174,0.87,90000,0,100,1,0,100,90,0,100,1,0,100,30,0,100,11.68079489,2.131443072,100,99.99873333,0.000418431,100,0,0,0,0,0,0.213144307,4.18E-05
stigmergy_search_efficient,300,30,90,0,175,0.875,90000,0,100,1,0,100,90,0,100,1,0,100,30,0,100,11.68079489,2.131443072,100,99.99873333,0.000418431,100,0,0,0,0,0,0.213144307,4.18E-05
stigmergy_search_efficient,300,30,90,0,176,0.88,90000,0,100,1,0,100,90,0,100,1,0,100,30,0,100,11.68079489,2.131443072,100,99.99873333,0.000418431,100,0,0,0,0,0,0.213144307,4.18E-05
stigmergy_search_efficient,300,30,90,0,177,0.885,90000,0,100,1,0,100,90,0,100,1,0,100,30,0,100,11.68079489,2.131443072,100,99.99873333,0.000418431,100,0,0,0,0,0,0.213144307,4.18E-05
stigmergy_search_efficient,300,30,90,0,178,0.89,90000,0,100,1,0,100,90,0,100,1,0,100,30,0,100,11.68079489,2.131443072,100,99.99873333,0.000418431,100,0,0,0,0,0,0.213144307,4.18E-05
stigmergy_search_efficient,300,30,90,0,179,0.895,90000,0,100,1,0,100,90,0,100,1,0,100,30,0,100,11.68079489,2.131443072,100,99.99873333,0.000418431,100,0,0,0,0,0,0.213144307,4.18E-05
stigmergy_search_efficient,300,30,90,0,180,0.9,90000,0,100,1,0,100,90,0,100,1,0,100,30,0,100,11.68079489,2.131443072,100,99.99873333,0.000418431,100,0,0,0,0,0,0.213144307,4.18E-05
stigmergy_search_efficient,300,30,90,0,181,0.905,90000,0,100,1,0,100,90,0,100,1,0,100,30,0,100,11.68079489,2.131443072,100,99.99873333,0.000418431,100,0,0,0,0,0,0.213144307,4.18E-05
stigmergy_search_efficient,300,30,90,0,182,0.91,90000,0,100,1,0,100,90,0,100,1,0,100,30,0,100,11.68079489,2.131443072,100,99.99873333,0.000418431,100,0,0,0,0,0,0.213144307,4.18E-05
stigmergy_search_efficient,300,30,90,0,183,0.915,90000,0,100,1,0,100,90,0,100,1,0,100,30,0,100,11.68079489,2.131443072,100,99.99873333,0.000418431,100,0,0,0,0,0,0.213144307,4.18E-05
stigmergy_search_efficient,300,30,90,0,184,0.92,90000,0,100,1,0,100,90,0,100,1,0,100,30,0,100,11.68079489,2.131443072,100,99.99873333,0.000418431,100,0,0,0,0,0,0.213144307,4.18E-05
stigmergy_search_efficient,300,30,90,0,185,0.925,90000,0,100,1,0,100,90,0,100,1,0,100,30,0,100,11.68079489,2.131443072,100,99.99873333,0.000418431,100,0,0,0,0,0,0.213144307,4.18E-05
stigmergy_search_efficient,300,30,90,0,186,0.93,90000,0,100,1,0,100,90,0,100,1,0,100,30,0,100,11.68079489,2.131443072,100,99.99873333,0.000418431,100,0,0,0,0,0,0.213144307,4.18E-05
stigmergy_search_efficient,300,30,90,0,187,0.935,90000,0,100,1,0,100,90,0,100,1,0,100,30,0,100,11.68079489,2.131443072,100,99.99873333,0.000418431,100,0,0,0,0,0,0.213144307,4.18E-05
stigmergy_search_efficient,300,30,90,0,188,0.94,90000,0,100,1,0,100,90,0,100,1,0,100,30,0,100,11.68079489,2.131443072,100,99.99873333,0.000418431,100,0,0,0,0,0,0.213144307,4.18E-05
stigmergy_search_efficient,300,30,90,0,189,0.945,90000,0,100,1,0,100,90,0,100,1,0,100,30,0,100,11.68079489,2.131443072,100,99.99873333,0.000418431,100,0,0,0,0,0,0.213144307,4.18E-05
stigmergy_search_efficient,300,30,90,0,190,0.95,90000,0,100,1,0,100,90,0,100,1,0,100,30,0,100,11.68079489,2.131443072,100,99.99873333,0.000418431,100,0,0,0,0,0,0.213144307,4.18E-05
stigmergy_search_efficient,300,30,90,0,191,0.955,90000,0,100,1,0,100,90,0,100,1,0,100,30,0,100,11.68079489,2.131443072,100,99.99873333,0.000418431,100,0,0,0,0,0,0.213144307,4.18E-05
stigmergy_search_efficient,300,30,90,0,192,0.96,90000,0,100,1,0,100,90,0,100,1,0,100,30,0,100,11.68079489,2.131443072,100,99.99873333,0.000418431,100,0,0,0,0,0,0.213144307,4.18E-05
stigmergy_search_efficient,300,30,90,0,193,0.965,90000,0,100,1,0,100,90,0,100,1,0,100,30,0,100,11.68079489,2.131443072,100,99.99873333,0.000418431,100,0,0,0,0,0,0.213144307,4.18E-05
stigmergy_search_efficient,300,30,90,0,194,0.97,90000,0,100,1,0,100,90,0,100,1,0,100,30,0,100,11.68079489,2.131443072,100,99.99873333,0.000418431,100,0,0,0,0,0,0.213144307,4.18E-05
stigmergy_search_efficient,300,30,90,0,195,0.975,90000,0,100,1,0,100,90,0,100,1,0,100,30,0,100,11.68079489,2.131443072,100,99.99873333,0.000418431,100,0,0,0,0,0,0.213144307,4.18E-05
stigmergy_search_efficient,300,30,90,0,196,0.98,90000,0,100,1,0,100,90,0,100,1,0,100,30,0,100,11.68079489,2.131443072,100,99.99873333,0.000418431,100,0,0,0,0,0,0.213144307,4.18E-05
stigmergy_search_efficient,300,30,90,0,197,0.985,90000,0,100,1,0,100,90,0,100,1,0,100,30,0,100,11.68079489,2.131443072,100,99.99873333,0.000418431,100,0,0,0,0,0,0.213144307,4.18E-05
stigmergy_search_efficient,300,30,90,0,198,0.99,90000,0,100,1,0,100,90,0,100,1,0,100,30,0,100,11.68079489,2.131443072,100,99.99873333,0.000418431,100,0,0,0,0,0,0.213144307,4.18E-05
stigmergy_search_efficient,300,30,90,0,199,0.995,90000,0,100,1,0,100,90,0,100,1,0,100,30,0,100,11.68079489,2.131443072,100,99.99873333,0.000418431,100,0,0,0,0,0,0.213144307,4.18E-05
stigmergy_search_efficient,300,30,90,0,200,1,90000,0,100,1,0,100,90,0,100,1,0,100,30,0,100,11.68079489,2.131443072,100,99.99873333,0.000418431,100,0,0,0,0,0,0.213144307,4.18E-05
stigmergy_search_efficient,350,35,105,0,0,0,0,0,100,0,0,100,0,0,100,0,0,100,35,0,100,0,0,100,0,0,100,0,0,0,0,0,0,0
stigmergy_search_efficient,350,35,105,0,1,0.005,16312.65,274.2062696,100,0.13316449,0.002238419,100,13.64,3.131850068,100,0.129904762,0.029827144,100,35,0,100,3.651790507,0.050779776,100,13.18047347,0.220583565,100,27.42062696,0.000223842,0.313185007,0.002982714,0,0.005077978,0.022058356
stigmergy_search_efficient,350,35,105,0,2,0.01,30220.77,708.8841973,100,0.246700163,0.00578681,100,25.79,4.390750149,100,0.245619048,0.041816668,100,35,0,100,3.967182644,0.087094021,100,24.56168163,0.572119649,100,70.88841973,0.000578681,0.439075015,0.004181667,0,0.008709402,0.057211965
stigmergy_search_efficient,350,35,105,0,3,0.015,42295.08,1203.256404,100,0.345265959,0.009822501,100,36.09,5.079360096,100,0.343714286,0.048374858,100,35,0,100,4.270835093,0.115381693,100,34.44263673,0.977189619,100,120.3256404,0.00098225,0.50793601,0.004837486,0,0.011538169,0.097718962
stigmergy_search_efficient,350,35,105,0,4,0.02,53008.77,1677.75657,100,0.432724653,0.013695972,100,45.16,5.159516068,100,0.430095238,0.049138248,100,35,0,100,4.552594356,0.137703991,100,43.2035102,1.365009901,100,167.775657,0.001369597,0.515951607,0.004913825,0,0.013770399,0.13650099
stigmergy_search_efficient,350,35,105,0,5,0.025,62907.68,2162.634966,100,0.513532082,0.017654163,100,53.76,4.997211344,100,0.512,0.047592489,100,35,0,100,4.800546729,0.159912852,100,51.29448163,1.761844372,100,216.2634966,0.001765416,0.499721134,0.004759249,0,0.015991285,0.176184437
stigmergy_search_efficient,350,35,105,0,6,0.03,71803.09,2735.939183,100,0.586147673,0.022334197,100,61.52,5.300047646,100,0.585904762,0.050476644,100,35,0,100,5.051158555,0.186954068,100,58.56391837,2.229146081,100,273.5939183,0.00223342,0.530004765,0.005047664,0,0.018695407,0.222914608
stigmergy_search_efficient,350,35,105,0,7,0.035,79692.99,3323.480306,100,0.65055502,0.027130451,100,68.33,5.449594554,100,0.650761905,0.051900901,100,35,0,100,5.31332874,0.21766417,100,65.01153469,2.70912101,100,332.3480306,0.002713045,0.544959455,0.00519009,0,0.021766417,0.270912101
stigmergy_search_efficient,350,35,105,0,8,0.04,86711.56,3782.070277,100,0.707849469,0.030874043,100,74.08,5.340298482,100,0.70552381,0.050859986,100,35,0,100,5.583866886,0.242181675,100,70.74688163,3.085050567,100,378.2070277,0.003087404,0.534029848,0.005085999,0,0.024218168,0.308505057
stigmergy_search_efficient,350,35,105,0,9,0.045,92839.81,3941.946857,100,0.757876,0.032179158,100,79.67,5.473637462,100,0.758761905,0.052129881,100,35,0,100,5.868719414,0.250597568,100,75.75590204,3.216556593,100,394.1946857,0.003217916,0.547363746,0.005212988,0,0.025059757,0.321655659
stigmergy_search_efficient,350,35,105,0,10,0.05,98146.73,3975.301815,100,0.801197796,0.032451443,100,84.37,5.334573719,100,0.80352381,0.050805464,100,35,0,100,6.169136803,0.251600868,100,80.09252245,3.244811939,100,397.5301815,0.003245144,0.533457372,0.005080546,0,0.025160087,0.324481194
stigmergy_search_efficient,350,35,105,0,11,0.055,102738.47,3890.506182,100,0.838681388,0.031759234,100,88.44,4.746758596,100,0.842285714,0.045207225,100,35,0,100,6.483343577,0.24553815,100,83.84471837,3.176089791,100,389.0506182,0.003175923,0.47467586,0.004520722,0,0.024553815,0.317608979
stigmergy_search_efficient,350,35,105,0,12,0.06,106671.03,3705.994705,100,0.870783918,0.030253018,100,91.55,4.477497046,100,0.871904762,0.042642829,100,35,0,100,6.812408209,0.235836663,100,87.05888163,3.02564759,100,370.5994705,0.003025302,0.447749705,0.004264283,0,0.023583666,0.302564759
stigmergy_search_efficient,350,35,105,0,13,0.065,109951.5,3667.217161,100,0.897563265,0.029936467,100,94.52,4.088614396,100,0.900190476,0.038939185,100,35,0,100,7.16108037,0.23829583,100,89.7404898,2.993911429,100,366.7217161,0.002993647,0.40886144,0.003893918,0,0.023829583,0.299391143
stigmergy_search_efficient,350,35,105,0,14,0.07,112605.11,3578.395803,100,0.919225388,0.029211394,100,96.81,4.016870987,100,0.922,0.038255914,100,35,0,100,7.530955685,0.238741768,100,91.91018776,2.92150324,100,357.8395803,0.002921139,0.401687099,0.003825591,0,0.023874177,0.292150324
stigmergy_search_efficient,350,35,105,0,15,0.075,114701.25,3451.588126,100,0.936336735,0.02817623,100,98.66,3.782522273,100,0.939619048,0.036024022,100,35,0,100,7.921869158,0.237255911,100,93.62377143,2.818389515,100,345.1588126,0.002817623,0.378252227,0.003602402,0,0.023725591,0.281838952
stigmergy_search_efficient,350,35,105,0,16,0.08,116449.64,3289.528908,100,0.950609306,0.026853297,100,100.03,3.450823354,100,0.952666667,0.032864984,100,35,0,100,8.323514504,0.233670413,100,95.05288163,2.686113213,100,328.9528908,0.00268533,0.345082335,0.003286498,0,0.023367041,0.268611321
stigmergy_search_efficient,350,35,105,0,17,0.085,117849.31,3093.580344,100,0.962035184,0.025253717,100,101.16,3.362658881,100,0.963428571,0.032025323,100,35,0,100,8.739258374,0.228283604,100,96.19737959,2.526449789,100,309.3580344,0.002525372,0.336265888,0.003202532,0,0.02282836,0.252644979
stigmergy_search_efficient,350,35,105,0,18,0.09,118922.05,2866.468335,100,0.970792245,0.023399742,100,102.09,3.035463787,100,0.972285714,0.028909179,100,35,0,100,9.170191069,0.220565947,100,97.07458776,2.341199904,100,286.6468335,0.002339974,0.303546379,0.002890918,0,0.022056595,0.23411999
stigmergy_search_efficient,350,35,105,0,19,0.095,119731.23,2605.309481,100,0.977397796,0.021267832,100,102.69,2.688152082,100,0.978,0.025601448,100,35,0,100,9.601421435,0.232038613,100,97.73629388,2.127971683,100,260.5309481,0.002126783,0.268815208,0.002560145,0,0.023203861,0.212797168
stigmergy_search_efficient,350,35,105,0,20,0.1,120354.44,2334.021921,100,0.982485224,0.01905324,100,103.2,2.494438258,100,0.982857143,0.023756555,100,35,0,100,10.01845642,0.295563178,100,98.24554286,1.90640233,100,233.4021921,0.001905324,0.249443826,0.002375655,0,0.029556318,0.190640233
stigmergy_search_efficient,350,35,105,0,21,0.105,120821.77,2130.544891,100,0.986300163,0.017392203,100,103.58,2.156409286,100,0.98647619,0.020537231,100,35,0,100,10.40827582,0.414456627,100,98.62791837,1.739910313,100,213.0544891,0.00173922,0.215640929,0.002053723,0,0.041445663,0.173991031
stigmergy_search_efficient,350,35,105,0,22,0.11,121171.21,1960.505796,100,0.989152735,0.016004129,100,103.86,1.954120226,100,0.989142857,0.018610669,100,35,0,100,10.77263376,0.570178671,100,98.91348571,1.60106612,100,196.0505796,0.001600413,0.195412023,0.001861067,0,0.057017867,0.160106612
stigmergy_search_efficient,350,35,105,0,23,0.115,121475.58,1794.547776,100,0.991637388,0.01464937,100,104.16,1.692049143,100,0.992,0.016114754,100,35,0,100,11.10943979,0.739928982,100,99.16217959,1.465500918,100,179.4547776,0.001464937,0.169204914,0.001611475,0,0.073992898,0.146550092
stigmergy_search_efficient,350,35,105,0,24,0.12,121705.64,1646.465038,100,0.993515429,0.013440531,100,104.36,1.494231332,100,0.993904762,0.014230775,100,35,0,100,11.39503832,0.916658209,100,99.35013878,1.34446961,100,164.6465038,0.001344053,0.149423133,0.001423077,0,0.091665821,0.134446961
stigmergy_search_efficient,350,35,105,0,25,0.125,121884.1,1507.565731,100,0.994972245,0.012306659,100,104.52,1.251100526,100,0.995428571,0.011915243,100,35,0,100,11.62653143,1.089537023,100,99.49598367,1.231013837,100,150.7565731,0.001230666,0.125110053,0.001191524,0,0.108953702,0.123101384
stigmergy_search_efficient,350,35,105,0,26,0.13,122014.65,1371.890154,100,0.996037959,0.011199103,100,104.63,1.079234671,100,0.99647619,0.010278425,100,35,0,100,11.82548575,1.263190989,100,99.60269388,1.120272878,100,137.1890154,0.00111991,0.107923467,0.001027843,0,0.126319099,0.112027288
stigmergy_search_efficient,350,35,105,0,27,0.135,122097.97,1238.423823,100,0.996718122,0.010109582,100,104.75,0.845367651,100,0.997619048,0.00805112,100,35,0,100,11.97785048,1.41727117,100,99.67073469,1.011325703,100,123.8423823,0.001010958,0.084536765,0.000805112,0,0.141727117,0.10113257
stigmergy_search_efficient,350,35,105,0,28,0.14,122170.03,1102.88173,100,0.997306367,0.009003116,100,104.8,0.738548946,100,0.998095238,0.007033799,100,35,0,100,12.08809851,1.547756564,100,99.72955918,0.900601142,100,110.288173,0.000900312,0.073854895,0.00070338,0,0.154775656,0.090060114
stigmergy_search_efficient,350,35,105,0,29,0.145,122231.56,989.261109,100,0.997808653,0.008075601,100,104.83,0.68246434,100,0.998380952,0.00649966,100,35,0,100,12.17350856,1.663782012,100,99.7798449,0.807810577,100,98.9261109,0.00080756,0.068246434,0.000649966,0,0.166378201,0.080781058
stigmergy_search_efficient,350,35,105,0,30,0.15,122280.87,891.4538761,100,0.998211184,0.007277174,100,104.87,0.580055727,100,0.998761905,0.00552434,100,35,0,100,12.24283898,1.769121363,100,99.82004082,0.727939759,100,89.14538761,0.000727717,0.058005573,0.000552434,0,0.176912136,0.072793976
stigmergy_search_efficient,350,35,105,0,31,0.155,122319.43,800.1753502,100,0.998525959,0.006532044,100,104.89,0.548551812,100,0.998952381,0.005224303,100,35,0,100,12.30177249,1.867724318,100,99.85156735,0.653464584,100,80.01753502,0.000653204,0.054855181,0.00052243,0,0.186772432,0.065346458
stigmergy_search_efficient,350,35,105,0,32,0.16,122351.07,718.6452357,100,0.998784245,0.005866492,100,104.91,0.49431107,100,0.999142857,0.004707724,100,35,0,100,12.3465572,1.950137818,100,99.87739592,0.586874712,100,71.86452357,0.000586649,0.049431107,0.000470772,0,0.195013782,0.058687471
stigmergy_search_efficient,350,35,105,0,33,0.165,122378.24,638.6138259,100,0.999006041,0.005213174,100,104.92,0.464497121,100,0.999238095,0.004423782,100,35,0,100,12.3852413,2.02722609,100,99.89953469,0.521576256,100,63.86138259,0.000521317,0.046449712,0.000442378,0,0.202722609,0.052157626
stigmergy_search_efficient,350,35,105,0,34,0.17,122407.88,564.0194366,100,0.999248,0.00460424,100,104.93,0.455161199,100,0.999333333,0.004334869,100,35,0,100,12.4138825,2.089188324,100,99.92380408,0.460533648,100,56.40194366,0.000460424,0.04551612,0.000433487,0,0.208918832,0.046053365
stigmergy_search_efficient,350,35,105,0,35,0.175,122423.44,499.5667278,100,0.99937502,0.004078096,100,104.94,0.422115882,100,0.999428571,0.004020151,100,35,0,100,12.43504903,2.138710347,100,99.93651429,0.407970234,100,49.95667278,0.00040781,0.042211588,0.000402015,0,0.213871035,0.040797023
stigmergy_search_efficient,350,35,105,0,36,0.18,122435.42,437.4874123,100,0.999472816,0.003571326,100,104.95,0.411329453,100,0.99952381,0.003917423,100,35,0,100,12.45246894,2.182645382,100,99.94628571,0.357284385,100,43.74874123,0.000357133,0.041132945,0.000391742,0,0.218264538,0.035728438
stigmergy_search_efficient,350,35,105,0,37,0.185,122446.36,376.6144378,100,0.999562122,0.003074404,100,104.97,0.222701503,100,0.999714286,0.002120967,100,35,0,100,12.46583752,2.218903255,100,99.95522449,0.307593533,100,37.66144378,0.00030744,0.02227015,0.000212097,0,0.221890325,0.030759353
stigmergy_search_efficient,350,35,105,0,38,0.19,122454.85,317.6893335,100,0.999631429,0.002593382,100,104.97,0.222701503,100,0.999714286,0.002120967,100,35,0,100,12.47494193,2.245488371,100,99.96216327,0.25943238,100,31.76893335,0.000259338,0.02227015,0.000212097,0,0.224548837,0.025943238
stigmergy_search_efficient,350,35,105,0,39,0.195,122463.79,254.7474208,100,0.999704408,0.002079571,100,104.97,0.222701503,100,0.999714286,0.002120967,100,35,0,100,12.48356973,2.272115856,100,99.96942857,0.208280867,100,25.47474208,0.000207957,0.02227015,0.000212097,0,0.227211586,0.020828087
stigmergy_search_efficient,350,35,105,0,40,0.2,122477.15,163.3371907,100,0.999813469,0.001333365,100,104.97,0.222701503,100,0.999714286,0.002120967,100,35,0,100,12.49141979,2.297475073,100,99.98033469,0.133635194,100,16.33371907,0.000133336,0.02227015,0.000212097,0,0.229747507,0.013363519
stigmergy_search_efficient,350,35,105,0,41,0.205,122489.71,88.60949341,100,0.999916,0.000723343,100,104.98,0.2,100,0.999809524,0.001904762,100,35,0,100,12.49932004,2.324048777,100,99.99062041,0.072412332,100,8.860949341,7.23E-05,0.02,0.000190476,0,0.232404878,0.007241233
stigmergy_search_efficient,350,35,105,0,42,0.21,122496.14,38.6,100,0.99996849,0.000315102,100,104.99,0.1,100,0.999904762,0.000952381,100,35,0,100,12.50539528,2.345279307,100,99.99586939,0.031661894,100,3.86,3.15E-05,0.01,9.52E-05,0,0.234527931,0.003166189
stigmergy_search_efficient,350,35,105,0,43,0.215,122500,0,100,1,0,100,105,0,100,1,0,100,35,0,100,12.50850082,2.356636358,100,99.99902857,0.000459666,100,0,0,0,0,0,0.235663636,4.60E-05
stigmergy_search_efficient,350,35,105,0,44,0.22,122500,0,100,1,0,100,105,0,100,1,0,100,35,0,100,12.50850082,2.356636358,100,99.99902857,0.000459666,100,0,0,0,0,0,0.235663636,4.60E-05
stigmergy_search_efficient,350,35,105,0,45,0.225,122500,0,100,1,0,100,105,0,100,1,0,100,35,0,100,12.50850082,2.356636358,100,99.99902857,0.000459666,100,0,0,0,0,0,0.235663636,4.60E-05
stigmergy_search_efficient,350,35,105,0,46,0.23,122500,0,100,1,0,100,105,0,100,1,0,100,35,0,100,12.50850082,2.356636358,100,99.99902857,0.000459666,100,0,0,0,0,0,0.235663636,4.60E-05
stigmergy_search_efficient,350,35,105,0,47,0.235,122500,0,100,1,0,100,105,0,100,1,0,100,35,0,100,12.50850082,2.356636358,100,99.99902857,0.000459666,100,0,0,0,0,0,0.235663636,4.60E-05
stigmergy_search_efficient,350,35,105,0,48,0.24,122500,0,100,1,0,100,105,0,100,1,0,100,35,0,100,12.50850082,2.356636358,100,99.99902857,0.000459666,100,0,0,0,0,0,0.235663636,4.60E-05
stigmergy_search_efficient,350,35,105,0,49,0.245,122500,0,100,1,0,100,105,0,100,1,0,100,35,0,100,12.50850082,2.356636358,100,99.99902857,0.000459666,100,0,0,0,0,0,0.235663636,4.60E-05
stigmergy_search_efficient,350,35,105,0,50,0.25,122500,0,100,1,0,100,105,0,100,1,0,100,35,0,100,12.50850082,2.356636358,100,99.99902857,0.000459666,100,0,0,0,0,0,0.235663636,4.60E-05
stigmergy_search_efficient,350,35,105,0,51,0.255,122500,0,100,1,0,100,105,0,100,1,0,100,35,0,100,12.50850082,2.356636358,100,99.99902857,0.000459666,100,0,0,0,0,0,0.235663636,4.60E-05
stigmergy_search_efficient,350,35,105,0,52,0.26,122500,0,100,1,0,100,105,0,100,1,0,100,35,0,100,12.50850082,2.356636358,100,99.99902857,0.000459666,100,0,0,0,0,0,0.235663636,4.60E-05
stigmergy_search_efficient,350,35,105,0,53,0.265,122500,0,100,1,0,100,105,0,100,1,0,100,35,0,100,12.50850082,2.356636358,100,99.99902857,0.000459666,100,0,0,0,0,0,0.235663636,4.60E-05
stigmergy_search_efficient,350,35,105,0,54,0.27,122500,0,100,1,0,100,105,0,100,1,0,100,35,0,100,12.50850082,2.356636358,100,99.99902857,0.000459666,100,0,0,0,0,0,0.235663636,4.60E-05
stigmergy_search_efficient,350,35,105,0,55,0.275,122500,0,100,1,0,100,105,0,100,1,0,100,35,0,100,12.50850082,2.356636358,100,99.99902857,0.000459666,100,0,0,0,0,0,0.235663636,4.60E-05
stigmergy_search_efficient,350,35,105,0,56,0.28,122500,0,100,1,0,100,105,0,100,1,0,100,35,0,100,12.50850082,2.356636358,100,99.99902857,0.000459666,100,0,0,0,0,0,0.235663636,4.60E-05
stigmergy_search_efficient,350,35,105,0,57,0.285,122500,0,100,1,0,100,105,0,100,1,0,100,35,0,100,12.50850082,2.356636358,100,99.99902857,0.000459666,100,0,0,0,0,0,0.235663636,4.60E-05
stigmergy_search_efficient,350,35,105,0,58,0.29,122500,0,100,1,0,100,105,0,100,1,0,100,35,0,100,12.50850082,2.356636358,100,99.99902857,0.000459666,100,0,0,0,0,0,0.235663636,4.60E-05
stigmergy_search_efficient,350,35,105,0,59,0.295,122500,0,100,1,0,100,105,0,100,1,0,100,35,0,100,12.50850082,2.356636358,100,99.99902857,0.000459666,100,0,0,0,0,0,0.235663636,4.60E-05
stigmergy_search_efficient,350,35,105,0,60,0.3,122500,0,100,1,0,100,105,0,100,1,0,100,35,0,100,12.50850082,2.356636358,100,99.99902857,0.000459666,100,0,0,0,0,0,0.235663636,4.60E-05
stigmergy_search_efficient,350,35,105,0,61,0.305,122500,0,100,1,0,100,105,0,100,1,0,100,35,0,100,12.50850082,2.356636358,100,99.99902857,0.000459666,100,0,0,0,0,0,0.235663636,4.60E-05
stigmergy_search_efficient,350,35,105,0,62,0.31,122500,0,100,1,0,100,105,0,100,1,0,100,35,0,100,12.50850082,2.356636358,100,99.99902857,0.000459666,100,0,0,0,0,0,0.235663636,4.60E-05
stigmergy_search_efficient,350,35,105,0,63,0.315,122500,0,100,1,0,100,105,0,100,1,0,100,35,0,100,12.50850082,2.356636358,100,99.99902857,0.000459666,100,0,0,0,0,0,0.235663636,4.60E-05
stigmergy_search_efficient,350,35,105,0,64,0.32,122500,0,100,1,0,100,105,0,100,1,0,100,35,0,100,12.50850082,2.356636358,100,99.99902857,0.000459666,100,0,0,0,0,0,0.235663636,4.60E-05
stigmergy_search_efficient,350,35,105,0,65,0.325,122500,0,100,1,0,100,105,0,100,1,0,100,35,0,100,12.50850082,2.356636358,100,99.99902857,0.000459666,100,0,0,0,0,0,0.235663636,4.60E-05
stigmergy_search_efficient,350,35,105,0,66,0.33,122500,0,100,1,0,100,105,0,100,1,0,100,35,0,100,12.50850082,2.356636358,100,99.99902857,0.000459666,100,0,0,0,0,0,0.235663636,4.60E-05
stigmergy_search_efficient,350,35,105,0,67,0.335,122500,0,100,1,0,100,105,0,100,1,0,100,35,0,100,12.50850082,2.356636358,100,99.99902857,0.000459666,100,0,0,0,0,0,0.235663636,4.60E-05
stigmergy_search_efficient,350,35,105,0,68,0.34,122500,0,100,1,0,100,105,0,100,1,0,100,35,0,100,12.50850082,2.356636358,100,99.99902857,0.000459666,100,0,0,0,0,0,0.235663636,4.60E-05
stigmergy_search_efficient,350,35,105,0,69,0.345,122500,0,100,1,0,100,105,0,100,1,0,100,35,0,100,12.50850082,2.356636358,100,99.99902857,0.000459666,100,0,0,0,0,0,0.235663636,4.60E-05
stigmergy_search_efficient,350,35,105,0,70,0.35,122500,0,100,1,0,100,105,0,100,1,0,100,35,0,100,12.50850082,2.356636358,100,99.99902857,0.000459666,100,0,0,0,0,0,0.235663636,4.60E-05
stigmergy_search_efficient,350,35,105,0,71,0.355,122500,0,100,1,0,100,105,0,100,1,0,100,35,0,100,12.50850082,2.356636358,100,99.99902857,0.000459666,100,0,0,0,0,0,0.235663636,4.60E-05
stigmergy_search_efficient,350,35,105,0,72,0.36,122500,0,100,1,0,100,105,0,100,1,0,100,35,0,100,12.50850082,2.356636358,100,99.99902857,0.000459666,100,0,0,0,0,0,0.235663636,4.60E-05
stigmergy_search_efficient,350,35,105,0,73,0.365,122500,0,100,1,0,100,105,0,100,1,0,100,35,0,100,12.50850082,2.356636358,100,99.99902857,0.000459666,100,0,0,0,0,0,0.235663636,4.60E-05
stigmergy_search_efficient,350,35,105,0,74,0.37,122500,0,100,1,0,100,105,0,100,1,0,100,35,0,100,12.50850082,2.356636358,100,99.99902857,0.000459666,100,0,0,0,0,0,0.235663636,4.60E-05
stigmergy_search_efficient,350,35,105,0,75,0.375,122500,0,100,1,0,100,105,0,100,1,0,100,35,0,100,12.50850082,2.356636358,100,99.99902857,0.000459666,100,0,0,0,0,0,0.235663636,4.60E-05
stigmergy_search_efficient,350,35,105,0,76,0.38,122500,0,100,1,0,100,105,0,100,1,0,100,35,0,100,12.50850082,2.356636358,100,99.99902857,0.000459666,100,0,0,0,0,0,0.235663636,4.60E-05
stigmergy_search_efficient,350,35,105,0,77,0.385,122500,0,100,1,0,100,105,0,100,1,0,100,35,0,100,12.50850082,2.356636358,100,99.99902857,0.000459666,100,0,0,0,0,0,0.235663636,4.60E-05
stigmergy_search_efficient,350,35,105,0,78,0.39,122500,0,100,1,0,100,105,0,100,1,0,100,35,0,100,12.50850082,2.356636358,100,99.99902857,0.000459666,100,0,0,0,0,0,0.235663636,4.60E-05
stigmergy_search_efficient,350,35,105,0,79,0.395,122500,0,100,1,0,100,105,0,100,1,0,100,35,0,100,12.50850082,2.356636358,100,99.99902857,0.000459666,100,0,0,0,0,0,0.235663636,4.60E-05
stigmergy_search_efficient,350,35,105,0,80,0.4,122500,0,100,1,0,100,105,0,100,1,0,100,35,0,100,12.50850082,2.356636358,100,99.99902857,0.000459666,100,0,0,0,0,0,0.235663636,4.60E-05
stigmergy_search_efficient,350,35,105,0,81,0.405,122500,0,100,1,0,100,105,0,100,1,0,100,35,0,100,12.50850082,2.356636358,100,99.99902857,0.000459666,100,0,0,0,0,0,0.235663636,4.60E-05
stigmergy_search_efficient,350,35,105,0,82,0.41,122500,0,100,1,0,100,105,0,100,1,0,100,35,0,100,12.50850082,2.356636358,100,99.99902857,0.000459666,100,0,0,0,0,0,0.235663636,4.60E-05
stigmergy_search_efficient,350,35,105,0,83,0.415,122500,0,100,1,0,100,105,0,100,1,0,100,35,0,100,12.50850082,2.356636358,100,99.99902857,0.000459666,100,0,0,0,0,0,0.235663636,4.60E-05
stigmergy_search_efficient,350,35,105,0,84,0.42,122500,0,100,1,0,100,105,0,100,1,0,100,35,0,100,12.50850082,2.356636358,100,99.99902857,0.000459666,100,0,0,0,0,0,0.235663636,4.60E-05
stigmergy_search_efficient,350,35,105,0,85,0.425,122500,0,100,1,0,100,105,0,100,1,0,100,35,0,100,12.50850082,2.356636358,100,99.99902857,0.000459666,100,0,0,0,0,0,0.235663636,4.60E-05
stigmergy_search_efficient,350,35,105,0,86,0.43,122500,0,100,1,0,100,105,0,100,1,0,100,35,0,100,12.50850082,2.356636358,100,99.99902857,0.000459666,100,0,0,0,0,0,0.235663636,4.60E-05
stigmergy_search_efficient,350,35,105,0,87,0.435,122500,0,100,1,0,100,105,0,100,1,0,100,35,0,100,12.50850082,2.356636358,100,99.99902857,0.000459666,100,0,0,0,0,0,0.235663636,4.60E-05
stigmergy_search_efficient,350,35,105,0,88,0.44,122500,0,100,1,0,100,105,0,100,1,0,100,35,0,100,12.50850082,2.356636358,100,99.99902857,0.000459666,100,0,0,0,0,0,0.235663636,4.60E-05
stigmergy_search_efficient,350,35,105,0,89,0.445,122500,0,100,1,0,100,105,0,100,1,0,100,35,0,100,12.50850082,2.356636358,100,99.99902857,0.000459666,100,0,0,0,0,0,0.235663636,4.60E-05
stigmergy_search_efficient,350,35,105,0,90,0.45,122500,0,100,1,0,100,105,0,100,1,0,100,35,0,100,12.50850082,2.356636358,100,99.99902857,0.000459666,100,0,0,0,0,0,0.235663636,4.60E-05
stigmergy_search_efficient,350,35,105,0,91,0.455,122500,0,100,1,0,100,105,0,100,1,0,100,35,0,100,12.50850082,2.356636358,100,99.99902857,0.000459666,100,0,0,0,0,0,0.235663636,4.60E-05
stigmergy_search_efficient,350,35,105,0,92,0.46,122500,0,100,1,0,100,105,0,100,1,0,100,35,0,100,12.50850082,2.356636358,100,99.99902857,0.000459666,100,0,0,0,0,0,0.235663636,4.60E-05
stigmergy_search_efficient,350,35,105,0,93,0.465,122500,0,100,1,0,100,105,0,100,1,0,100,35,0,100,12.50850082,2.356636358,100,99.99902857,0.000459666,100,0,0,0,0,0,0.235663636,4.60E-05
stigmergy_search_efficient,350,35,105,0,94,0.47,122500,0,100,1,0,100,105,0,100,1,0,100,35,0,100,12.50850082,2.356636358,100,99.99902857,0.000459666,100,0,0,0,0,0,0.235663636,4.60E-05
stigmergy_search_efficient,350,35,105,0,95,0.475,122500,0,100,1,0,100,105,0,100,1,0,100,35,0,100,12.50850082,2.356636358,100,99.99902857,0.000459666,100,0,0,0,0,0,0.235663636,4.60E-05
stigmergy_search_efficient,350,35,105,0,96,0.48,122500,0,100,1,0,100,105,0,100,1,0,100,35,0,100,12.50850082,2.356636358,100,99.99902857,0.000459666,100,0,0,0,0,0,0.235663636,4.60E-05
stigmergy_search_efficient,350,35,105,0,97,0.485,122500,0,100,1,0,100,105,0,100,1,0,100,35,0,100,12.50850082,2.356636358,100,99.99902857,0.000459666,100,0,0,0,0,0,0.235663636,4.60E-05
stigmergy_search_efficient,350,35,105,0,98,0.49,122500,0,100,1,0,100,105,0,100,1,0,100,35,0,100,12.50850082,2.356636358,100,99.99902857,0.000459666,100,0,0,0,0,0,0.235663636,4.60E-05
stigmergy_search_efficient,350,35,105,0,99,0.495,122500,0,100,1,0,100,105,0,100,1,0,100,35,0,100,12.50850082,2.356636358,100,99.99902857,0.000459666,100,0,0,0,0,0,0.235663636,4.60E-05
stigmergy_search_efficient,350,35,105,0,100,0.5,122500,0,100,1,0,100,105,0,100,1,0,100,35,0,100,12.50850082,2.356636358,100,99.99902857,0.000459666,100,0,0,0,0,0,0.235663636,4.60E-05
stigmergy_search_efficient,350,35,105,0,101,0.505,122500,0,100,1,0,100,105,0,100,1,0,100,35,0,100,12.50850082,2.356636358,100,99.99902857,0.000459666,100,0,0,0,0,0,0.235663636,4.60E-05
stigmergy_search_efficient,350,35,105,0,102,0.51,122500,0,100,1,0,100,105,0,100,1,0,100,35,0,100,12.50850082,2.356636358,100,99.99902857,0.000459666,100,0,0,0,0,0,0.235663636,4.60E-05
stigmergy_search_efficient,350,35,105,0,103,0.515,122500,0,100,1,0,100,105,0,100,1,0,100,35,0,100,12.50850082,2.356636358,100,99.99902857,0.000459666,100,0,0,0,0,0,0.235663636,4.60E-05
stigmergy_search_efficient,350,35,105,0,104,0.52,122500,0,100,1,0,100,105,0,100,1,0,100,35,0,100,12.50850082,2.356636358,100,99.99902857,0.000459666,100,0,0,0,0,0,0.235663636,4.60E-05
stigmergy_search_efficient,350,35,105,0,105,0.525,122500,0,100,1,0,100,105,0,100,1,0,100,35,0,100,12.50850082,2.356636358,100,99.99902857,0.000459666,100,0,0,0,0,0,0.235663636,4.60E-05
stigmergy_search_efficient,350,35,105,0,106,0.53,122500,0,100,1,0,100,105,0,100,1,0,100,35,0,100,12.50850082,2.356636358,100,99.99902857,0.000459666,100,0,0,0,0,0,0.235663636,4.60E-05
stigmergy_search_efficient,350,35,105,0,107,0.535,122500,0,100,1,0,100,105,0,100,1,0,100,35,0,100,12.50850082,2.356636358,100,99.99902857,0.000459666,100,0,0,0,0,0,0.235663636,4.60E-05
stigmergy_search_efficient,350,35,105,0,108,0.54,122500,0,100,1,0,100,105,0,100,1,0,100,35,0,100,12.50850082,2.356636358,100,99.99902857,0.000459666,100,0,0,0,0,0,0.235663636,4.60E-05
stigmergy_search_efficient,350,35,105,0,109,0.545,122500,0,100,1,0,100,105,0,100,1,0,100,35,0,100,12.50850082,2.356636358,100,99.99902857,0.000459666,100,0,0,0,0,0,0.235663636,4.60E-05
stigmergy_search_efficient,350,35,105,0,110,0.55,122500,0,100,1,0,100,105,0,100,1,0,100,35,0,100,12.50850082,2.356636358,100,99.99902857,0.000459666,100,0,0,0,0,0,0.235663636,4.60E-05
stigmergy_search_efficient,350,35,105,0,111,0.555,122500,0,100,1,0,100,105,0,100,1,0,100,35,0,100,12.50850082,2.356636358,100,99.99902857,0.000459666,100,0,0,0,0,0,0.235663636,4.60E-05
stigmergy_search_efficient,350,35,105,0,112,0.56,122500,0,100,1,0,100,105,0,100,1,0,100,35,0,100,12.50850082,2.356636358,100,99.99902857,0.000459666,100,0,0,0,0,0,0.235663636,4.60E-05
stigmergy_search_efficient,350,35,105,0,113,0.565,122500,0,100,1,0,100,105,0,100,1,0,100,35,0,100,12.50850082,2.356636358,100,99.99902857,0.000459666,100,0,0,0,0,0,0.235663636,4.60E-05
stigmergy_search_efficient,350,35,105,0,114,0.57,122500,0,100,1,0,100,105,0,100,1,0,100,35,0,100,12.50850082,2.356636358,100,99.99902857,0.000459666,100,0,0,0,0,0,0.235663636,4.60E-05
stigmergy_search_efficient,350,35,105,0,115,0.575,122500,0,100,1,0,100,105,0,100,1,0,100,35,0,100,12.50850082,2.356636358,100,99.99902857,0.000459666,100,0,0,0,0,0,0.235663636,4.60E-05
stigmergy_search_efficient,350,35,105,0,116,0.58,122500,0,100,1,0,100,105,0,100,1,0,100,35,0,100,12.50850082,2.356636358,100,99.99902857,0.000459666,100,0,0,0,0,0,0.235663636,4.60E-05
stigmergy_search_efficient,350,35,105,0,117,0.585,122500,0,100,1,0,100,105,0,100,1,0,100,35,0,100,12.50850082,2.356636358,100,99.99902857,0.000459666,100,0,0,0,0,0,0.235663636,4.60E-05
stigmergy_search_efficient,350,35,105,0,118,0.59,122500,0,100,1,0,100,105,0,100,1,0,100,35,0,100,12.50850082,2.356636358,100,99.99902857,0.000459666,100,0,0,0,0,0,0.235663636,4.60E-05
stigmergy_search_efficient,350,35,105,0,119,0.595,122500,0,100,1,0,100,105,0,100,1,0,100,35,0,100,12.50850082,2.356636358,100,99.99902857,0.000459666,100,0,0,0,0,0,0.235663636,4.60E-05
stigmergy_search_efficient,350,35,105,0,120,0.6,122500,0,100,1,0,100,105,0,100,1,0,100,35,0,100,12.50850082,2.356636358,100,99.99902857,0.000459666,100,0,0,0,0,0,0.235663636,4.60E-05
stigmergy_search_efficient,350,35,105,0,121,0.605,122500,0,100,1,0,100,105,0,100,1,0,100,35,0,100,12.50850082,2.356636358,100,99.99902857,0.000459666,100,0,0,0,0,0,0.235663636,4.60E-05
stigmergy_search_efficient,350,35,105,0,122,0.61,122500,0,100,1,0,100,105,0,100,1,0,100,35,0,100,12.50850082,2.356636358,100,99.99902857,0.000459666,100,0,0,0,0,0,0.235663636,4.60E-05
stigmergy_search_efficient,350,35,105,0,123,0.615,122500,0,100,1,0,100,105,0,100,1,0,100,35,0,100,12.50850082,2.356636358,100,99.99902857,0.000459666,100,0,0,0,0,0,0.235663636,4.60E-05
stigmergy_search_efficient,350,35,105,0,124,0.62,122500,0,100,1,0,100,105,0,100,1,0,100,35,0,100,12.50850082,2.356636358,100,99.99902857,0.000459666,100,0,0,0,0,0,0.235663636,4.60E-05
stigmergy_search_efficient,350,35,105,0,125,0.625,122500,0,100,1,0,100,105,0,100,1,0,100,35,0,100,12.50850082,2.356636358,100,99.99902857,0.000459666,100,0,0,0,0,0,0.235663636,4.60E-05
stigmergy_search_efficient,350,35,105,0,126,0.63,122500,0,100,1,0,100,105,0,100,1,0,100,35,0,100,12.50850082,2.356636358,100,99.99902857,0.000459666,100,0,0,0,0,0,0.235663636,4.60E-05
stigmergy_search_efficient,350,35,105,0,127,0.635,122500,0,100,1,0,100,105,0,100,1,0,100,35,0,100,12.50850082,2.356636358,100,99.99902857,0.000459666,100,0,0,0,0,0,0.235663636,4.60E-05
stigmergy_search_efficient,350,35,105,0,128,0.64,122500,0,100,1,0,100,105,0,100,1,0,100,35,0,100,12.50850082,2.356636358,100,99.99902857,0.000459666,100,0,0,0,0,0,0.235663636,4.60E-05
stigmergy_search_efficient,350,35,105,0,129,0.645,122500,0,100,1,0,100,105,0,100,1,0,100,35,0,100,12.50850082,2.356636358,100,99.99902857,0.000459666,100,0,0,0,0,0,0.235663636,4.60E-05
stigmergy_search_efficient,350,35,105,0,130,0.65,122500,0,100,1,0,100,105,0,100,1,0,100,35,0,100,12.50850082,2.356636358,100,99.99902857,0.000459666,100,0,0,0,0,0,0.235663636,4.60E-05
stigmergy_search_efficient,350,35,105,0,131,0.655,122500,0,100,1,0,100,105,0,100,1,0,100,35,0,100,12.50850082,2.356636358,100,99.99902857,0.000459666,100,0,0,0,0,0,0.235663636,4.60E-05
stigmergy_search_efficient,350,35,105,0,132,0.66,122500,0,100,1,0,100,105,0,100,1,0,100,35,0,100,12.50850082,2.356636358,100,99.99902857,0.000459666,100,0,0,0,0,0,0.235663636,4.60E-05
stigmergy_search_efficient,350,35,105,0,133,0.665,122500,0,100,1,0,100,105,0,100,1,0,100,35,0,100,12.50850082,2.356636358,100,99.99902857,0.000459666,100,0,0,0,0,0,0.235663636,4.60E-05
stigmergy_search_efficient,350,35,105,0,134,0.67,122500,0,100,1,0,100,105,0,100,1,0,100,35,0,100,12.50850082,2.356636358,100,99.99902857,0.000459666,100,0,0,0,0,0,0.235663636,4.60E-05
stigmergy_search_efficient,350,35,105,0,135,0.675,122500,0,100,1,0,100,105,0,100,1,0,100,35,0,100,12.50850082,2.356636358,100,99.99902857,0.000459666,100,0,0,0,0,0,0.235663636,4.60E-05
stigmergy_search_efficient,350,35,105,0,136,0.68,122500,0,100,1,0,100,105,0,100,1,0,100,35,0,100,12.50850082,2.356636358,100,99.99902857,0.000459666,100,0,0,0,0,0,0.235663636,4.60E-05
stigmergy_search_efficient,350,35,105,0,137,0.685,122500,0,100,1,0,100,105,0,100,1,0,100,35,0,100,12.50850082,2.356636358,100,99.99902857,0.000459666,100,0,0,0,0,0,0.235663636,4.60E-05
stigmergy_search_efficient,350,35,105,0,138,0.69,122500,0,100,1,0,100,105,0,100,1,0,100,35,0,100,12.50850082,2.356636358,100,99.99902857,0.000459666,100,0,0,0,0,0,0.235663636,4.60E-05
stigmergy_search_efficient,350,35,105,0,139,0.695,122500,0,100,1,0,100,105,0,100,1,0,100,35,0,100,12.50850082,2.356636358,100,99.99902857,0.000459666,100,0,0,0,0,0,0.235663636,4.60E-05
stigmergy_search_efficient,350,35,105,0,140,0.7,122500,0,100,1,0,100,105,0,100,1,0,100,35,0,100,12.50850082,2.356636358,100,99.99902857,0.000459666,100,0,0,0,0,0,0.235663636,4.60E-05
stigmergy_search_efficient,350,35,105,0,141,0.705,122500,0,100,1,0,100,105,0,100,1,0,100,35,0,100,12.50850082,2.356636358,100,99.99902857,0.000459666,100,0,0,0,0,0,0.235663636,4.60E-05
stigmergy_search_efficient,350,35,105,0,142,0.71,122500,0,100,1,0,100,105,0,100,1,0,100,35,0,100,12.50850082,2.356636358,100,99.99902857,0.000459666,100,0,0,0,0,0,0.235663636,4.60E-05
stigmergy_search_efficient,350,35,105,0,143,0.715,122500,0,100,1,0,100,105,0,100,1,0,100,35,0,100,12.50850082,2.356636358,100,99.99902857,0.000459666,100,0,0,0,0,0,0.235663636,4.60E-05
stigmergy_search_efficient,350,35,105,0,144,0.72,122500,0,100,1,0,100,105,0,100,1,0,100,35,0,100,12.50850082,2.356636358,100,99.99902857,0.000459666,100,0,0,0,0,0,0.235663636,4.60E-05
stigmergy_search_efficient,350,35,105,0,145,0.725,122500,0,100,1,0,100,105,0,100,1,0,100,35,0,100,12.50850082,2.356636358,100,99.99902857,0.000459666,100,0,0,0,0,0,0.235663636,4.60E-05
stigmergy_search_efficient,350,35,105,0,146,0.73,122500,0,100,1,0,100,105,0,100,1,0,100,35,0,100,12.50850082,2.356636358,100,99.99902857,0.000459666,100,0,0,0,0,0,0.235663636,4.60E-05
stigmergy_search_efficient,350,35,105,0,147,0.735,122500,0,100,1,0,100,105,0,100,1,0,100,35,0,100,12.50850082,2.356636358,100,99.99902857,0.000459666,100,0,0,0,0,0,0.235663636,4.60E-05
stigmergy_search_efficient,350,35,105,0,148,0.74,122500,0,100,1,0,100,105,0,100,1,0,100,35,0,100,12.50850082,2.356636358,100,99.99902857,0.000459666,100,0,0,0,0,0,0.235663636,4.60E-05
stigmergy_search_efficient,350,35,105,0,149,0.745,122500,0,100,1,0,100,105,0,100,1,0,100,35,0,100,12.50850082,2.356636358,100,99.99902857,0.000459666,100,0,0,0,0,0,0.235663636,4.60E-05
stigmergy_search_efficient,350,35,105,0,150,0.75,122500,0,100,1,0,100,105,0,100,1,0,100,35,0,100,12.50850082,2.356636358,100,99.99902857,0.000459666,100,0,0,0,0,0,0.235663636,4.60E-05
stigmergy_search_efficient,350,35,105,0,151,0.755,122500,0,100,1,0,100,105,0,100,1,0,100,35,0,100,12.50850082,2.356636358,100,99.99902857,0.000459666,100,0,0,0,0,0,0.235663636,4.60E-05
stigmergy_search_efficient,350,35,105,0,152,0.76,122500,0,100,1,0,100,105,0,100,1,0,100,35,0,100,12.50850082,2.356636358,100,99.99902857,0.000459666,100,0,0,0,0,0,0.235663636,4.60E-05
stigmergy_search_efficient,350,35,105,0,153,0.765,122500,0,100,1,0,100,105,0,100,1,0,100,35,0,100,12.50850082,2.356636358,100,99.99902857,0.000459666,100,0,0,0,0,0,0.235663636,4.60E-05
stigmergy_search_efficient,350,35,105,0,154,0.77,122500,0,100,1,0,100,105,0,100,1,0,100,35,0,100,12.50850082,2.356636358,100,99.99902857,0.000459666,100,0,0,0,0,0,0.235663636,4.60E-05
stigmergy_search_efficient,350,35,105,0,155,0.775,122500,0,100,1,0,100,105,0,100,1,0,100,35,0,100,12.50850082,2.356636358,100,99.99902857,0.000459666,100,0,0,0,0,0,0.235663636,4.60E-05
stigmergy_search_efficient,350,35,105,0,156,0.78,122500,0,100,1,0,100,105,0,100,1,0,100,35,0,100,12.50850082,2.356636358,100,99.99902857,0.000459666,100,0,0,0,0,0,0.235663636,4.60E-05
stigmergy_search_efficient,350,35,105,0,157,0.785,122500,0,100,1,0,100,105,0,100,1,0,100,35,0,100,12.50850082,2.356636358,100,99.99902857,0.000459666,100,0,0,0,0,0,0.235663636,4.60E-05
stigmergy_search_efficient,350,35,105,0,158,0.79,122500,0,100,1,0,100,105,0,100,1,0,100,35,0,100,12.50850082,2.356636358,100,99.99902857,0.000459666,100,0,0,0,0,0,0.235663636,4.60E-05
stigmergy_search_efficient,350,35,105,0,159,0.795,122500,0,100,1,0,100,105,0,100,1,0,100,35,0,100,12.50850082,2.356636358,100,99.99902857,0.000459666,100,0,0,0,0,0,0.235663636,4.60E-05
stigmergy_search_efficient,350,35,105,0,160,0.8,122500,0,100,1,0,100,105,0,100,1,0,100,35,0,100,12.50850082,2.356636358,100,99.99902857,0.000459666,100,0,0,0,0,0,0.235663636,4.60E-05
stigmergy_search_efficient,350,35,105,0,161,0.805,122500,0,100,1,0,100,105,0,100,1,0,100,35,0,100,12.50850082,2.356636358,100,99.99902857,0.000459666,100,0,0,0,0,0,0.235663636,4.60E-05
stigmergy_search_efficient,350,35,105,0,162,0.81,122500,0,100,1,0,100,105,0,100,1,0,100,35,0,100,12.50850082,2.356636358,100,99.99902857,0.000459666,100,0,0,0,0,0,0.235663636,4.60E-05
stigmergy_search_efficient,350,35,105,0,163,0.815,122500,0,100,1,0,100,105,0,100,1,0,100,35,0,100,12.50850082,2.356636358,100,99.99902857,0.000459666,100,0,0,0,0,0,0.235663636,4.60E-05
stigmergy_search_efficient,350,35,105,0,164,0.82,122500,0,100,1,0,100,105,0,100,1,0,100,35,0,100,12.50850082,2.356636358,100,99.99902857,0.000459666,100,0,0,0,0,0,0.235663636,4.60E-05
stigmergy_search_efficient,350,35,105,0,165,0.825,122500,0,100,1,0,100,105,0,100,1,0,100,35,0,100,12.50850082,2.356636358,100,99.99902857,0.000459666,100,0,0,0,0,0,0.235663636,4.60E-05
stigmergy_search_efficient,350,35,105,0,166,0.83,122500,0,100,1,0,100,105,0,100,1,0,100,35,0,100,12.50850082,2.356636358,100,99.99902857,0.000459666,100,0,0,0,0,0,0.235663636,4.60E-05
stigmergy_search_efficient,350,35,105,0,167,0.835,122500,0,100,1,0,100,105,0,100,1,0,100,35,0,100,12.50850082,2.356636358,100,99.99902857,0.000459666,100,0,0,0,0,0,0.235663636,4.60E-05
stigmergy_search_efficient,350,35,105,0,168,0.84,122500,0,100,1,0,100,105,0,100,1,0,100,35,0,100,12.50850082,2.356636358,100,99.99902857,0.000459666,100,0,0,0,0,0,0.235663636,4.60E-05
stigmergy_search_efficient,350,35,105,0,169,0.845,122500,0,100,1,0,100,105,0,100,1,0,100,35,0,100,12.50850082,2.356636358,100,99.99902857,0.000459666,100,0,0,0,0,0,0.235663636,4.60E-05
stigmergy_search_efficient,350,35,105,0,170,0.85,122500,0,100,1,0,100,105,0,100,1,0,100,35,0,100,12.50850082,2.356636358,100,99.99902857,0.000459666,100,0,0,0,0,0,0.235663636,4.60E-05
stigmergy_search_efficient,350,35,105,0,171,0.855,122500,0,100,1,0,100,105,0,100,1,0,100,35,0,100,12.50850082,2.356636358,100,99.99902857,0.000459666,100,0,0,0,0,0,0.235663636,4.60E-05
stigmergy_search_efficient,350,35,105,0,172,0.86,122500,0,100,1,0,100,105,0,100,1,0,100,35,0,100,12.50850082,2.356636358,100,99.99902857,0.000459666,100,0,0,0,0,0,0.235663636,4.60E-05
stigmergy_search_efficient,350,35,105,0,173,0.865,122500,0,100,1,0,100,105,0,100,1,0,100,35,0,100,12.50850082,2.356636358,100,99.99902857,0.000459666,100,0,0,0,0,0,0.235663636,4.60E-05
stigmergy_search_efficient,350,35,105,0,174,0.87,122500,0,100,1,0,100,105,0,100,1,0,100,35,0,100,12.50850082,2.356636358,100,99.99902857,0.000459666,100,0,0,0,0,0,0.235663636,4.60E-05
stigmergy_search_efficient,350,35,105,0,175,0.875,122500,0,100,1,0,100,105,0,100,1,0,100,35,0,100,12.50850082,2.356636358,100,99.99902857,0.000459666,100,0,0,0,0,0,0.235663636,4.60E-05
stigmergy_search_efficient,350,35,105,0,176,0.88,122500,0,100,1,0,100,105,0,100,1,0,100,35,0,100,12.50850082,2.356636358,100,99.99902857,0.000459666,100,0,0,0,0,0,0.235663636,4.60E-05
stigmergy_search_efficient,350,35,105,0,177,0.885,122500,0,100,1,0,100,105,0,100,1,0,100,35,0,100,12.50850082,2.356636358,100,99.99902857,0.000459666,100,0,0,0,0,0,0.235663636,4.60E-05
stigmergy_search_efficient,350,35,105,0,178,0.89,122500,0,100,1,0,100,105,0,100,1,0,100,35,0,100,12.50850082,2.356636358,100,99.99902857,0.000459666,100,0,0,0,0,0,0.235663636,4.60E-05
stigmergy_search_efficient,350,35,105,0,179,0.895,122500,0,100,1,0,100,105,0,100,1,0,100,35,0,100,12.50850082,2.356636358,100,99.99902857,0.000459666,100,0,0,0,0,0,0.235663636,4.60E-05
stigmergy_search_efficient,350,35,105,0,180,0.9,122500,0,100,1,0,100,105,0,100,1,0,100,35,0,100,12.50850082,2.356636358,100,99.99902857,0.000459666,100,0,0,0,0,0,0.235663636,4.60E-05
stigmergy_search_efficient,350,35,105,0,181,0.905,122500,0,100,1,0,100,105,0,100,1,0,100,35,0,100,12.50850082,2.356636358,100,99.99902857,0.000459666,100,0,0,0,0,0,0.235663636,4.60E-05
stigmergy_search_efficient,350,35,105,0,182,0.91,122500,0,100,1,0,100,105,0,100,1,0,100,35,0,100,12.50850082,2.356636358,100,99.99902857,0.000459666,100,0,0,0,0,0,0.235663636,4.60E-05
stigmergy_search_efficient,350,35,105,0,183,0.915,122500,0,100,1,0,100,105,0,100,1,0,100,35,0,100,12.50850082,2.356636358,100,99.99902857,0.000459666,100,0,0,0,0,0,0.235663636,4.60E-05
stigmergy_search_efficient,350,35,105,0,184,0.92,122500,0,100,1,0,100,105,0,100,1,0,100,35,0,100,12.50850082,2.356636358,100,99.99902857,0.000459666,100,0,0,0,0,0,0.235663636,4.60E-05
stigmergy_search_efficient,350,35,105,0,185,0.925,122500,0,100,1,0,100,105,0,100,1,0,100,35,0,100,12.50850082,2.356636358,100,99.99902857,0.000459666,100,0,0,0,0,0,0.235663636,4.60E-05
stigmergy_search_efficient,350,35,105,0,186,0.93,122500,0,100,1,0,100,105,0,100,1,0,100,35,0,100,12.50850082,2.356636358,100,99.99902857,0.000459666,100,0,0,0,0,0,0.235663636,4.60E-05
stigmergy_search_efficient,350,35,105,0,187,0.935,122500,0,100,1,0,100,105,0,100,1,0,100,35,0,100,12.50850082,2.356636358,100,99.99902857,0.000459666,100,0,0,0,0,0,0.235663636,4.60E-05
stigmergy_search_efficient,350,35,105,0,188,0.94,122500,0,100,1,0,100,105,0,100,1,0,100,35,0,100,12.50850082,2.356636358,100,99.99902857,0.000459666,100,0,0,0,0,0,0.235663636,4.60E-05
stigmergy_search_efficient,350,35,105,0,189,0.945,122500,0,100,1,0,100,105,0,100,1,0,100,35,0,100,12.50850082,2.356636358,100,99.99902857,0.000459666,100,0,0,0,0,0,0.235663636,4.60E-05
stigmergy_search_efficient,350,35,105,0,190,0.95,122500,0,100,1,0,100,105,0,100,1,0,100,35,0,100,12.50850082,2.356636358,100,99.99902857,0.000459666,100,0,0,0,0,0,0.235663636,4.60E-05
stigmergy_search_efficient,350,35,105,0,191,0.955,122500,0,100,1,0,100,105,0,100,1,0,100,35,0,100,12.50850082,2.356636358,100,99.99902857,0.000459666,100,0,0,0,0,0,0.235663636,4.60E-05
stigmergy_search_efficient,350,35,105,0,192,0.96,122500,0,100,1,0,100,105,0,100,1,0,100,35,0,100,12.50850082,2.356636358,100,99.99902857,0.000459666,100,0,0,0,0,0,0.235663636,4.60E-05
stigmergy_search_efficient,350,35,105,0,193,0.965,122500,0,100,1,0,100,105,0,100,1,0,100,35,0,100,12.50850082,2.356636358,100,99.99902857,0.000459666,100,0,0,0,0,0,0.235663636,4.60E-05
stigmergy_search_efficient,350,35,105,0,194,0.97,122500,0,100,1,0,100,105,0,100,1,0,100,35,0,100,12.50850082,2.356636358,100,99.99902857,0.000459666,100,0,0,0,0,0,0.235663636,4.60E-05
stigmergy_search_efficient,350,35,105,0,195,0.975,122500,0,100,1,0,100,105,0,100,1,0,100,35,0,100,12.50850082,2.356636358,100,99.99902857,0.000459666,100,0,0,0,0,0,0.235663636,4.60E-05
stigmergy_search_efficient,350,35,105,0,196,0.98,122500,0,100,1,0,100,105,0,100,1,0,100,35,0,100,12.50850082,2.356636358,100,99.99902857,0.000459666,100,0,0,0,0,0,0.235663636,4.60E-05
stigmergy_search_efficient,350,35,105,0,197,0.985,122500,0,100,1,0,100,105,0,100,1,0,100,35,0,100,12.50850082,2.356636358,100,99.99902857,0.000459666,100,0,0,0,0,0,0.235663636,4.60E-05
stigmergy_search_efficient,350,35,105,0,198,0.99,122500,0,100,1,0,100,105,0,100,1,0,100,35,0,100,12.50850082,2.356636358,100,99.99902857,0.000459666,100,0,0,0,0,0,0.235663636,4.60E-05
stigmergy_search_efficient,350,35,105,0,199,0.995,122500,0,100,1,0,100,105,0,100,1,0,100,35,0,100,12.50850082,2.356636358,100,99.99902857,0.000459666,100,0,0,0,0,0,0.235663636,4.60E-05
stigmergy_search_efficient,350,35,105,0,200,1,122500,0,100,1,0,100,105,0,100,1,0,100,35,0,100,12.50850082,2.356636358,100,99.99902857,0.000459666,100,0,0,0,0,0,0.235663636,4.60E-05
stigmergy_search_efficient,400,40,120,0,0,0,0,0,100,0,0,100,0,0,100,0,0,100,40,0,100,0,0,100,0,0,100,0,0,0,0,0,0,0
stigmergy_search_efficient,400,40,120,0,1,0.005,21252.54,350.2114057,100,0.132828375,0.002188821,100,15.48,3.745650676,100,0.129,0.031213756,100,40,0,100,3.671085428,0.052614879,100,13.164925,0.216399844,100,35.02114057,0.000218882,0.374565068,0.003121376,0,0.005261488,0.021639984
stigmergy_search_efficient,400,40,120,0,2,0.01,39341.56,956.7902499,100,0.24588475,0.005979939,100,28.6,4.537164157,100,0.238333333,0.037809701,100,40,0,100,3.991583451,0.092314183,100,24.49594375,0.593374047,100,95.67902499,0.000597994,0.453716416,0.00378097,0,0.009231418,0.059337405
stigmergy_search_efficient,400,40,120,0,3,0.015,54975.26,1607.230755,100,0.343595375,0.010045192,100,40.05,5.059993612,100,0.33375,0.042166613,100,40,0,100,4.301619358,0.119349009,100,34.28774375,1.000321775,100,160.7230755,0.001004519,0.505999361,0.004216661,0,0.011934901,0.100032178
stigmergy_search_efficient,400,40,120,0,4,0.02,68959.69,2101.31272,100,0.430998063,0.013133204,100,50.71,5.278687853,100,0.422583333,0.043989065,100,40,0,100,4.579876802,0.134111956,100,43.04065,1.309607768,100,210.131272,0.00131332,0.527868785,0.004398907,0,0.013411196,0.130960777
stigmergy_search_efficient,400,40,120,0,5,0.025,81718.65,2754.439217,100,0.510741563,0.017215245,100,60.83,5.344788834,100,0.506916667,0.044539907,100,40,0,100,4.834842676,0.158158165,100,51.0223125,1.718222905,100,275.4439217,0.001721525,0.534478883,0.004453991,0,0.015815817,0.17182229
stigmergy_search_efficient,400,40,120,0,6,0.03,93361.06,3307.048163,100,0.583506625,0.020669051,100,69.46,5.301838827,100,0.578833333,0.04418199,100,40,0,100,5.081067734,0.174748091,100,58.30600625,2.063992873,100,330.7048163,0.002066905,0.530183883,0.004418199,0,0.017474809,0.206399287
stigmergy_search_efficient,400,40,120,0,7,0.035,103841.72,3741.139782,100,0.64901075,0.023382124,100,77.62,5.408149481,100,0.646833333,0.045067912,100,40,0,100,5.331960688,0.187120805,100,64.861775,2.336055835,100,374.1139782,0.002338212,0.540814948,0.004506791,0,0.018712081,0.233605583
stigmergy_search_efficient,400,40,120,0,8,0.04,113175.3,4079.237554,100,0.707345625,0.025495235,100,84.6,5.646130346,100,0.705,0.047051086,100,40,0,100,5.592802676,0.197016187,100,70.70119375,2.5480065,100,407.9237554,0.002549523,0.564613035,0.004705109,0,0.019701619,0.25480065
stigmergy_search_efficient,400,40,120,0,9,0.045,121245.41,4417.995462,100,0.757783812,0.027612472,100,90.49,5.411351705,100,0.754083333,0.045094598,100,40,0,100,5.874558627,0.209334857,100,75.74984375,2.759933096,100,441.7995462,0.002761247,0.54113517,0.00450946,0,0.020933486,0.27599331
stigmergy_search_efficient,400,40,120,0,10,0.05,128274.73,4650.043032,100,0.801717063,0.029062769,100,96.39,5.177447208,100,0.80325,0.043145393,100,40,0,100,6.171326217,0.221537456,100,80.1475625,2.904974313,100,465.0043032,0.002906277,0.517744721,0.004314539,0,0.022153746,0.290497431
stigmergy_search_efficient,400,40,120,0,11,0.055,134229.02,4844.229832,100,0.838931375,0.030276436,100,100.89,5.198863512,100,0.84075,0.043323863,100,40,0,100,6.48906956,0.234897336,100,83.8733125,3.027440594,100,484.4229832,0.003027644,0.519886351,0.004332386,0,0.023489734,0.302744059
stigmergy_search_efficient,400,40,120,0,12,0.06,139236.4,4916.070707,100,0.8702275,0.030725442,100,104.34,5.067663379,100,0.8695,0.042230528,100,40,0,100,6.825826014,0.242805949,100,87.00610625,3.072773639,100,491.6070707,0.003072544,0.506766338,0.004223053,0,0.024280595,0.307277364
stigmergy_search_efficient,400,40,120,0,13,0.065,143378.79,4856.860376,100,0.896117438,0.030355377,100,107.27,4.972357935,100,0.893916667,0.041436316,100,40,0,100,7.182046548,0.245146431,100,89.598475,3.035731932,100,485.6860376,0.003035538,0.497235794,0.004143632,0,0.024514643,0.303573193
stigmergy_search_efficient,400,40,120,0,14,0.07,146702.8,4626.241896,100,0.9168925,0.028914012,100,109.86,4.627585273,100,0.9155,0.038563211,100,40,0,100,7.559743843,0.239810969,100,91.67880625,2.89236959,100,462.6241896,0.002891401,0.462758527,0.003856321,0,0.023981097,0.289236959
stigmergy_search_efficient,400,40,120,0,15,0.075,149438.57,4412.155462,100,0.933991063,0.027575972,100,111.81,4.430598382,100,0.93175,0.036921653,100,40,0,100,7.952110092,0.236158928,100,93.39060625,2.75813499,100,441.2155462,0.002757597,0.443059838,0.003692165,0,0.023615893,0.275813499
stigmergy_search_efficient,400,40,120,0,16,0.08,151664.18,4219.297326,100,0.947901125,0.026370608,100,113.22,4.286648287,100,0.9435,0.035722069,100,40,0,100,8.358361921,0.234610509,100,94.78319375,2.637399444,100,421.9297326,0.002637061,0.428664829,0.003572207,0,0.023461051,0.263739944
stigmergy_search_efficient,400,40,120,0,17,0.085,153466.85,4030.781976,100,0.959167813,0.025192387,100,114.69,3.92272581,100,0.95575,0.032689382,100,40,0,100,8.777061279,0.233796477,100,95.91146875,2.52003013,100,403.0781976,0.002519239,0.392272581,0.003268938,0,0.023379648,0.252003013
stigmergy_search_efficient,400,40,120,0,18,0.09,154862.2,3753.735478,100,0.96788875,0.023460847,100,116.01,3.506112988,100,0.96675,0.029217608,100,40,0,100,9.207862646,0.231924598,100,96.78473125,2.346814336,100,375.3735478,0.002346085,0.350611299,0.002921761,0,0.02319246,0.234681434
stigmergy_search_efficient,400,40,120,0,19,0.095,155973.4,3491.3169,100,0.97483375,0.021820731,100,117,3.12694384,100,0.975,0.026057865,100,40,0,100,9.640797795,0.24810189,100,97.4799375,2.182795971,100,349.13169,0.002182073,0.312694384,0.002605787,0,0.024810189,0.218279597
stigmergy_search_efficient,400,40,120,0,20,0.1,156898.08,3214.673308,100,0.980613,0.020091708,100,117.64,2.865750382,100,0.980333333,0.023881253,100,40,0,100,10.0644036,0.296126073,100,98.05855,2.010083005,100,321.4673308,0.002009171,0.286575038,0.002388125,0,0.029612607,0.201008301
stigmergy_search_efficient,400,40,120,0,21,0.105,157586.95,2929.683812,100,0.984918438,0.018310524,100,118.14,2.570304388,100,0.9845,0.021419203,100,40,0,100,10.46501332,0.393019081,100,98.4897625,1.831799864,100,292.9683812,0.001831052,0.257030439,0.00214192,0,0.039301908,0.183179986
stigmergy_search_efficient,400,40,120,0,22,0.11,158128.32,2648.697186,100,0.988302,0.016554357,100,118.55,2.244521951,100,0.987916667,0.01870435,100,40,0,100,10.8249186,0.533034009,100,98.828475,1.656208696,100,264.8697186,0.001655436,0.224452195,0.001870435,0,0.053303401,0.16562087
stigmergy_search_efficient,400,40,120,0,23,0.115,158547.05,2337.056512,100,0.990919063,0.014606603,100,118.87,2.043244597,100,0.990583333,0.017027038,100,40,0,100,11.14602192,0.697430566,100,99.0903875,1.461658117,100,233.7056512,0.00146066,0.20432446,0.001702704,0,0.069743057,0.146165812
stigmergy_search_efficient,400,40,120,0,24,0.12,158879.14,1977.938882,100,0.992994625,0.012362118,100,119.14,1.814754345,100,0.992833333,0.015122953,100,40,0,100,11.4161453,0.871967969,100,99.29815625,1.237020582,100,197.7938882,0.001236212,0.181475435,0.001512295,0,0.087196797,0.123702058
stigmergy_search_efficient,400,40,120,0,25,0.125,159136.25,1697.819781,100,0.994601563,0.010611374,100,119.28,1.664119265,100,0.994,0.013867661,100,40,0,100,11.66304305,1.05930128,100,99.45903125,1.061708746,100,169.7819781,0.001061137,0.166411927,0.001386766,0,0.105930128,0.106170875
stigmergy_search_efficient,400,40,120,0,26,0.13,159328.88,1439.794902,100,0.9958055,0.008998718,100,119.46,1.533596815,100,0.9955,0.012779973,100,40,0,100,11.87252252,1.24017845,100,99.5794875,0.900461934,100,143.9794902,0.000899872,0.153359682,0.001277997,0,0.124017845,0.090046193
stigmergy_search_efficient,400,40,120,0,27,0.135,159488.67,1199.946178,100,0.996804188,0.007499664,100,119.57,1.296888273,100,0.996416667,0.010807402,100,40,0,100,12.04854109,1.412266216,100,99.67940625,0.750450803,100,119.9946178,0.000749966,0.129688827,0.00108074,0,0.141226622,0.07504508
stigmergy_search_efficient,400,40,120,0,28,0.14,159621.37,1021.418311,100,0.997633563,0.006383864,100,119.67,1.082971968,100,0.99725,0.009024766,100,40,0,100,12.20218628,1.578462112,100,99.7623875,0.638681079,100,102.1418311,0.000638386,0.108297197,0.000902477,0,0.157846211,0.063868108
stigmergy_search_efficient,400,40,120,0,29,0.145,159736.79,861.980434,100,0.998354937,0.005387378,100,119.74,1.001211387,100,0.997833333,0.008343428,100,40,0,100,12.32998982,1.730379753,100,99.8345625,0.538988744,100,86.1980434,0.000538738,0.100121139,0.000834343,0,0.173037975,0.053898874
stigmergy_search_efficient,400,40,120,0,30,0.15,159816.54,718.4193989,100,0.998853375,0.004490121,100,119.8,0.876171654,100,0.998333333,0.00730143,100,40,0,100,12.42798926,1.858264642,100,99.88443125,0.449216324,100,71.84193989,0.000449012,0.087617165,0.000730143,0,0.185826464,0.044921632
stigmergy_search_efficient,400,40,120,0,31,0.155,159887.14,608.6136427,100,0.999294625,0.003803835,100,119.88,0.755852586,100,0.999,0.006298772,100,40,0,100,12.51219636,1.978274929,100,99.9286,0.380543902,100,60.86136427,0.000380384,0.075585259,0.000629877,0,0.197827493,0.03805439
stigmergy_search_efficient,400,40,120,0,32,0.16,159925.91,534.0439224,100,0.999536938,0.003337775,100,119.92,0.706106124,100,0.999333333,0.005884218,100,40,0,100,12.58309096,2.087719963,100,99.9528875,0.333850366,100,53.40439224,0.000333777,0.070610612,0.000588422,0,0.208771996,0.033385037
stigmergy_search_efficient,400,40,120,0,33,0.165,159945.78,476.8740507,100,0.999661125,0.002980463,100,119.93,0.7,100,0.999416667,0.005833333,100,40,0,100,12.63243776,2.170672459,100,99.9653125,0.298101785,100,47.68740507,0.000298046,0.07,0.000583333,0,0.217067246,0.029810178
stigmergy_search_efficient,400,40,120,0,34,0.17,159957.66,422.8950062,100,0.999735375,0.002643094,100,119.94,0.6,100,0.9995,0.005,100,40,0,100,12.66991638,2.239407686,100,99.97275,0.264419479,100,42.28950062,0.000264309,0.06,0.0005,0,0.223940769,0.026441948
stigmergy_search_efficient,400,40,120,0,35,0.175,159962.29,376.5950132,100,0.999764313,0.002353719,100,119.95,0.5,100,0.999583333,0.004166667,100,40,0,100,12.69916789,2.297689604,100,99.97564375,0.235482015,100,37.65950132,0.000235372,0.05,0.000416667,0,0.22976896,0.023548201
stigmergy_search_efficient,400,40,120,0,36,0.18,159967.38,325.6950231,100,0.999796125,0.002035594,100,119.96,0.4,100,0.999666667,0.003333333,100,40,0,100,12.72832982,2.360069386,100,99.97883125,0.203607065,100,32.56950231,0.000203559,0.04,0.000333333,0,0.236006939,0.020360707
stigmergy_search_efficient,400,40,120,0,37,0.185,159972.43,275.29603,100,0.999827688,0.0017206,100,119.96,0.4,100,0.999666667,0.003333333,100,40,0,100,12.75622425,2.423487216,100,99.98198125,0.172107133,100,27.529603,0.00017206,0.04,0.000333333,0,0.242348722,0.017210713
stigmergy_search_efficient,400,40,120,0,38,0.19,159977.4,225.5960455,100,0.99985875,0.001409975,100,119.96,0.4,100,0.999666667,0.003333333,100,40,0,100,12.78043149,2.481882563,100,99.98508125,0.14110723,100,22.55960455,0.000140998,0.04,0.000333333,0,0.248188256,0.014110723
stigmergy_search_efficient,400,40,120,0,39,0.195,159982.27,176.8960692,100,0.999889188,0.0011056,100,119.99,0.1,100,0.999916667,0.000833333,100,40,0,100,12.80461313,2.543299705,100,99.98813125,0.110607379,100,17.68960692,0.00011056,0.01,8.33E-05,0,0.254329971,0.011060738
stigmergy_search_efficient,400,40,120,0,40,0.2,159987.26,127.0970853,100,0.999920375,0.000794357,100,119.99,0.1,100,0.999916667,0.000833333,100,40,0,100,12.82613916,2.600529952,100,99.9912375,0.079545147,100,12.70970853,7.94E-05,0.01,8.33E-05,0,0.260052995,0.007954515
stigmergy_search_efficient,400,40,120,0,41,0.205,159992.33,76.39716201,100,0.999952062,0.000477482,100,119.99,0.1,100,0.999916667,0.000833333,100,40,0,100,12.84535659,2.654095567,100,99.99440625,0.047858279,100,7.639716201,4.77E-05,0.01,8.33E-05,0,0.265409557,0.004785828
stigmergy_search_efficient,400,40,120,0,42,0.21,159997.48,24.89755982,100,0.99998425,0.00015561,100,120,0,100,1,0,100,40,0,100,12.86455213,2.709853182,100,99.9976375,0.015549078,100,2.489755982,1.56E-05,0,0,0,0.270985318,0.001554908
stigmergy_search_efficient,400,40,120,0,43,0.215,159999.97,0.171446608,100,0.999999813,1.07E-06,100,120,0,100,1,0,100,40,0,100,12.88171231,2.761578922,100,99.99919375,0.000390211,100,0.017144661,1.07E-07,0,0,0,0.276157892,3.90E-05
stigmergy_search_efficient,400,40,120,0,44,0.22,159999.98,0.140705294,100,0.999999875,8.79E-07,100,120,0,100,1,0,100,40,0,100,12.89334729,2.798090569,100,99.99919375,0.000390211,100,0.014070529,8.79E-08,0,0,0,0.279809057,3.90E-05
stigmergy_search_efficient,400,40,120,0,45,0.225,159999.99,0.1,100,0.999999938,6.25E-07,100,120,0,100,1,0,100,40,0,100,12.90019058,2.820488452,100,99.99919375,0.000390211,100,0.01,6.25E-08,0,0,0,0.282048845,3.90E-05
stigmergy_search_efficient,400,40,120,0,46,0.23,160000,0,100,1,0,100,120,0,100,1,0,100,40,0,100,12.90194644,2.826440656,100,99.99919375,0.000390211,100,0,0,0,0,0,0.282644066,3.90E-05
stigmergy_search_efficient,400,40,120,0,47,0.235,160000,0,100,1,0,100,120,0,100,1,0,100,40,0,100,12.90194644,2.826440656,100,99.99919375,0.000390211,100,0,0,0,0,0,0.282644066,3.90E-05
stigmergy_search_efficient,400,40,120,0,48,0.24,160000,0,100,1,0,100,120,0,100,1,0,100,40,0,100,12.90194644,2.826440656,100,99.99919375,0.000390211,100,0,0,0,0,0,0.282644066,3.90E-05
stigmergy_search_efficient,400,40,120,0,49,0.245,160000,0,100,1,0,100,120,0,100,1,0,100,40,0,100,12.90194644,2.826440656,100,99.99919375,0.000390211,100,0,0,0,0,0,0.282644066,3.90E-05
stigmergy_search_efficient,400,40,120,0,50,0.25,160000,0,100,1,0,100,120,0,100,1,0,100,40,0,100,12.90194644,2.826440656,100,99.99919375,0.000390211,100,0,0,0,0,0,0.282644066,3.90E-05
stigmergy_search_efficient,400,40,120,0,51,0.255,160000,0,100,1,0,100,120,0,100,1,0,100,40,0,100,12.90194644,2.826440656,100,99.99919375,0.000390211,100,0,0,0,0,0,0.282644066,3.90E-05
stigmergy_search_efficient,400,40,120,0,52,0.26,160000,0,100,1,0,100,120,0,100,1,0,100,40,0,100,12.90194644,2.826440656,100,99.99919375,0.000390211,100,0,0,0,0,0,0.282644066,3.90E-05
stigmergy_search_efficient,400,40,120,0,53,0.265,160000,0,100,1,0,100,120,0,100,1,0,100,40,0,100,12.90194644,2.826440656,100,99.99919375,0.000390211,100,0,0,0,0,0,0.282644066,3.90E-05
stigmergy_search_efficient,400,40,120,0,54,0.27,160000,0,100,1,0,100,120,0,100,1,0,100,40,0,100,12.90194644,2.826440656,100,99.99919375,0.000390211,100,0,0,0,0,0,0.282644066,3.90E-05
stigmergy_search_efficient,400,40,120,0,55,0.275,160000,0,100,1,0,100,120,0,100,1,0,100,40,0,100,12.90194644,2.826440656,100,99.99919375,0.000390211,100,0,0,0,0,0,0.282644066,3.90E-05
stigmergy_search_efficient,400,40,120,0,56,0.28,160000,0,100,1,0,100,120,0,100,1,0,100,40,0,100,12.90194644,2.826440656,100,99.99919375,0.000390211,100,0,0,0,0,0,0.282644066,3.90E-05
stigmergy_search_efficient,400,40,120,0,57,0.285,160000,0,100,1,0,100,120,0,100,1,0,100,40,0,100,12.90194644,2.826440656,100,99.99919375,0.000390211,100,0,0,0,0,0,0.282644066,3.90E-05
stigmergy_search_efficient,400,40,120,0,58,0.29,160000,0,100,1,0,100,120,0,100,1,0,100,40,0,100,12.90194644,2.826440656,100,99.99919375,0.000390211,100,0,0,0,0,0,0.282644066,3.90E-05
stigmergy_search_efficient,400,40,120,0,59,0.295,160000,0,100,1,0,100,120,0,100,1,0,100,40,0,100,12.90194644,2.826440656,100,99.99919375,0.000390211,100,0,0,0,0,0,0.282644066,3.90E-05
stigmergy_search_efficient,400,40,120,0,60,0.3,160000,0,100,1,0,100,120,0,100,1,0,100,40,0,100,12.90194644,2.826440656,100,99.99919375,0.000390211,100,0,0,0,0,0,0.282644066,3.90E-05
stigmergy_search_efficient,400,40,120,0,61,0.305,160000,0,100,1,0,100,120,0,100,1,0,100,40,0,100,12.90194644,2.826440656,100,99.99919375,0.000390211,100,0,0,0,0,0,0.282644066,3.90E-05
stigmergy_search_efficient,400,40,120,0,62,0.31,160000,0,100,1,0,100,120,0,100,1,0,100,40,0,100,12.90194644,2.826440656,100,99.99919375,0.000390211,100,0,0,0,0,0,0.282644066,3.90E-05
stigmergy_search_efficient,400,40,120,0,63,0.315,160000,0,100,1,0,100,120,0,100,1,0,100,40,0,100,12.90194644,2.826440656,100,99.99919375,0.000390211,100,0,0,0,0,0,0.282644066,3.90E-05
stigmergy_search_efficient,400,40,120,0,64,0.32,160000,0,100,1,0,100,120,0,100,1,0,100,40,0,100,12.90194644,2.826440656,100,99.99919375,0.000390211,100,0,0,0,0,0,0.282644066,3.90E-05
stigmergy_search_efficient,400,40,120,0,65,0.325,160000,0,100,1,0,100,120,0,100,1,0,100,40,0,100,12.90194644,2.826440656,100,99.99919375,0.000390211,100,0,0,0,0,0,0.282644066,3.90E-05
stigmergy_search_efficient,400,40,120,0,66,0.33,160000,0,100,1,0,100,120,0,100,1,0,100,40,0,100,12.90194644,2.826440656,100,99.99919375,0.000390211,100,0,0,0,0,0,0.282644066,3.90E-05
stigmergy_search_efficient,400,40,120,0,67,0.335,160000,0,100,1,0,100,120,0,100,1,0,100,40,0,100,12.90194644,2.826440656,100,99.99919375,0.000390211,100,0,0,0,0,0,0.282644066,3.90E-05
stigmergy_search_efficient,400,40,120,0,68,0.34,160000,0,100,1,0,100,120,0,100,1,0,100,40,0,100,12.90194644,2.826440656,100,99.99919375,0.000390211,100,0,0,0,0,0,0.282644066,3.90E-05
stigmergy_search_efficient,400,40,120,0,69,0.345,160000,0,100,1,0,100,120,0,100,1,0,100,40,0,100,12.90194644,2.826440656,100,99.99919375,0.000390211,100,0,0,0,0,0,0.282644066,3.90E-05
stigmergy_search_efficient,400,40,120,0,70,0.35,160000,0,100,1,0,100,120,0,100,1,0,100,40,0,100,12.90194644,2.826440656,100,99.99919375,0.000390211,100,0,0,0,0,0,0.282644066,3.90E-05
stigmergy_search_efficient,400,40,120,0,71,0.355,160000,0,100,1,0,100,120,0,100,1,0,100,40,0,100,12.90194644,2.826440656,100,99.99919375,0.000390211,100,0,0,0,0,0,0.282644066,3.90E-05
stigmergy_search_efficient,400,40,120,0,72,0.36,160000,0,100,1,0,100,120,0,100,1,0,100,40,0,100,12.90194644,2.826440656,100,99.99919375,0.000390211,100,0,0,0,0,0,0.282644066,3.90E-05
stigmergy_search_efficient,400,40,120,0,73,0.365,160000,0,100,1,0,100,120,0,100,1,0,100,40,0,100,12.90194644,2.826440656,100,99.99919375,0.000390211,100,0,0,0,0,0,0.282644066,3.90E-05
stigmergy_search_efficient,400,40,120,0,74,0.37,160000,0,100,1,0,100,120,0,100,1,0,100,40,0,100,12.90194644,2.826440656,100,99.99919375,0.000390211,100,0,0,0,0,0,0.282644066,3.90E-05
stigmergy_search_efficient,400,40,120,0,75,0.375,160000,0,100,1,0,100,120,0,100,1,0,100,40,0,100,12.90194644,2.826440656,100,99.99919375,0.000390211,100,0,0,0,0,0,0.282644066,3.90E-05
stigmergy_search_efficient,400,40,120,0,76,0.38,160000,0,100,1,0,100,120,0,100,1,0,100,40,0,100,12.90194644,2.826440656,100,99.99919375,0.000390211,100,0,0,0,0,0,0.282644066,3.90E-05
stigmergy_search_efficient,400,40,120,0,77,0.385,160000,0,100,1,0,100,120,0,100,1,0,100,40,0,100,12.90194644,2.826440656,100,99.99919375,0.000390211,100,0,0,0,0,0,0.282644066,3.90E-05
stigmergy_search_efficient,400,40,120,0,78,0.39,160000,0,100,1,0,100,120,0,100,1,0,100,40,0,100,12.90194644,2.826440656,100,99.99919375,0.000390211,100,0,0,0,0,0,0.282644066,3.90E-05
stigmergy_search_efficient,400,40,120,0,79,0.395,160000,0,100,1,0,100,120,0,100,1,0,100,40,0,100,12.90194644,2.826440656,100,99.99919375,0.000390211,100,0,0,0,0,0,0.282644066,3.90E-05
stigmergy_search_efficient,400,40,120,0,80,0.4,160000,0,100,1,0,100,120,0,100,1,0,100,40,0,100,12.90194644,2.826440656,100,99.99919375,0.000390211,100,0,0,0,0,0,0.282644066,3.90E-05
stigmergy_search_efficient,400,40,120,0,81,0.405,160000,0,100,1,0,100,120,0,100,1,0,100,40,0,100,12.90194644,2.826440656,100,99.99919375,0.000390211,100,0,0,0,0,0,0.282644066,3.90E-05
stigmergy_search_efficient,400,40,120,0,82,0.41,160000,0,100,1,0,100,120,0,100,1,0,100,40,0,100,12.90194644,2.826440656,100,99.99919375,0.000390211,100,0,0,0,0,0,0.282644066,3.90E-05
stigmergy_search_efficient,400,40,120,0,83,0.415,160000,0,100,1,0,100,120,0,100,1,0,100,40,0,100,12.90194644,2.826440656,100,99.99919375,0.000390211,100,0,0,0,0,0,0.282644066,3.90E-05
stigmergy_search_efficient,400,40,120,0,84,0.42,160000,0,100,1,0,100,120,0,100,1,0,100,40,0,100,12.90194644,2.826440656,100,99.99919375,0.000390211,100,0,0,0,0,0,0.282644066,3.90E-05
stigmergy_search_efficient,400,40,120,0,85,0.425,160000,0,100,1,0,100,120,0,100,1,0,100,40,0,100,12.90194644,2.826440656,100,99.99919375,0.000390211,100,0,0,0,0,0,0.282644066,3.90E-05
stigmergy_search_efficient,400,40,120,0,86,0.43,160000,0,100,1,0,100,120,0,100,1,0,100,40,0,100,12.90194644,2.826440656,100,99.99919375,0.000390211,100,0,0,0,0,0,0.282644066,3.90E-05
stigmergy_search_efficient,400,40,120,0,87,0.435,160000,0,100,1,0,100,120,0,100,1,0,100,40,0,100,12.90194644,2.826440656,100,99.99919375,0.000390211,100,0,0,0,0,0,0.282644066,3.90E-05
stigmergy_search_efficient,400,40,120,0,88,0.44,160000,0,100,1,0,100,120,0,100,1,0,100,40,0,100,12.90194644,2.826440656,100,99.99919375,0.000390211,100,0,0,0,0,0,0.282644066,3.90E-05
stigmergy_search_efficient,400,40,120,0,89,0.445,160000,0,100,1,0,100,120,0,100,1,0,100,40,0,100,12.90194644,2.826440656,100,99.99919375,0.000390211,100,0,0,0,0,0,0.282644066,3.90E-05
stigmergy_search_efficient,400,40,120,0,90,0.45,160000,0,100,1,0,100,120,0,100,1,0,100,40,0,100,12.90194644,2.826440656,100,99.99919375,0.000390211,100,0,0,0,0,0,0.282644066,3.90E-05
stigmergy_search_efficient,400,40,120,0,91,0.455,160000,0,100,1,0,100,120,0,100,1,0,100,40,0,100,12.90194644,2.826440656,100,99.99919375,0.000390211,100,0,0,0,0,0,0.282644066,3.90E-05
stigmergy_search_efficient,400,40,120,0,92,0.46,160000,0,100,1,0,100,120,0,100,1,0,100,40,0,100,12.90194644,2.826440656,100,99.99919375,0.000390211,100,0,0,0,0,0,0.282644066,3.90E-05
stigmergy_search_efficient,400,40,120,0,93,0.465,160000,0,100,1,0,100,120,0,100,1,0,100,40,0,100,12.90194644,2.826440656,100,99.99919375,0.000390211,100,0,0,0,0,0,0.282644066,3.90E-05
stigmergy_search_efficient,400,40,120,0,94,0.47,160000,0,100,1,0,100,120,0,100,1,0,100,40,0,100,12.90194644,2.826440656,100,99.99919375,0.000390211,100,0,0,0,0,0,0.282644066,3.90E-05
stigmergy_search_efficient,400,40,120,0,95,0.475,160000,0,100,1,0,100,120,0,100,1,0,100,40,0,100,12.90194644,2.826440656,100,99.99919375,0.000390211,100,0,0,0,0,0,0.282644066,3.90E-05
stigmergy_search_efficient,400,40,120,0,96,0.48,160000,0,100,1,0,100,120,0,100,1,0,100,40,0,100,12.90194644,2.826440656,100,99.99919375,0.000390211,100,0,0,0,0,0,0.282644066,3.90E-05
stigmergy_search_efficient,400,40,120,0,97,0.485,160000,0,100,1,0,100,120,0,100,1,0,100,40,0,100,12.90194644,2.826440656,100,99.99919375,0.000390211,100,0,0,0,0,0,0.282644066,3.90E-05
stigmergy_search_efficient,400,40,120,0,98,0.49,160000,0,100,1,0,100,120,0,100,1,0,100,40,0,100,12.90194644,2.826440656,100,99.99919375,0.000390211,100,0,0,0,0,0,0.282644066,3.90E-05
stigmergy_search_efficient,400,40,120,0,99,0.495,160000,0,100,1,0,100,120,0,100,1,0,100,40,0,100,12.90194644,2.826440656,100,99.99919375,0.000390211,100,0,0,0,0,0,0.282644066,3.90E-05
stigmergy_search_efficient,400,40,120,0,100,0.5,160000,0,100,1,0,100,120,0,100,1,0,100,40,0,100,12.90194644,2.826440656,100,99.99919375,0.000390211,100,0,0,0,0,0,0.282644066,3.90E-05
stigmergy_search_efficient,400,40,120,0,101,0.505,160000,0,100,1,0,100,120,0,100,1,0,100,40,0,100,12.90194644,2.826440656,100,99.99919375,0.000390211,100,0,0,0,0,0,0.282644066,3.90E-05
stigmergy_search_efficient,400,40,120,0,102,0.51,160000,0,100,1,0,100,120,0,100,1,0,100,40,0,100,12.90194644,2.826440656,100,99.99919375,0.000390211,100,0,0,0,0,0,0.282644066,3.90E-05
stigmergy_search_efficient,400,40,120,0,103,0.515,160000,0,100,1,0,100,120,0,100,1,0,100,40,0,100,12.90194644,2.826440656,100,99.99919375,0.000390211,100,0,0,0,0,0,0.282644066,3.90E-05
stigmergy_search_efficient,400,40,120,0,104,0.52,160000,0,100,1,0,100,120,0,100,1,0,100,40,0,100,12.90194644,2.826440656,100,99.99919375,0.000390211,100,0,0,0,0,0,0.282644066,3.90E-05
stigmergy_search_efficient,400,40,120,0,105,0.525,160000,0,100,1,0,100,120,0,100,1,0,100,40,0,100,12.90194644,2.826440656,100,99.99919375,0.000390211,100,0,0,0,0,0,0.282644066,3.90E-05
stigmergy_search_efficient,400,40,120,0,106,0.53,160000,0,100,1,0,100,120,0,100,1,0,100,40,0,100,12.90194644,2.826440656,100,99.99919375,0.000390211,100,0,0,0,0,0,0.282644066,3.90E-05
stigmergy_search_efficient,400,40,120,0,107,0.535,160000,0,100,1,0,100,120,0,100,1,0,100,40,0,100,12.90194644,2.826440656,100,99.99919375,0.000390211,100,0,0,0,0,0,0.282644066,3.90E-05
stigmergy_search_efficient,400,40,120,0,108,0.54,160000,0,100,1,0,100,120,0,100,1,0,100,40,0,100,12.90194644,2.826440656,100,99.99919375,0.000390211,100,0,0,0,0,0,0.282644066,3.90E-05
stigmergy_search_efficient,400,40,120,0,109,0.545,160000,0,100,1,0,100,120,0,100,1,0,100,40,0,100,12.90194644,2.826440656,100,99.99919375,0.000390211,100,0,0,0,0,0,0.282644066,3.90E-05
stigmergy_search_efficient,400,40,120,0,110,0.55,160000,0,100,1,0,100,120,0,100,1,0,100,40,0,100,12.90194644,2.826440656,100,99.99919375,0.000390211,100,0,0,0,0,0,0.282644066,3.90E-05
stigmergy_search_efficient,400,40,120,0,111,0.555,160000,0,100,1,0,100,120,0,100,1,0,100,40,0,100,12.90194644,2.826440656,100,99.99919375,0.000390211,100,0,0,0,0,0,0.282644066,3.90E-05
stigmergy_search_efficient,400,40,120,0,112,0.56,160000,0,100,1,0,100,120,0,100,1,0,100,40,0,100,12.90194644,2.826440656,100,99.99919375,0.000390211,100,0,0,0,0,0,0.282644066,3.90E-05
stigmergy_search_efficient,400,40,120,0,113,0.565,160000,0,100,1,0,100,120,0,100,1,0,100,40,0,100,12.90194644,2.826440656,100,99.99919375,0.000390211,100,0,0,0,0,0,0.282644066,3.90E-05
stigmergy_search_efficient,400,40,120,0,114,0.57,160000,0,100,1,0,100,120,0,100,1,0,100,40,0,100,12.90194644,2.826440656,100,99.99919375,0.000390211,100,0,0,0,0,0,0.282644066,3.90E-05
stigmergy_search_efficient,400,40,120,0,115,0.575,160000,0,100,1,0,100,120,0,100,1,0,100,40,0,100,12.90194644,2.826440656,100,99.99919375,0.000390211,100,0,0,0,0,0,0.282644066,3.90E-05
stigmergy_search_efficient,400,40,120,0,116,0.58,160000,0,100,1,0,100,120,0,100,1,0,100,40,0,100,12.90194644,2.826440656,100,99.99919375,0.000390211,100,0,0,0,0,0,0.282644066,3.90E-05
stigmergy_search_efficient,400,40,120,0,117,0.585,160000,0,100,1,0,100,120,0,100,1,0,100,40,0,100,12.90194644,2.826440656,100,99.99919375,0.000390211,100,0,0,0,0,0,0.282644066,3.90E-05
stigmergy_search_efficient,400,40,120,0,118,0.59,160000,0,100,1,0,100,120,0,100,1,0,100,40,0,100,12.90194644,2.826440656,100,99.99919375,0.000390211,100,0,0,0,0,0,0.282644066,3.90E-05
stigmergy_search_efficient,400,40,120,0,119,0.595,160000,0,100,1,0,100,120,0,100,1,0,100,40,0,100,12.90194644,2.826440656,100,99.99919375,0.000390211,100,0,0,0,0,0,0.282644066,3.90E-05
stigmergy_search_efficient,400,40,120,0,120,0.6,160000,0,100,1,0,100,120,0,100,1,0,100,40,0,100,12.90194644,2.826440656,100,99.99919375,0.000390211,100,0,0,0,0,0,0.282644066,3.90E-05
stigmergy_search_efficient,400,40,120,0,121,0.605,160000,0,100,1,0,100,120,0,100,1,0,100,40,0,100,12.90194644,2.826440656,100,99.99919375,0.000390211,100,0,0,0,0,0,0.282644066,3.90E-05
stigmergy_search_efficient,400,40,120,0,122,0.61,160000,0,100,1,0,100,120,0,100,1,0,100,40,0,100,12.90194644,2.826440656,100,99.99919375,0.000390211,100,0,0,0,0,0,0.282644066,3.90E-05
stigmergy_search_efficient,400,40,120,0,123,0.615,160000,0,100,1,0,100,120,0,100,1,0,100,40,0,100,12.90194644,2.826440656,100,99.99919375,0.000390211,100,0,0,0,0,0,0.282644066,3.90E-05
stigmergy_search_efficient,400,40,120,0,124,0.62,160000,0,100,1,0,100,120,0,100,1,0,100,40,0,100,12.90194644,2.826440656,100,99.99919375,0.000390211,100,0,0,0,0,0,0.282644066,3.90E-05
stigmergy_search_efficient,400,40,120,0,125,0.625,160000,0,100,1,0,100,120,0,100,1,0,100,40,0,100,12.90194644,2.826440656,100,99.99919375,0.000390211,100,0,0,0,0,0,0.282644066,3.90E-05
stigmergy_search_efficient,400,40,120,0,126,0.63,160000,0,100,1,0,100,120,0,100,1,0,100,40,0,100,12.90194644,2.826440656,100,99.99919375,0.000390211,100,0,0,0,0,0,0.282644066,3.90E-05
stigmergy_search_efficient,400,40,120,0,127,0.635,160000,0,100,1,0,100,120,0,100,1,0,100,40,0,100,12.90194644,2.826440656,100,99.99919375,0.000390211,100,0,0,0,0,0,0.282644066,3.90E-05
stigmergy_search_efficient,400,40,120,0,128,0.64,160000,0,100,1,0,100,120,0,100,1,0,100,40,0,100,12.90194644,2.826440656,100,99.99919375,0.000390211,100,0,0,0,0,0,0.282644066,3.90E-05
stigmergy_search_efficient,400,40,120,0,129,0.645,160000,0,100,1,0,100,120,0,100,1,0,100,40,0,100,12.90194644,2.826440656,100,99.99919375,0.000390211,100,0,0,0,0,0,0.282644066,3.90E-05
stigmergy_search_efficient,400,40,120,0,130,0.65,160000,0,100,1,0,100,120,0,100,1,0,100,40,0,100,12.90194644,2.826440656,100,99.99919375,0.000390211,100,0,0,0,0,0,0.282644066,3.90E-05
stigmergy_search_efficient,400,40,120,0,131,0.655,160000,0,100,1,0,100,120,0,100,1,0,100,40,0,100,12.90194644,2.826440656,100,99.99919375,0.000390211,100,0,0,0,0,0,0.282644066,3.90E-05
stigmergy_search_efficient,400,40,120,0,132,0.66,160000,0,100,1,0,100,120,0,100,1,0,100,40,0,100,12.90194644,2.826440656,100,99.99919375,0.000390211,100,0,0,0,0,0,0.282644066,3.90E-05
stigmergy_search_efficient,400,40,120,0,133,0.665,160000,0,100,1,0,100,120,0,100,1,0,100,40,0,100,12.90194644,2.826440656,100,99.99919375,0.000390211,100,0,0,0,0,0,0.282644066,3.90E-05
stigmergy_search_efficient,400,40,120,0,134,0.67,160000,0,100,1,0,100,120,0,100,1,0,100,40,0,100,12.90194644,2.826440656,100,99.99919375,0.000390211,100,0,0,0,0,0,0.282644066,3.90E-05
stigmergy_search_efficient,400,40,120,0,135,0.675,160000,0,100,1,0,100,120,0,100,1,0,100,40,0,100,12.90194644,2.826440656,100,99.99919375,0.000390211,100,0,0,0,0,0,0.282644066,3.90E-05
stigmergy_search_efficient,400,40,120,0,136,0.68,160000,0,100,1,0,100,120,0,100,1,0,100,40,0,100,12.90194644,2.826440656,100,99.99919375,0.000390211,100,0,0,0,0,0,0.282644066,3.90E-05
stigmergy_search_efficient,400,40,120,0,137,0.685,160000,0,100,1,0,100,120,0,100,1,0,100,40,0,100,12.90194644,2.826440656,100,99.99919375,0.000390211,100,0,0,0,0,0,0.282644066,3.90E-05
stigmergy_search_efficient,400,40,120,0,138,0.69,160000,0,100,1,0,100,120,0,100,1,0,100,40,0,100,12.90194644,2.826440656,100,99.99919375,0.000390211,100,0,0,0,0,0,0.282644066,3.90E-05
stigmergy_search_efficient,400,40,120,0,139,0.695,160000,0,100,1,0,100,120,0,100,1,0,100,40,0,100,12.90194644,2.826440656,100,99.99919375,0.000390211,100,0,0,0,0,0,0.282644066,3.90E-05
stigmergy_search_efficient,400,40,120,0,140,0.7,160000,0,100,1,0,100,120,0,100,1,0,100,40,0,100,12.90194644,2.826440656,100,99.99919375,0.000390211,100,0,0,0,0,0,0.282644066,3.90E-05
stigmergy_search_efficient,400,40,120,0,141,0.705,160000,0,100,1,0,100,120,0,100,1,0,100,40,0,100,12.90194644,2.826440656,100,99.99919375,0.000390211,100,0,0,0,0,0,0.282644066,3.90E-05
stigmergy_search_efficient,400,40,120,0,142,0.71,160000,0,100,1,0,100,120,0,100,1,0,100,40,0,100,12.90194644,2.826440656,100,99.99919375,0.000390211,100,0,0,0,0,0,0.282644066,3.90E-05
stigmergy_search_efficient,400,40,120,0,143,0.715,160000,0,100,1,0,100,120,0,100,1,0,100,40,0,100,12.90194644,2.826440656,100,99.99919375,0.000390211,100,0,0,0,0,0,0.282644066,3.90E-05
stigmergy_search_efficient,400,40,120,0,144,0.72,160000,0,100,1,0,100,120,0,100,1,0,100,40,0,100,12.90194644,2.826440656,100,99.99919375,0.000390211,100,0,0,0,0,0,0.282644066,3.90E-05
stigmergy_search_efficient,400,40,120,0,145,0.725,160000,0,100,1,0,100,120,0,100,1,0,100,40,0,100,12.90194644,2.826440656,100,99.99919375,0.000390211,100,0,0,0,0,0,0.282644066,3.90E-05
stigmergy_search_efficient,400,40,120,0,146,0.73,160000,0,100,1,0,100,120,0,100,1,0,100,40,0,100,12.90194644,2.826440656,100,99.99919375,0.000390211,100,0,0,0,0,0,0.282644066,3.90E-05
stigmergy_search_efficient,400,40,120,0,147,0.735,160000,0,100,1,0,100,120,0,100,1,0,100,40,0,100,12.90194644,2.826440656,100,99.99919375,0.000390211,100,0,0,0,0,0,0.282644066,3.90E-05
stigmergy_search_efficient,400,40,120,0,148,0.74,160000,0,100,1,0,100,120,0,100,1,0,100,40,0,100,12.90194644,2.826440656,100,99.99919375,0.000390211,100,0,0,0,0,0,0.282644066,3.90E-05
stigmergy_search_efficient,400,40,120,0,149,0.745,160000,0,100,1,0,100,120,0,100,1,0,100,40,0,100,12.90194644,2.826440656,100,99.99919375,0.000390211,100,0,0,0,0,0,0.282644066,3.90E-05
stigmergy_search_efficient,400,40,120,0,150,0.75,160000,0,100,1,0,100,120,0,100,1,0,100,40,0,100,12.90194644,2.826440656,100,99.99919375,0.000390211,100,0,0,0,0,0,0.282644066,3.90E-05
stigmergy_search_efficient,400,40,120,0,151,0.755,160000,0,100,1,0,100,120,0,100,1,0,100,40,0,100,12.90194644,2.826440656,100,99.99919375,0.000390211,100,0,0,0,0,0,0.282644066,3.90E-05
stigmergy_search_efficient,400,40,120,0,152,0.76,160000,0,100,1,0,100,120,0,100,1,0,100,40,0,100,12.90194644,2.826440656,100,99.99919375,0.000390211,100,0,0,0,0,0,0.282644066,3.90E-05
stigmergy_search_efficient,400,40,120,0,153,0.765,160000,0,100,1,0,100,120,0,100,1,0,100,40,0,100,12.90194644,2.826440656,100,99.99919375,0.000390211,100,0,0,0,0,0,0.282644066,3.90E-05
stigmergy_search_efficient,400,40,120,0,154,0.77,160000,0,100,1,0,100,120,0,100,1,0,100,40,0,100,12.90194644,2.826440656,100,99.99919375,0.000390211,100,0,0,0,0,0,0.282644066,3.90E-05
stigmergy_search_efficient,400,40,120,0,155,0.775,160000,0,100,1,0,100,120,0,100,1,0,100,40,0,100,12.90194644,2.826440656,100,99.99919375,0.000390211,100,0,0,0,0,0,0.282644066,3.90E-05
stigmergy_search_efficient,400,40,120,0,156,0.78,160000,0,100,1,0,100,120,0,100,1,0,100,40,0,100,12.90194644,2.826440656,100,99.99919375,0.000390211,100,0,0,0,0,0,0.282644066,3.90E-05
stigmergy_search_efficient,400,40,120,0,157,0.785,160000,0,100,1,0,100,120,0,100,1,0,100,40,0,100,12.90194644,2.826440656,100,99.99919375,0.000390211,100,0,0,0,0,0,0.282644066,3.90E-05
stigmergy_search_efficient,400,40,120,0,158,0.79,160000,0,100,1,0,100,120,0,100,1,0,100,40,0,100,12.90194644,2.826440656,100,99.99919375,0.000390211,100,0,0,0,0,0,0.282644066,3.90E-05
stigmergy_search_efficient,400,40,120,0,159,0.795,160000,0,100,1,0,100,120,0,100,1,0,100,40,0,100,12.90194644,2.826440656,100,99.99919375,0.000390211,100,0,0,0,0,0,0.282644066,3.90E-05
stigmergy_search_efficient,400,40,120,0,160,0.8,160000,0,100,1,0,100,120,0,100,1,0,100,40,0,100,12.90194644,2.826440656,100,99.99919375,0.000390211,100,0,0,0,0,0,0.282644066,3.90E-05
stigmergy_search_efficient,400,40,120,0,161,0.805,160000,0,100,1,0,100,120,0,100,1,0,100,40,0,100,12.90194644,2.826440656,100,99.99919375,0.000390211,100,0,0,0,0,0,0.282644066,3.90E-05
stigmergy_search_efficient,400,40,120,0,162,0.81,160000,0,100,1,0,100,120,0,100,1,0,100,40,0,100,12.90194644,2.826440656,100,99.99919375,0.000390211,100,0,0,0,0,0,0.282644066,3.90E-05
stigmergy_search_efficient,400,40,120,0,163,0.815,160000,0,100,1,0,100,120,0,100,1,0,100,40,0,100,12.90194644,2.826440656,100,99.99919375,0.000390211,100,0,0,0,0,0,0.282644066,3.90E-05
stigmergy_search_efficient,400,40,120,0,164,0.82,160000,0,100,1,0,100,120,0,100,1,0,100,40,0,100,12.90194644,2.826440656,100,99.99919375,0.000390211,100,0,0,0,0,0,0.282644066,3.90E-05
stigmergy_search_efficient,400,40,120,0,165,0.825,160000,0,100,1,0,100,120,0,100,1,0,100,40,0,100,12.90194644,2.826440656,100,99.99919375,0.000390211,100,0,0,0,0,0,0.282644066,3.90E-05
stigmergy_search_efficient,400,40,120,0,166,0.83,160000,0,100,1,0,100,120,0,100,1,0,100,40,0,100,12.90194644,2.826440656,100,99.99919375,0.000390211,100,0,0,0,0,0,0.282644066,3.90E-05
stigmergy_search_efficient,400,40,120,0,167,0.835,160000,0,100,1,0,100,120,0,100,1,0,100,40,0,100,12.90194644,2.826440656,100,99.99919375,0.000390211,100,0,0,0,0,0,0.282644066,3.90E-05
stigmergy_search_efficient,400,40,120,0,168,0.84,160000,0,100,1,0,100,120,0,100,1,0,100,40,0,100,12.90194644,2.826440656,100,99.99919375,0.000390211,100,0,0,0,0,0,0.282644066,3.90E-05
stigmergy_search_efficient,400,40,120,0,169,0.845,160000,0,100,1,0,100,120,0,100,1,0,100,40,0,100,12.90194644,2.826440656,100,99.99919375,0.000390211,100,0,0,0,0,0,0.282644066,3.90E-05
stigmergy_search_efficient,400,40,120,0,170,0.85,160000,0,100,1,0,100,120,0,100,1,0,100,40,0,100,12.90194644,2.826440656,100,99.99919375,0.000390211,100,0,0,0,0,0,0.282644066,3.90E-05
stigmergy_search_efficient,400,40,120,0,171,0.855,160000,0,100,1,0,100,120,0,100,1,0,100,40,0,100,12.90194644,2.826440656,100,99.99919375,0.000390211,100,0,0,0,0,0,0.282644066,3.90E-05
stigmergy_search_efficient,400,40,120,0,172,0.86,160000,0,100,1,0,100,120,0,100,1,0,100,40,0,100,12.90194644,2.826440656,100,99.99919375,0.000390211,100,0,0,0,0,0,0.282644066,3.90E-05
stigmergy_search_efficient,400,40,120,0,173,0.865,160000,0,100,1,0,100,120,0,100,1,0,100,40,0,100,12.90194644,2.826440656,100,99.99919375,0.000390211,100,0,0,0,0,0,0.282644066,3.90E-05
stigmergy_search_efficient,400,40,120,0,174,0.87,160000,0,100,1,0,100,120,0,100,1,0,100,40,0,100,12.90194644,2.826440656,100,99.99919375,0.000390211,100,0,0,0,0,0,0.282644066,3.90E-05
stigmergy_search_efficient,400,40,120,0,175,0.875,160000,0,100,1,0,100,120,0,100,1,0,100,40,0,100,12.90194644,2.826440656,100,99.99919375,0.000390211,100,0,0,0,0,0,0.282644066,3.90E-05
stigmergy_search_efficient,400,40,120,0,176,0.88,160000,0,100,1,0,100,120,0,100,1,0,100,40,0,100,12.90194644,2.826440656,100,99.99919375,0.000390211,100,0,0,0,0,0,0.282644066,3.90E-05
stigmergy_search_efficient,400,40,120,0,177,0.885,160000,0,100,1,0,100,120,0,100,1,0,100,40,0,100,12.90194644,2.826440656,100,99.99919375,0.000390211,100,0,0,0,0,0,0.282644066,3.90E-05
stigmergy_search_efficient,400,40,120,0,178,0.89,160000,0,100,1,0,100,120,0,100,1,0,100,40,0,100,12.90194644,2.826440656,100,99.99919375,0.000390211,100,0,0,0,0,0,0.282644066,3.90E-05
stigmergy_search_efficient,400,40,120,0,179,0.895,160000,0,100,1,0,100,120,0,100,1,0,100,40,0,100,12.90194644,2.826440656,100,99.99919375,0.000390211,100,0,0,0,0,0,0.282644066,3.90E-05
stigmergy_search_efficient,400,40,120,0,180,0.9,160000,0,100,1,0,100,120,0,100,1,0,100,40,0,100,12.90194644,2.826440656,100,99.99919375,0.000390211,100,0,0,0,0,0,0.282644066,3.90E-05
stigmergy_search_efficient,400,40,120,0,181,0.905,160000,0,100,1,0,100,120,0,100,1,0,100,40,0,100,12.90194644,2.826440656,100,99.99919375,0.000390211,100,0,0,0,0,0,0.282644066,3.90E-05
stigmergy_search_efficient,400,40,120,0,182,0.91,160000,0,100,1,0,100,120,0,100,1,0,100,40,0,100,12.90194644,2.826440656,100,99.99919375,0.000390211,100,0,0,0,0,0,0.282644066,3.90E-05
stigmergy_search_efficient,400,40,120,0,183,0.915,160000,0,100,1,0,100,120,0,100,1,0,100,40,0,100,12.90194644,2.826440656,100,99.99919375,0.000390211,100,0,0,0,0,0,0.282644066,3.90E-05
stigmergy_search_efficient,400,40,120,0,184,0.92,160000,0,100,1,0,100,120,0,100,1,0,100,40,0,100,12.90194644,2.826440656,100,99.99919375,0.000390211,100,0,0,0,0,0,0.282644066,3.90E-05
stigmergy_search_efficient,400,40,120,0,185,0.925,160000,0,100,1,0,100,120,0,100,1,0,100,40,0,100,12.90194644,2.826440656,100,99.99919375,0.000390211,100,0,0,0,0,0,0.282644066,3.90E-05
stigmergy_search_efficient,400,40,120,0,186,0.93,160000,0,100,1,0,100,120,0,100,1,0,100,40,0,100,12.90194644,2.826440656,100,99.99919375,0.000390211,100,0,0,0,0,0,0.282644066,3.90E-05
stigmergy_search_efficient,400,40,120,0,187,0.935,160000,0,100,1,0,100,120,0,100,1,0,100,40,0,100,12.90194644,2.826440656,100,99.99919375,0.000390211,100,0,0,0,0,0,0.282644066,3.90E-05
stigmergy_search_efficient,400,40,120,0,188,0.94,160000,0,100,1,0,100,120,0,100,1,0,100,40,0,100,12.90194644,2.826440656,100,99.99919375,0.000390211,100,0,0,0,0,0,0.282644066,3.90E-05
stigmergy_search_efficient,400,40,120,0,189,0.945,160000,0,100,1,0,100,120,0,100,1,0,100,40,0,100,12.90194644,2.826440656,100,99.99919375,0.000390211,100,0,0,0,0,0,0.282644066,3.90E-05
stigmergy_search_efficient,400,40,120,0,190,0.95,160000,0,100,1,0,100,120,0,100,1,0,100,40,0,100,12.90194644,2.826440656,100,99.99919375,0.000390211,100,0,0,0,0,0,0.282644066,3.90E-05
stigmergy_search_efficient,400,40,120,0,191,0.955,160000,0,100,1,0,100,120,0,100,1,0,100,40,0,100,12.90194644,2.826440656,100,99.99919375,0.000390211,100,0,0,0,0,0,0.282644066,3.90E-05
stigmergy_search_efficient,400,40,120,0,192,0.96,160000,0,100,1,0,100,120,0,100,1,0,100,40,0,100,12.90194644,2.826440656,100,99.99919375,0.000390211,100,0,0,0,0,0,0.282644066,3.90E-05
stigmergy_search_efficient,400,40,120,0,193,0.965,160000,0,100,1,0,100,120,0,100,1,0,100,40,0,100,12.90194644,2.826440656,100,99.99919375,0.000390211,100,0,0,0,0,0,0.282644066,3.90E-05
stigmergy_search_efficient,400,40,120,0,194,0.97,160000,0,100,1,0,100,120,0,100,1,0,100,40,0,100,12.90194644,2.826440656,100,99.99919375,0.000390211,100,0,0,0,0,0,0.282644066,3.90E-05
stigmergy_search_efficient,400,40,120,0,195,0.975,160000,0,100,1,0,100,120,0,100,1,0,100,40,0,100,12.90194644,2.826440656,100,99.99919375,0.000390211,100,0,0,0,0,0,0.282644066,3.90E-05
stigmergy_search_efficient,400,40,120,0,196,0.98,160000,0,100,1,0,100,120,0,100,1,0,100,40,0,100,12.90194644,2.826440656,100,99.99919375,0.000390211,100,0,0,0,0,0,0.282644066,3.90E-05
stigmergy_search_efficient,400,40,120,0,197,0.985,160000,0,100,1,0,100,120,0,100,1,0,100,40,0,100,12.90194644,2.826440656,100,99.99919375,0.000390211,100,0,0,0,0,0,0.282644066,3.90E-05
stigmergy_search_efficient,400,40,120,0,198,0.99,160000,0,100,1,0,100,120,0,100,1,0,100,40,0,100,12.90194644,2.826440656,100,99.99919375,0.000390211,100,0,0,0,0,0,0.282644066,3.90E-05
stigmergy_search_efficient,400,40,120,0,199,0.995,160000,0,100,1,0,100,120,0,100,1,0,100,40,0,100,12.90194644,2.826440656,100,99.99919375,0.000390211,100,0,0,0,0,0,0.282644066,3.90E-05
stigmergy_search_efficient,400,40,120,0,200,1,160000,0,100,1,0,100,120,0,100,1,0,100,40,0,100,12.90194644,2.826440656,100,99.99919375,0.000390211,100,0,0,0,0,0,0.282644066,3.90E-05
stigmergy_search_efficient,450,45,135,0,0,0,0,0,100,0,0,100,0,0,100,0,0,100,45,0,100,0,0,100,0,0,100,0,0,0,0,0,0,0
stigmergy_search_efficient,450,45,135,0,1,0.005,26774.69,418.2999189,100,0.132220691,0.002065679,100,17.85,4.115442708,100,0.132222222,0.030484761,100,45,0,100,3.691336725,0.051439864,100,13.1180642,0.204963934,100,41.82999189,0.000206568,0.411544271,0.003048476,0,0.005143986,0.020496393
stigmergy_search_efficient,450,45,135,0,2,0.01,49524.07,1157.450588,100,0.244563309,0.005715805,100,32.38,5.088668338,100,0.239851852,0.03769384,100,45,0,100,4.017163862,0.088800946,100,24.37653333,0.567718906,100,115.7450588,0.000571581,0.508866834,0.003769384,0,0.008880095,0.056771891
stigmergy_search_efficient,450,45,135,0,3,0.015,69214.14,2059.835597,100,0.341798222,0.010172028,100,45.54,5.793448058,100,0.337333333,0.04291443,100,45,0,100,4.3269232,0.122518126,100,34.11768889,1.013574418,100,205.9835597,0.001017203,0.579344806,0.004291443,0,0.012251813,0.101357442
stigmergy_search_efficient,450,45,135,0,4,0.02,87097.06,2702.826608,100,0.430108938,0.013347292,100,57.79,6.182894291,100,0.428074074,0.045799217,100,45,0,100,4.590840161,0.13518515,100,42.95861728,1.331671178,100,270.2826608,0.001334729,0.618289429,0.004579922,0,0.013518515,0.133167118
stigmergy_search_efficient,450,45,135,0,5,0.025,103445.88,3229.379802,100,0.510843852,0.015947555,100,68.65,5.796855644,100,0.508518519,0.042939671,100,45,0,100,4.835334343,0.14358242,100,51.03940741,1.592140816,100,322.9379802,0.001594755,0.579685564,0.004293967,0,0.014358242,0.159214082
stigmergy_search_efficient,450,45,135,0,6,0.03,118291.66,3947.52667,100,0.584156346,0.019493959,100,78.44,6.06749911,100,0.581037037,0.044944438,100,45,0,100,5.077433862,0.161617828,100,58.3762716,1.946876583,100,394.752667,0.001949396,0.606749911,0.004494444,0,0.016161783,0.194687658
stigmergy_search_efficient,450,45,135,0,7,0.035,131701.04,4737.615606,100,0.650375506,0.023395633,100,87.38,6.375109427,100,0.647259259,0.047223033,100,45,0,100,5.323450161,0.18637426,100,65.00273086,2.337691063,100,473.7615606,0.002339563,0.637510943,0.004722303,0,0.018637426,0.233769106
stigmergy_search_efficient,450,45,135,0,8,0.04,143672.33,5294.414677,100,0.709492988,0.026145258,100,95.32,6.522501844,100,0.706074074,0.048314828,100,45,0,100,5.579855841,0.202535737,100,70.9196642,2.612761191,100,529.4414677,0.002614526,0.652250184,0.004831483,0,0.020253574,0.261276119
stigmergy_search_efficient,450,45,135,0,9,0.045,153956.67,5817.335955,100,0.760279852,0.028727585,100,102.39,6.234305547,100,0.758444444,0.046180041,100,45,0,100,5.861249931,0.219957648,100,76.00320988,2.871142465,100,581.7335955,0.002872758,0.623430555,0.004618004,0,0.021995765,0.287114247
stigmergy_search_efficient,450,45,135,0,10,0.05,162670.97,6139.272109,100,0.803313432,0.030317393,100,108.16,6.263119563,100,0.801185185,0.046393478,100,45,0,100,6.166047903,0.231845141,100,80.3102716,3.030813342,100,613.9272109,0.003031739,0.626311956,0.004639348,0,0.023184514,0.303081334
stigmergy_search_efficient,450,45,135,0,11,0.055,170218.09,6260.296645,100,0.84058316,0.030915045,100,113.41,6.485562832,100,0.840074074,0.048041206,100,45,0,100,6.483069012,0.237618378,100,84.04058765,3.09113925,100,626.0296645,0.003091505,0.648556283,0.004804121,0,0.023761838,0.309113925
stigmergy_search_efficient,450,45,135,0,12,0.06,176464.96,6180.682178,100,0.871431901,0.030521887,100,117.64,6.122520112,100,0.871407407,0.045352001,100,45,0,100,6.822536174,0.237737192,100,87.12882469,3.052243975,100,618.0682178,0.003052189,0.612252011,0.0045352,0,0.023773719,0.305224398
stigmergy_search_efficient,450,45,135,0,13,0.065,181633.73,6093.777044,100,0.896956691,0.030092726,100,121.01,5.531352329,100,0.89637037,0.04097298,100,45,0,100,7.181096883,0.240567389,100,89.68401975,3.009303568,100,609.3777044,0.003009273,0.553135233,0.004097298,0,0.024056739,0.300930357
stigmergy_search_efficient,450,45,135,0,14,0.07,185974.27,5979.493838,100,0.918391457,0.029528365,100,123.82,5.089859199,100,0.917185185,0.037702661,100,45,0,100,7.553303752,0.243634294,100,91.82952593,2.953220018,100,597.9493838,0.002952836,0.50898592,0.003770266,0,0.024363429,0.295322002
stigmergy_search_efficient,450,45,135,0,15,0.075,189580.61,5779.35621,100,0.936200543,0.028540031,100,126.1,4.630814663,100,0.934074074,0.034302331,100,45,0,100,7.939112681,0.244404462,100,93.61203457,2.854484679,100,577.935621,0.002854003,0.463081466,0.003430233,0,0.024440446,0.285448468
stigmergy_search_efficient,450,45,135,0,16,0.08,192506.16,5515.421518,100,0.950647704,0.027236649,100,128.23,4.294358526,100,0.949851852,0.031810063,100,45,0,100,8.339715106,0.242302599,100,95.05871605,2.724253486,100,551.5421518,0.002723665,0.429435853,0.003181006,0,0.02423026,0.272425349
stigmergy_search_efficient,450,45,135,0,17,0.085,194766.36,5199.848532,100,0.961809185,0.025678264,100,129.87,3.909726281,100,0.962,0.028960935,100,45,0,100,8.758126584,0.237745305,100,96.1760642,2.568789366,100,519.9848532,0.002567826,0.390972628,0.002896094,0,0.023774531,0.256878937
stigmergy_search_efficient,450,45,135,0,18,0.09,196516.45,4796.103432,100,0.970451605,0.023684461,100,130.91,3.615608699,100,0.969703704,0.026782287,100,45,0,100,9.190696581,0.228689195,100,97.0414963,2.369349924,100,479.6103432,0.002368446,0.36156087,0.002678229,0,0.022868919,0.236934992
stigmergy_search_efficient,450,45,135,0,19,0.095,197864.24,4390.986484,100,0.977107358,0.021683884,100,131.87,3.386410751,100,0.976814815,0.025084524,100,45,0,100,9.633208888,0.221607151,100,97.70798519,2.169344051,100,439.0986484,0.002168388,0.338641075,0.002508452,0,0.022160715,0.216934405
stigmergy_search_efficient,450,45,135,0,20,0.1,198910.67,3922.530005,100,0.982274914,0.019370519,100,132.46,3.066337268,100,0.981185185,0.022713609,100,45,0,100,10.05807862,0.256206652,100,98.22515062,1.93814047,100,392.2530005,0.001937052,0.306633727,0.002271361,0,0.025620665,0.193814047
stigmergy_search_efficient,450,45,135,0,21,0.105,199792.43,3439.46057,100,0.986629284,0.01698499,100,133.02,2.744986247,100,0.985333333,0.020333231,100,45,0,100,10.46507743,0.346104111,100,98.66105185,1.699453954,100,343.946057,0.001698499,0.274498625,0.002033323,0,0.034610411,0.169945395
stigmergy_search_efficient,450,45,135,0,22,0.11,200466.78,3024.789792,100,0.989959407,0.014937234,100,133.61,2.365129676,100,0.989703704,0.017519479,100,45,0,100,10.83621157,0.481590638,100,98.99450864,1.494535585,100,302.4789792,0.001493723,0.236512968,0.001751948,0,0.048159064,0.149453559
stigmergy_search_efficient,450,45,135,0,23,0.115,200934.3,2622.115595,100,0.992268148,0.012948719,100,133.96,1.958766877,100,0.992296296,0.014509384,100,45,0,100,11.13960083,0.644667116,100,99.22563457,1.295590161,100,262.2115595,0.001294872,0.195876688,0.001450938,0,0.064466712,0.129559016
stigmergy_search_efficient,450,45,135,0,24,0.12,201278,2270.373124,100,0.993965432,0.011211719,100,134.22,1.567214604,100,0.994222222,0.011608997,100,45,0,100,11.38773241,0.823521196,100,99.3956,1.121745237,100,227.0373124,0.001121172,0.15672146,0.0011609,0,0.08235212,0.112174524
stigmergy_search_efficient,450,45,135,0,25,0.125,201536.91,1972.320968,100,0.995244,0.009739857,100,134.39,1.36252143,100,0.995481481,0.010092751,100,45,0,100,11.60436108,1.009640112,100,99.5234963,0.974533961,100,197.2320968,0.000973986,0.136252143,0.001009275,0,0.100964011,0.097453396
stigmergy_search_efficient,450,45,135,0,26,0.13,201764.34,1715.678817,100,0.996367111,0.008472488,100,134.5,1.283146385,100,0.996296296,0.009504788,100,45,0,100,11.79799607,1.197307047,100,99.63589136,0.847625997,100,171.5678817,0.000847249,0.128314639,0.000950479,0,0.119730705,0.0847626
stigmergy_search_efficient,450,45,135,0,27,0.135,201959.47,1443.250585,100,0.997330716,0.007127163,100,134.62,1.143978526,100,0.997185185,0.008473915,100,45,0,100,11.96634764,1.376475817,100,99.73230617,0.713145466,100,144.3250585,0.000712716,0.114397853,0.000847392,0,0.137647582,0.071314547
stigmergy_search_efficient,450,45,135,0,28,0.14,202110.09,1179.05636,100,0.998074519,0.005822501,100,134.77,0.962477863,100,0.998296296,0.007129466,100,45,0,100,12.10719894,1.54077721,100,99.80674568,0.582661825,100,117.905636,0.00058225,0.096247786,0.000712947,0,0.154077721,0.058266182
stigmergy_search_efficient,450,45,135,0,29,0.145,202212.18,947.5867528,100,0.998578667,0.004679441,100,134.86,0.738822432,100,0.998962963,0.005472759,100,45,0,100,12.2151335,1.67957357,100,99.85718519,0.46831692,100,94.75867528,0.000467944,0.073882243,0.000547276,0,0.167957357,0.046831692
stigmergy_search_efficient,450,45,135,0,30,0.15,202290.29,735.8341971,100,0.998964395,0.003633749,100,134.89,0.584220105,100,0.999185185,0.004327556,100,45,0,100,12.30363056,1.805602932,100,99.89578272,0.363683002,100,73.58341971,0.000363375,0.058422011,0.000432756,0,0.180560293,0.0363683
stigmergy_search_efficient,450,45,135,0,31,0.155,202359.99,551.205978,100,0.999308593,0.002722005,100,134.91,0.514339824,100,0.999333333,0.003809925,100,45,0,100,12.38299248,1.927754466,100,99.93020741,0.27242269,100,55.1205978,0.0002722,0.051433982,0.000380992,0,0.192775447,0.027242269
stigmergy_search_efficient,450,45,135,0,32,0.16,202405.36,412.7751979,100,0.999532642,0.002038396,100,134.94,0.371184291,100,0.999555556,0.002749513,100,45,0,100,12.43685089,2.017824212,100,99.95263704,0.203964224,100,41.27751979,0.00020384,0.037118429,0.000274951,0,0.201782421,0.020396422
stigmergy_search_efficient,450,45,135,0,33,0.165,202432.45,324.4815095,100,0.99966642,0.001602378,100,134.98,0.140705294,100,0.999851852,0.001042261,100,45,0,100,12.47120852,2.08115426,100,99.96602963,0.160273872,100,32.44815095,0.000160238,0.014070529,0.000104226,0,0.208115426,0.016027387
stigmergy_search_efficient,450,45,135,0,34,0.17,202450.97,263.4754682,100,0.999757877,0.001301113,100,134.99,0.1,100,0.999925926,0.000740741,100,45,0,100,12.49992052,2.138770997,100,99.97518025,0.130122988,100,26.34754682,0.000130111,0.01,7.41E-05,0,0.2138771,0.013012299
stigmergy_search_efficient,450,45,135,0,35,0.175,202466.28,221.9864442,100,0.999833481,0.001096229,100,134.99,0.1,100,0.999925926,0.000740741,100,45,0,100,12.52360811,2.190381448,100,99.98274074,0.109596491,100,22.19864442,0.000109623,0.01,7.41E-05,0,0.219038145,0.010959649
stigmergy_search_efficient,450,45,135,0,36,0.18,202475.44,206.5676361,100,0.999878716,0.001020087,100,135,0,100,1,0,100,45,0,100,12.54608664,2.242790715,100,99.98728395,0.101959196,100,20.65676361,0.000102009,0,0,0,0.224279072,0.01019592
stigmergy_search_efficient,450,45,135,0,37,0.185,202479.73,202.4980287,100,0.999899901,0.00099999,100,135,0,100,1,0,100,45,0,100,12.56533957,2.29082249,100,99.98940741,0.099940445,100,20.24980287,1.00E-04,0,0,0,0.229082249,0.009994044
stigmergy_search_efficient,450,45,135,0,38,0.19,202479.73,202.4980287,100,0.999899901,0.00099999,100,135,0,100,1,0,100,45,0,100,12.58021493,2.330405051,100,99.98940741,0.099940445,100,20.24980287,1.00E-04,0,0,0,0.233040505,0.009994044
stigmergy_search_efficient,450,45,135,0,39,0.195,202482.89,171.1,100,0.999915506,0.000844938,100,135,0,100,1,0,100,45,0,100,12.59297112,2.366295727,100,99.99094815,0.084533092,100,17.11,8.45E-05,0,0,0,0.236629573,0.008453309
stigmergy_search_efficient,450,45,135,0,40,0.2,202488.84,111.6,100,0.999944889,0.000551111,100,135,0,100,1,0,100,45,0,100,12.59738266,2.379673668,100,99.99388148,0.055199949,100,11.16,5.51E-05,0,0,0,0.237967367,0.005519995
stigmergy_search_efficient,450,45,135,0,41,0.205,202491.74,82.6,100,0.99995921,0.000407901,100,135,0,100,1,0,100,45,0,100,12.60207178,2.394702602,100,99.9953284,0.040731008,100,8.26,4.08E-05,0,0,0,0.23947026,0.004073101
stigmergy_search_efficient,450,45,135,0,42,0.21,202491.74,82.6,100,0.99995921,0.000407901,100,135,0,100,1,0,100,45,0,100,12.60704605,2.411539849,100,99.9953284,0.040731008,100,8.26,4.08E-05,0,0,0,0.241153985,0.004073101
stigmergy_search_efficient,450,45,135,0,43,0.215,202491.74,82.6,100,0.99995921,0.000407901,100,135,0,100,1,0,100,45,0,100,12.61203807,2.429344008,100,99.9953284,0.040731008,100,8.26,4.08E-05,0,0,0,0.242934401,0.004073101
stigmergy_search_efficient,450,45,135,0,44,0.22,202493.5,65,100,0.999967901,0.000320988,100,135,0,100,1,0,100,45,0,100,12.61686673,2.447411287,100,99.99618272,0.032187995,100,6.5,3.21E-05,0,0,0,0.244741129,0.003218799
stigmergy_search_efficient,450,45,135,0,45,0.225,202499.99,0.1,100,0.999999951,4.94E-07,100,135,0,100,1,0,100,45,0,100,12.62113932,2.46407659,100,99.99940247,0.000246114,100,0.01,4.94E-08,0,0,0,0.246407659,2.46E-05
stigmergy_search_efficient,450,45,135,0,46,0.23,202500,0,100,1,0,100,135,0,100,1,0,100,45,0,100,12.62173022,2.466430793,100,99.99940247,0.000246114,100,0,0,0,0,0,0.246643079,2.46E-05
stigmergy_search_efficient,450,45,135,0,47,0.235,202500,0,100,1,0,100,135,0,100,1,0,100,45,0,100,12.62173022,2.466430793,100,99.99940247,0.000246114,100,0,0,0,0,0,0.246643079,2.46E-05
stigmergy_search_efficient,450,45,135,0,48,0.24,202500,0,100,1,0,100,135,0,100,1,0,100,45,0,100,12.62173022,2.466430793,100,99.99940247,0.000246114,100,0,0,0,0,0,0.246643079,2.46E-05
stigmergy_search_efficient,450,45,135,0,49,0.245,202500,0,100,1,0,100,135,0,100,1,0,100,45,0,100,12.62173022,2.466430793,100,99.99940247,0.000246114,100,0,0,0,0,0,0.246643079,2.46E-05
stigmergy_search_efficient,450,45,135,0,50,0.25,202500,0,100,1,0,100,135,0,100,1,0,100,45,0,100,12.62173022,2.466430793,100,99.99940247,0.000246114,100,0,0,0,0,0,0.246643079,2.46E-05
stigmergy_search_efficient,450,45,135,0,51,0.255,202500,0,100,1,0,100,135,0,100,1,0,100,45,0,100,12.62173022,2.466430793,100,99.99940247,0.000246114,100,0,0,0,0,0,0.246643079,2.46E-05
stigmergy_search_efficient,450,45,135,0,52,0.26,202500,0,100,1,0,100,135,0,100,1,0,100,45,0,100,12.62173022,2.466430793,100,99.99940247,0.000246114,100,0,0,0,0,0,0.246643079,2.46E-05
stigmergy_search_efficient,450,45,135,0,53,0.265,202500,0,100,1,0,100,135,0,100,1,0,100,45,0,100,12.62173022,2.466430793,100,99.99940247,0.000246114,100,0,0,0,0,0,0.246643079,2.46E-05
stigmergy_search_efficient,450,45,135,0,54,0.27,202500,0,100,1,0,100,135,0,100,1,0,100,45,0,100,12.62173022,2.466430793,100,99.99940247,0.000246114,100,0,0,0,0,0,0.246643079,2.46E-05
stigmergy_search_efficient,450,45,135,0,55,0.275,202500,0,100,1,0,100,135,0,100,1,0,100,45,0,100,12.62173022,2.466430793,100,99.99940247,0.000246114,100,0,0,0,0,0,0.246643079,2.46E-05
stigmergy_search_efficient,450,45,135,0,56,0.28,202500,0,100,1,0,100,135,0,100,1,0,100,45,0,100,12.62173022,2.466430793,100,99.99940247,0.000246114,100,0,0,0,0,0,0.246643079,2.46E-05
stigmergy_search_efficient,450,45,135,0,57,0.285,202500,0,100,1,0,100,135,0,100,1,0,100,45,0,100,12.62173022,2.466430793,100,99.99940247,0.000246114,100,0,0,0,0,0,0.246643079,2.46E-05
stigmergy_search_efficient,450,45,135,0,58,0.29,202500,0,100,1,0,100,135,0,100,1,0,100,45,0,100,12.62173022,2.466430793,100,99.99940247,0.000246114,100,0,0,0,0,0,0.246643079,2.46E-05
stigmergy_search_efficient,450,45,135,0,59,0.295,202500,0,100,1,0,100,135,0,100,1,0,100,45,0,100,12.62173022,2.466430793,100,99.99940247,0.000246114,100,0,0,0,0,0,0.246643079,2.46E-05
stigmergy_search_efficient,450,45,135,0,60,0.3,202500,0,100,1,0,100,135,0,100,1,0,100,45,0,100,12.62173022,2.466430793,100,99.99940247,0.000246114,100,0,0,0,0,0,0.246643079,2.46E-05
stigmergy_search_efficient,450,45,135,0,61,0.305,202500,0,100,1,0,100,135,0,100,1,0,100,45,0,100,12.62173022,2.466430793,100,99.99940247,0.000246114,100,0,0,0,0,0,0.246643079,2.46E-05
stigmergy_search_efficient,450,45,135,0,62,0.31,202500,0,100,1,0,100,135,0,100,1,0,100,45,0,100,12.62173022,2.466430793,100,99.99940247,0.000246114,100,0,0,0,0,0,0.246643079,2.46E-05
stigmergy_search_efficient,450,45,135,0,63,0.315,202500,0,100,1,0,100,135,0,100,1,0,100,45,0,100,12.62173022,2.466430793,100,99.99940247,0.000246114,100,0,0,0,0,0,0.246643079,2.46E-05
stigmergy_search_efficient,450,45,135,0,64,0.32,202500,0,100,1,0,100,135,0,100,1,0,100,45,0,100,12.62173022,2.466430793,100,99.99940247,0.000246114,100,0,0,0,0,0,0.246643079,2.46E-05
stigmergy_search_efficient,450,45,135,0,65,0.325,202500,0,100,1,0,100,135,0,100,1,0,100,45,0,100,12.62173022,2.466430793,100,99.99940247,0.000246114,100,0,0,0,0,0,0.246643079,2.46E-05
stigmergy_search_efficient,450,45,135,0,66,0.33,202500,0,100,1,0,100,135,0,100,1,0,100,45,0,100,12.62173022,2.466430793,100,99.99940247,0.000246114,100,0,0,0,0,0,0.246643079,2.46E-05
stigmergy_search_efficient,450,45,135,0,67,0.335,202500,0,100,1,0,100,135,0,100,1,0,100,45,0,100,12.62173022,2.466430793,100,99.99940247,0.000246114,100,0,0,0,0,0,0.246643079,2.46E-05
stigmergy_search_efficient,450,45,135,0,68,0.34,202500,0,100,1,0,100,135,0,100,1,0,100,45,0,100,12.62173022,2.466430793,100,99.99940247,0.000246114,100,0,0,0,0,0,0.246643079,2.46E-05
stigmergy_search_efficient,450,45,135,0,69,0.345,202500,0,100,1,0,100,135,0,100,1,0,100,45,0,100,12.62173022,2.466430793,100,99.99940247,0.000246114,100,0,0,0,0,0,0.246643079,2.46E-05
stigmergy_search_efficient,450,45,135,0,70,0.35,202500,0,100,1,0,100,135,0,100,1,0,100,45,0,100,12.62173022,2.466430793,100,99.99940247,0.000246114,100,0,0,0,0,0,0.246643079,2.46E-05
stigmergy_search_efficient,450,45,135,0,71,0.355,202500,0,100,1,0,100,135,0,100,1,0,100,45,0,100,12.62173022,2.466430793,100,99.99940247,0.000246114,100,0,0,0,0,0,0.246643079,2.46E-05
stigmergy_search_efficient,450,45,135,0,72,0.36,202500,0,100,1,0,100,135,0,100,1,0,100,45,0,100,12.62173022,2.466430793,100,99.99940247,0.000246114,100,0,0,0,0,0,0.246643079,2.46E-05
stigmergy_search_efficient,450,45,135,0,73,0.365,202500,0,100,1,0,100,135,0,100,1,0,100,45,0,100,12.62173022,2.466430793,100,99.99940247,0.000246114,100,0,0,0,0,0,0.246643079,2.46E-05
stigmergy_search_efficient,450,45,135,0,74,0.37,202500,0,100,1,0,100,135,0,100,1,0,100,45,0,100,12.62173022,2.466430793,100,99.99940247,0.000246114,100,0,0,0,0,0,0.246643079,2.46E-05
stigmergy_search_efficient,450,45,135,0,75,0.375,202500,0,100,1,0,100,135,0,100,1,0,100,45,0,100,12.62173022,2.466430793,100,99.99940247,0.000246114,100,0,0,0,0,0,0.246643079,2.46E-05
stigmergy_search_efficient,450,45,135,0,76,0.38,202500,0,100,1,0,100,135,0,100,1,0,100,45,0,100,12.62173022,2.466430793,100,99.99940247,0.000246114,100,0,0,0,0,0,0.246643079,2.46E-05
stigmergy_search_efficient,450,45,135,0,77,0.385,202500,0,100,1,0,100,135,0,100,1,0,100,45,0,100,12.62173022,2.466430793,100,99.99940247,0.000246114,100,0,0,0,0,0,0.246643079,2.46E-05
stigmergy_search_efficient,450,45,135,0,78,0.39,202500,0,100,1,0,100,135,0,100,1,0,100,45,0,100,12.62173022,2.466430793,100,99.99940247,0.000246114,100,0,0,0,0,0,0.246643079,2.46E-05
stigmergy_search_efficient,450,45,135,0,79,0.395,202500,0,100,1,0,100,135,0,100,1,0,100,45,0,100,12.62173022,2.466430793,100,99.99940247,0.000246114,100,0,0,0,0,0,0.246643079,2.46E-05
stigmergy_search_efficient,450,45,135,0,80,0.4,202500,0,100,1,0,100,135,0,100,1,0,100,45,0,100,12.62173022,2.466430793,100,99.99940247,0.000246114,100,0,0,0,0,0,0.246643079,2.46E-05
stigmergy_search_efficient,450,45,135,0,81,0.405,202500,0,100,1,0,100,135,0,100,1,0,100,45,0,100,12.62173022,2.466430793,100,99.99940247,0.000246114,100,0,0,0,0,0,0.246643079,2.46E-05
stigmergy_search_efficient,450,45,135,0,82,0.41,202500,0,100,1,0,100,135,0,100,1,0,100,45,0,100,12.62173022,2.466430793,100,99.99940247,0.000246114,100,0,0,0,0,0,0.246643079,2.46E-05
stigmergy_search_efficient,450,45,135,0,83,0.415,202500,0,100,1,0,100,135,0,100,1,0,100,45,0,100,12.62173022,2.466430793,100,99.99940247,0.000246114,100,0,0,0,0,0,0.246643079,2.46E-05
stigmergy_search_efficient,450,45,135,0,84,0.42,202500,0,100,1,0,100,135,0,100,1,0,100,45,0,100,12.62173022,2.466430793,100,99.99940247,0.000246114,100,0,0,0,0,0,0.246643079,2.46E-05
stigmergy_search_efficient,450,45,135,0,85,0.425,202500,0,100,1,0,100,135,0,100,1,0,100,45,0,100,12.62173022,2.466430793,100,99.99940247,0.000246114,100,0,0,0,0,0,0.246643079,2.46E-05
stigmergy_search_efficient,450,45,135,0,86,0.43,202500,0,100,1,0,100,135,0,100,1,0,100,45,0,100,12.62173022,2.466430793,100,99.99940247,0.000246114,100,0,0,0,0,0,0.246643079,2.46E-05
stigmergy_search_efficient,450,45,135,0,87,0.435,202500,0,100,1,0,100,135,0,100,1,0,100,45,0,100,12.62173022,2.466430793,100,99.99940247,0.000246114,100,0,0,0,0,0,0.246643079,2.46E-05
stigmergy_search_efficient,450,45,135,0,88,0.44,202500,0,100,1,0,100,135,0,100,1,0,100,45,0,100,12.62173022,2.466430793,100,99.99940247,0.000246114,100,0,0,0,0,0,0.246643079,2.46E-05
stigmergy_search_efficient,450,45,135,0,89,0.445,202500,0,100,1,0,100,135,0,100,1,0,100,45,0,100,12.62173022,2.466430793,100,99.99940247,0.000246114,100,0,0,0,0,0,0.246643079,2.46E-05
stigmergy_search_efficient,450,45,135,0,90,0.45,202500,0,100,1,0,100,135,0,100,1,0,100,45,0,100,12.62173022,2.466430793,100,99.99940247,0.000246114,100,0,0,0,0,0,0.246643079,2.46E-05
stigmergy_search_efficient,450,45,135,0,91,0.455,202500,0,100,1,0,100,135,0,100,1,0,100,45,0,100,12.62173022,2.466430793,100,99.99940247,0.000246114,100,0,0,0,0,0,0.246643079,2.46E-05
stigmergy_search_efficient,450,45,135,0,92,0.46,202500,0,100,1,0,100,135,0,100,1,0,100,45,0,100,12.62173022,2.466430793,100,99.99940247,0.000246114,100,0,0,0,0,0,0.246643079,2.46E-05
stigmergy_search_efficient,450,45,135,0,93,0.465,202500,0,100,1,0,100,135,0,100,1,0,100,45,0,100,12.62173022,2.466430793,100,99.99940247,0.000246114,100,0,0,0,0,0,0.246643079,2.46E-05
stigmergy_search_efficient,450,45,135,0,94,0.47,202500,0,100,1,0,100,135,0,100,1,0,100,45,0,100,12.62173022,2.466430793,100,99.99940247,0.000246114,100,0,0,0,0,0,0.246643079,2.46E-05
stigmergy_search_efficient,450,45,135,0,95,0.475,202500,0,100,1,0,100,135,0,100,1,0,100,45,0,100,12.62173022,2.466430793,100,99.99940247,0.000246114,100,0,0,0,0,0,0.246643079,2.46E-05
stigmergy_search_efficient,450,45,135,0,96,0.48,202500,0,100,1,0,100,135,0,100,1,0,100,45,0,100,12.62173022,2.466430793,100,99.99940247,0.000246114,100,0,0,0,0,0,0.246643079,2.46E-05
stigmergy_search_efficient,450,45,135,0,97,0.485,202500,0,100,1,0,100,135,0,100,1,0,100,45,0,100,12.62173022,2.466430793,100,99.99940247,0.000246114,100,0,0,0,0,0,0.246643079,2.46E-05
stigmergy_search_efficient,450,45,135,0,98,0.49,202500,0,100,1,0,100,135,0,100,1,0,100,45,0,100,12.62173022,2.466430793,100,99.99940247,0.000246114,100,0,0,0,0,0,0.246643079,2.46E-05
stigmergy_search_efficient,450,45,135,0,99,0.495,202500,0,100,1,0,100,135,0,100,1,0,100,45,0,100,12.62173022,2.466430793,100,99.99940247,0.000246114,100,0,0,0,0,0,0.246643079,2.46E-05
stigmergy_search_efficient,450,45,135,0,100,0.5,202500,0,100,1,0,100,135,0,100,1,0,100,45,0,100,12.62173022,2.466430793,100,99.99940247,0.000246114,100,0,0,0,0,0,0.246643079,2.46E-05
stigmergy_search_efficient,450,45,135,0,101,0.505,202500,0,100,1,0,100,135,0,100,1,0,100,45,0,100,12.62173022,2.466430793,100,99.99940247,0.000246114,100,0,0,0,0,0,0.246643079,2.46E-05
stigmergy_search_efficient,450,45,135,0,102,0.51,202500,0,100,1,0,100,135,0,100,1,0,100,45,0,100,12.62173022,2.466430793,100,99.99940247,0.000246114,100,0,0,0,0,0,0.246643079,2.46E-05
stigmergy_search_efficient,450,45,135,0,103,0.515,202500,0,100,1,0,100,135,0,100,1,0,100,45,0,100,12.62173022,2.466430793,100,99.99940247,0.000246114,100,0,0,0,0,0,0.246643079,2.46E-05
stigmergy_search_efficient,450,45,135,0,104,0.52,202500,0,100,1,0,100,135,0,100,1,0,100,45,0,100,12.62173022,2.466430793,100,99.99940247,0.000246114,100,0,0,0,0,0,0.246643079,2.46E-05
stigmergy_search_efficient,450,45,135,0,105,0.525,202500,0,100,1,0,100,135,0,100,1,0,100,45,0,100,12.62173022,2.466430793,100,99.99940247,0.000246114,100,0,0,0,0,0,0.246643079,2.46E-05
stigmergy_search_efficient,450,45,135,0,106,0.53,202500,0,100,1,0,100,135,0,100,1,0,100,45,0,100,12.62173022,2.466430793,100,99.99940247,0.000246114,100,0,0,0,0,0,0.246643079,2.46E-05
stigmergy_search_efficient,450,45,135,0,107,0.535,202500,0,100,1,0,100,135,0,100,1,0,100,45,0,100,12.62173022,2.466430793,100,99.99940247,0.000246114,100,0,0,0,0,0,0.246643079,2.46E-05
stigmergy_search_efficient,450,45,135,0,108,0.54,202500,0,100,1,0,100,135,0,100,1,0,100,45,0,100,12.62173022,2.466430793,100,99.99940247,0.000246114,100,0,0,0,0,0,0.246643079,2.46E-05
stigmergy_search_efficient,450,45,135,0,109,0.545,202500,0,100,1,0,100,135,0,100,1,0,100,45,0,100,12.62173022,2.466430793,100,99.99940247,0.000246114,100,0,0,0,0,0,0.246643079,2.46E-05
stigmergy_search_efficient,450,45,135,0,110,0.55,202500,0,100,1,0,100,135,0,100,1,0,100,45,0,100,12.62173022,2.466430793,100,99.99940247,0.000246114,100,0,0,0,0,0,0.246643079,2.46E-05
stigmergy_search_efficient,450,45,135,0,111,0.555,202500,0,100,1,0,100,135,0,100,1,0,100,45,0,100,12.62173022,2.466430793,100,99.99940247,0.000246114,100,0,0,0,0,0,0.246643079,2.46E-05
stigmergy_search_efficient,450,45,135,0,112,0.56,202500,0,100,1,0,100,135,0,100,1,0,100,45,0,100,12.62173022,2.466430793,100,99.99940247,0.000246114,100,0,0,0,0,0,0.246643079,2.46E-05
stigmergy_search_efficient,450,45,135,0,113,0.565,202500,0,100,1,0,100,135,0,100,1,0,100,45,0,100,12.62173022,2.466430793,100,99.99940247,0.000246114,100,0,0,0,0,0,0.246643079,2.46E-05
stigmergy_search_efficient,450,45,135,0,114,0.57,202500,0,100,1,0,100,135,0,100,1,0,100,45,0,100,12.62173022,2.466430793,100,99.99940247,0.000246114,100,0,0,0,0,0,0.246643079,2.46E-05
stigmergy_search_efficient,450,45,135,0,115,0.575,202500,0,100,1,0,100,135,0,100,1,0,100,45,0,100,12.62173022,2.466430793,100,99.99940247,0.000246114,100,0,0,0,0,0,0.246643079,2.46E-05
stigmergy_search_efficient,450,45,135,0,116,0.58,202500,0,100,1,0,100,135,0,100,1,0,100,45,0,100,12.62173022,2.466430793,100,99.99940247,0.000246114,100,0,0,0,0,0,0.246643079,2.46E-05
stigmergy_search_efficient,450,45,135,0,117,0.585,202500,0,100,1,0,100,135,0,100,1,0,100,45,0,100,12.62173022,2.466430793,100,99.99940247,0.000246114,100,0,0,0,0,0,0.246643079,2.46E-05
stigmergy_search_efficient,450,45,135,0,118,0.59,202500,0,100,1,0,100,135,0,100,1,0,100,45,0,100,12.62173022,2.466430793,100,99.99940247,0.000246114,100,0,0,0,0,0,0.246643079,2.46E-05
stigmergy_search_efficient,450,45,135,0,119,0.595,202500,0,100,1,0,100,135,0,100,1,0,100,45,0,100,12.62173022,2.466430793,100,99.99940247,0.000246114,100,0,0,0,0,0,0.246643079,2.46E-05
stigmergy_search_efficient,450,45,135,0,120,0.6,202500,0,100,1,0,100,135,0,100,1,0,100,45,0,100,12.62173022,2.466430793,100,99.99940247,0.000246114,100,0,0,0,0,0,0.246643079,2.46E-05
stigmergy_search_efficient,450,45,135,0,121,0.605,202500,0,100,1,0,100,135,0,100,1,0,100,45,0,100,12.62173022,2.466430793,100,99.99940247,0.000246114,100,0,0,0,0,0,0.246643079,2.46E-05
stigmergy_search_efficient,450,45,135,0,122,0.61,202500,0,100,1,0,100,135,0,100,1,0,100,45,0,100,12.62173022,2.466430793,100,99.99940247,0.000246114,100,0,0,0,0,0,0.246643079,2.46E-05
stigmergy_search_efficient,450,45,135,0,123,0.615,202500,0,100,1,0,100,135,0,100,1,0,100,45,0,100,12.62173022,2.466430793,100,99.99940247,0.000246114,100,0,0,0,0,0,0.246643079,2.46E-05
stigmergy_search_efficient,450,45,135,0,124,0.62,202500,0,100,1,0,100,135,0,100,1,0,100,45,0,100,12.62173022,2.466430793,100,99.99940247,0.000246114,100,0,0,0,0,0,0.246643079,2.46E-05
stigmergy_search_efficient,450,45,135,0,125,0.625,202500,0,100,1,0,100,135,0,100,1,0,100,45,0,100,12.62173022,2.466430793,100,99.99940247,0.000246114,100,0,0,0,0,0,0.246643079,2.46E-05
stigmergy_search_efficient,450,45,135,0,126,0.63,202500,0,100,1,0,100,135,0,100,1,0,100,45,0,100,12.62173022,2.466430793,100,99.99940247,0.000246114,100,0,0,0,0,0,0.246643079,2.46E-05
stigmergy_search_efficient,450,45,135,0,127,0.635,202500,0,100,1,0,100,135,0,100,1,0,100,45,0,100,12.62173022,2.466430793,100,99.99940247,0.000246114,100,0,0,0,0,0,0.246643079,2.46E-05
stigmergy_search_efficient,450,45,135,0,128,0.64,202500,0,100,1,0,100,135,0,100,1,0,100,45,0,100,12.62173022,2.466430793,100,99.99940247,0.000246114,100,0,0,0,0,0,0.246643079,2.46E-05
stigmergy_search_efficient,450,45,135,0,129,0.645,202500,0,100,1,0,100,135,0,100,1,0,100,45,0,100,12.62173022,2.466430793,100,99.99940247,0.000246114,100,0,0,0,0,0,0.246643079,2.46E-05
stigmergy_search_efficient,450,45,135,0,130,0.65,202500,0,100,1,0,100,135,0,100,1,0,100,45,0,100,12.62173022,2.466430793,100,99.99940247,0.000246114,100,0,0,0,0,0,0.246643079,2.46E-05
stigmergy_search_efficient,450,45,135,0,131,0.655,202500,0,100,1,0,100,135,0,100,1,0,100,45,0,100,12.62173022,2.466430793,100,99.99940247,0.000246114,100,0,0,0,0,0,0.246643079,2.46E-05
stigmergy_search_efficient,450,45,135,0,132,0.66,202500,0,100,1,0,100,135,0,100,1,0,100,45,0,100,12.62173022,2.466430793,100,99.99940247,0.000246114,100,0,0,0,0,0,0.246643079,2.46E-05
stigmergy_search_efficient,450,45,135,0,133,0.665,202500,0,100,1,0,100,135,0,100,1,0,100,45,0,100,12.62173022,2.466430793,100,99.99940247,0.000246114,100,0,0,0,0,0,0.246643079,2.46E-05
stigmergy_search_efficient,450,45,135,0,134,0.67,202500,0,100,1,0,100,135,0,100,1,0,100,45,0,100,12.62173022,2.466430793,100,99.99940247,0.000246114,100,0,0,0,0,0,0.246643079,2.46E-05
stigmergy_search_efficient,450,45,135,0,135,0.675,202500,0,100,1,0,100,135,0,100,1,0,100,45,0,100,12.62173022,2.466430793,100,99.99940247,0.000246114,100,0,0,0,0,0,0.246643079,2.46E-05
stigmergy_search_efficient,450,45,135,0,136,0.68,202500,0,100,1,0,100,135,0,100,1,0,100,45,0,100,12.62173022,2.466430793,100,99.99940247,0.000246114,100,0,0,0,0,0,0.246643079,2.46E-05
stigmergy_search_efficient,450,45,135,0,137,0.685,202500,0,100,1,0,100,135,0,100,1,0,100,45,0,100,12.62173022,2.466430793,100,99.99940247,0.000246114,100,0,0,0,0,0,0.246643079,2.46E-05
stigmergy_search_efficient,450,45,135,0,138,0.69,202500,0,100,1,0,100,135,0,100,1,0,100,45,0,100,12.62173022,2.466430793,100,99.99940247,0.000246114,100,0,0,0,0,0,0.246643079,2.46E-05
stigmergy_search_efficient,450,45,135,0,139,0.695,202500,0,100,1,0,100,135,0,100,1,0,100,45,0,100,12.62173022,2.466430793,100,99.99940247,0.000246114,100,0,0,0,0,0,0.246643079,2.46E-05
stigmergy_search_efficient,450,45,135,0,140,0.7,202500,0,100,1,0,100,135,0,100,1,0,100,45,0,100,12.62173022,2.466430793,100,99.99940247,0.000246114,100,0,0,0,0,0,0.246643079,2.46E-05
stigmergy_search_efficient,450,45,135,0,141,0.705,202500,0,100,1,0,100,135,0,100,1,0,100,45,0,100,12.62173022,2.466430793,100,99.99940247,0.000246114,100,0,0,0,0,0,0.246643079,2.46E-05
stigmergy_search_efficient,450,45,135,0,142,0.71,202500,0,100,1,0,100,135,0,100,1,0,100,45,0,100,12.62173022,2.466430793,100,99.99940247,0.000246114,100,0,0,0,0,0,0.246643079,2.46E-05
stigmergy_search_efficient,450,45,135,0,143,0.715,202500,0,100,1,0,100,135,0,100,1,0,100,45,0,100,12.62173022,2.466430793,100,99.99940247,0.000246114,100,0,0,0,0,0,0.246643079,2.46E-05
stigmergy_search_efficient,450,45,135,0,144,0.72,202500,0,100,1,0,100,135,0,100,1,0,100,45,0,100,12.62173022,2.466430793,100,99.99940247,0.000246114,100,0,0,0,0,0,0.246643079,2.46E-05
stigmergy_search_efficient,450,45,135,0,145,0.725,202500,0,100,1,0,100,135,0,100,1,0,100,45,0,100,12.62173022,2.466430793,100,99.99940247,0.000246114,100,0,0,0,0,0,0.246643079,2.46E-05
stigmergy_search_efficient,450,45,135,0,146,0.73,202500,0,100,1,0,100,135,0,100,1,0,100,45,0,100,12.62173022,2.466430793,100,99.99940247,0.000246114,100,0,0,0,0,0,0.246643079,2.46E-05
stigmergy_search_efficient,450,45,135,0,147,0.735,202500,0,100,1,0,100,135,0,100,1,0,100,45,0,100,12.62173022,2.466430793,100,99.99940247,0.000246114,100,0,0,0,0,0,0.246643079,2.46E-05
stigmergy_search_efficient,450,45,135,0,148,0.74,202500,0,100,1,0,100,135,0,100,1,0,100,45,0,100,12.62173022,2.466430793,100,99.99940247,0.000246114,100,0,0,0,0,0,0.246643079,2.46E-05
stigmergy_search_efficient,450,45,135,0,149,0.745,202500,0,100,1,0,100,135,0,100,1,0,100,45,0,100,12.62173022,2.466430793,100,99.99940247,0.000246114,100,0,0,0,0,0,0.246643079,2.46E-05
stigmergy_search_efficient,450,45,135,0,150,0.75,202500,0,100,1,0,100,135,0,100,1,0,100,45,0,100,12.62173022,2.466430793,100,99.99940247,0.000246114,100,0,0,0,0,0,0.246643079,2.46E-05
stigmergy_search_efficient,450,45,135,0,151,0.755,202500,0,100,1,0,100,135,0,100,1,0,100,45,0,100,12.62173022,2.466430793,100,99.99940247,0.000246114,100,0,0,0,0,0,0.246643079,2.46E-05
stigmergy_search_efficient,450,45,135,0,152,0.76,202500,0,100,1,0,100,135,0,100,1,0,100,45,0,100,12.62173022,2.466430793,100,99.99940247,0.000246114,100,0,0,0,0,0,0.246643079,2.46E-05
stigmergy_search_efficient,450,45,135,0,153,0.765,202500,0,100,1,0,100,135,0,100,1,0,100,45,0,100,12.62173022,2.466430793,100,99.99940247,0.000246114,100,0,0,0,0,0,0.246643079,2.46E-05
stigmergy_search_efficient,450,45,135,0,154,0.77,202500,0,100,1,0,100,135,0,100,1,0,100,45,0,100,12.62173022,2.466430793,100,99.99940247,0.000246114,100,0,0,0,0,0,0.246643079,2.46E-05
stigmergy_search_efficient,450,45,135,0,155,0.775,202500,0,100,1,0,100,135,0,100,1,0,100,45,0,100,12.62173022,2.466430793,100,99.99940247,0.000246114,100,0,0,0,0,0,0.246643079,2.46E-05
stigmergy_search_efficient,450,45,135,0,156,0.78,202500,0,100,1,0,100,135,0,100,1,0,100,45,0,100,12.62173022,2.466430793,100,99.99940247,0.000246114,100,0,0,0,0,0,0.246643079,2.46E-05
stigmergy_search_efficient,450,45,135,0,157,0.785,202500,0,100,1,0,100,135,0,100,1,0,100,45,0,100,12.62173022,2.466430793,100,99.99940247,0.000246114,100,0,0,0,0,0,0.246643079,2.46E-05
stigmergy_search_efficient,450,45,135,0,158,0.79,202500,0,100,1,0,100,135,0,100,1,0,100,45,0,100,12.62173022,2.466430793,100,99.99940247,0.000246114,100,0,0,0,0,0,0.246643079,2.46E-05
stigmergy_search_efficient,450,45,135,0,159,0.795,202500,0,100,1,0,100,135,0,100,1,0,100,45,0,100,12.62173022,2.466430793,100,99.99940247,0.000246114,100,0,0,0,0,0,0.246643079,2.46E-05
stigmergy_search_efficient,450,45,135,0,160,0.8,202500,0,100,1,0,100,135,0,100,1,0,100,45,0,100,12.62173022,2.466430793,100,99.99940247,0.000246114,100,0,0,0,0,0,0.246643079,2.46E-05
stigmergy_search_efficient,450,45,135,0,161,0.805,202500,0,100,1,0,100,135,0,100,1,0,100,45,0,100,12.62173022,2.466430793,100,99.99940247,0.000246114,100,0,0,0,0,0,0.246643079,2.46E-05
stigmergy_search_efficient,450,45,135,0,162,0.81,202500,0,100,1,0,100,135,0,100,1,0,100,45,0,100,12.62173022,2.466430793,100,99.99940247,0.000246114,100,0,0,0,0,0,0.246643079,2.46E-05
stigmergy_search_efficient,450,45,135,0,163,0.815,202500,0,100,1,0,100,135,0,100,1,0,100,45,0,100,12.62173022,2.466430793,100,99.99940247,0.000246114,100,0,0,0,0,0,0.246643079,2.46E-05
stigmergy_search_efficient,450,45,135,0,164,0.82,202500,0,100,1,0,100,135,0,100,1,0,100,45,0,100,12.62173022,2.466430793,100,99.99940247,0.000246114,100,0,0,0,0,0,0.246643079,2.46E-05
stigmergy_search_efficient,450,45,135,0,165,0.825,202500,0,100,1,0,100,135,0,100,1,0,100,45,0,100,12.62173022,2.466430793,100,99.99940247,0.000246114,100,0,0,0,0,0,0.246643079,2.46E-05
stigmergy_search_efficient,450,45,135,0,166,0.83,202500,0,100,1,0,100,135,0,100,1,0,100,45,0,100,12.62173022,2.466430793,100,99.99940247,0.000246114,100,0,0,0,0,0,0.246643079,2.46E-05
stigmergy_search_efficient,450,45,135,0,167,0.835,202500,0,100,1,0,100,135,0,100,1,0,100,45,0,100,12.62173022,2.466430793,100,99.99940247,0.000246114,100,0,0,0,0,0,0.246643079,2.46E-05
stigmergy_search_efficient,450,45,135,0,168,0.84,202500,0,100,1,0,100,135,0,100,1,0,100,45,0,100,12.62173022,2.466430793,100,99.99940247,0.000246114,100,0,0,0,0,0,0.246643079,2.46E-05
stigmergy_search_efficient,450,45,135,0,169,0.845,202500,0,100,1,0,100,135,0,100,1,0,100,45,0,100,12.62173022,2.466430793,100,99.99940247,0.000246114,100,0,0,0,0,0,0.246643079,2.46E-05
stigmergy_search_efficient,450,45,135,0,170,0.85,202500,0,100,1,0,100,135,0,100,1,0,100,45,0,100,12.62173022,2.466430793,100,99.99940247,0.000246114,100,0,0,0,0,0,0.246643079,2.46E-05
stigmergy_search_efficient,450,45,135,0,171,0.855,202500,0,100,1,0,100,135,0,100,1,0,100,45,0,100,12.62173022,2.466430793,100,99.99940247,0.000246114,100,0,0,0,0,0,0.246643079,2.46E-05
stigmergy_search_efficient,450,45,135,0,172,0.86,202500,0,100,1,0,100,135,0,100,1,0,100,45,0,100,12.62173022,2.466430793,100,99.99940247,0.000246114,100,0,0,0,0,0,0.246643079,2.46E-05
stigmergy_search_efficient,450,45,135,0,173,0.865,202500,0,100,1,0,100,135,0,100,1,0,100,45,0,100,12.62173022,2.466430793,100,99.99940247,0.000246114,100,0,0,0,0,0,0.246643079,2.46E-05
stigmergy_search_efficient,450,45,135,0,174,0.87,202500,0,100,1,0,100,135,0,100,1,0,100,45,0,100,12.62173022,2.466430793,100,99.99940247,0.000246114,100,0,0,0,0,0,0.246643079,2.46E-05
stigmergy_search_efficient,450,45,135,0,175,0.875,202500,0,100,1,0,100,135,0,100,1,0,100,45,0,100,12.62173022,2.466430793,100,99.99940247,0.000246114,100,0,0,0,0,0,0.246643079,2.46E-05
stigmergy_search_efficient,450,45,135,0,176,0.88,202500,0,100,1,0,100,135,0,100,1,0,100,45,0,100,12.62173022,2.466430793,100,99.99940247,0.000246114,100,0,0,0,0,0,0.246643079,2.46E-05
stigmergy_search_efficient,450,45,135,0,177,0.885,202500,0,100,1,0,100,135,0,100,1,0,100,45,0,100,12.62173022,2.466430793,100,99.99940247,0.000246114,100,0,0,0,0,0,0.246643079,2.46E-05
stigmergy_search_efficient,450,45,135,0,178,0.89,202500,0,100,1,0,100,135,0,100,1,0,100,45,0,100,12.62173022,2.466430793,100,99.99940247,0.000246114,100,0,0,0,0,0,0.246643079,2.46E-05
stigmergy_search_efficient,450,45,135,0,179,0.895,202500,0,100,1,0,100,135,0,100,1,0,100,45,0,100,12.62173022,2.466430793,100,99.99940247,0.000246114,100,0,0,0,0,0,0.246643079,2.46E-05
stigmergy_search_efficient,450,45,135,0,180,0.9,202500,0,100,1,0,100,135,0,100,1,0,100,45,0,100,12.62173022,2.466430793,100,99.99940247,0.000246114,100,0,0,0,0,0,0.246643079,2.46E-05
stigmergy_search_efficient,450,45,135,0,181,0.905,202500,0,100,1,0,100,135,0,100,1,0,100,45,0,100,12.62173022,2.466430793,100,99.99940247,0.000246114,100,0,0,0,0,0,0.246643079,2.46E-05
stigmergy_search_efficient,450,45,135,0,182,0.91,202500,0,100,1,0,100,135,0,100,1,0,100,45,0,100,12.62173022,2.466430793,100,99.99940247,0.000246114,100,0,0,0,0,0,0.246643079,2.46E-05
stigmergy_search_efficient,450,45,135,0,183,0.915,202500,0,100,1,0,100,135,0,100,1,0,100,45,0,100,12.62173022,2.466430793,100,99.99940247,0.000246114,100,0,0,0,0,0,0.246643079,2.46E-05
stigmergy_search_efficient,450,45,135,0,184,0.92,202500,0,100,1,0,100,135,0,100,1,0,100,45,0,100,12.62173022,2.466430793,100,99.99940247,0.000246114,100,0,0,0,0,0,0.246643079,2.46E-05
stigmergy_search_efficient,450,45,135,0,185,0.925,202500,0,100,1,0,100,135,0,100,1,0,100,45,0,100,12.62173022,2.466430793,100,99.99940247,0.000246114,100,0,0,0,0,0,0.246643079,2.46E-05
stigmergy_search_efficient,450,45,135,0,186,0.93,202500,0,100,1,0,100,135,0,100,1,0,100,45,0,100,12.62173022,2.466430793,100,99.99940247,0.000246114,100,0,0,0,0,0,0.246643079,2.46E-05
stigmergy_search_efficient,450,45,135,0,187,0.935,202500,0,100,1,0,100,135,0,100,1,0,100,45,0,100,12.62173022,2.466430793,100,99.99940247,0.000246114,100,0,0,0,0,0,0.246643079,2.46E-05
stigmergy_search_efficient,450,45,135,0,188,0.94,202500,0,100,1,0,100,135,0,100,1,0,100,45,0,100,12.62173022,2.466430793,100,99.99940247,0.000246114,100,0,0,0,0,0,0.246643079,2.46E-05
stigmergy_search_efficient,450,45,135,0,189,0.945,202500,0,100,1,0,100,135,0,100,1,0,100,45,0,100,12.62173022,2.466430793,100,99.99940247,0.000246114,100,0,0,0,0,0,0.246643079,2.46E-05
stigmergy_search_efficient,450,45,135,0,190,0.95,202500,0,100,1,0,100,135,0,100,1,0,100,45,0,100,12.62173022,2.466430793,100,99.99940247,0.000246114,100,0,0,0,0,0,0.246643079,2.46E-05
stigmergy_search_efficient,450,45,135,0,191,0.955,202500,0,100,1,0,100,135,0,100,1,0,100,45,0,100,12.62173022,2.466430793,100,99.99940247,0.000246114,100,0,0,0,0,0,0.246643079,2.46E-05
stigmergy_search_efficient,450,45,135,0,192,0.96,202500,0,100,1,0,100,135,0,100,1,0,100,45,0,100,12.62173022,2.466430793,100,99.99940247,0.000246114,100,0,0,0,0,0,0.246643079,2.46E-05
stigmergy_search_efficient,450,45,135,0,193,0.965,202500,0,100,1,0,100,135,0,100,1,0,100,45,0,100,12.62173022,2.466430793,100,99.99940247,0.000246114,100,0,0,0,0,0,0.246643079,2.46E-05
stigmergy_search_efficient,450,45,135,0,194,0.97,202500,0,100,1,0,100,135,0,100,1,0,100,45,0,100,12.62173022,2.466430793,100,99.99940247,0.000246114,100,0,0,0,0,0,0.246643079,2.46E-05
stigmergy_search_efficient,450,45,135,0,195,0.975,202500,0,100,1,0,100,135,0,100,1,0,100,45,0,100,12.62173022,2.466430793,100,99.99940247,0.000246114,100,0,0,0,0,0,0.246643079,2.46E-05
stigmergy_search_efficient,450,45,135,0,196,0.98,202500,0,100,1,0,100,135,0,100,1,0,100,45,0,100,12.62173022,2.466430793,100,99.99940247,0.000246114,100,0,0,0,0,0,0.246643079,2.46E-05
stigmergy_search_efficient,450,45,135,0,197,0.985,202500,0,100,1,0,100,135,0,100,1,0,100,45,0,100,12.62173022,2.466430793,100,99.99940247,0.000246114,100,0,0,0,0,0,0.246643079,2.46E-05
stigmergy_search_efficient,450,45,135,0,198,0.99,202500,0,100,1,0,100,135,0,100,1,0,100,45,0,100,12.62173022,2.466430793,100,99.99940247,0.000246114,100,0,0,0,0,0,0.246643079,2.46E-05
stigmergy_search_efficient,450,45,135,0,199,0.995,202500,0,100,1,0,100,135,0,100,1,0,100,45,0,100,12.62173022,2.466430793,100,99.99940247,0.000246114,100,0,0,0,0,0,0.246643079,2.46E-05
stigmergy_search_efficient,450,45,135,0,200,1,202500,0,100,1,0,100,135,0,100,1,0,100,45,0,100,12.62173022,2.466430793,100,99.99940247,0.000246114,100,0,0,0,0,0,0.246643079,2.46E-05
stigmergy_search_efficient,500,50,150,0,0,0,0,0,100,0,0,100,0,0,100,0,0,100,50,0,100,0,0,100,0,0,100,0,0,0,0,0,0,0
stigmergy_search_efficient,500,50,150,0,1,0.005,33081.57,495.2387906,100,0.13232628,0.001980955,100,20.55,4.302630156,100,0.137,0.028684201,100,50,0,100,3.695019461,0.050272525,100,13.139828,0.195961821,100,49.52387906,0.000198096,0.430263016,0.00286842,0,0.005027252,0.019596182
stigmergy_search_efficient,500,50,150,0,2,0.01,61056.83,1382.895674,100,0.24422732,0.005531583,100,36.86,5.557813682,100,0.245733333,0.037052091,100,50,0,100,4.030915327,0.087100674,100,24.352068,0.549402873,100,138.2895674,0.000553158,0.555781368,0.003705209,0,0.008710067,0.054940287
stigmergy_search_efficient,500,50,150,0,3,0.015,85342.52,2213.395953,100,0.34137008,0.008853584,100,51.03,5.987284506,100,0.3402,0.03991523,100,50,0,100,4.338550329,0.108629436,100,34.082424,0.882224919,100,221.3395953,0.000885358,0.598728451,0.003991523,0,0.010862944,0.088222492
stigmergy_search_efficient,500,50,150,0,4,0.02,107519.26,2752.800024,100,0.43007704,0.0110112,100,64.84,6.180320674,100,0.432266667,0.041202138,100,50,0,100,4.596849276,0.115006869,100,42.961236,1.099257376,100,275.2800024,0.00110112,0.618032067,0.004120214,0,0.011500687,0.109925738
stigmergy_search_efficient,500,50,150,0,5,0.025,127953.15,3450.061049,100,0.5118126,0.013800244,100,77.32,6.351457321,100,0.515466667,0.042343049,100,50,0,100,4.832055535,0.126679401,100,51.141052,1.377795457,100,345.0061049,0.001380024,0.635145732,0.004234305,0,0.01266794,0.137779546
stigmergy_search_efficient,500,50,150,0,6,0.03,146399.08,4355.391897,100,0.58559632,0.017421568,100,88.29,6.927175296,100,0.5886,0.046181169,100,50,0,100,5.070807491,0.145549431,100,58.524292,1.739664957,100,435.5391897,0.001742157,0.69271753,0.004618117,0,0.014554943,0.173966496
stigmergy_search_efficient,500,50,150,0,7,0.035,163126.5,5189.697234,100,0.652506,0.020758789,100,98.09,6.997972289,100,0.653933333,0.046653149,100,50,0,100,5.312235051,0.162462133,100,65.219708,2.074119217,100,518.9697234,0.002075879,0.699797229,0.004665315,0,0.016246213,0.207411922
stigmergy_search_efficient,500,50,150,0,8,0.04,177929.52,5982.022389,100,0.71171808,0.02392809,100,106.85,6.927291948,100,0.712333333,0.046181946,100,50,0,100,5.568760504,0.180456314,100,71.145712,2.391092092,100,598.2022389,0.002392809,0.692729195,0.004618195,0,0.018045631,0.239109209
stigmergy_search_efficient,500,50,150,0,9,0.045,190629.92,6572.80567,100,0.76251968,0.026291223,100,114.91,6.578346788,100,0.766066667,0.043855645,100,50,0,100,5.849433466,0.195173198,100,76.229816,2.628148529,100,657.280567,0.002629122,0.657834679,0.004385565,0,0.01951732,0.262814853
stigmergy_search_efficient,500,50,150,0,10,0.05,201601.49,6809.343319,100,0.80640596,0.027237373,100,121.79,6.825819964,100,0.811933333,0.045505466,100,50,0,100,6.147068647,0.203049102,100,80.621604,2.723198957,100,680.9343319,0.002723737,0.682581996,0.004550547,0,0.02030491,0.272319896
stigmergy_search_efficient,500,50,150,0,11,0.055,210975.29,7034.952764,100,0.84390116,0.028139811,100,127.3,6.546646917,100,0.848666667,0.043644313,100,50,0,100,6.462955678,0.212823939,100,84.37452,2.813334931,100,703.4952764,0.002813981,0.654664692,0.004364431,0,0.021282394,0.281333493
stigmergy_search_efficient,500,50,150,0,12,0.06,218765.11,7085.011775,100,0.87506044,0.028340047,100,131.82,6.169949986,100,0.8788,0.041133,100,50,0,100,6.800602434,0.219202811,100,87.493012,2.833636762,100,708.5011775,0.002834005,0.616994999,0.0041133,0,0.021920281,0.283363676
stigmergy_search_efficient,500,50,150,0,13,0.065,225259.76,7067.201342,100,0.90103904,0.028268805,100,135.52,5.76558932,100,0.903466667,0.038437262,100,50,0,100,7.155822678,0.224905996,100,90.093128,2.826825573,100,706.7201342,0.002826881,0.576558932,0.003843726,0,0.0224906,0.282682557
stigmergy_search_efficient,500,50,150,0,14,0.07,230711.61,7055.392679,100,0.92284644,0.028221571,100,138.65,5.707296411,100,0.924333333,0.038048643,100,50,0,100,7.525197668,0.231920272,100,92.27602,2.822234606,100,705.5392679,0.002822157,0.570729641,0.003804864,0,0.023192027,0.282223461
stigmergy_search_efficient,500,50,150,0,15,0.075,235022.05,6846.11299,100,0.9400882,0.027384452,100,141.36,5.315348464,100,0.9424,0.035435656,100,50,0,100,7.915259466,0.233059527,100,94.001952,2.738881482,100,684.611299,0.002738445,0.531534846,0.003543566,0,0.023305953,0.273888148
stigmergy_search_efficient,500,50,150,0,16,0.08,238397.6,6490.443734,100,0.9535904,0.025961775,100,143.3,4.9020713,100,0.955333333,0.032680475,100,50,0,100,8.323568524,0.229692833,100,95.354004,2.596732979,100,649.0443734,0.002596177,0.49020713,0.003268048,0,0.022969283,0.259673298
stigmergy_search_efficient,500,50,150,0,17,0.085,240937.71,5997.705937,100,0.96375084,0.023990824,100,144.75,4.562417842,100,0.965,0.030416119,100,50,0,100,8.750519653,0.221424819,100,96.371232,2.399835816,100,599.7705937,0.002399082,0.456241784,0.003041612,0,0.022142482,0.239983582
stigmergy_search_efficient,500,50,150,0,18,0.09,242929.67,5479.521558,100,0.97171868,0.021918086,100,146.07,4.202584582,100,0.9738,0.028017231,100,50,0,100,9.186748243,0.216171041,100,97.16876,2.192785953,100,547.9521558,0.002191809,0.420258458,0.002801723,0,0.021617104,0.219278595
stigmergy_search_efficient,500,50,150,0,19,0.095,244577.56,4865.045407,100,0.97831024,0.019460182,100,147.02,3.455284344,100,0.980133333,0.023035229,100,50,0,100,9.625668556,0.218853058,100,97.828496,1.946934462,100,486.5045407,0.001946018,0.345528434,0.002303523,0,0.021885306,0.194693446
stigmergy_search_efficient,500,50,150,0,20,0.1,245873.94,4285.632365,100,0.98349576,0.017142529,100,147.73,2.984319289,100,0.984866667,0.019895462,100,50,0,100,10.05721036,0.255491892,100,98.347572,1.715133371,100,428.5632365,0.001714253,0.298431929,0.001989546,0,0.025549189,0.171513337
stigmergy_search_efficient,500,50,150,0,21,0.105,246914.46,3716.059612,100,0.98765784,0.014864238,100,148.37,2.553092797,100,0.989133333,0.017020619,100,50,0,100,10.45975233,0.349925425,100,98.764156,1.487281499,100,371.6059612,0.001486424,0.25530928,0.001702062,0,0.034992543,0.14872815
stigmergy_search_efficient,500,50,150,0,22,0.11,247744.11,3143.512694,100,0.99097644,0.012574051,100,148.72,2.193102134,100,0.991466667,0.014620681,100,50,0,100,10.81843444,0.487998926,100,99.096196,1.258149263,100,314.3512694,0.001257405,0.219310213,0.001462068,0,0.048799893,0.125814926
stigmergy_search_efficient,500,50,150,0,23,0.115,248355.09,2711.775333,100,0.99342036,0.010847101,100,149.05,1.919464361,100,0.993666667,0.012796429,100,50,0,100,11.12737614,0.656835544,100,99.341,1.085285304,100,271.1775333,0.00108471,0.191946436,0.001279643,0,0.065683554,0.10852853
stigmergy_search_efficient,500,50,150,0,24,0.12,248769.91,2327.683259,100,0.99507964,0.009310733,100,149.3,1.585922922,100,0.995333333,0.010572819,100,50,0,100,11.38086753,0.835700045,100,99.507112,0.931477446,100,232.7683259,0.000931073,0.158592292,0.001057282,0,0.083570004,0.093147745
stigmergy_search_efficient,500,50,150,0,25,0.125,249082.05,1982.723636,100,0.9963282,0.007930895,100,149.46,1.29036836,100,0.9964,0.008602456,100,50,0,100,11.58891783,1.012287659,100,99.632028,0.79348655,100,198.2723636,0.000793089,0.129036836,0.000860246,0,0.101228766,0.079348655
stigmergy_search_efficient,500,50,150,0,26,0.13,249315.68,1680.394764,100,0.99726272,0.006721579,100,149.62,1.042336148,100,0.997466667,0.006948908,100,50,0,100,11.76059527,1.181366505,100,99.725576,0.672452541,100,168.0394764,0.000672158,0.104233615,0.000694891,0,0.118136651,0.067245254
stigmergy_search_efficient,500,50,150,0,27,0.135,249478.77,1441.803296,100,0.99791508,0.005767213,100,149.71,0.879566009,100,0.998066667,0.005863773,100,50,0,100,11.89666949,1.336389782,100,99.790892,0.576891019,100,144.1803296,0.000576721,0.087956601,0.000586377,0,0.133638978,0.057689102
stigmergy_search_efficient,500,50,150,0,28,0.14,249596.09,1219.696958,100,0.99838436,0.004878788,100,149.79,0.714849705,100,0.9986,0.004765665,100,50,0,100,12.00338498,1.473523176,100,99.837848,0.488108015,100,121.9696958,0.000487879,0.071484971,0.000476566,0,0.147352318,0.048810802
stigmergy_search_efficient,500,50,150,0,29,0.145,249683.04,1007.476394,100,0.99873216,0.004029906,100,149.81,0.677115092,100,0.998733333,0.004514101,100,50,0,100,12.09336764,1.603329352,100,99.872664,0.403129508,100,100.7476394,0.000402991,0.067711509,0.00045141,0,0.160332935,0.040312951
stigmergy_search_efficient,500,50,150,0,30,0.15,249756.77,822.93483,100,0.99902708,0.003291739,100,149.88,0.555595958,100,0.9992,0.003703973,100,50,0,100,12.17844418,1.736335848,100,99.90214,0.329345196,100,82.293483,0.000329174,0.055559596,0.000370397,0,0.173633585,0.03293452
stigmergy_search_efficient,500,50,150,0,31,0.155,249823.94,659.2569098,100,0.99929576,0.002637028,100,149.9,0.438085827,100,0.999333333,0.002920572,100,50,0,100,12.24799936,1.853352078,100,99.929008,0.263834135,100,65.92569098,0.000263703,0.043808583,0.000292057,0,0.185335208,0.026383414
stigmergy_search_efficient,500,50,150,0,32,0.16,249882.9,522.4020569,100,0.9995316,0.002089608,100,149.95,0.219042914,100,0.999666667,0.001460286,100,50,0,100,12.30163428,1.950888461,100,99.952608,0.209026105,100,52.24020569,0.000208961,0.021904291,0.000146029,0,0.195088846,0.020902611
stigmergy_search_efficient,500,50,150,0,33,0.165,249928.33,403.7557781,100,0.99971332,0.001615023,100,149.97,0.171446608,100,0.9998,0.001142977,100,50,0,100,12.34250654,2.030791,100,99.970792,0.161585828,100,40.37557781,0.000161502,0.017144661,0.000114298,0,0.2030791,0.016158583
stigmergy_search_efficient,500,50,150,0,34,0.17,249955.41,306.0647286,100,0.99982164,0.001224259,100,149.98,0.140705294,100,0.999866667,0.000938035,100,50,0,100,12.37244556,2.094034509,100,99.981636,0.122480928,100,30.60647286,0.000122426,0.014070529,9.38E-05,0,0.209403451,0.012248093
stigmergy_search_efficient,500,50,150,0,35,0.175,249975.45,232.1495676,100,0.9999018,0.000928598,100,150,0,100,1,0,100,50,0,100,12.39650211,2.148527775,100,99.989656,0.092932316,100,23.21495676,9.29E-05,0,0,0,0.214852778,0.009293232
stigmergy_search_efficient,500,50,150,0,36,0.18,249982.63,173.5990187,100,0.99993052,0.000694396,100,150,0,100,1,0,100,50,0,100,12.40860883,2.178077249,100,99.992532,0.069468331,100,17.35990187,6.94E-05,0,0,0,0.217807725,0.006946833
stigmergy_search_efficient,500,50,150,0,37,0.185,249988.44,115.4990332,100,0.99995376,0.000461996,100,150,0,100,1,0,100,50,0,100,12.41814258,2.203326346,100,99.994856,0.046228559,100,11.54990332,4.62E-05,0,0,0,0.220332635,0.004622856
stigmergy_search_efficient,500,50,150,0,38,0.19,249994.25,57.399077,100,0.999977,0.000229596,100,150,0,100,1,0,100,50,0,100,12.42767525,2.230307873,100,99.997176,0.023029244,100,5.7399077,2.30E-05,0,0,0,0.223030787,0.002302924
stigmergy_search_efficient,500,50,150,0,39,0.195,249999.88,1.10352969,100,0.99999952,4.41E-06,100,150,0,100,1,0,100,50,0,100,12.43720965,2.258968986,100,99.999432,0.000530843,100,0.110352969,4.41E-07,0,0,0,0.225896899,5.31E-05
stigmergy_search_efficient,500,50,150,0,40,0.2,249999.99,0.1,100,0.99999996,4.00E-07,100,150,0,100,1,0,100,50,0,100,12.44236607,2.275402505,100,99.99948,0.000251058,100,0.01,4.00E-08,0,0,0,0.22754025,2.51E-05
stigmergy_search_efficient,500,50,150,0,41,0.205,249999.99,0.1,100,0.99999996,4.00E-07,100,150,0,100,1,0,100,50,0,100,12.44734609,2.292262092,100,99.99948,0.000251058,100,0.01,4.00E-08,0,0,0,0.229226209,2.51E-05
stigmergy_search_efficient,500,50,150,0,42,0.21,250000,0,100,1,0,100,150,0,100,1,0,100,50,0,100,12.44830144,2.295605715,100,99.99948,0.000251058,100,0,0,0,0,0,0.229560572,2.51E-05
stigmergy_search_efficient,500,50,150,0,43,0.215,250000,0,100,1,0,100,150,0,100,1,0,100,50,0,100,12.44830144,2.295605715,100,99.99948,0.000251058,100,0,0,0,0,0,0.229560572,2.51E-05
stigmergy_search_efficient,500,50,150,0,44,0.22,250000,0,100,1,0,100,150,0,100,1,0,100,50,0,100,12.44830144,2.295605715,100,99.99948,0.000251058,100,0,0,0,0,0,0.229560572,2.51E-05
stigmergy_search_efficient,500,50,150,0,45,0.225,250000,0,100,1,0,100,150,0,100,1,0,100,50,0,100,12.44830144,2.295605715,100,99.99948,0.000251058,100,0,0,0,0,0,0.229560572,2.51E-05
stigmergy_search_efficient,500,50,150,0,46,0.23,250000,0,100,1,0,100,150,0,100,1,0,100,50,0,100,12.44830144,2.295605715,100,99.99948,0.000251058,100,0,0,0,0,0,0.229560572,2.51E-05
stigmergy_search_efficient,500,50,150,0,47,0.235,250000,0,100,1,0,100,150,0,100,1,0,100,50,0,100,12.44830144,2.295605715,100,99.99948,0.000251058,100,0,0,0,0,0,0.229560572,2.51E-05
stigmergy_search_efficient,500,50,150,0,48,0.24,250000,0,100,1,0,100,150,0,100,1,0,100,50,0,100,12.44830144,2.295605715,100,99.99948,0.000251058,100,0,0,0,0,0,0.229560572,2.51E-05
stigmergy_search_efficient,500,50,150,0,49,0.245,250000,0,100,1,0,100,150,0,100,1,0,100,50,0,100,12.44830144,2.295605715,100,99.99948,0.000251058,100,0,0,0,0,0,0.229560572,2.51E-05
stigmergy_search_efficient,500,50,150,0,50,0.25,250000,0,100,1,0,100,150,0,100,1,0,100,50,0,100,12.44830144,2.295605715,100,99.99948,0.000251058,100,0,0,0,0,0,0.229560572,2.51E-05
stigmergy_search_efficient,500,50,150,0,51,0.255,250000,0,100,1,0,100,150,0,100,1,0,100,50,0,100,12.44830144,2.295605715,100,99.99948,0.000251058,100,0,0,0,0,0,0.229560572,2.51E-05
stigmergy_search_efficient,500,50,150,0,52,0.26,250000,0,100,1,0,100,150,0,100,1,0,100,50,0,100,12.44830144,2.295605715,100,99.99948,0.000251058,100,0,0,0,0,0,0.229560572,2.51E-05
stigmergy_search_efficient,500,50,150,0,53,0.265,250000,0,100,1,0,100,150,0,100,1,0,100,50,0,100,12.44830144,2.295605715,100,99.99948,0.000251058,100,0,0,0,0,0,0.229560572,2.51E-05
stigmergy_search_efficient,500,50,150,0,54,0.27,250000,0,100,1,0,100,150,0,100,1,0,100,50,0,100,12.44830144,2.295605715,100,99.99948,0.000251058,100,0,0,0,0,0,0.229560572,2.51E-05
stigmergy_search_efficient,500,50,150,0,55,0.275,250000,0,100,1,0,100,150,0,100,1,0,100,50,0,100,12.44830144,2.295605715,100,99.99948,0.000251058,100,0,0,0,0,0,0.229560572,2.51E-05
stigmergy_search_efficient,500,50,150,0,56,0.28,250000,0,100,1,0,100,150,0,100,1,0,100,50,0,100,12.44830144,2.295605715,100,99.99948,0.000251058,100,0,0,0,0,0,0.229560572,2.51E-05
stigmergy_search_efficient,500,50,150,0,57,0.285,250000,0,100,1,0,100,150,0,100,1,0,100,50,0,100,12.44830144,2.295605715,100,99.99948,0.000251058,100,0,0,0,0,0,0.229560572,2.51E-05
stigmergy_search_efficient,500,50,150,0,58,0.29,250000,0,100,1,0,100,150,0,100,1,0,100,50,0,100,12.44830144,2.295605715,100,99.99948,0.000251058,100,0,0,0,0,0,0.229560572,2.51E-05
stigmergy_search_efficient,500,50,150,0,59,0.295,250000,0,100,1,0,100,150,0,100,1,0,100,50,0,100,12.44830144,2.295605715,100,99.99948,0.000251058,100,0,0,0,0,0,0.229560572,2.51E-05
stigmergy_search_efficient,500,50,150,0,60,0.3,250000,0,100,1,0,100,150,0,100,1,0,100,50,0,100,12.44830144,2.295605715,100,99.99948,0.000251058,100,0,0,0,0,0,0.229560572,2.51E-05
stigmergy_search_efficient,500,50,150,0,61,0.305,250000,0,100,1,0,100,150,0,100,1,0,100,50,0,100,12.44830144,2.295605715,100,99.99948,0.000251058,100,0,0,0,0,0,0.229560572,2.51E-05
stigmergy_search_efficient,500,50,150,0,62,0.31,250000,0,100,1,0,100,150,0,100,1,0,100,50,0,100,12.44830144,2.295605715,100,99.99948,0.000251058,100,0,0,0,0,0,0.229560572,2.51E-05
stigmergy_search_efficient,500,50,150,0,63,0.315,250000,0,100,1,0,100,150,0,100,1,0,100,50,0,100,12.44830144,2.295605715,100,99.99948,0.000251058,100,0,0,0,0,0,0.229560572,2.51E-05
stigmergy_search_efficient,500,50,150,0,64,0.32,250000,0,100,1,0,100,150,0,100,1,0,100,50,0,100,12.44830144,2.295605715,100,99.99948,0.000251058,100,0,0,0,0,0,0.229560572,2.51E-05
stigmergy_search_efficient,500,50,150,0,65,0.325,250000,0,100,1,0,100,150,0,100,1,0,100,50,0,100,12.44830144,2.295605715,100,99.99948,0.000251058,100,0,0,0,0,0,0.229560572,2.51E-05
stigmergy_search_efficient,500,50,150,0,66,0.33,250000,0,100,1,0,100,150,0,100,1,0,100,50,0,100,12.44830144,2.295605715,100,99.99948,0.000251058,100,0,0,0,0,0,0.229560572,2.51E-05
stigmergy_search_efficient,500,50,150,0,67,0.335,250000,0,100,1,0,100,150,0,100,1,0,100,50,0,100,12.44830144,2.295605715,100,99.99948,0.000251058,100,0,0,0,0,0,0.229560572,2.51E-05
stigmergy_search_efficient,500,50,150,0,68,0.34,250000,0,100,1,0,100,150,0,100,1,0,100,50,0,100,12.44830144,2.295605715,100,99.99948,0.000251058,100,0,0,0,0,0,0.229560572,2.51E-05
stigmergy_search_efficient,500,50,150,0,69,0.345,250000,0,100,1,0,100,150,0,100,1,0,100,50,0,100,12.44830144,2.295605715,100,99.99948,0.000251058,100,0,0,0,0,0,0.229560572,2.51E-05
stigmergy_search_efficient,500,50,150,0,70,0.35,250000,0,100,1,0,100,150,0,100,1,0,100,50,0,100,12.44830144,2.295605715,100,99.99948,0.000251058,100,0,0,0,0,0,0.229560572,2.51E-05
stigmergy_search_efficient,500,50,150,0,71,0.355,250000,0,100,1,0,100,150,0,100,1,0,100,50,0,100,12.44830144,2.295605715,100,99.99948,0.000251058,100,0,0,0,0,0,0.229560572,2.51E-05
stigmergy_search_efficient,500,50,150,0,72,0.36,250000,0,100,1,0,100,150,0,100,1,0,100,50,0,100,12.44830144,2.295605715,100,99.99948,0.000251058,100,0,0,0,0,0,0.229560572,2.51E-05
stigmergy_search_efficient,500,50,150,0,73,0.365,250000,0,100,1,0,100,150,0,100,1,0,100,50,0,100,12.44830144,2.295605715,100,99.99948,0.000251058,100,0,0,0,0,0,0.229560572,2.51E-05
stigmergy_search_efficient,500,50,150,0,74,0.37,250000,0,100,1,0,100,150,0,100,1,0,100,50,0,100,12.44830144,2.295605715,100,99.99948,0.000251058,100,0,0,0,0,0,0.229560572,2.51E-05
stigmergy_search_efficient,500,50,150,0,75,0.375,250000,0,100,1,0,100,150,0,100,1,0,100,50,0,100,12.44830144,2.295605715,100,99.99948,0.000251058,100,0,0,0,0,0,0.229560572,2.51E-05
stigmergy_search_efficient,500,50,150,0,76,0.38,250000,0,100,1,0,100,150,0,100,1,0,100,50,0,100,12.44830144,2.295605715,100,99.99948,0.000251058,100,0,0,0,0,0,0.229560572,2.51E-05
stigmergy_search_efficient,500,50,150,0,77,0.385,250000,0,100,1,0,100,150,0,100,1,0,100,50,0,100,12.44830144,2.295605715,100,99.99948,0.000251058,100,0,0,0,0,0,0.229560572,2.51E-05
stigmergy_search_efficient,500,50,150,0,78,0.39,250000,0,100,1,0,100,150,0,100,1,0,100,50,0,100,12.44830144,2.295605715,100,99.99948,0.000251058,100,0,0,0,0,0,0.229560572,2.51E-05
stigmergy_search_efficient,500,50,150,0,79,0.395,250000,0,100,1,0,100,150,0,100,1,0,100,50,0,100,12.44830144,2.295605715,100,99.99948,0.000251058,100,0,0,0,0,0,0.229560572,2.51E-05
stigmergy_search_efficient,500,50,150,0,80,0.4,250000,0,100,1,0,100,150,0,100,1,0,100,50,0,100,12.44830144,2.295605715,100,99.99948,0.000251058,100,0,0,0,0,0,0.229560572,2.51E-05
stigmergy_search_efficient,500,50,150,0,81,0.405,250000,0,100,1,0,100,150,0,100,1,0,100,50,0,100,12.44830144,2.295605715,100,99.99948,0.000251058,100,0,0,0,0,0,0.229560572,2.51E-05
stigmergy_search_efficient,500,50,150,0,82,0.41,250000,0,100,1,0,100,150,0,100,1,0,100,50,0,100,12.44830144,2.295605715,100,99.99948,0.000251058,100,0,0,0,0,0,0.229560572,2.51E-05
stigmergy_search_efficient,500,50,150,0,83,0.415,250000,0,100,1,0,100,150,0,100,1,0,100,50,0,100,12.44830144,2.295605715,100,99.99948,0.000251058,100,0,0,0,0,0,0.229560572,2.51E-05
stigmergy_search_efficient,500,50,150,0,84,0.42,250000,0,100,1,0,100,150,0,100,1,0,100,50,0,100,12.44830144,2.295605715,100,99.99948,0.000251058,100,0,0,0,0,0,0.229560572,2.51E-05
stigmergy_search_efficient,500,50,150,0,85,0.425,250000,0,100,1,0,100,150,0,100,1,0,100,50,0,100,12.44830144,2.295605715,100,99.99948,0.000251058,100,0,0,0,0,0,0.229560572,2.51E-05
stigmergy_search_efficient,500,50,150,0,86,0.43,250000,0,100,1,0,100,150,0,100,1,0,100,50,0,100,12.44830144,2.295605715,100,99.99948,0.000251058,100,0,0,0,0,0,0.229560572,2.51E-05
stigmergy_search_efficient,500,50,150,0,87,0.435,250000,0,100,1,0,100,150,0,100,1,0,100,50,0,100,12.44830144,2.295605715,100,99.99948,0.000251058,100,0,0,0,0,0,0.229560572,2.51E-05
stigmergy_search_efficient,500,50,150,0,88,0.44,250000,0,100,1,0,100,150,0,100,1,0,100,50,0,100,12.44830144,2.295605715,100,99.99948,0.000251058,100,0,0,0,0,0,0.229560572,2.51E-05
stigmergy_search_efficient,500,50,150,0,89,0.445,250000,0,100,1,0,100,150,0,100,1,0,100,50,0,100,12.44830144,2.295605715,100,99.99948,0.000251058,100,0,0,0,0,0,0.229560572,2.51E-05
stigmergy_search_efficient,500,50,150,0,90,0.45,250000,0,100,1,0,100,150,0,100,1,0,100,50,0,100,12.44830144,2.295605715,100,99.99948,0.000251058,100,0,0,0,0,0,0.229560572,2.51E-05
stigmergy_search_efficient,500,50,150,0,91,0.455,250000,0,100,1,0,100,150,0,100,1,0,100,50,0,100,12.44830144,2.295605715,100,99.99948,0.000251058,100,0,0,0,0,0,0.229560572,2.51E-05
stigmergy_search_efficient,500,50,150,0,92,0.46,250000,0,100,1,0,100,150,0,100,1,0,100,50,0,100,12.44830144,2.295605715,100,99.99948,0.000251058,100,0,0,0,0,0,0.229560572,2.51E-05
stigmergy_search_efficient,500,50,150,0,93,0.465,250000,0,100,1,0,100,150,0,100,1,0,100,50,0,100,12.44830144,2.295605715,100,99.99948,0.000251058,100,0,0,0,0,0,0.229560572,2.51E-05
stigmergy_search_efficient,500,50,150,0,94,0.47,250000,0,100,1,0,100,150,0,100,1,0,100,50,0,100,12.44830144,2.295605715,100,99.99948,0.000251058,100,0,0,0,0,0,0.229560572,2.51E-05
stigmergy_search_efficient,500,50,150,0,95,0.475,250000,0,100,1,0,100,150,0,100,1,0,100,50,0,100,12.44830144,2.295605715,100,99.99948,0.000251058,100,0,0,0,0,0,0.229560572,2.51E-05
stigmergy_search_efficient,500,50,150,0,96,0.48,250000,0,100,1,0,100,150,0,100,1,0,100,50,0,100,12.44830144,2.295605715,100,99.99948,0.000251058,100,0,0,0,0,0,0.229560572,2.51E-05
stigmergy_search_efficient,500,50,150,0,97,0.485,250000,0,100,1,0,100,150,0,100,1,0,100,50,0,100,12.44830144,2.295605715,100,99.99948,0.000251058,100,0,0,0,0,0,0.229560572,2.51E-05
stigmergy_search_efficient,500,50,150,0,98,0.49,250000,0,100,1,0,100,150,0,100,1,0,100,50,0,100,12.44830144,2.295605715,100,99.99948,0.000251058,100,0,0,0,0,0,0.229560572,2.51E-05
stigmergy_search_efficient,500,50,150,0,99,0.495,250000,0,100,1,0,100,150,0,100,1,0,100,50,0,100,12.44830144,2.295605715,100,99.99948,0.000251058,100,0,0,0,0,0,0.229560572,2.51E-05
stigmergy_search_efficient,500,50,150,0,100,0.5,250000,0,100,1,0,100,150,0,100,1,0,100,50,0,100,12.44830144,2.295605715,100,99.99948,0.000251058,100,0,0,0,0,0,0.229560572,2.51E-05
stigmergy_search_efficient,500,50,150,0,101,0.505,250000,0,100,1,0,100,150,0,100,1,0,100,50,0,100,12.44830144,2.295605715,100,99.99948,0.000251058,100,0,0,0,0,0,0.229560572,2.51E-05
stigmergy_search_efficient,500,50,150,0,102,0.51,250000,0,100,1,0,100,150,0,100,1,0,100,50,0,100,12.44830144,2.295605715,100,99.99948,0.000251058,100,0,0,0,0,0,0.229560572,2.51E-05
stigmergy_search_efficient,500,50,150,0,103,0.515,250000,0,100,1,0,100,150,0,100,1,0,100,50,0,100,12.44830144,2.295605715,100,99.99948,0.000251058,100,0,0,0,0,0,0.229560572,2.51E-05
stigmergy_search_efficient,500,50,150,0,104,0.52,250000,0,100,1,0,100,150,0,100,1,0,100,50,0,100,12.44830144,2.295605715,100,99.99948,0.000251058,100,0,0,0,0,0,0.229560572,2.51E-05
stigmergy_search_efficient,500,50,150,0,105,0.525,250000,0,100,1,0,100,150,0,100,1,0,100,50,0,100,12.44830144,2.295605715,100,99.99948,0.000251058,100,0,0,0,0,0,0.229560572,2.51E-05
stigmergy_search_efficient,500,50,150,0,106,0.53,250000,0,100,1,0,100,150,0,100,1,0,100,50,0,100,12.44830144,2.295605715,100,99.99948,0.000251058,100,0,0,0,0,0,0.229560572,2.51E-05
stigmergy_search_efficient,500,50,150,0,107,0.535,250000,0,100,1,0,100,150,0,100,1,0,100,50,0,100,12.44830144,2.295605715,100,99.99948,0.000251058,100,0,0,0,0,0,0.229560572,2.51E-05
stigmergy_search_efficient,500,50,150,0,108,0.54,250000,0,100,1,0,100,150,0,100,1,0,100,50,0,100,12.44830144,2.295605715,100,99.99948,0.000251058,100,0,0,0,0,0,0.229560572,2.51E-05
stigmergy_search_efficient,500,50,150,0,109,0.545,250000,0,100,1,0,100,150,0,100,1,0,100,50,0,100,12.44830144,2.295605715,100,99.99948,0.000251058,100,0,0,0,0,0,0.229560572,2.51E-05
stigmergy_search_efficient,500,50,150,0,110,0.55,250000,0,100,1,0,100,150,0,100,1,0,100,50,0,100,12.44830144,2.295605715,100,99.99948,0.000251058,100,0,0,0,0,0,0.229560572,2.51E-05
stigmergy_search_efficient,500,50,150,0,111,0.555,250000,0,100,1,0,100,150,0,100,1,0,100,50,0,100,12.44830144,2.295605715,100,99.99948,0.000251058,100,0,0,0,0,0,0.229560572,2.51E-05
stigmergy_search_efficient,500,50,150,0,112,0.56,250000,0,100,1,0,100,150,0,100,1,0,100,50,0,100,12.44830144,2.295605715,100,99.99948,0.000251058,100,0,0,0,0,0,0.229560572,2.51E-05
stigmergy_search_efficient,500,50,150,0,113,0.565,250000,0,100,1,0,100,150,0,100,1,0,100,50,0,100,12.44830144,2.295605715,100,99.99948,0.000251058,100,0,0,0,0,0,0.229560572,2.51E-05
stigmergy_search_efficient,500,50,150,0,114,0.57,250000,0,100,1,0,100,150,0,100,1,0,100,50,0,100,12.44830144,2.295605715,100,99.99948,0.000251058,100,0,0,0,0,0,0.229560572,2.51E-05
stigmergy_search_efficient,500,50,150,0,115,0.575,250000,0,100,1,0,100,150,0,100,1,0,100,50,0,100,12.44830144,2.295605715,100,99.99948,0.000251058,100,0,0,0,0,0,0.229560572,2.51E-05
stigmergy_search_efficient,500,50,150,0,116,0.58,250000,0,100,1,0,100,150,0,100,1,0,100,50,0,100,12.44830144,2.295605715,100,99.99948,0.000251058,100,0,0,0,0,0,0.229560572,2.51E-05
stigmergy_search_efficient,500,50,150,0,117,0.585,250000,0,100,1,0,100,150,0,100,1,0,100,50,0,100,12.44830144,2.295605715,100,99.99948,0.000251058,100,0,0,0,0,0,0.229560572,2.51E-05
stigmergy_search_efficient,500,50,150,0,118,0.59,250000,0,100,1,0,100,150,0,100,1,0,100,50,0,100,12.44830144,2.295605715,100,99.99948,0.000251058,100,0,0,0,0,0,0.229560572,2.51E-05
stigmergy_search_efficient,500,50,150,0,119,0.595,250000,0,100,1,0,100,150,0,100,1,0,100,50,0,100,12.44830144,2.295605715,100,99.99948,0.000251058,100,0,0,0,0,0,0.229560572,2.51E-05
stigmergy_search_efficient,500,50,150,0,120,0.6,250000,0,100,1,0,100,150,0,100,1,0,100,50,0,100,12.44830144,2.295605715,100,99.99948,0.000251058,100,0,0,0,0,0,0.229560572,2.51E-05
stigmergy_search_efficient,500,50,150,0,121,0.605,250000,0,100,1,0,100,150,0,100,1,0,100,50,0,100,12.44830144,2.295605715,100,99.99948,0.000251058,100,0,0,0,0,0,0.229560572,2.51E-05
stigmergy_search_efficient,500,50,150,0,122,0.61,250000,0,100,1,0,100,150,0,100,1,0,100,50,0,100,12.44830144,2.295605715,100,99.99948,0.000251058,100,0,0,0,0,0,0.229560572,2.51E-05
stigmergy_search_efficient,500,50,150,0,123,0.615,250000,0,100,1,0,100,150,0,100,1,0,100,50,0,100,12.44830144,2.295605715,100,99.99948,0.000251058,100,0,0,0,0,0,0.229560572,2.51E-05
stigmergy_search_efficient,500,50,150,0,124,0.62,250000,0,100,1,0,100,150,0,100,1,0,100,50,0,100,12.44830144,2.295605715,100,99.99948,0.000251058,100,0,0,0,0,0,0.229560572,2.51E-05
stigmergy_search_efficient,500,50,150,0,125,0.625,250000,0,100,1,0,100,150,0,100,1,0,100,50,0,100,12.44830144,2.295605715,100,99.99948,0.000251058,100,0,0,0,0,0,0.229560572,2.51E-05
stigmergy_search_efficient,500,50,150,0,126,0.63,250000,0,100,1,0,100,150,0,100,1,0,100,50,0,100,12.44830144,2.295605715,100,99.99948,0.000251058,100,0,0,0,0,0,0.229560572,2.51E-05
stigmergy_search_efficient,500,50,150,0,127,0.635,250000,0,100,1,0,100,150,0,100,1,0,100,50,0,100,12.44830144,2.295605715,100,99.99948,0.000251058,100,0,0,0,0,0,0.229560572,2.51E-05
stigmergy_search_efficient,500,50,150,0,128,0.64,250000,0,100,1,0,100,150,0,100,1,0,100,50,0,100,12.44830144,2.295605715,100,99.99948,0.000251058,100,0,0,0,0,0,0.229560572,2.51E-05
stigmergy_search_efficient,500,50,150,0,129,0.645,250000,0,100,1,0,100,150,0,100,1,0,100,50,0,100,12.44830144,2.295605715,100,99.99948,0.000251058,100,0,0,0,0,0,0.229560572,2.51E-05
stigmergy_search_efficient,500,50,150,0,130,0.65,250000,0,100,1,0,100,150,0,100,1,0,100,50,0,100,12.44830144,2.295605715,100,99.99948,0.000251058,100,0,0,0,0,0,0.229560572,2.51E-05
stigmergy_search_efficient,500,50,150,0,131,0.655,250000,0,100,1,0,100,150,0,100,1,0,100,50,0,100,12.44830144,2.295605715,100,99.99948,0.000251058,100,0,0,0,0,0,0.229560572,2.51E-05
stigmergy_search_efficient,500,50,150,0,132,0.66,250000,0,100,1,0,100,150,0,100,1,0,100,50,0,100,12.44830144,2.295605715,100,99.99948,0.000251058,100,0,0,0,0,0,0.229560572,2.51E-05
stigmergy_search_efficient,500,50,150,0,133,0.665,250000,0,100,1,0,100,150,0,100,1,0,100,50,0,100,12.44830144,2.295605715,100,99.99948,0.000251058,100,0,0,0,0,0,0.229560572,2.51E-05
stigmergy_search_efficient,500,50,150,0,134,0.67,250000,0,100,1,0,100,150,0,100,1,0,100,50,0,100,12.44830144,2.295605715,100,99.99948,0.000251058,100,0,0,0,0,0,0.229560572,2.51E-05
stigmergy_search_efficient,500,50,150,0,135,0.675,250000,0,100,1,0,100,150,0,100,1,0,100,50,0,100,12.44830144,2.295605715,100,99.99948,0.000251058,100,0,0,0,0,0,0.229560572,2.51E-05
stigmergy_search_efficient,500,50,150,0,136,0.68,250000,0,100,1,0,100,150,0,100,1,0,100,50,0,100,12.44830144,2.295605715,100,99.99948,0.000251058,100,0,0,0,0,0,0.229560572,2.51E-05
stigmergy_search_efficient,500,50,150,0,137,0.685,250000,0,100,1,0,100,150,0,100,1,0,100,50,0,100,12.44830144,2.295605715,100,99.99948,0.000251058,100,0,0,0,0,0,0.229560572,2.51E-05
stigmergy_search_efficient,500,50,150,0,138,0.69,250000,0,100,1,0,100,150,0,100,1,0,100,50,0,100,12.44830144,2.295605715,100,99.99948,0.000251058,100,0,0,0,0,0,0.229560572,2.51E-05
stigmergy_search_efficient,500,50,150,0,139,0.695,250000,0,100,1,0,100,150,0,100,1,0,100,50,0,100,12.44830144,2.295605715,100,99.99948,0.000251058,100,0,0,0,0,0,0.229560572,2.51E-05
stigmergy_search_efficient,500,50,150,0,140,0.7,250000,0,100,1,0,100,150,0,100,1,0,100,50,0,100,12.44830144,2.295605715,100,99.99948,0.000251058,100,0,0,0,0,0,0.229560572,2.51E-05
stigmergy_search_efficient,500,50,150,0,141,0.705,250000,0,100,1,0,100,150,0,100,1,0,100,50,0,100,12.44830144,2.295605715,100,99.99948,0.000251058,100,0,0,0,0,0,0.229560572,2.51E-05
stigmergy_search_efficient,500,50,150,0,142,0.71,250000,0,100,1,0,100,150,0,100,1,0,100,50,0,100,12.44830144,2.295605715,100,99.99948,0.000251058,100,0,0,0,0,0,0.229560572,2.51E-05
stigmergy_search_efficient,500,50,150,0,143,0.715,250000,0,100,1,0,100,150,0,100,1,0,100,50,0,100,12.44830144,2.295605715,100,99.99948,0.000251058,100,0,0,0,0,0,0.229560572,2.51E-05
stigmergy_search_efficient,500,50,150,0,144,0.72,250000,0,100,1,0,100,150,0,100,1,0,100,50,0,100,12.44830144,2.295605715,100,99.99948,0.000251058,100,0,0,0,0,0,0.229560572,2.51E-05
stigmergy_search_efficient,500,50,150,0,145,0.725,250000,0,100,1,0,100,150,0,100,1,0,100,50,0,100,12.44830144,2.295605715,100,99.99948,0.000251058,100,0,0,0,0,0,0.229560572,2.51E-05
stigmergy_search_efficient,500,50,150,0,146,0.73,250000,0,100,1,0,100,150,0,100,1,0,100,50,0,100,12.44830144,2.295605715,100,99.99948,0.000251058,100,0,0,0,0,0,0.229560572,2.51E-05
stigmergy_search_efficient,500,50,150,0,147,0.735,250000,0,100,1,0,100,150,0,100,1,0,100,50,0,100,12.44830144,2.295605715,100,99.99948,0.000251058,100,0,0,0,0,0,0.229560572,2.51E-05
stigmergy_search_efficient,500,50,150,0,148,0.74,250000,0,100,1,0,100,150,0,100,1,0,100,50,0,100,12.44830144,2.295605715,100,99.99948,0.000251058,100,0,0,0,0,0,0.229560572,2.51E-05
stigmergy_search_efficient,500,50,150,0,149,0.745,250000,0,100,1,0,100,150,0,100,1,0,100,50,0,100,12.44830144,2.295605715,100,99.99948,0.000251058,100,0,0,0,0,0,0.229560572,2.51E-05
stigmergy_search_efficient,500,50,150,0,150,0.75,250000,0,100,1,0,100,150,0,100,1,0,100,50,0,100,12.44830144,2.295605715,100,99.99948,0.000251058,100,0,0,0,0,0,0.229560572,2.51E-05
stigmergy_search_efficient,500,50,150,0,151,0.755,250000,0,100,1,0,100,150,0,100,1,0,100,50,0,100,12.44830144,2.295605715,100,99.99948,0.000251058,100,0,0,0,0,0,0.229560572,2.51E-05
stigmergy_search_efficient,500,50,150,0,152,0.76,250000,0,100,1,0,100,150,0,100,1,0,100,50,0,100,12.44830144,2.295605715,100,99.99948,0.000251058,100,0,0,0,0,0,0.229560572,2.51E-05
stigmergy_search_efficient,500,50,150,0,153,0.765,250000,0,100,1,0,100,150,0,100,1,0,100,50,0,100,12.44830144,2.295605715,100,99.99948,0.000251058,100,0,0,0,0,0,0.229560572,2.51E-05
stigmergy_search_efficient,500,50,150,0,154,0.77,250000,0,100,1,0,100,150,0,100,1,0,100,50,0,100,12.44830144,2.295605715,100,99.99948,0.000251058,100,0,0,0,0,0,0.229560572,2.51E-05
stigmergy_search_efficient,500,50,150,0,155,0.775,250000,0,100,1,0,100,150,0,100,1,0,100,50,0,100,12.44830144,2.295605715,100,99.99948,0.000251058,100,0,0,0,0,0,0.229560572,2.51E-05
stigmergy_search_efficient,500,50,150,0,156,0.78,250000,0,100,1,0,100,150,0,100,1,0,100,50,0,100,12.44830144,2.295605715,100,99.99948,0.000251058,100,0,0,0,0,0,0.229560572,2.51E-05
stigmergy_search_efficient,500,50,150,0,157,0.785,250000,0,100,1,0,100,150,0,100,1,0,100,50,0,100,12.44830144,2.295605715,100,99.99948,0.000251058,100,0,0,0,0,0,0.229560572,2.51E-05
stigmergy_search_efficient,500,50,150,0,158,0.79,250000,0,100,1,0,100,150,0,100,1,0,100,50,0,100,12.44830144,2.295605715,100,99.99948,0.000251058,100,0,0,0,0,0,0.229560572,2.51E-05
stigmergy_search_efficient,500,50,150,0,159,0.795,250000,0,100,1,0,100,150,0,100,1,0,100,50,0,100,12.44830144,2.295605715,100,99.99948,0.000251058,100,0,0,0,0,0,0.229560572,2.51E-05
stigmergy_search_efficient,500,50,150,0,160,0.8,250000,0,100,1,0,100,150,0,100,1,0,100,50,0,100,12.44830144,2.295605715,100,99.99948,0.000251058,100,0,0,0,0,0,0.229560572,2.51E-05
stigmergy_search_efficient,500,50,150,0,161,0.805,250000,0,100,1,0,100,150,0,100,1,0,100,50,0,100,12.44830144,2.295605715,100,99.99948,0.000251058,100,0,0,0,0,0,0.229560572,2.51E-05
stigmergy_search_efficient,500,50,150,0,162,0.81,250000,0,100,1,0,100,150,0,100,1,0,100,50,0,100,12.44830144,2.295605715,100,99.99948,0.000251058,100,0,0,0,0,0,0.229560572,2.51E-05
stigmergy_search_efficient,500,50,150,0,163,0.815,250000,0,100,1,0,100,150,0,100,1,0,100,50,0,100,12.44830144,2.295605715,100,99.99948,0.000251058,100,0,0,0,0,0,0.229560572,2.51E-05
stigmergy_search_efficient,500,50,150,0,164,0.82,250000,0,100,1,0,100,150,0,100,1,0,100,50,0,100,12.44830144,2.295605715,100,99.99948,0.000251058,100,0,0,0,0,0,0.229560572,2.51E-05
stigmergy_search_efficient,500,50,150,0,165,0.825,250000,0,100,1,0,100,150,0,100,1,0,100,50,0,100,12.44830144,2.295605715,100,99.99948,0.000251058,100,0,0,0,0,0,0.229560572,2.51E-05
stigmergy_search_efficient,500,50,150,0,166,0.83,250000,0,100,1,0,100,150,0,100,1,0,100,50,0,100,12.44830144,2.295605715,100,99.99948,0.000251058,100,0,0,0,0,0,0.229560572,2.51E-05
stigmergy_search_efficient,500,50,150,0,167,0.835,250000,0,100,1,0,100,150,0,100,1,0,100,50,0,100,12.44830144,2.295605715,100,99.99948,0.000251058,100,0,0,0,0,0,0.229560572,2.51E-05
stigmergy_search_efficient,500,50,150,0,168,0.84,250000,0,100,1,0,100,150,0,100,1,0,100,50,0,100,12.44830144,2.295605715,100,99.99948,0.000251058,100,0,0,0,0,0,0.229560572,2.51E-05
stigmergy_search_efficient,500,50,150,0,169,0.845,250000,0,100,1,0,100,150,0,100,1,0,100,50,0,100,12.44830144,2.295605715,100,99.99948,0.000251058,100,0,0,0,0,0,0.229560572,2.51E-05
stigmergy_search_efficient,500,50,150,0,170,0.85,250000,0,100,1,0,100,150,0,100,1,0,100,50,0,100,12.44830144,2.295605715,100,99.99948,0.000251058,100,0,0,0,0,0,0.229560572,2.51E-05
stigmergy_search_efficient,500,50,150,0,171,0.855,250000,0,100,1,0,100,150,0,100,1,0,100,50,0,100,12.44830144,2.295605715,100,99.99948,0.000251058,100,0,0,0,0,0,0.229560572,2.51E-05
stigmergy_search_efficient,500,50,150,0,172,0.86,250000,0,100,1,0,100,150,0,100,1,0,100,50,0,100,12.44830144,2.295605715,100,99.99948,0.000251058,100,0,0,0,0,0,0.229560572,2.51E-05
stigmergy_search_efficient,500,50,150,0,173,0.865,250000,0,100,1,0,100,150,0,100,1,0,100,50,0,100,12.44830144,2.295605715,100,99.99948,0.000251058,100,0,0,0,0,0,0.229560572,2.51E-05
stigmergy_search_efficient,500,50,150,0,174,0.87,250000,0,100,1,0,100,150,0,100,1,0,100,50,0,100,12.44830144,2.295605715,100,99.99948,0.000251058,100,0,0,0,0,0,0.229560572,2.51E-05
stigmergy_search_efficient,500,50,150,0,175,0.875,250000,0,100,1,0,100,150,0,100,1,0,100,50,0,100,12.44830144,2.295605715,100,99.99948,0.000251058,100,0,0,0,0,0,0.229560572,2.51E-05
stigmergy_search_efficient,500,50,150,0,176,0.88,250000,0,100,1,0,100,150,0,100,1,0,100,50,0,100,12.44830144,2.295605715,100,99.99948,0.000251058,100,0,0,0,0,0,0.229560572,2.51E-05
stigmergy_search_efficient,500,50,150,0,177,0.885,250000,0,100,1,0,100,150,0,100,1,0,100,50,0,100,12.44830144,2.295605715,100,99.99948,0.000251058,100,0,0,0,0,0,0.229560572,2.51E-05
stigmergy_search_efficient,500,50,150,0,178,0.89,250000,0,100,1,0,100,150,0,100,1,0,100,50,0,100,12.44830144,2.295605715,100,99.99948,0.000251058,100,0,0,0,0,0,0.229560572,2.51E-05
stigmergy_search_efficient,500,50,150,0,179,0.895,250000,0,100,1,0,100,150,0,100,1,0,100,50,0,100,12.44830144,2.295605715,100,99.99948,0.000251058,100,0,0,0,0,0,0.229560572,2.51E-05
stigmergy_search_efficient,500,50,150,0,180,0.9,250000,0,100,1,0,100,150,0,100,1,0,100,50,0,100,12.44830144,2.295605715,100,99.99948,0.000251058,100,0,0,0,0,0,0.229560572,2.51E-05
stigmergy_search_efficient,500,50,150,0,181,0.905,250000,0,100,1,0,100,150,0,100,1,0,100,50,0,100,12.44830144,2.295605715,100,99.99948,0.000251058,100,0,0,0,0,0,0.229560572,2.51E-05
stigmergy_search_efficient,500,50,150,0,182,0.91,250000,0,100,1,0,100,150,0,100,1,0,100,50,0,100,12.44830144,2.295605715,100,99.99948,0.000251058,100,0,0,0,0,0,0.229560572,2.51E-05
stigmergy_search_efficient,500,50,150,0,183,0.915,250000,0,100,1,0,100,150,0,100,1,0,100,50,0,100,12.44830144,2.295605715,100,99.99948,0.000251058,100,0,0,0,0,0,0.229560572,2.51E-05
stigmergy_search_efficient,500,50,150,0,184,0.92,250000,0,100,1,0,100,150,0,100,1,0,100,50,0,100,12.44830144,2.295605715,100,99.99948,0.000251058,100,0,0,0,0,0,0.229560572,2.51E-05
stigmergy_search_efficient,500,50,150,0,185,0.925,250000,0,100,1,0,100,150,0,100,1,0,100,50,0,100,12.44830144,2.295605715,100,99.99948,0.000251058,100,0,0,0,0,0,0.229560572,2.51E-05
stigmergy_search_efficient,500,50,150,0,186,0.93,250000,0,100,1,0,100,150,0,100,1,0,100,50,0,100,12.44830144,2.295605715,100,99.99948,0.000251058,100,0,0,0,0,0,0.229560572,2.51E-05
stigmergy_search_efficient,500,50,150,0,187,0.935,250000,0,100,1,0,100,150,0,100,1,0,100,50,0,100,12.44830144,2.295605715,100,99.99948,0.000251058,100,0,0,0,0,0,0.229560572,2.51E-05
stigmergy_search_efficient,500,50,150,0,188,0.94,250000,0,100,1,0,100,150,0,100,1,0,100,50,0,100,12.44830144,2.295605715,100,99.99948,0.000251058,100,0,0,0,0,0,0.229560572,2.51E-05
stigmergy_search_efficient,500,50,150,0,189,0.945,250000,0,100,1,0,100,150,0,100,1,0,100,50,0,100,12.44830144,2.295605715,100,99.99948,0.000251058,100,0,0,0,0,0,0.229560572,2.51E-05
stigmergy_search_efficient,500,50,150,0,190,0.95,250000,0,100,1,0,100,150,0,100,1,0,100,50,0,100,12.44830144,2.295605715,100,99.99948,0.000251058,100,0,0,0,0,0,0.229560572,2.51E-05
stigmergy_search_efficient,500,50,150,0,191,0.955,250000,0,100,1,0,100,150,0,100,1,0,100,50,0,100,12.44830144,2.295605715,100,99.99948,0.000251058,100,0,0,0,0,0,0.229560572,2.51E-05
stigmergy_search_efficient,500,50,150,0,192,0.96,250000,0,100,1,0,100,150,0,100,1,0,100,50,0,100,12.44830144,2.295605715,100,99.99948,0.000251058,100,0,0,0,0,0,0.229560572,2.51E-05
stigmergy_search_efficient,500,50,150,0,193,0.965,250000,0,100,1,0,100,150,0,100,1,0,100,50,0,100,12.44830144,2.295605715,100,99.99948,0.000251058,100,0,0,0,0,0,0.229560572,2.51E-05
stigmergy_search_efficient,500,50,150,0,194,0.97,250000,0,100,1,0,100,150,0,100,1,0,100,50,0,100,12.44830144,2.295605715,100,99.99948,0.000251058,100,0,0,0,0,0,0.229560572,2.51E-05
stigmergy_search_efficient,500,50,150,0,195,0.975,250000,0,100,1,0,100,150,0,100,1,0,100,50,0,100,12.44830144,2.295605715,100,99.99948,0.000251058,100,0,0,0,0,0,0.229560572,2.51E-05
stigmergy_search_efficient,500,50,150,0,196,0.98,250000,0,100,1,0,100,150,0,100,1,0,100,50,0,100,12.44830144,2.295605715,100,99.99948,0.000251058,100,0,0,0,0,0,0.229560572,2.51E-05
stigmergy_search_efficient,500,50,150,0,197,0.985,250000,0,100,1,0,100,150,0,100,1,0,100,50,0,100,12.44830144,2.295605715,100,99.99948,0.000251058,100,0,0,0,0,0,0.229560572,2.51E-05
stigmergy_search_efficient,500,50,150,0,198,0.99,250000,0,100,1,0,100,150,0,100,1,0,100,50,0,100,12.44830144,2.295605715,100,99.99948,0.000251058,100,0,0,0,0,0,0.229560572,2.51E-05
stigmergy_search_efficient,500,50,150,0,199,0.995,250000,0,100,1,0,100,150,0,100,1,0,100,50,0,100,12.44830144,2.295605715,100,99.99948,0.000251058,100,0,0,0,0,0,0.229560572,2.51E-05
stigmergy_search_efficient,500,50,150,0,200,1,250000,0,100,1,0,100,150,0,100,1,0,100,50,0,100,12.44830144,2.295605715,100,99.99948,0.000251058,100,0,0,0,0,0,0.229560572,2.51E-05
